{
"type": "FeatureCollection",
"name": "context_transmission",
"crs": { "type": "name", "properties": { "name": "urn:ogc:def:crs:OGC:1.3:CRS84" } },
"features": [
{ "type": "Feature", "properties": { "contextFeatureId": "IDN-W-001::transmission::way::244912348", "projectId": "IDN-W-001", "projectName": "Sidrap I Wind Power Plant", "countryCode": "IDN", "osmType": "way", "osmId": 244912348, "highway": null, "place": null, "power": "line", "landuse": null, "name": null, "voltage": "150000", "circuits": null, "cables": "6", "frequency": "50", "substationTag": null, "lineTag": null, "operator": null, "location": null }, "geometry": { "type": "LineString", "coordinates": [ [ 119.6861967, -3.959639 ], [ 119.684255, -3.9617529 ], [ 119.6817408, -3.9642942 ], [ 119.6795968, -3.9666244 ], [ 119.6776123, -3.9686742 ], [ 119.6760968, -3.9704626 ], [ 119.6740269, -3.9729634 ], [ 119.6725266, -3.9748541 ], [ 119.6709428, -3.9768395 ], [ 119.6692109, -3.9788552 ], [ 119.6667068, -3.9819575 ], [ 119.6652977, -3.9843502 ], [ 119.6633474, -3.9877773 ], [ 119.663336, -3.989973 ], [ 119.6636231, -3.9935926 ], [ 119.6642994, -3.9965947 ], [ 119.6668625, -3.9988565 ], [ 119.6695816, -4.001315 ], [ 119.6712328, -4.004369 ], [ 119.6728594, -4.0074202 ], [ 119.673952, -4.0093788 ], [ 119.675061, -4.0113892 ], [ 119.6762964, -4.0136899 ], [ 119.6765189, -4.0176039 ], [ 119.6765301, -4.0194533 ], [ 119.6753965, -4.0228288 ], [ 119.6741485, -4.0261654 ], [ 119.6720891, -4.0291396 ], [ 119.6697678, -4.0320559 ], [ 119.6676048, -4.0352343 ], [ 119.6657628, -4.0380182 ], [ 119.6633266, -4.0399048 ], [ 119.6613721, -4.0413897 ], [ 119.6590678, -4.043155 ], [ 119.6565855, -4.0450718 ], [ 119.6536533, -4.0473576 ], [ 119.6512591, -4.0492018 ], [ 119.6478322, -4.0510102 ], [ 119.6447783, -4.0522436 ], [ 119.6430354, -4.0528852 ], [ 119.6387351, -4.0541111 ], [ 119.6356251, -4.0573403 ], [ 119.6346672, -4.0586211 ], [ 119.6333797, -4.0609967 ], [ 119.6326816, -4.0645727 ], [ 119.6320479, -4.067661 ], [ 119.6300219, -4.0705837 ], [ 119.627198, -4.0747082 ], [ 119.6261954, -4.0797453 ], [ 119.625319, -4.0835482 ], [ 119.6245664, -4.087094 ], [ 119.6238771, -4.0902864 ], [ 119.6221954, -4.0933739 ], [ 119.6210878, -4.0965009 ], [ 119.6201259, -4.0991805 ], [ 119.6190369, -4.1021862 ], [ 119.6203508, -4.1058379 ], [ 119.6210886, -4.1078617 ], [ 119.6221954, -4.111025 ], [ 119.6233054, -4.1140011 ], [ 119.6228071, -4.1158927 ], [ 119.622189, -4.1184136 ], [ 119.6219948, -4.1214768 ], [ 119.6219042, -4.1243044 ], [ 119.6231903, -4.1271172 ], [ 119.624721, -4.1307189 ], [ 119.6263661, -4.1346139 ], [ 119.6253808, -4.1372441 ], [ 119.6239553, -4.1405945 ], [ 119.6221294, -4.1434764 ], [ 119.6232784, -4.1473482 ], [ 119.6249559, -4.1483551 ], [ 119.6289667, -4.1508194 ], [ 119.6318268, -4.1522995 ], [ 119.6336565, -4.1531778 ], [ 119.6364248, -4.1551726 ], [ 119.6395102, -4.1574764 ], [ 119.6407616, -4.1595511 ], [ 119.6428102, -4.1629036 ], [ 119.6425629, -4.1660887 ], [ 119.6422973, -4.1695539 ], [ 119.6420561, -4.172879 ], [ 119.6418075, -4.1762578 ], [ 119.641538, -4.1792083 ], [ 119.641355, -4.1811962 ], [ 119.6411817, -4.1834072 ], [ 119.6410918, -4.185626 ], [ 119.6408463, -4.1888662 ], [ 119.6405918, -4.1922378 ], [ 119.6403612, -4.1952689 ], [ 119.640133, -4.1982696 ], [ 119.6403157, -4.2015812 ], [ 119.6404187, -4.2034892 ], [ 119.6405774, -4.2068063 ], [ 119.6406916, -4.2090637 ], [ 119.6408536, -4.2121536 ], [ 119.6409735, -4.214598 ], [ 119.6411443, -4.2180808 ], [ 119.6412398, -4.221531 ], [ 119.6413493, -4.2248722 ], [ 119.6414639, -4.2282637 ], [ 119.6415237, -4.2318843 ], [ 119.6416425, -4.2347376 ], [ 119.6417038, -4.2370715 ], [ 119.6418147, -4.2403184 ], [ 119.6423205, -4.2430646 ], [ 119.6430152, -4.2466851 ], [ 119.6436021, -4.249773 ], [ 119.6439069, -4.2513129 ], [ 119.6445488, -4.2546175 ], [ 119.6457266, -4.2578072 ], [ 119.6469576, -4.2610942 ], [ 119.6481105, -4.2641865 ], [ 119.6492507, -4.2673513 ], [ 119.6493051, -4.2706936 ], [ 119.649345, -4.273828 ], [ 119.6493721, -4.2772083 ], [ 119.6494193, -4.2805867 ], [ 119.6494646, -4.2837663 ], [ 119.649528, -4.2868546 ], [ 119.6494851, -4.2901637 ], [ 119.6501649, -4.2935041 ], [ 119.6506144, -4.2958486 ], [ 119.6510241, -4.2979472 ], [ 119.6513709, -4.2997491 ], [ 119.6520554, -4.3030773 ], [ 119.6518873, -4.3040014 ], [ 119.6519041, -4.3067047 ], [ 119.6517185, -4.3096817 ], [ 119.6515427, -4.3132232 ], [ 119.6513881, -4.3159143 ], [ 119.6512245, -4.3193464 ], [ 119.6510521, -4.3222093 ], [ 119.6508369, -4.326432 ], [ 119.6504529, -4.3293919 ], [ 119.6501103, -4.3317485 ], [ 119.6494976, -4.3360264 ], [ 119.6491559, -4.33865 ], [ 119.6487003, -4.3420838 ], [ 119.6482632, -4.3453784 ], [ 119.6479901, -4.348767 ], [ 119.6477119, -4.3521926 ], [ 119.6474395, -4.3555467 ], [ 119.6461313, -4.3587302 ], [ 119.6448453, -4.3618625 ], [ 119.6438859, -4.3641849 ], [ 119.6424028, -4.3682191 ], [ 119.6413644, -4.3710435 ], [ 119.6403121, -4.3733743 ], [ 119.6389329, -4.376566 ], [ 119.6378743, -4.3790082 ], [ 119.636188, -4.3828398 ], [ 119.6349225, -4.3857166 ], [ 119.633734, -4.3873022 ], [ 119.6317798, -4.3897868 ], [ 119.6309378, -4.3931682 ], [ 119.6300724, -4.3965328 ], [ 119.629184, -4.4000105 ], [ 119.6284844, -4.402745 ], [ 119.6277816, -4.4054897 ], [ 119.6272503, -4.4076962 ], [ 119.6272313, -4.4104631 ], [ 119.6272029, -4.4134783 ], [ 119.6271768, -4.4164463 ], [ 119.6271626, -4.4191091 ], [ 119.6271221, -4.4224673 ], [ 119.627089, -4.4252081 ], [ 119.6270653, -4.4285283 ], [ 119.6270238, -4.4320185 ], [ 119.6270013, -4.4353245 ], [ 119.6269728, -4.4382319 ], [ 119.6264452, -4.441752 ], [ 119.6259278, -4.4453228 ], [ 119.6258128, -4.4487081 ], [ 119.6257114, -4.451891 ], [ 119.6256031, -4.4552088 ], [ 119.6250079, -4.459346 ], [ 119.6245454, -4.4626122 ], [ 119.6240791, -4.4658594 ], [ 119.6234731, -4.4697752 ], [ 119.6232009, -4.4721099 ], [ 119.621712, -4.4749357 ], [ 119.6203798, -4.477433 ], [ 119.6195214, -4.4790838 ], [ 119.6180203, -4.4819037 ], [ 119.6169602, -4.4851539 ], [ 119.6166569, -4.4865042 ], [ 119.6145173, -4.4902929 ], [ 119.6132548, -4.493427 ], [ 119.6119884, -4.496481 ], [ 119.6108931, -4.4993032 ], [ 119.609894, -4.5015783 ], [ 119.6086298, -4.5046857 ], [ 119.6075576, -4.5081423 ], [ 119.606599, -4.5113729 ], [ 119.6056504, -4.5145936 ], [ 119.6047415, -4.5176952 ], [ 119.6036947, -4.5209138 ], [ 119.6042633, -4.5238997 ], [ 119.6048953, -4.527828 ], [ 119.6061445, -4.5305053 ], [ 119.6076096, -4.5335813 ], [ 119.6092303, -4.5369227 ], [ 119.609053, -4.5402435 ], [ 119.6088461, -4.5439051 ], [ 119.608654, -4.5481982 ], [ 119.6085432, -4.550356 ], [ 119.6083938, -4.5532641 ], [ 119.6082064, -4.5567785 ], [ 119.608122, -4.5589174 ], [ 119.6080177, -4.5612557 ], [ 119.6078505, -4.56362 ], [ 119.6076808, -4.568065 ], [ 119.6076967, -4.5700086 ], [ 119.6079004, -4.5726262 ], [ 119.6080544, -4.5753935 ], [ 119.6073367, -4.5786401 ], [ 119.6066336, -4.5819033 ], [ 119.6059338, -4.5851116 ], [ 119.6052427, -4.5881973 ], [ 119.6045438, -4.5914658 ], [ 119.6043327, -4.5943414 ], [ 119.6040606, -4.5979371 ], [ 119.6038214, -4.6012008 ], [ 119.6035587, -4.6048759 ], [ 119.6033242, -4.6080694 ], [ 119.6031318, -4.6107626 ], [ 119.6028785, -4.6143161 ], [ 119.6026299, -4.6176733 ], [ 119.6024117, -4.6210584 ], [ 119.6021631, -4.6245479 ], [ 119.6019436, -4.6276295 ], [ 119.6016989, -4.6309904 ], [ 119.6014772, -4.634115 ], [ 119.6012249, -4.6375063 ], [ 119.6009726, -4.6408481 ], [ 119.6007241, -4.6444184 ], [ 119.6004995, -4.6476581 ], [ 119.6002739, -4.6506797 ], [ 119.6000656, -4.6536164 ], [ 119.599866, -4.6565045 ], [ 119.5996213, -4.6597814 ], [ 119.5993728, -4.6631688 ], [ 119.5991434, -4.6664914 ], [ 119.5989179, -4.6697682 ], [ 119.5986923, -4.6731137 ], [ 119.5984438, -4.6765581 ], [ 119.5982565, -4.6784137 ], [ 119.5979966, -4.6824792 ], [ 119.5977853, -4.6856864 ], [ 119.5976821, -4.6891003 ], [ 119.5976171, -4.6921941 ], [ 119.5974826, -4.6955503 ], [ 119.5973946, -4.6987065 ], [ 119.597293, -4.7019943 ], [ 119.5971869, -4.7052701 ], [ 119.5971126, -4.7085664 ], [ 119.5970025, -4.7118793 ], [ 119.596921, -4.7152161 ], [ 119.5968109, -4.7185433 ], [ 119.5967103, -4.7218515 ], [ 119.5966097, -4.7250689 ], [ 119.5965145, -4.7283872 ], [ 119.5964129, -4.731739 ], [ 119.5963113, -4.7349895 ], [ 119.5962097, -4.7382973 ], [ 119.5961182, -4.7414769 ], [ 119.5960268, -4.7447645 ], [ 119.5959286, -4.748069 ], [ 119.595827, -4.751397 ], [ 119.5957254, -4.7547116 ], [ 119.5956271, -4.7580092 ], [ 119.5955357, -4.7613271 ], [ 119.5954375, -4.7646517 ], [ 119.5953426, -4.7674255 ], [ 119.595262, -4.770745 ], [ 119.5951326, -4.7740039 ], [ 119.5950508, -4.7773252 ], [ 119.5949375, -4.7806533 ], [ 119.5937916, -4.7835294 ], [ 119.592579, -4.7866037 ], [ 119.5914673, -4.7894148 ], [ 119.5910609, -4.7933799 ], [ 119.59096, -4.7948994 ], [ 119.5906359, -4.798933 ], [ 119.590505, -4.8006717 ], [ 119.5903503, -4.8023339 ], [ 119.5879736, -4.803933 ], [ 119.5857657, -4.8055526 ], [ 119.5830719, -4.8074368 ], [ 119.5803394, -4.8093922 ], [ 119.5776252, -4.8113329 ], [ 119.5749953, -4.8131933 ], [ 119.5722921, -4.8151764 ], [ 119.5709563, -4.817062 ], [ 119.5698257, -4.8209134 ], [ 119.5693308, -4.8246751 ], [ 119.5689297, -4.8278682 ], [ 119.568687, -4.8302095 ], [ 119.568347, -4.833116 ], [ 119.5680774, -4.8365344 ], [ 119.5693749, -4.8383524 ], [ 119.5706195, -4.8401218 ], [ 119.5725042, -4.8427644 ], [ 119.5744278, -4.8455023 ], [ 119.5760688, -4.8477933 ], [ 119.5782335, -4.8508354 ], [ 119.5793685, -4.8536752 ], [ 119.5806681, -4.8569684 ], [ 119.5818713, -4.8599123 ], [ 119.5830317, -4.8628015 ], [ 119.5842426, -4.865806 ], [ 119.5855194, -4.8689842 ], [ 119.5866077, -4.8716929 ], [ 119.587404, -4.8744673 ], [ 119.5881541, -4.8772742 ], [ 119.5891105, -4.8805744 ], [ 119.5899492, -4.883607 ], [ 119.5908679, -4.8869072 ], [ 119.5916124, -4.8895736 ], [ 119.5925876, -4.8930662 ], [ 119.5927007, -4.8962536 ], [ 119.5928232, -4.8994927 ], [ 119.5928553, -4.9030418 ], [ 119.5928391, -4.9062459 ], [ 119.5929157, -4.9095929 ], [ 119.5931572, -4.9132164 ], [ 119.5932732, -4.9166838 ], [ 119.5935147, -4.919573 ], [ 119.5949445, -4.9237709 ], [ 119.5954615, -4.925554 ], [ 119.5961528, -4.9279223 ], [ 119.5960822, -4.930431 ] ] } },
{ "type": "Feature", "properties": { "contextFeatureId": "IDN-W-001::transmission::way::257613286", "projectId": "IDN-W-001", "projectName": "Sidrap I Wind Power Plant", "countryCode": "IDN", "osmType": "way", "osmId": 257613286, "highway": null, "place": null, "power": "line", "landuse": null, "name": null, "voltage": "150000", "circuits": null, "cables": "6", "frequency": "50", "substationTag": null, "lineTag": null, "operator": null, "location": null }, "geometry": { "type": "LineString", "coordinates": [ [ 119.5340675, -3.5209571 ], [ 119.5360535, -3.5236997 ], [ 119.538052, -3.5263642 ], [ 119.5401038, -3.529166 ], [ 119.5409113, -3.5322109 ], [ 119.5418673, -3.5357123 ], [ 119.5427222, -3.5388413 ], [ 119.5435225, -3.5419248 ], [ 119.5442375, -3.5444709 ], [ 119.5453055, -3.548312 ], [ 119.5461911, -3.5516039 ], [ 119.5458175, -3.5552394 ], [ 119.5454659, -3.5588361 ], [ 119.5451372, -3.5621793 ], [ 119.5447752, -3.565811 ], [ 119.5444694, -3.5689361 ], [ 119.5441677, -3.5719615 ], [ 119.5438577, -3.5750927 ], [ 119.5435872, -3.5778295 ], [ 119.5433014, -3.5807669 ], [ 119.5429867, -3.5839432 ], [ 119.54265, -3.5873462 ], [ 119.5423396, -3.5903849 ], [ 119.5420307, -3.5935219 ], [ 119.541718, -3.5967257 ], [ 119.5416865, -3.5990539 ], [ 119.5416393, -3.6030566 ], [ 119.5416137, -3.6062132 ], [ 119.5415783, -3.6089124 ], [ 119.5415528, -3.6119865 ], [ 119.5415193, -3.6150822 ], [ 119.54148, -3.6182231 ], [ 119.5414426, -3.6213561 ], [ 119.5414072, -3.6245362 ], [ 119.5413698, -3.6278203 ], [ 119.5413654, -3.6311226 ], [ 119.5414053, -3.6344219 ], [ 119.5414171, -3.6375961 ], [ 119.5414289, -3.6411569 ], [ 119.5414466, -3.6446628 ], [ 119.5414505, -3.6480136 ], [ 119.5414702, -3.6514036 ], [ 119.5414957, -3.6547367 ], [ 119.5415034, -3.6580425 ], [ 119.5415062, -3.6611517 ], [ 119.5447547, -3.6630499 ], [ 119.5478872, -3.6648992 ], [ 119.5511641, -3.6668347 ], [ 119.5537172, -3.668354 ], [ 119.5569824, -3.6699479 ], [ 119.5609523, -3.6719237 ], [ 119.5636061, -3.6732506 ], [ 119.5664985, -3.6747093 ], [ 119.5691391, -3.6755811 ], [ 119.5717966, -3.6764529 ], [ 119.574596, -3.6773218 ], [ 119.5776251, -3.6783238 ], [ 119.5805777, -3.6792691 ], [ 119.5838223, -3.6803135 ], [ 119.5868316, -3.6812985 ], [ 119.5889814, -3.6820004 ], [ 119.5912659, -3.6826951 ], [ 119.5937151, -3.6839908 ], [ 119.5962283, -3.6852982 ], [ 119.5989987, -3.6867642 ], [ 119.6021056, -3.6883836 ], [ 119.6041587, -3.6894652 ], [ 119.6066534, -3.6907732 ], [ 119.6101092, -3.6925587 ], [ 119.6116857, -3.6949013 ], [ 119.6135396, -3.6976427 ], [ 119.6136757, -3.699701 ], [ 119.6139182, -3.7027802 ], [ 119.6142006, -3.7063665 ], [ 119.6144601, -3.7096611 ], [ 119.6147022, -3.7130081 ], [ 119.614919, -3.7164056 ], [ 119.6151568, -3.7197765 ], [ 119.6154137, -3.7232016 ], [ 119.615686, -3.7266763 ], [ 119.6159642, -3.7300921 ], [ 119.6161728, -3.7329611 ], [ 119.6173013, -3.7362693 ], [ 119.6183496, -3.7393223 ], [ 119.6194163, -3.7423146 ], [ 119.6205293, -3.7454054 ], [ 119.6215517, -3.7483906 ], [ 119.6226097, -3.7513768 ], [ 119.6236438, -3.7543597 ], [ 119.6246657, -3.7572909 ], [ 119.6257241, -3.760283 ], [ 119.6267857, -3.7632841 ], [ 119.6278411, -3.7662914 ], [ 119.6288813, -3.769256 ], [ 119.6299824, -3.7723332 ], [ 119.6310287, -3.7753344 ], [ 119.6320506, -3.7783111 ], [ 119.6331019, -3.7812653 ], [ 119.6341927, -3.7842687 ], [ 119.6352498, -3.7872586 ], [ 119.6362815, -3.7902533 ], [ 119.6373161, -3.793212 ], [ 119.6377721, -3.7945744 ], [ 119.6382496, -3.7962644 ], [ 119.6390695, -3.7993664 ], [ 119.6398919, -3.8024964 ], [ 119.6406889, -3.8056787 ], [ 119.6415186, -3.8088171 ], [ 119.6422396, -3.8116188 ], [ 119.6418898, -3.8144079 ], [ 119.6415919, -3.8172438 ], [ 119.6411745, -3.8200223 ], [ 119.6404654, -3.8232924 ], [ 119.6397722, -3.8264061 ], [ 119.639041, -3.8298766 ], [ 119.6382107, -3.8334019 ], [ 119.6374779, -3.8368296 ], [ 119.6366966, -3.8402512 ], [ 119.6358869, -3.8435531 ], [ 119.6352165, -3.8465261 ], [ 119.6344208, -3.8500822 ], [ 119.6337412, -3.8529398 ], [ 119.6329388, -3.8564698 ], [ 119.6321806, -3.8597633 ], [ 119.6313953, -3.8631978 ], [ 119.6306114, -3.8664103 ], [ 119.6297695, -3.8698944 ], [ 119.6289159, -3.8734271 ], [ 119.6282559, -3.8761753 ], [ 119.6274574, -3.8794661 ], [ 119.626844, -3.882144 ], [ 119.6262849, -3.884574 ], [ 119.6255179, -3.8878835 ], [ 119.6247467, -3.8911857 ], [ 119.6238726, -3.894879 ], [ 119.6231078, -3.8981715 ], [ 119.6223366, -3.90148 ], [ 119.621559, -3.904718 ], [ 119.6208231, -3.9078502 ], [ 119.6200625, -3.9110936 ], [ 119.6193506, -3.914084 ], [ 119.6185537, -3.9175528 ], [ 119.6178178, -3.9206465 ], [ 119.6170631, -3.9237825 ], [ 119.6188447, -3.9276583 ], [ 119.6203053, -3.930851 ], [ 119.6214298, -3.9333408 ], [ 119.6228459, -3.9364202 ], [ 119.6243815, -3.9397849 ], [ 119.6257656, -3.9427927 ], [ 119.6266027, -3.9446035 ], [ 119.627715, -3.9470468 ], [ 119.6291801, -3.9501916 ], [ 119.6305615, -3.953256 ], [ 119.6325151, -3.9565404 ], [ 119.6331256, -3.9589805 ], [ 119.6338027, -3.961909 ], [ 119.635272, -3.9654614 ], [ 119.6363941, -3.9665407 ], [ 119.6380334, -3.9680889 ], [ 119.6409531, -3.9709073 ], [ 119.6426667, -3.973799 ], [ 119.6427076, -3.9768215 ], [ 119.6428084, -3.9794867 ], [ 119.6423337, -3.9810213 ], [ 119.641588, -3.9836181 ], [ 119.6409814, -3.9856634 ], [ 119.6402085, -3.9881359 ], [ 119.639335, -3.9910659 ], [ 119.6384633, -3.9938446 ], [ 119.6382834, -3.9944735 ], [ 119.6382654, -3.9945362 ], [ 119.6382376, -3.9946335 ], [ 119.6382124, -3.9947217 ], [ 119.6381853, -3.9948162 ], [ 119.6381607, -3.9949021 ], [ 119.6377873, -3.9962073 ], [ 119.6377501, -3.9963342 ], [ 119.6376057, -3.9968271 ], [ 119.6371999, -3.9982127 ], [ 119.6366662, -3.9999305 ], [ 119.6372536, -4.0022169 ], [ 119.6379, -4.0050517 ], [ 119.6386953, -4.0081956 ], [ 119.6382085, -4.011518 ], [ 119.6381943, -4.0116644 ], [ 119.6381868, -4.0117425 ], [ 119.6378492, -4.0152332 ], [ 119.637392, -4.0186936 ], [ 119.6370093, -4.0216655 ] ] } },
{ "type": "Feature", "properties": { "contextFeatureId": "IDN-W-001::transmission::way::257725638", "projectId": "IDN-W-001", "projectName": "Sidrap I Wind Power Plant", "countryCode": "IDN", "osmType": "way", "osmId": 257725638, "highway": null, "place": null, "power": "line", "landuse": null, "name": null, "voltage": "150000", "circuits": null, "cables": "6", "frequency": "50", "substationTag": null, "lineTag": null, "operator": null, "location": null }, "geometry": { "type": "LineString", "coordinates": [ [ 119.6373766, -4.0218281 ], [ 119.6384502, -4.0190842 ], [ 119.6392619, -4.0169501 ], [ 119.6403085, -4.0144019 ], [ 119.6418214, -4.0116606 ], [ 119.6438276, -4.0091412 ], [ 119.6451966, -4.0075237 ], [ 119.6469966, -4.0052961 ], [ 119.6488643, -4.0030091 ], [ 119.6507669, -4.0006792 ], [ 119.6524842, -3.9986115 ], [ 119.653654, -3.9971578 ], [ 119.6550591, -3.9954117 ], [ 119.6567551, -3.9933529 ], [ 119.6586041, -3.9911465 ], [ 119.6603659, -3.9890183 ], [ 119.6623832, -3.9865513 ], [ 119.6640058, -3.9845389 ], [ 119.6660178, -3.9821012 ], [ 119.6678816, -3.9798896 ], [ 119.6693286, -3.9780936 ], [ 119.6706504, -3.9765439 ], [ 119.6722608, -3.9745358 ], [ 119.6739509, -3.972467 ], [ 119.6754891, -3.9706028 ], [ 119.6772319, -3.9686165 ], [ 119.6792265, -3.9661356 ], [ 119.6813306, -3.9636027 ], [ 119.6826277, -3.9619942 ], [ 119.684314, -3.9593002 ], [ 119.6861117, -3.9563561 ], [ 119.6876671, -3.9538257 ], [ 119.6893369, -3.9511179 ], [ 119.6910667, -3.9482344 ], [ 119.691383, -3.9477102 ], [ 119.6927503, -3.9454439 ], [ 119.6945182, -3.942545 ], [ 119.6961065, -3.9399403 ], [ 119.6977842, -3.9371882 ], [ 119.699955, -3.9348527 ], [ 119.7021903, -3.932612 ], [ 119.703712, -3.9310002 ], [ 119.7049679, -3.9296803 ], [ 119.7074939, -3.926969 ], [ 119.7099575, -3.9243325 ], [ 119.7121261, -3.9220553 ], [ 119.715212, -3.9204471 ], [ 119.7178298, -3.9191011 ], [ 119.720441, -3.9177564 ], [ 119.7220328, -3.9169496 ], [ 119.7249632, -3.9155554 ], [ 119.7276574, -3.9142723 ], [ 119.7295672, -3.9133946 ], [ 119.7320563, -3.9141251 ], [ 119.7346339, -3.9148958 ], [ 119.7376782, -3.915826 ], [ 119.7406769, -3.916666 ], [ 119.7438137, -3.9175905 ], [ 119.7466334, -3.9184087 ], [ 119.749838, -3.9179083 ], [ 119.7522975, -3.9175477 ] ] } },
{ "type": "Feature", "properties": { "contextFeatureId": "IDN-W-001::transmission::way::257725650", "projectId": "IDN-W-001", "projectName": "Sidrap I Wind Power Plant", "countryCode": "IDN", "osmType": "way", "osmId": 257725650, "highway": null, "place": null, "power": "line", "landuse": null, "name": null, "voltage": "150000", "circuits": null, "cables": "6", "frequency": "50", "substationTag": null, "lineTag": null, "operator": null, "location": null }, "geometry": { "type": "LineString", "coordinates": [ [ 119.632956, -4.2933432 ], [ 119.6333671, -4.2932482 ], [ 119.6356013, -4.2938714 ], [ 119.6376733, -4.295834 ], [ 119.6407907, -4.2979884 ], [ 119.6429982, -4.2980486 ], [ 119.6456636, -4.2978901 ], [ 119.6486717, -4.2981584 ], [ 119.6487053, -4.2961053 ], [ 119.6486329, -4.2930877 ], [ 119.6485602, -4.2899721 ], [ 119.6484009, -4.2831515 ], [ 119.6483363, -4.2803866 ], [ 119.6482716, -4.2776161 ], [ 119.6482008, -4.2745856 ], [ 119.6473613, -4.2716132 ], [ 119.6464936, -4.2684376 ], [ 119.645656, -4.2653823 ], [ 119.6446877, -4.2618441 ], [ 119.6430088, -4.2557097 ], [ 119.6426758, -4.2520764 ], [ 119.6423853, -4.2488141 ], [ 119.6422658, -4.245848 ], [ 119.6413494, -4.2432952 ], [ 119.6404859, -4.2406404 ], [ 119.6401935, -4.2381637 ], [ 119.6398841, -4.235913 ], [ 119.6396092, -4.2337844 ], [ 119.6392181, -4.2307296 ], [ 119.6387423, -4.2268372 ], [ 119.6394071, -4.2222098 ], [ 119.639953, -4.2183858 ], [ 119.6399398, -4.2141446 ], [ 119.6399354, -4.2114006 ], [ 119.6397637, -4.2087005 ], [ 119.639549, -4.205416 ], [ 119.6393045, -4.2015377 ], [ 119.6391384, -4.1988267 ], [ 119.6389767, -4.1959592 ], [ 119.6392432, -4.1929131 ], [ 119.6395726, -4.1893266 ], [ 119.639884, -4.1859341 ], [ 119.6401805, -4.18267 ], [ 119.6404529, -4.1797404 ], [ 119.6407643, -4.1763956 ], [ 119.641075, -4.1730259 ], [ 119.6412342, -4.1712329 ], [ 119.6412388, -4.1711801 ], [ 119.6413834, -4.1695516 ], [ 119.6416856, -4.1662082 ], [ 119.641994, -4.1628952 ], [ 119.639921, -4.1602674 ], [ 119.637654, -4.1573812 ], [ 119.6346323, -4.1553749 ], [ 119.6317715, -4.1534747 ], [ 119.6299754, -4.1522483 ], [ 119.6254024, -4.1492663 ], [ 119.6228641, -4.1476311 ], [ 119.6223069, -4.1456549 ], [ 119.6215993, -4.1434205 ], [ 119.6235187, -4.1399474 ], [ 119.624975, -4.136652 ], [ 119.625848, -4.1346575 ], [ 119.6242545, -4.1309461 ], [ 119.6228406, -4.1275906 ], [ 119.6210328, -4.1233473 ], [ 119.6213564, -4.1206649 ], [ 119.621379, -4.1186895 ], [ 119.6223726, -4.1150937 ], [ 119.6227674, -4.1137283 ], [ 119.6215085, -4.1108813 ], [ 119.6212448, -4.1102615 ], [ 119.6201093, -4.1075922 ], [ 119.6191455, -4.1052608 ], [ 119.6183236, -4.103368 ], [ 119.6192851, -4.0992756 ], [ 119.619688, -4.0975983 ], [ 119.6205355, -4.094159 ], [ 119.6211615, -4.0915151 ], [ 119.6218787, -4.0885395 ], [ 119.622492, -4.0859648 ], [ 119.6230678, -4.0835699 ], [ 119.624094, -4.0809764 ], [ 119.624857, -4.0791027 ], [ 119.6256472, -4.0771627 ], [ 119.6266279, -4.0746854 ], [ 119.6285131, -4.0706219 ], [ 119.629569, -4.0671857 ], [ 119.6306296, -4.063843 ], [ 119.6312083, -4.0620067 ], [ 119.6326818, -4.0568128 ], [ 119.6327045, -4.0567318 ], [ 119.6335885, -4.0535789 ], [ 119.6337159, -4.0503032 ], [ 119.633909, -4.0460583 ], [ 119.6340403, -4.0430865 ], [ 119.6341378, -4.0408273 ], [ 119.6344882, -4.0383832 ], [ 119.6348224, -4.0359658 ], [ 119.6354475, -4.0314272 ], [ 119.636468, -4.0237053 ], [ 119.636689, -4.0226221 ] ] } },
{ "type": "Feature", "properties": { "contextFeatureId": "IDN-W-001::transmission::way::399724594", "projectId": "IDN-W-001", "projectName": "Sidrap I Wind Power Plant", "countryCode": "IDN", "osmType": "way", "osmId": 399724594, "highway": null, "place": null, "power": "line", "landuse": null, "name": null, "voltage": "150000", "circuits": null, "cables": "6", "frequency": "50", "substationTag": null, "lineTag": null, "operator": null, "location": null }, "geometry": { "type": "LineString", "coordinates": [ [ 120.072839, -4.1750639 ], [ 120.0721845, -4.1725212 ], [ 120.0713423, -4.169069 ], [ 120.0715019, -4.1660903 ], [ 120.0716548, -4.1623932 ], [ 120.07175, -4.1595295 ], [ 120.0724138, -4.1563808 ], [ 120.0730482, -4.1532402 ], [ 120.0737134, -4.1500287 ], [ 120.0743973, -4.1466365 ], [ 120.0750008, -4.1436791 ], [ 120.0756486, -4.1406641 ], [ 120.0763366, -4.1373683 ], [ 120.0769696, -4.1341259 ], [ 120.0775744, -4.1311684 ], [ 120.0782812, -4.1277896 ], [ 120.0789222, -4.1245887 ], [ 120.077569, -4.1218037 ], [ 120.0759785, -4.1186549 ], [ 120.0738877, -4.1175835 ], [ 120.0708662, -4.1160813 ], [ 120.068357, -4.1148239 ], [ 120.0653408, -4.1133083 ], [ 120.0626492, -4.1119586 ], [ 120.059727, -4.110514 ], [ 120.0569093, -4.1091094 ], [ 120.0544699, -4.1078775 ], [ 120.0517434, -4.1064957 ], [ 120.0487594, -4.1050189 ], [ 120.0460128, -4.1036638 ], [ 120.0431519, -4.1021298 ], [ 120.0416952, -4.0994001 ], [ 120.0395655, -4.0955487 ], [ 120.0380848, -4.0926787 ], [ 120.0370764, -4.0902369 ], [ 120.0361493, -4.0879918 ], [ 120.0348815, -4.0850065 ], [ 120.0334094, -4.0814379 ], [ 120.0335339, -4.0786705 ], [ 120.0336433, -4.075253 ], [ 120.0337972, -4.0715294 ], [ 120.0338793, -4.0683926 ], [ 120.0339774, -4.0650455 ], [ 120.0347627, -4.0617389 ], [ 120.0352794, -4.0588903 ], [ 120.0359204, -4.0561891 ], [ 120.0374377, -4.0531552 ], [ 120.0389905, -4.0500502 ], [ 120.0404121, -4.0472076 ], [ 120.041071, -4.0443026 ], [ 120.0417158, -4.0415615 ], [ 120.0424028, -4.038704 ], [ 120.0432927, -4.0354131 ], [ 120.0439809, -4.0323206 ], [ 120.0448367, -4.0297564 ], [ 120.0460148, -4.026452 ], [ 120.0470297, -4.0234259 ], [ 120.0480442, -4.0204805 ], [ 120.049175, -4.0172781 ], [ 120.0500252, -4.0148703 ], [ 120.0509374, -4.0119888 ], [ 120.0518629, -4.0090731 ], [ 120.0528464, -4.0058513 ], [ 120.0535984, -4.0034884 ], [ 120.0544504, -4.0006589 ], [ 120.0553973, -3.9975903 ], [ 120.0564162, -3.9940668 ], [ 120.0572784, -3.9911406 ], [ 120.0580471, -3.9884851 ], [ 120.0588796, -3.9856931 ], [ 120.0597214, -3.9825755 ], [ 120.0605716, -3.9799523 ], [ 120.0613312, -3.977476 ], [ 120.060546, -3.9742838 ], [ 120.0598737, -3.9718615 ], [ 120.0597244, -3.9713237 ], [ 120.0596626, -3.9711009 ], [ 120.0589398, -3.9681977 ], [ 120.0572848, -3.9656544 ], [ 120.0556373, -3.9630789 ], [ 120.0538462, -3.9602172 ], [ 120.0521779, -3.9576216 ], [ 120.0504707, -3.9548481 ], [ 120.0475337, -3.9536708 ], [ 120.0448327, -3.952563 ], [ 120.0419131, -3.9513428 ], [ 120.0390257, -3.9501788 ], [ 120.0358433, -3.948885 ], [ 120.0328405, -3.9476582 ], [ 120.0296876, -3.9463818 ], [ 120.0266553, -3.9451322 ], [ 120.0236526, -3.943928 ], [ 120.0206955, -3.9427226 ], [ 120.0178201, -3.9415612 ], [ 120.0147048, -3.9403063 ], [ 120.0118992, -3.9391623 ], [ 120.0090601, -3.938571 ], [ 120.0061794, -3.9379863 ], [ 120.0032308, -3.9373524 ], [ 120.000322, -3.9367608 ], [ 119.9975633, -3.9362557 ], [ 119.9948866, -3.9357085 ], [ 119.9915865, -3.9358512 ], [ 119.9884176, -3.9360265 ], [ 119.9850986, -3.9362113 ], [ 119.9824149, -3.9363633 ], [ 119.9795132, -3.9365363 ], [ 119.9764099, -3.936707 ], [ 119.9731637, -3.9368754 ], [ 119.9700721, -3.9370694 ], [ 119.9669097, -3.9372273 ], [ 119.9637328, -3.9374291 ], [ 119.9605904, -3.9376172 ], [ 119.9570272, -3.9378121 ], [ 119.9539469, -3.9379933 ], [ 119.9510343, -3.9381814 ], [ 119.9478321, -3.9383511 ], [ 119.9447145, -3.9385613 ], [ 119.9416392, -3.9387367 ], [ 119.9385933, -3.9389234 ], [ 119.9351686, -3.9391033 ], [ 119.932103, -3.939685 ], [ 119.9289758, -3.9402528 ], [ 119.9258956, -3.94083 ], [ 119.9227434, -3.9414165 ], [ 119.9197116, -3.9420332 ], [ 119.9166059, -3.9426064 ], [ 119.913237, -3.9432242 ], [ 119.9100678, -3.9437952 ], [ 119.9067839, -3.9443426 ], [ 119.9036662, -3.9448667 ], [ 119.9006391, -3.9453253 ], [ 119.8975307, -3.9458994 ], [ 119.8945943, -3.9463798 ], [ 119.8917017, -3.9468665 ], [ 119.8888403, -3.9473501 ], [ 119.8856663, -3.9468509 ], [ 119.8824797, -3.9462831 ], [ 119.8790148, -3.9456997 ], [ 119.8759283, -3.9452255 ], [ 119.8727762, -3.9446764 ], [ 119.8696772, -3.944171 ], [ 119.8671348, -3.9437405 ], [ 119.8635667, -3.9431509 ], [ 119.8603927, -3.9425831 ], [ 119.8568465, -3.9418967 ], [ 119.853932, -3.94146 ], [ 119.8499734, -3.9410718 ], [ 119.8470108, -3.940796 ], [ 119.8437201, -3.9404266 ], [ 119.841027, -3.9400945 ], [ 119.8371057, -3.9396456 ], [ 119.8337446, -3.9392808 ], [ 119.8309038, -3.9389394 ], [ 119.8277818, -3.9386448 ], [ 119.8247676, -3.9383595 ], [ 119.8213502, -3.9387757 ], [ 119.8182221, -3.9393236 ], [ 119.814854, -3.9398848 ], [ 119.8112491, -3.94046 ], [ 119.8084201, -3.9402706 ], [ 119.8051715, -3.9400718 ], [ 119.8022088, -3.9398591 ], [ 119.7996282, -3.9397164 ], [ 119.7967476, -3.9395668 ], [ 119.7936655, -3.9393563 ], [ 119.7904309, -3.9391903 ], [ 119.7872339, -3.9389798 ], [ 119.7841519, -3.9376452 ], [ 119.7811743, -3.9363808 ], [ 119.7787139, -3.9344049 ], [ 119.7761588, -3.9323347 ], [ 119.773548, -3.9302358 ], [ 119.7707817, -3.9280559 ], [ 119.7686271, -3.926311 ], [ 119.7657747, -3.9240233 ], [ 119.7637746, -3.9223576 ], [ 119.7612454, -3.9202839 ], [ 119.7588915, -3.9183635 ], [ 119.755546, -3.9171139 ], [ 119.7534448, -3.9164989 ], [ 119.7531901, -3.9168051 ] ] } },
{ "type": "Feature", "properties": { "contextFeatureId": "IDN-W-001::transmission::way::399724595", "projectId": "IDN-W-001", "projectName": "Sidrap I Wind Power Plant", "countryCode": "IDN", "osmType": "way", "osmId": 399724595, "highway": null, "place": null, "power": "line", "landuse": null, "name": null, "voltage": "150000", "circuits": null, "cables": "6", "frequency": "50", "substationTag": null, "lineTag": null, "operator": null, "location": null }, "geometry": { "type": "LineString", "coordinates": [ [ 119.6243761, -3.9695239 ], [ 119.6256203, -3.9691145 ], [ 119.6276589, -3.9694066 ], [ 119.6315053, -3.970694 ], [ 119.6339993, -3.9715321 ], [ 119.6369021, -3.9725191 ], [ 119.6369528, -3.9725363 ], [ 119.6374254, -3.972697 ], [ 119.6408369, -3.9738575 ], [ 119.6422735, -3.9768291 ], [ 119.6423484, -3.9792948 ], [ 119.6419448, -3.9810133 ], [ 119.6412957, -3.9836917 ], [ 119.6398403, -3.987173 ], [ 119.6396083, -3.987728 ], [ 119.6390188, -3.9897797 ], [ 119.63871, -3.9908546 ], [ 119.6385957, -3.9912839 ], [ 119.6380435, -3.9933577 ], [ 119.6373064, -3.9961212 ], [ 119.6367574, -3.9980722 ], [ 119.6363096, -3.9997233 ], [ 119.6362665, -3.9998823 ], [ 119.6368606, -4.0022543 ], [ 119.6374767, -4.0046056 ], [ 119.6376371, -4.0052176 ], [ 119.6377709, -4.0057655 ], [ 119.6384069, -4.0083709 ], [ 119.6380199, -4.0116255 ], [ 119.6376512, -4.0152122 ], [ 119.6370785, -4.0186212 ], [ 119.6359362, -4.021493 ] ] } },
{ "type": "Feature", "properties": { "contextFeatureId": "IDN-W-001::transmission::way::744151483", "projectId": "IDN-W-001", "projectName": "Sidrap I Wind Power Plant", "countryCode": "IDN", "osmType": "way", "osmId": 744151483, "highway": null, "place": null, "power": "line", "landuse": null, "name": null, "voltage": "150000", "circuits": null, "cables": "6", "frequency": "50", "substationTag": null, "lineTag": null, "operator": null, "location": null }, "geometry": { "type": "LineString", "coordinates": [ [ 119.6861967, -3.959639 ], [ 119.6891999, -3.96106 ], [ 119.6923435, -3.9623123 ], [ 119.6955836, -3.9636609 ], [ 119.6987271, -3.9648811 ], [ 119.7015703, -3.9658765 ], [ 119.7042525, -3.9665508 ], [ 119.7091448, -3.9672143 ], [ 119.7097134, -3.9673214 ] ] } },
{ "type": "Feature", "properties": { "contextFeatureId": "IDN-W-001::transmission::way::756673523", "projectId": "IDN-W-001", "projectName": "Sidrap I Wind Power Plant", "countryCode": "IDN", "osmType": "way", "osmId": 756673523, "highway": null, "place": null, "power": "line", "landuse": null, "name": null, "voltage": "150000", "circuits": null, "cables": "6", "frequency": "50", "substationTag": null, "lineTag": null, "operator": null, "location": null }, "geometry": { "type": "LineString", "coordinates": [ [ 119.7524651, -3.916591 ], [ 119.7526049, -3.9162315 ] ] } },
{ "type": "Feature", "properties": { "contextFeatureId": "IDN-W-001::transmission::way::756673524", "projectId": "IDN-W-001", "projectName": "Sidrap I Wind Power Plant", "countryCode": "IDN", "osmType": "way", "osmId": 756673524, "highway": null, "place": null, "power": "line", "landuse": null, "name": null, "voltage": "150000", "circuits": null, "cables": "6", "frequency": "50", "substationTag": null, "lineTag": null, "operator": null, "location": null }, "geometry": { "type": "LineString", "coordinates": [ [ 119.7526049, -3.9162315 ], [ 119.7505832, -3.9153934 ], [ 119.7474197, -3.914857 ], [ 119.7440886, -3.9142919 ], [ 119.7405229, -3.9136941 ], [ 119.7374485, -3.9132677 ], [ 119.7348565, -3.9129236 ], [ 119.731823, -3.9122458 ], [ 119.7278199, -3.9116182 ], [ 119.7252042, -3.9114966 ], [ 119.7215744, -3.9131522 ], [ 119.7182218, -3.9146907 ], [ 119.7161436, -3.9168 ], [ 119.7138039, -3.9191243 ], [ 119.7116159, -3.921338 ], [ 119.7091555, -3.9237371 ], [ 119.706295, -3.9265629 ], [ 119.7059443, -3.9285518 ], [ 119.7054595, -3.931035 ], [ 119.7050819, -3.9332486 ], [ 119.7028204, -3.9348602 ], [ 119.7005494, -3.9364146 ], [ 119.698229, -3.9380812 ], [ 119.6963431, -3.9412698 ], [ 119.6944283, -3.9444019 ], [ 119.6927497, -3.9471268 ], [ 119.6916218, -3.9498436 ], [ 119.6903489, -3.9528377 ], [ 119.6896297, -3.9544278 ], [ 119.688356, -3.9572437 ], [ 119.6861967, -3.959639 ] ] } },
{ "type": "Feature", "properties": { "contextFeatureId": "IDN-W-001::transmission::way::756673525", "projectId": "IDN-W-001", "projectName": "Sidrap I Wind Power Plant", "countryCode": "IDN", "osmType": "way", "osmId": 756673525, "highway": null, "place": null, "power": "line", "landuse": null, "name": null, "voltage": "150000", "circuits": null, "cables": "6", "frequency": "50", "substationTag": null, "lineTag": null, "operator": null, "location": null }, "geometry": { "type": "LineString", "coordinates": [ [ 119.6373394, -4.022446 ], [ 119.6373766, -4.0218281 ] ] } },
{ "type": "Feature", "properties": { "contextFeatureId": "IDN-W-001::transmission::way::756673526", "projectId": "IDN-W-001", "projectName": "Sidrap I Wind Power Plant", "countryCode": "IDN", "osmType": "way", "osmId": 756673526, "highway": null, "place": null, "power": "line", "landuse": null, "name": null, "voltage": "150000", "circuits": null, "cables": "6", "frequency": "50", "substationTag": null, "lineTag": null, "operator": null, "location": null }, "geometry": { "type": "LineString", "coordinates": [ [ 119.6369719, -4.0223819 ], [ 119.6370093, -4.0216655 ] ] } },
{ "type": "Feature", "properties": { "contextFeatureId": "IDN-W-001::transmission::way::756673527", "projectId": "IDN-W-001", "projectName": "Sidrap I Wind Power Plant", "countryCode": "IDN", "osmType": "way", "osmId": 756673527, "highway": null, "place": null, "power": "line", "landuse": null, "name": null, "voltage": "150000", "circuits": null, "cables": "6", "frequency": "50", "substationTag": null, "lineTag": null, "operator": null, "location": null }, "geometry": { "type": "LineString", "coordinates": [ [ 119.6359362, -4.021493 ], [ 119.6361785, -4.0221522 ] ] } },
{ "type": "Feature", "properties": { "contextFeatureId": "IDN-W-001::transmission::way::756844864", "projectId": "IDN-W-001", "projectName": "Sidrap I Wind Power Plant", "countryCode": "IDN", "osmType": "way", "osmId": 756844864, "highway": null, "place": null, "power": "line", "landuse": null, "name": null, "voltage": "150000", "circuits": null, "cables": "6", "frequency": "50", "substationTag": null, "lineTag": null, "operator": null, "location": null }, "geometry": { "type": "LineString", "coordinates": [ [ 119.7526918, -3.917351 ], [ 119.7525309, -3.9177511 ] ] } },
{ "type": "Feature", "properties": { "contextFeatureId": "IDN-W-001::transmission::way::756844866", "projectId": "IDN-W-001", "projectName": "Sidrap I Wind Power Plant", "countryCode": "IDN", "osmType": "way", "osmId": 756844866, "highway": null, "place": null, "power": "line", "landuse": null, "name": null, "voltage": "150000", "circuits": null, "cables": "6", "frequency": "50", "substationTag": null, "lineTag": null, "operator": null, "location": null }, "geometry": { "type": "LineString", "coordinates": [ [ 119.7525309, -3.9177511 ], [ 119.7526127, -3.9201166 ], [ 119.7547397, -3.9221543 ], [ 119.7569163, -3.9242449 ], [ 119.7592109, -3.9264625 ], [ 119.7613782, -3.9285337 ], [ 119.7637238, -3.9307895 ], [ 119.7659051, -3.9329061 ], [ 119.7683197, -3.9352221 ], [ 119.7705299, -3.9373521 ], [ 119.7726957, -3.9394406 ], [ 119.7746833, -3.9413592 ], [ 119.7767244, -3.9433394 ], [ 119.7789869, -3.9455001 ], [ 119.7812346, -3.9476716 ], [ 119.7833267, -3.9497039 ], [ 119.7854711, -3.9517509 ], [ 119.7873902, -3.9536266 ], [ 119.7895186, -3.955687 ], [ 119.7915986, -3.9576792 ], [ 119.7939883, -3.9600139 ], [ 119.7954945, -3.9614854 ], [ 119.7973057, -3.9632549 ], [ 119.7989745, -3.9648853 ], [ 119.8006497, -3.966522 ], [ 119.8013431, -3.9698246 ], [ 119.8020284, -3.9732268 ], [ 119.8026788, -3.9764183 ], [ 119.8032072, -3.9789797 ], [ 119.8037484, -3.9816374 ], [ 119.8042989, -3.9843432 ], [ 119.804781, -3.9867373 ], [ 119.8054502, -3.9900505 ], [ 119.805992, -3.9927235 ], [ 119.8065425, -3.9953858 ], [ 119.8071507, -3.998412 ], [ 119.807771, -4.0015219 ], [ 119.8083564, -4.0044069 ], [ 119.8088881, -4.0071187 ], [ 119.8093843, -4.0094893 ], [ 119.809985, -4.0126142 ], [ 119.8106235, -4.0156205 ], [ 119.8111922, -4.0184848 ], [ 119.811799, -4.021551 ], [ 119.8123536, -4.0244192 ], [ 119.8129302, -4.0273356 ], [ 119.813462, -4.0300239 ], [ 119.814105, -4.0332881 ], [ 119.814728, -4.0364928 ], [ 119.8152825, -4.0393931 ], [ 119.8158176, -4.0421101 ], [ 119.8162897, -4.0445288 ], [ 119.8167376, -4.0467053 ], [ 119.8178588, -4.0492457 ], [ 119.8186447, -4.0511065 ], [ 119.8197095, -4.0536108 ], [ 119.8209755, -4.0565258 ], [ 119.8221838, -4.0593644 ], [ 119.8232342, -4.0618764 ], [ 119.8242176, -4.0642285 ], [ 119.8251624, -4.0664585 ], [ 119.8264298, -4.0694911 ], [ 119.8275617, -4.0721598 ], [ 119.8287821, -4.0751296 ], [ 119.8300038, -4.0780444 ], [ 119.8308983, -4.0802236 ], [ 119.8320946, -4.083105 ], [ 119.8338997, -4.085878 ], [ 119.8354414, -4.0882551 ], [ 119.8369749, -4.0907593 ], [ 119.8384112, -4.0929838 ], [ 119.8401677, -4.0957173 ], [ 119.8417559, -4.0981887 ], [ 119.8436187, -4.1010661 ], [ 119.8452683, -4.1036397 ], [ 119.8467663, -4.1060302 ], [ 119.8484078, -4.1086065 ], [ 119.849942, -4.1110169 ], [ 119.8514548, -4.1133645 ], [ 119.8529743, -4.1158097 ], [ 119.8546332, -4.1184369 ], [ 119.8565443, -4.1214038 ], [ 119.8584487, -4.1243733 ], [ 119.8602015, -4.1271716 ], [ 119.8618229, -4.1297466 ], [ 119.8636642, -4.1326064 ], [ 119.8650026, -4.134871 ], [ 119.8663397, -4.1369737 ], [ 119.8676547, -4.1390497 ], [ 119.8691104, -4.1413557 ], [ 119.8704663, -4.1435039 ], [ 119.8713353, -4.1461577 ], [ 119.8723398, -4.1491619 ], [ 119.8733, -4.1520177 ], [ 119.8743112, -4.1550914 ], [ 119.8753037, -4.1580368 ], [ 119.8762116, -4.1608055 ], [ 119.8770645, -4.163371 ], [ 119.8778652, -4.1658294 ], [ 119.8781186, -4.1688643 ], [ 119.8783815, -4.1717321 ], [ 119.8786081, -4.1746559 ], [ 119.8788884, -4.1776494 ], [ 119.8791714, -4.1809625 ], [ 119.8794316, -4.1840548 ], [ 119.8797789, -4.1873478 ], [ 119.8799895, -4.1901459 ], [ 119.8801826, -4.1928036 ], [ 119.8804508, -4.1956792 ], [ 119.880711, -4.1988946 ], [ 119.8809591, -4.2017936 ], [ 119.8811556, -4.2045241 ], [ 119.8814929, -4.2067256 ], [ 119.8820212, -4.2100399 ], [ 119.8824839, -4.2132833 ], [ 119.8828889, -4.2159569 ], [ 119.8833691, -4.2191676 ], [ 119.8837915, -4.2220545 ], [ 119.8842689, -4.2251654 ], [ 119.8847128, -4.2281145 ], [ 119.8851997, -4.2311425 ], [ 119.8856798, -4.2343176 ], [ 119.8861787, -4.237498 ], [ 119.8866414, -4.2406303 ], [ 119.8869914, -4.2428999 ], [ 119.8874353, -4.2460215 ], [ 119.8878535, -4.2489214 ], [ 119.888185, -4.25122 ], [ 119.8885759, -4.2538293 ], [ 119.8889527, -4.2566185 ], [ 119.8894436, -4.2597701 ], [ 119.8898305, -4.2627404 ], [ 119.8902449, -4.2656359 ], [ 119.8907317, -4.268986 ], [ 119.8911609, -4.2720513 ], [ 119.8915525, -4.27515 ], [ 119.8920594, -4.2783664 ], [ 119.8925436, -4.2815466 ], [ 119.8929412, -4.2844066 ], [ 119.8933375, -4.2872398 ], [ 119.8936956, -4.2898864 ], [ 119.8941945, -4.2931442 ], [ 119.8946625, -4.2962013 ], [ 119.8950085, -4.2989281 ], [ 119.8954953, -4.3020401 ], [ 119.8967847, -4.3044117 ], [ 119.8982982, -4.3071955 ], [ 119.8996662, -4.3097925 ], [ 119.9010669, -4.3124631 ], [ 119.9024921, -4.3152158 ], [ 119.903884, -4.3179681 ], [ 119.9054444, -4.3209178 ], [ 119.9068733, -4.3236776 ], [ 119.9082305, -4.3262988 ], [ 119.9094281, -4.3286484 ], [ 119.9105342, -4.33077 ], [ 119.911781, -4.3331249 ], [ 119.9129091, -4.3357321 ], [ 119.9139985, -4.33825 ], [ 119.9151278, -4.3408109 ], [ 119.916257, -4.343924 ], [ 119.9168229, -4.3454565 ], [ 119.9190143, -4.3474784 ], [ 119.9212338, -4.3494736 ], [ 119.9232374, -4.3512989 ] ] } },
{ "type": "Feature", "properties": { "contextFeatureId": "IDN-W-001::transmission::way::756848241", "projectId": "IDN-W-001", "projectName": "Sidrap I Wind Power Plant", "countryCode": "IDN", "osmType": "way", "osmId": 756848241, "highway": null, "place": null, "power": "line", "landuse": null, "name": null, "voltage": "150000", "circuits": null, "cables": "6", "frequency": "50", "substationTag": null, "lineTag": null, "operator": null, "location": null }, "geometry": { "type": "LineString", "coordinates": [ [ 119.7522975, -3.9175477 ], [ 119.7524518, -3.917244 ] ] } },
{ "type": "Feature", "properties": { "contextFeatureId": "IDN-W-001::transmission::way::758790654", "projectId": "IDN-W-001", "projectName": "Sidrap I Wind Power Plant", "countryCode": "IDN", "osmType": "way", "osmId": 758790654, "highway": null, "place": null, "power": "line", "landuse": null, "name": null, "voltage": "150000", "circuits": null, "cables": "6", "frequency": "50", "substationTag": null, "lineTag": null, "operator": null, "location": null }, "geometry": { "type": "LineString", "coordinates": [ [ 119.7529373, -3.9167636 ], [ 119.7530569, -3.9164235 ], [ 119.7559252, -3.914093 ], [ 119.7577438, -3.9115509 ], [ 119.7593585, -3.9092924 ], [ 119.7619039, -3.9080132 ], [ 119.7650152, -3.9064665 ], [ 119.7678396, -3.9050857 ], [ 119.7709671, -3.9035283 ], [ 119.7738612, -3.902094 ], [ 119.7767794, -3.9006302 ], [ 119.7795407, -3.899244 ], [ 119.7824188, -3.8978124 ], [ 119.7852337, -3.8964115 ], [ 119.7880326, -3.8950534 ], [ 119.7908355, -3.8936873 ], [ 119.793735, -3.8922623 ], [ 119.811787, -3.8834673 ], [ 119.8134687, -3.882648 ], [ 119.8149424, -3.8798816 ], [ 119.8163272, -3.8770075 ], [ 119.8178199, -3.8740679 ], [ 119.8192482, -3.8712861 ], [ 119.8205772, -3.86863 ], [ 119.8221557, -3.865578 ], [ 119.8236306, -3.8626702 ], [ 119.8251048, -3.8597641 ], [ 119.8265585, -3.8569194 ], [ 119.8271191, -3.8537936 ], [ 119.8277038, -3.8506732 ], [ 119.8282778, -3.8474752 ], [ 119.8317285, -3.8281866 ], [ 119.8323373, -3.8248319 ], [ 119.833366, -3.8217743 ], [ 119.8354232, -3.8155614 ], [ 119.8364398, -3.8125546 ], [ 119.8375247, -3.8093765 ], [ 119.8369239, -3.8070548 ], [ 119.8330736, -3.7924127 ], [ 119.8321804, -3.7889268 ], [ 119.8298074, -3.7794632 ], [ 119.8290979, -3.7765238 ], [ 119.828308, -3.7732647 ], [ 119.8275221, -3.7700189 ], [ 119.8267932, -3.7671424 ], [ 119.8260999, -3.7642425 ], [ 119.8253582, -3.7611967 ], [ 119.8246421, -3.7578659 ], [ 119.82393, -3.7550302 ], [ 119.8232406, -3.7518787 ], [ 119.8225258, -3.7485826 ], [ 119.8218311, -3.7454926 ], [ 119.8211418, -3.7421029 ], [ 119.8205765, -3.7394016 ], [ 119.8202097, -3.7375983 ], [ 119.8197295, -3.7351437 ], [ 119.8191087, -3.7319709 ], [ 119.8186447, -3.7295473 ], [ 119.8180921, -3.7265951 ], [ 119.8176818, -3.7245422 ], [ 119.8159612, -3.7223889 ], [ 119.8141922, -3.7197833 ], [ 119.8090504, -3.7128242 ], [ 119.8072533, -3.7102935 ], [ 119.8052712, -3.7075688 ], [ 119.8034178, -3.7049497 ], [ 119.8017387, -3.7027134 ], [ 119.8002608, -3.700639 ], [ 119.7997961, -3.6986891 ], [ 119.7989559, -3.6956083 ], [ 119.7981378, -3.6926667 ], [ 119.7949487, -3.6809295 ], [ 119.7945584, -3.6795725 ], [ 119.7932173, -3.6747518 ], [ 119.7925521, -3.6721674 ], [ 119.7918642, -3.669666 ], [ 119.7910568, -3.6667216 ], [ 119.790228, -3.663891 ], [ 119.789532, -3.6612946 ], [ 119.7887702, -3.6585777 ], [ 119.7879387, -3.6555503 ], [ 119.7872762, -3.6530582 ], [ 119.786827, -3.6502945 ], [ 119.7865279, -3.648414 ], [ 119.7859888, -3.6453023 ], [ 119.7854269, -3.6417341 ], [ 119.7845806, -3.6362775 ], [ 119.7841199, -3.6332948 ], [ 119.7836606, -3.6302948 ], [ 119.7832569, -3.6278829 ], [ 119.7818823, -3.6255822 ], [ 119.7805801, -3.6235652 ], [ 119.7788648, -3.6207224 ], [ 119.7775559, -3.6186385 ], [ 119.7764026, -3.6167044 ], [ 119.773782, -3.6122943 ], [ 119.7721003, -3.6095612 ], [ 119.7704172, -3.6068388 ], [ 119.7686845, -3.6039209 ], [ 119.7691686, -3.6017821 ], [ 119.7696769, -3.5990209 ], [ 119.770377, -3.5951728 ], [ 119.7719702, -3.5925467 ], [ 119.7738048, -3.5888177 ], [ 119.7750521, -3.5863777 ], [ 119.7765742, -3.5835468 ], [ 119.7799136, -3.5729674 ], [ 119.7807799, -3.5692397 ], [ 119.7811621, -3.5675893 ], [ 119.7819749, -3.5640409 ], [ 119.783261, -3.5618658 ], [ 119.7834165, -3.5590777 ], [ 119.7817271, -3.5570736 ], [ 119.7798961, -3.5549751 ], [ 119.77964, -3.5520344 ], [ 119.7783539, -3.5497615 ], [ 119.7765782, -3.5467124 ], [ 119.7742903, -3.5426405 ], [ 119.7723618, -3.5395552 ], [ 119.7725683, -3.5368125 ], [ 119.7728178, -3.5335237 ], [ 119.7719608, -3.5304597 ], [ 119.772622, -3.5273703 ], [ 119.7741629, -3.5246209 ], [ 119.7743587, -3.5205276 ], [ 119.774702, -3.5165466 ], [ 119.7749957, -3.5131266 ], [ 119.7760029, -3.510179 ], [ 119.7770047, -3.5076183 ], [ 119.7780588, -3.5050709 ], [ 119.7785819, -3.503652 ], [ 119.7806793, -3.4979857 ], [ 119.782121, -3.4940703 ], [ 119.7836646, -3.4898148 ], [ 119.7845498, -3.4874575 ], [ 119.7851492, -3.4857521 ], [ 119.7863697, -3.4827482 ], [ 119.7877054, -3.4795436 ], [ 119.788968, -3.4762833 ], [ 119.7882579, -3.4727567 ], [ 119.7877791, -3.4705171 ], [ 119.7864649, -3.4677943 ], [ 119.7860304, -3.4633888 ], [ 119.7869356, -3.4597356 ], [ 119.7873782, -3.4571587 ], [ 119.7877657, -3.4550516 ], [ 119.7885141, -3.4506635 ], [ 119.7897479, -3.4434948 ], [ 119.7901449, -3.4410504 ], [ 119.7906826, -3.437871 ], [ 119.7906397, -3.4337398 ], [ 119.7917153, -3.4310745 ], [ 119.7921096, -3.4268656 ], [ 119.7922772, -3.4249325 ], [ 119.7924368, -3.4215857 ], [ 119.7932589, -3.4177128 ], [ 119.7937253, -3.4153497 ], [ 119.7940743, -3.4135815 ], [ 119.7948535, -3.4093016 ], [ 119.795347, -3.4058664 ], [ 119.7958218, -3.4022371 ], [ 119.7962013, -3.3985823 ], [ 119.7963274, -3.3876527 ], [ 119.7963193, -3.3849899 ], [ 119.7963206, -3.3827328 ], [ 119.7970462, -3.3806496 ], [ 119.7989519, -3.3754043 ], [ 119.800006, -3.3724871 ], [ 119.8013444, -3.3689126 ], [ 119.8025863, -3.3655509 ], [ 119.8049963, -3.3633258 ], [ 119.8068899, -3.3613912 ], [ 119.8101152, -3.3583689 ], [ 119.8125648, -3.3560099 ], [ 119.8130819, -3.3555138 ], [ 119.8149043, -3.3537654 ], [ 119.8161985, -3.3505175 ], [ 119.8174531, -3.3475567 ], [ 119.818646, -3.344616 ], [ 119.8198476, -3.3416558 ], [ 119.8209782, -3.3387907 ], [ 119.8218012, -3.3367204 ], [ 119.8218537, -3.3365982 ], [ 119.8220605, -3.3361171 ], [ 119.8227954, -3.334151 ], [ 119.8236591, -3.3320464 ], [ 119.8227605, -3.3280385 ], [ 119.8220484, -3.3247945 ], [ 119.8211666, -3.3210712 ], [ 119.8203237, -3.3173626 ], [ 119.8196022, -3.314318 ], [ 119.8209413, -3.3108677 ], [ 119.8221087, -3.3079316 ], [ 119.8229577, -3.3056984 ], [ 119.8243871, -3.3028769 ], [ 119.8244451, -3.3027624 ], [ 119.8247226, -3.3022146 ], [ 119.8261575, -3.2995824 ], [ 119.8276368, -3.2968711 ], [ 119.8297007, -3.2940956 ], [ 119.8309815, -3.2924233 ], [ 119.8333767, -3.2901352 ], [ 119.8373035, -3.2864104 ], [ 119.8400728, -3.2838008 ], [ 119.8424466, -3.2810614 ], [ 119.8443872, -3.2788938 ], [ 119.8466657, -3.2762588 ], [ 119.8486747, -3.2739277 ], [ 119.8504637, -3.2718819 ], [ 119.8523319, -3.2697891 ], [ 119.8545809, -3.2692737 ], [ 119.8571961, -3.2686524 ], [ 119.8601438, -3.2679079 ], [ 119.8633613, -3.2662433 ], [ 119.8663156, -3.2663494 ], [ 119.8693961, -3.2656733 ], [ 119.8713988, -3.2635004 ], [ 119.8735401, -3.2611772 ], [ 119.8749201, -3.2596173 ], [ 119.8771034, -3.2572112 ], [ 119.879508, -3.2544985 ], [ 119.8816699, -3.2522679 ], [ 119.8840463, -3.2497868 ], [ 119.8860861, -3.2476043 ], [ 119.8883995, -3.2450723 ], [ 119.8885605, -3.2428939 ], [ 119.8886932, -3.2397486 ], [ 119.8888864, -3.2359996 ], [ 119.8893048, -3.2298041 ], [ 119.8897585, -3.2228511 ], [ 119.8899163, -3.2204326 ], [ 119.890139, -3.2169372 ], [ 119.8903482, -3.2136479 ], [ 119.890599, -3.2097193 ], [ 119.8907449, -3.2074947 ], [ 119.8907948, -3.2067333 ], [ 119.8909852, -3.2037407 ], [ 119.8912695, -3.2004989 ], [ 119.8914224, -3.1972157 ], [ 119.8916678, -3.1936351 ], [ 119.8918455, -3.1908754 ], [ 119.8920675, -3.1875519 ], [ 119.8922391, -3.1844547 ], [ 119.8924524, -3.1809974 ], [ 119.892675, -3.177718 ], [ 119.8933831, -3.1747641 ], [ 119.8941113, -3.1718597 ], [ 119.8950528, -3.1708206 ], [ 119.8966782, -3.1690986 ], [ 119.8980421, -3.1675975 ], [ 119.8978972, -3.1643021 ], [ 119.8977336, -3.1606531 ], [ 119.8976364, -3.1583525 ], [ 119.8974882, -3.1548483 ], [ 119.8974144, -3.1527339 ], [ 119.8972709, -3.1487622 ], [ 119.8971342, -3.1454212 ], [ 119.8970416, -3.1426386 ], [ 119.8968552, -3.1385155 ], [ 119.8967399, -3.135852 ], [ 119.8967063, -3.1327427 ], [ 119.8967117, -3.1297444 ], [ 119.8966876, -3.1258034 ], [ 119.8967291, -3.122706 ], [ 119.8967352, -3.1194132 ], [ 119.8967935, -3.1171608 ], [ 119.8968042, -3.111195 ], [ 119.8968753, -3.1084524 ], [ 119.8968431, -3.1048328 ], [ 119.8968123, -3.1012452 ], [ 119.8968163, -3.0972117 ], [ 119.8968203, -3.0951508 ], [ 119.896817, -3.0921557 ], [ 119.8968109, -3.0882113 ], [ 119.8968431, -3.0859307 ], [ 119.8967117, -3.0799808 ], [ 119.8953545, -3.0733452 ], [ 119.8953277, -3.0724828 ], [ 119.8952955, -3.072164 ] ] } },
{ "type": "Feature", "properties": { "contextFeatureId": "MYS-S-001::transmission::way::162362016", "projectId": "MYS-S-001", "projectName": "TNB Sepang Solar", "countryCode": "MYS", "osmType": "way", "osmId": 162362016, "highway": null, "place": null, "power": "line", "landuse": null, "name": null, "voltage": "132000", "circuits": "2", "cables": "6", "frequency": "50", "substationTag": null, "lineTag": null, "operator": null, "location": null }, "geometry": { "type": "LineString", "coordinates": [ [ 101.5367674, 2.8355057 ], [ 101.5382353, 2.8368839 ], [ 101.5399935, 2.8384696 ], [ 101.542058, 2.8385111 ], [ 101.5441233, 2.8385609 ], [ 101.5461521, 2.8386065 ], [ 101.5487718, 2.8386326 ], [ 101.5513678, 2.8386607 ], [ 101.5539882, 2.8386701 ], [ 101.5566091, 2.8386795 ], [ 101.5592347, 2.838699 ], [ 101.561824, 2.8387275 ], [ 101.5635869, 2.8403457 ], [ 101.5653626, 2.8419429 ], [ 101.5671466, 2.8435223 ], [ 101.569675, 2.8434327 ], [ 101.5722119, 2.8433231 ], [ 101.5747444, 2.8432023 ], [ 101.5780606, 2.8431217 ], [ 101.578979, 2.8430169 ], [ 101.579554, 2.8429704 ], [ 101.5797074, 2.8429934 ] ] } },
{ "type": "Feature", "properties": { "contextFeatureId": "MYS-S-001::transmission::way::162362077", "projectId": "MYS-S-001", "projectName": "TNB Sepang Solar", "countryCode": "MYS", "osmType": "way", "osmId": 162362077, "highway": null, "place": null, "power": "line", "landuse": null, "name": null, "voltage": "275000", "circuits": "2", "cables": "6", "frequency": "50", "substationTag": null, "lineTag": null, "operator": null, "location": null }, "geometry": { "type": "LineString", "coordinates": [ [ 101.8272002, 2.5777035 ], [ 101.8318436, 2.5775136 ], [ 101.8340215, 2.5788949 ], [ 101.8373622, 2.5810693 ], [ 101.839449, 2.5824425 ], [ 101.8426026, 2.584489 ], [ 101.8424396, 2.5868476 ], [ 101.8422371, 2.5893194 ], [ 101.8419488, 2.5927839 ], [ 101.841702, 2.5957501 ], [ 101.8414445, 2.5987765 ], [ 101.8411428, 2.6025961 ], [ 101.8408732, 2.6058431 ], [ 101.8385357, 2.6056674 ], [ 101.8368034, 2.6055439 ], [ 101.8345082, 2.6059423 ], [ 101.83124, 2.6060936 ], [ 101.8292163, 2.6061794 ], [ 101.8264895, 2.6075633 ], [ 101.8246802, 2.6075686 ], [ 101.8217032, 2.6101537 ], [ 101.819049, 2.6084486 ], [ 101.8167938, 2.6069446 ], [ 101.8136313, 2.6048749 ], [ 101.8114609, 2.6034428 ], [ 101.8086741, 2.6016099 ], [ 101.8059237, 2.5998317 ], [ 101.8027095, 2.5996058 ], [ 101.7994617, 2.5993776 ], [ 101.7964894, 2.5991483 ], [ 101.7931999, 2.5988994 ], [ 101.7897502, 2.5986421 ], [ 101.7881576, 2.5988071 ], [ 101.7849906, 2.5991444 ], [ 101.781912, 2.5994779 ], [ 101.7822257, 2.6045928 ], [ 101.7822781, 2.6076355 ], [ 101.7824302, 2.6110276 ], [ 101.7802879, 2.6132657 ], [ 101.777726, 2.615914 ], [ 101.7736576, 2.6201358 ], [ 101.7695069, 2.6171749 ], [ 101.7669927, 2.6155233 ], [ 101.7604817, 2.6156559 ], [ 101.7573456, 2.6156862 ], [ 101.7536179, 2.6157506 ], [ 101.7496135, 2.615671 ], [ 101.746758, 2.6164249 ], [ 101.7437998, 2.6164884 ], [ 101.7375762, 2.6165607 ], [ 101.7345542, 2.6165956 ], [ 101.7343953, 2.6165971 ], [ 101.734009, 2.6166007 ], [ 101.731138, 2.6166277 ], [ 101.7296057, 2.6204906 ], [ 101.7284544, 2.6234343 ], [ 101.7273752, 2.6261173 ], [ 101.7264135, 2.6285511 ], [ 101.7256496, 2.6304405 ], [ 101.7237357, 2.633146 ], [ 101.7204675, 2.6336048 ], [ 101.7179196, 2.6339584 ], [ 101.7151069, 2.6343622 ], [ 101.712021, 2.6337913 ], [ 101.7094035, 2.6347799 ], [ 101.7073323, 2.6355819 ], [ 101.7052332, 2.6363059 ], [ 101.7062172, 2.6389402 ], [ 101.7071093, 2.6413461 ], [ 101.7049405, 2.6421871 ], [ 101.7026519, 2.6431227 ], [ 101.702178, 2.644632 ], [ 101.7000761, 2.6469655 ], [ 101.6980718, 2.649391 ], [ 101.696048, 2.6518387 ], [ 101.6939935, 2.6543643 ], [ 101.6934332, 2.6550354 ], [ 101.6912812, 2.6533089 ], [ 101.6900937, 2.6506775 ], [ 101.6889675, 2.648252 ], [ 101.6879193, 2.6468068 ], [ 101.6866249, 2.645072 ], [ 101.6860156, 2.6442383 ], [ 101.6853941, 2.6433879 ], [ 101.6847718, 2.6425365 ], [ 101.68156, 2.6429965 ], [ 101.677831, 2.6435076 ], [ 101.6744487, 2.6439902 ], [ 101.6708958, 2.6444786 ], [ 101.6675007, 2.644962 ], [ 101.6662261, 2.6460183 ], [ 101.6629638, 2.645961 ], [ 101.6595704, 2.6458423 ], [ 101.6565171, 2.6457645 ], [ 101.6536724, 2.6468653 ], [ 101.6507165, 2.6480059 ], [ 101.6481865, 2.648967 ], [ 101.6459259, 2.6498484 ], [ 101.6435455, 2.6507765 ], [ 101.6415033, 2.6514923 ], [ 101.6393897, 2.6522021 ], [ 101.6358666, 2.6534974 ], [ 101.6324191, 2.6547168 ], [ 101.6290163, 2.6559745 ], [ 101.6261242, 2.6570535 ], [ 101.6237629, 2.6579601 ], [ 101.6222912, 2.6584973 ], [ 101.6222106, 2.66075 ], [ 101.6221485, 2.6636859 ], [ 101.6215224, 2.6681816 ], [ 101.6212763, 2.6722035 ], [ 101.6210705, 2.6758523 ], [ 101.6209869, 2.6781695 ], [ 101.6208658, 2.6802319 ], [ 101.6244826, 2.6803128 ], [ 101.6288781, 2.6804795 ], [ 101.632574, 2.6806309 ], [ 101.6325596, 2.6842427 ], [ 101.6325204, 2.6885577 ], [ 101.6324848, 2.6924644 ], [ 101.6324848, 2.6968407 ], [ 101.6324848, 2.7007542 ], [ 101.6322584, 2.7042889 ], [ 101.6320004, 2.7079551 ], [ 101.6317002, 2.7119475 ], [ 101.6314685, 2.7153822 ], [ 101.6315054, 2.7186802 ], [ 101.631458, 2.722115 ], [ 101.6314843, 2.725676 ], [ 101.6314685, 2.7293053 ], [ 101.6314764, 2.733245 ], [ 101.6315052, 2.7369066 ], [ 101.6315187, 2.7407103 ], [ 101.631514, 2.7446091 ], [ 101.631512, 2.7462166 ], [ 101.6315331, 2.7474972 ], [ 101.6315141, 2.7489722 ], [ 101.6315253, 2.7523719 ], [ 101.6315374, 2.7560329 ], [ 101.6315588, 2.7599649 ], [ 101.6315495, 2.762501 ], [ 101.631568, 2.767005 ], [ 101.6315606, 2.7711999 ], [ 101.6315441, 2.77412 ], [ 101.6309626, 2.7783598 ], [ 101.6304077, 2.7825149 ], [ 101.6301735, 2.7845972 ], [ 101.6297309, 2.7881724 ], [ 101.6293198, 2.7914139 ], [ 101.626215, 2.7913699 ], [ 101.6226163, 2.7913165 ], [ 101.6197285, 2.7912473 ], [ 101.6166585, 2.7900262 ], [ 101.613617, 2.7888864 ], [ 101.6112369, 2.7918723 ], [ 101.6092128, 2.7946628 ], [ 101.6075, 2.7969734 ], [ 101.6088524, 2.7989996 ], [ 101.609671, 2.8009591 ], [ 101.6094491, 2.8041602 ], [ 101.6102041, 2.8068308 ], [ 101.6109119, 2.8093727 ], [ 101.6113524, 2.8109835 ], [ 101.6114687, 2.8113835 ], [ 101.6114938, 2.8116506 ], [ 101.6115159, 2.8123094 ], [ 101.611541, 2.8138907 ], [ 101.6115663, 2.8148449 ], [ 101.611554, 2.8176321 ], [ 101.6115703, 2.8214966 ], [ 101.611559, 2.8250809 ], [ 101.6116013, 2.8288153 ], [ 101.6116438, 2.8325334 ], [ 101.6116483, 2.8358896 ], [ 101.6116356, 2.8367045 ], [ 101.6116492, 2.8377846 ], [ 101.6116637, 2.8381617 ] ] } },
{ "type": "Feature", "properties": { "contextFeatureId": "MYS-S-001::transmission::way::162362078", "projectId": "MYS-S-001", "projectName": "TNB Sepang Solar", "countryCode": "MYS", "osmType": "way", "osmId": 162362078, "highway": null, "place": null, "power": "line", "landuse": null, "name": null, "voltage": "132000", "circuits": "2", "cables": "6", "frequency": "50", "substationTag": null, "lineTag": null, "operator": null, "location": null }, "geometry": { "type": "LineString", "coordinates": [ [ 101.5736514, 2.8476547 ], [ 101.5717967, 2.8474452 ], [ 101.5698674, 2.8465062 ], [ 101.5675031, 2.8443553 ], [ 101.565457, 2.8425045 ], [ 101.5634816, 2.8407151 ], [ 101.5616965, 2.8390918 ], [ 101.5585615, 2.8390805 ], [ 101.5555072, 2.8390551 ], [ 101.552414, 2.8390295 ], [ 101.5492971, 2.8389981 ], [ 101.5461691, 2.8389666 ], [ 101.5430152, 2.8388913 ], [ 101.5398314, 2.8388325 ], [ 101.5380879, 2.8372339 ], [ 101.5365765, 2.8358281 ] ] } },
{ "type": "Feature", "properties": { "contextFeatureId": "MYS-S-001::transmission::way::192592427", "projectId": "MYS-S-001", "projectName": "TNB Sepang Solar", "countryCode": "MYS", "osmType": "way", "osmId": 192592427, "highway": null, "place": null, "power": "line", "landuse": null, "name": null, "voltage": "500000", "circuits": "2", "cables": "6", "frequency": "50", "substationTag": null, "lineTag": null, "operator": null, "location": null }, "geometry": { "type": "LineString", "coordinates": [ [ 101.576308, 2.845915 ], [ 101.5764972, 2.8447796 ], [ 101.5771886, 2.8428421 ], [ 101.5780537, 2.8427948 ], [ 101.5800376, 2.8427053 ], [ 101.5832202, 2.8425464 ], [ 101.586381, 2.8421973 ], [ 101.5899567, 2.8418096 ], [ 101.5930923, 2.8414719 ], [ 101.5962317, 2.8411341 ], [ 101.5986564, 2.8407887 ], [ 101.6008851, 2.8404932 ], [ 101.6028948, 2.8401248 ], [ 101.6041706, 2.8398331 ], [ 101.6076482, 2.838935 ], [ 101.6113428, 2.8379794 ], [ 101.6126609, 2.8376589 ], [ 101.6167379, 2.8365708 ], [ 101.6207995, 2.8355653 ], [ 101.6238832, 2.8347421 ], [ 101.6271264, 2.8375841 ], [ 101.6307884, 2.8408808 ], [ 101.6343832, 2.84322 ], [ 101.6379933, 2.8455208 ], [ 101.6412211, 2.8475933 ], [ 101.6437611, 2.8460313 ], [ 101.6463645, 2.8444539 ], [ 101.6481014, 2.841397 ], [ 101.6506671, 2.8389374 ], [ 101.6535606, 2.8360971 ], [ 101.65638, 2.8333747 ], [ 101.6593263, 2.8304392 ], [ 101.6615983, 2.8282659 ], [ 101.6632241, 2.8281026 ], [ 101.6666388, 2.8277276 ], [ 101.6684008, 2.8300271 ], [ 101.6700803, 2.8323053 ], [ 101.6720406, 2.8339616 ], [ 101.6743924, 2.8359312 ], [ 101.6763243, 2.8359241 ], [ 101.6794757, 2.8359029 ], [ 101.6832688, 2.8358676 ], [ 101.6871043, 2.8358299 ], [ 101.6902487, 2.8358511 ], [ 101.6930298, 2.8358581 ], [ 101.6978749, 2.8358864 ], [ 101.7004484, 2.835917 ], [ 101.7036305, 2.83591 ], [ 101.7071594, 2.8359312 ], [ 101.7107637, 2.8359359 ], [ 101.7160311, 2.835705 ], [ 101.7182342, 2.8355731 ], [ 101.7212405, 2.8355698 ], [ 101.7213821, 2.8380106 ], [ 101.7215277, 2.8415455 ], [ 101.7217406, 2.8456157 ], [ 101.7244344, 2.845962 ], [ 101.7255407, 2.8496632 ], [ 101.7285176, 2.8493828 ], [ 101.729585, 2.8540607 ], [ 101.730321, 2.8573082 ], [ 101.7312722, 2.8627072 ], [ 101.7328363, 2.8664488 ], [ 101.7338018, 2.8684321 ], [ 101.7369193, 2.8691575 ], [ 101.7366519, 2.8706631 ], [ 101.7362598, 2.8732427 ], [ 101.7380658, 2.8762757 ], [ 101.7368277, 2.8796809 ], [ 101.7397227, 2.8836881 ], [ 101.742212, 2.8870907 ], [ 101.7482837, 2.8888086 ], [ 101.7525996, 2.8900317 ], [ 101.7535567, 2.8896398 ], [ 101.7557642, 2.8876963 ], [ 101.7575865, 2.8861074 ], [ 101.7603929, 2.8876893 ], [ 101.7635064, 2.8894246 ], [ 101.7663342, 2.8910027 ], [ 101.7676247, 2.8917305 ], [ 101.7700799, 2.8931184 ], [ 101.7723575, 2.8948729 ], [ 101.7750238, 2.8969536 ], [ 101.7764184, 2.8962301 ], [ 101.7776465, 2.8955951 ], [ 101.7798163, 2.89311 ], [ 101.78341, 2.8934505 ], [ 101.786703, 2.8937454 ], [ 101.7889692, 2.8939816 ], [ 101.7899028, 2.895583 ], [ 101.7930917, 2.894506 ], [ 101.7977038, 2.8928329 ], [ 101.8015805, 2.8913499 ], [ 101.8046845, 2.890175 ], [ 101.8076584, 2.8879032 ], [ 101.8101799, 2.8859761 ], [ 101.8133951, 2.8834869 ], [ 101.8157688, 2.881637 ], [ 101.8183658, 2.8796207 ], [ 101.8211745, 2.8774629 ], [ 101.823946, 2.8753307 ], [ 101.8276105, 2.8725353 ], [ 101.8309708, 2.8699575 ], [ 101.834419, 2.8720439 ], [ 101.8369449, 2.8751358 ], [ 101.83869, 2.8780333 ], [ 101.8399045, 2.8793225 ], [ 101.8422257, 2.8815384 ], [ 101.8468923, 2.8811297 ], [ 101.8519835, 2.8806452 ], [ 101.8558234, 2.880323 ], [ 101.8567758, 2.8767649 ], [ 101.857851, 2.8727691 ], [ 101.8621318, 2.8720948 ], [ 101.8663735, 2.87144 ], [ 101.8698618, 2.8721192 ], [ 101.8726309, 2.8724368 ], [ 101.8763431, 2.8728584 ], [ 101.8774924, 2.8735683 ], [ 101.8797014, 2.8749025 ], [ 101.8822141, 2.8770164 ], [ 101.8866819, 2.8774312 ], [ 101.8882374, 2.8809853 ], [ 101.8890082, 2.8829583 ], [ 101.8903697, 2.8857887 ], [ 101.8934806, 2.8859684 ], [ 101.8971223, 2.8861759 ], [ 101.9005669, 2.8863122 ], [ 101.9041052, 2.8865439 ], [ 101.907759, 2.88675 ], [ 101.911639, 2.8869527 ], [ 101.9151497, 2.8871621 ], [ 101.9187836, 2.8873449 ], [ 101.9223941, 2.887531 ], [ 101.9225771, 2.8850783 ], [ 101.9252854, 2.8851659 ], [ 101.9253456, 2.8837988 ] ] } },
{ "type": "Feature", "properties": { "contextFeatureId": "MYS-S-001::transmission::way::342956155", "projectId": "MYS-S-001", "projectName": "TNB Sepang Solar", "countryCode": "MYS", "osmType": "way", "osmId": 342956155, "highway": null, "place": null, "power": "line", "landuse": null, "name": null, "voltage": "275000", "circuits": "2", "cables": "6", "frequency": "50", "substationTag": null, "lineTag": null, "operator": null, "location": null }, "geometry": { "type": "LineString", "coordinates": [ [ 101.578009, 2.8470366 ], [ 101.5789085, 2.8449676 ], [ 101.5793229, 2.8433731 ], [ 101.5793804, 2.8424578 ], [ 101.5832443, 2.842285 ], [ 101.5860347, 2.8419503 ], [ 101.5888823, 2.8416491 ], [ 101.5916918, 2.841356 ], [ 101.5966451, 2.8408023 ], [ 101.6007317, 2.840227 ], [ 101.6034405, 2.8397563 ], [ 101.6060246, 2.8390693 ], [ 101.6092217, 2.8382384 ], [ 101.6120287, 2.8374977 ], [ 101.6120432, 2.834338 ], [ 101.6120317, 2.8311449 ], [ 101.612024, 2.8280131 ], [ 101.6119595, 2.8246856 ], [ 101.6119779, 2.8221642 ], [ 101.6119724, 2.8194504 ], [ 101.612005, 2.8164814 ], [ 101.6119972, 2.8141977 ], [ 101.61195, 2.8114862 ], [ 101.6089207, 2.8114737 ], [ 101.6068666, 2.81148 ], [ 101.6068733, 2.8094423 ], [ 101.6068797, 2.8074706 ], [ 101.6081156, 2.805986 ], [ 101.6072634, 2.8039431 ], [ 101.6036208, 2.8040258 ], [ 101.6017275, 2.8024927 ], [ 101.5992696, 2.8022895 ], [ 101.5969065, 2.8033396 ] ] } },
{ "type": "Feature", "properties": { "contextFeatureId": "MYS-S-001::transmission::way::397286654", "projectId": "MYS-S-001", "projectName": "TNB Sepang Solar", "countryCode": "MYS", "osmType": "way", "osmId": 397286654, "highway": null, "place": null, "power": "line", "landuse": null, "name": null, "voltage": "275000", "circuits": null, "cables": "6", "frequency": "50", "substationTag": null, "lineTag": null, "operator": null, "location": null }, "geometry": { "type": "LineString", "coordinates": [ [ 101.5969065, 2.8033396 ], [ 101.5970079, 2.8036695 ] ] } },
{ "type": "Feature", "properties": { "contextFeatureId": "MYS-S-001::transmission::way::553644276", "projectId": "MYS-S-001", "projectName": "TNB Sepang Solar", "countryCode": "MYS", "osmType": "way", "osmId": 553644276, "highway": null, "place": null, "power": "line", "landuse": null, "name": null, "voltage": "132000", "circuits": null, "cables": "3", "frequency": "50", "substationTag": null, "lineTag": null, "operator": null, "location": null }, "geometry": { "type": "LineString", "coordinates": [ [ 101.553221, 2.8376437 ], [ 101.5531099, 2.8381201 ], [ 101.5535778, 2.8382062 ], [ 101.5540525, 2.8385572 ] ] } },
{ "type": "Feature", "properties": { "contextFeatureId": "MYS-S-001::transmission::way::553644277", "projectId": "MYS-S-001", "projectName": "TNB Sepang Solar", "countryCode": "MYS", "osmType": "way", "osmId": 553644277, "highway": null, "place": null, "power": "line", "landuse": null, "name": null, "voltage": "132000", "circuits": null, "cables": "3", "frequency": "50", "substationTag": null, "lineTag": null, "operator": null, "location": null }, "geometry": { "type": "LineString", "coordinates": [ [ 101.5529153, 2.837641 ], [ 101.5531099, 2.8381201 ], [ 101.5535134, 2.8382946 ], [ 101.5537173, 2.8385357 ] ] } },
{ "type": "Feature", "properties": { "contextFeatureId": "MYS-S-001::transmission::way::553644280", "projectId": "MYS-S-001", "projectName": "TNB Sepang Solar", "countryCode": "MYS", "osmType": "way", "osmId": 553644280, "highway": null, "place": null, "power": "line", "landuse": null, "name": null, "voltage": "275000", "circuits": null, "cables": "6", "frequency": "50", "substationTag": null, "lineTag": null, "operator": null, "location": null }, "geometry": { "type": "LineString", "coordinates": [ [ 101.5501365, 2.8381205 ], [ 101.5500829, 2.8376571 ], [ 101.5500802, 2.837065 ], [ 101.5501553, 2.8364556 ] ] } },
{ "type": "Feature", "properties": { "contextFeatureId": "MYS-S-001::transmission::way::553644281", "projectId": "MYS-S-001", "projectName": "TNB Sepang Solar", "countryCode": "MYS", "osmType": "way", "osmId": 553644281, "highway": null, "place": null, "power": "line", "landuse": null, "name": null, "voltage": "275000", "circuits": "2", "cables": "6", "frequency": "50", "substationTag": null, "lineTag": null, "operator": null, "location": null }, "geometry": { "type": "LineString", "coordinates": [ [ 101.5763256, 2.8477927 ], [ 101.5727717, 2.8472636 ], [ 101.5698776, 2.846251 ], [ 101.5677962, 2.8443651 ], [ 101.5657845, 2.8425354 ], [ 101.5637702, 2.8407244 ], [ 101.5617666, 2.8389135 ], [ 101.5585077, 2.8388813 ], [ 101.5555412, 2.8388545 ], [ 101.5528333, 2.8388385 ], [ 101.55017, 2.8388197 ], [ 101.5501365, 2.8381205 ] ] } },
{ "type": "Feature", "properties": { "contextFeatureId": "MYS-S-001::transmission::way::884612516", "projectId": "MYS-S-001", "projectName": "TNB Sepang Solar", "countryCode": "MYS", "osmType": "way", "osmId": 884612516, "highway": null, "place": null, "power": "line", "landuse": null, "name": null, "voltage": "500000", "circuits": "2", "cables": "6", "frequency": "50", "substationTag": null, "lineTag": null, "operator": "Tenaga Nasional Berhad", "location": null }, "geometry": { "type": "LineString", "coordinates": [ [ 101.5721382, 2.8455167 ], [ 101.5711413, 2.8445551 ], [ 101.5710559, 2.8425373 ], [ 101.5708431, 2.8380859 ], [ 101.5706284, 2.8339615 ], [ 101.5715937, 2.8304645 ], [ 101.5738243, 2.8304486 ], [ 101.5737593, 2.8271443 ], [ 101.5774162, 2.8260487 ], [ 101.581285, 2.8248781 ], [ 101.5846082, 2.8231014 ], [ 101.5864488, 2.8213939 ], [ 101.5850413, 2.8187879 ], [ 101.5859441, 2.8174209 ], [ 101.5847685, 2.8137709 ], [ 101.583521, 2.809972 ], [ 101.5853147, 2.8082571 ], [ 101.5870787, 2.8065699 ], [ 101.5902449, 2.8045507 ], [ 101.5931596, 2.8026523 ], [ 101.5958222, 2.8009612 ], [ 101.5950706, 2.799079 ], [ 101.5940359, 2.7965342 ], [ 101.5957802, 2.7951348 ], [ 101.5979985, 2.7933602 ], [ 101.598466, 2.7908373 ], [ 101.5990423, 2.7872963 ], [ 101.5996857, 2.783739 ], [ 101.6032473, 2.7843883 ], [ 101.6068372, 2.7849977 ], [ 101.6075247, 2.7809652 ], [ 101.6063484, 2.778028 ], [ 101.605058, 2.7748077 ], [ 101.6038925, 2.7718615 ], [ 101.6039071, 2.7681958 ], [ 101.6039104, 2.7641295 ], [ 101.6078534, 2.7641355 ], [ 101.6127834, 2.7641355 ], [ 101.6157544, 2.7641323 ], [ 101.6206748, 2.7641401 ], [ 101.6236401, 2.7641474 ], [ 101.6280976, 2.76415 ], [ 101.6313576, 2.7641482 ], [ 101.6313376, 2.7625178 ], [ 101.6313336, 2.7595104 ], [ 101.6313083, 2.7560666 ], [ 101.6312774, 2.7523756 ], [ 101.6312593, 2.7490159 ], [ 101.6312876, 2.7474985 ], [ 101.6312983, 2.7441522 ], [ 101.6312719, 2.7403298 ], [ 101.6312287, 2.7368905 ], [ 101.6312472, 2.7334833 ], [ 101.631251, 2.7296792 ], [ 101.6312336, 2.7260809 ], [ 101.6312102, 2.7225918 ], [ 101.6312127, 2.7187873 ], [ 101.6312384, 2.7153955 ], [ 101.6314704, 2.7118125 ], [ 101.6317166, 2.7080109 ], [ 101.6319358, 2.7044215 ], [ 101.6321987, 2.7007295 ], [ 101.6322175, 2.6969196 ], [ 101.6322178, 2.6930213 ], [ 101.6322273, 2.6892061 ], [ 101.6322362, 2.6856132 ], [ 101.6312975, 2.6825534 ], [ 101.6313457, 2.6799653 ], [ 101.6313626, 2.6745156 ], [ 101.6313746, 2.6706521 ], [ 101.6313873, 2.6665474 ], [ 101.6313994, 2.662657 ], [ 101.635585, 2.6626988 ], [ 101.6389203, 2.6627321 ], [ 101.6432373, 2.6627065 ], [ 101.6468717, 2.6627211 ], [ 101.6513443, 2.6627175 ], [ 101.6563775, 2.6627376 ], [ 101.6593494, 2.6627283 ], [ 101.6640271, 2.6627136 ], [ 101.6666758, 2.6627053 ], [ 101.66683, 2.6589842 ], [ 101.6670318, 2.655104 ], [ 101.6672003, 2.6515071 ], [ 101.6674322, 2.6477814 ], [ 101.6705328, 2.6473366 ], [ 101.6705865, 2.6452682 ], [ 101.6750711, 2.6446733 ], [ 101.6793841, 2.6440732 ], [ 101.6804892, 2.6447966 ], [ 101.6848612, 2.6448127 ], [ 101.6862237, 2.6438106 ], [ 101.687758, 2.6459969 ], [ 101.6892868, 2.6480922 ], [ 101.6903865, 2.6505304 ], [ 101.6915667, 2.6531293 ], [ 101.6934711, 2.6546351 ], [ 101.6954237, 2.6522612 ], [ 101.6977411, 2.6494265 ], [ 101.6999084, 2.646774 ], [ 101.7019844, 2.6444965 ], [ 101.702494, 2.6428943 ], [ 101.7068231, 2.641217 ], [ 101.70582, 2.6384197 ], [ 101.7049831, 2.6362119 ], [ 101.7086524, 2.6348026 ], [ 101.7120534, 2.6335111 ], [ 101.7152291, 2.6340202 ], [ 101.7194295, 2.6334468 ], [ 101.723662, 2.6328734 ], [ 101.7254323, 2.6303119 ], [ 101.726194, 2.6284846 ], [ 101.7256522, 2.6253176 ], [ 101.724118, 2.622606 ], [ 101.7230236, 2.6214056 ], [ 101.7205989, 2.618812 ], [ 101.7207384, 2.6157896 ], [ 101.7219722, 2.6127297 ], [ 101.7233187, 2.6093322 ], [ 101.7247349, 2.6058168 ], [ 101.7260063, 2.6026282 ], [ 101.7254645, 2.5998363 ], [ 101.724329, 2.5964771 ] ] } },
{ "type": "Feature", "properties": { "contextFeatureId": "MYS-S-001::transmission::way::1137308775", "projectId": "MYS-S-001", "projectName": "TNB Sepang Solar", "countryCode": "MYS", "osmType": "way", "osmId": 1137308775, "highway": null, "place": null, "power": "line", "landuse": null, "name": null, "voltage": "500000", "circuits": null, "cables": "3", "frequency": "50", "substationTag": null, "lineTag": null, "operator": null, "location": null }, "geometry": { "type": "LineString", "coordinates": [ [ 101.5721382, 2.8455167 ], [ 101.5733778, 2.8452732 ] ] } },
{ "type": "Feature", "properties": { "contextFeatureId": "MYS-S-001::transmission::way::1137308776", "projectId": "MYS-S-001", "projectName": "TNB Sepang Solar", "countryCode": "MYS", "osmType": "way", "osmId": 1137308776, "highway": null, "place": null, "power": "line", "landuse": null, "name": null, "voltage": "500000", "circuits": null, "cables": "3", "frequency": "50", "substationTag": null, "lineTag": null, "operator": null, "location": null }, "geometry": { "type": "LineString", "coordinates": [ [ 101.573241, 2.8460984 ], [ 101.5721382, 2.8455167 ] ] } },
{ "type": "Feature", "properties": { "contextFeatureId": "MYS-S-001::transmission::way::1452921330", "projectId": "MYS-S-001", "projectName": "TNB Sepang Solar", "countryCode": "MYS", "osmType": "way", "osmId": 1452921330, "highway": null, "place": null, "power": "line", "landuse": null, "name": null, "voltage": "500000", "circuits": null, "cables": "3", "frequency": null, "substationTag": null, "lineTag": "busbar", "operator": null, "location": null }, "geometry": { "type": "LineString", "coordinates": [ [ 101.5733564, 2.8470091 ], [ 101.5736166, 2.8452009 ] ] } },
{ "type": "Feature", "properties": { "contextFeatureId": "MYS-S-001::transmission::way::1452921334", "projectId": "MYS-S-001", "projectName": "TNB Sepang Solar", "countryCode": "MYS", "osmType": "way", "osmId": 1452921334, "highway": null, "place": null, "power": "line", "landuse": null, "name": null, "voltage": "500000", "circuits": null, "cables": "3", "frequency": "50", "substationTag": null, "lineTag": "bay", "operator": null, "location": null }, "geometry": { "type": "LineString", "coordinates": [ [ 101.5733778, 2.8452732 ], [ 101.5744611, 2.8454416 ], [ 101.5750837, 2.8455384 ] ] } },
{ "type": "Feature", "properties": { "contextFeatureId": "MYS-S-001::transmission::way::1454887864", "projectId": "MYS-S-001", "projectName": "TNB Sepang Solar", "countryCode": "MYS", "osmType": "way", "osmId": 1454887864, "highway": null, "place": null, "power": "line", "landuse": null, "name": null, "voltage": "132000", "circuits": null, "cables": "3", "frequency": null, "substationTag": null, "lineTag": null, "operator": null, "location": null }, "geometry": { "type": "LineString", "coordinates": [ [ 101.5363711, 2.8353383 ], [ 101.5367674, 2.8355057 ] ] } },
{ "type": "Feature", "properties": { "contextFeatureId": "MYS-S-001::transmission::way::1454887865", "projectId": "MYS-S-001", "projectName": "TNB Sepang Solar", "countryCode": "MYS", "osmType": "way", "osmId": 1454887865, "highway": null, "place": null, "power": "line", "landuse": null, "name": null, "voltage": "132000", "circuits": null, "cables": "3", "frequency": null, "substationTag": null, "lineTag": null, "operator": null, "location": null }, "geometry": { "type": "LineString", "coordinates": [ [ 101.5363123, 2.8354029 ], [ 101.5367674, 2.8355057 ] ] } },
{ "type": "Feature", "properties": { "contextFeatureId": "MYS-S-001::transmission::way::1454887866", "projectId": "MYS-S-001", "projectName": "TNB Sepang Solar", "countryCode": "MYS", "osmType": "way", "osmId": 1454887866, "highway": null, "place": null, "power": "line", "landuse": null, "name": null, "voltage": "132000", "circuits": null, "cables": "3", "frequency": null, "substationTag": null, "lineTag": null, "operator": null, "location": null }, "geometry": { "type": "LineString", "coordinates": [ [ 101.5361334, 2.8355872 ], [ 101.5365765, 2.8358281 ] ] } },
{ "type": "Feature", "properties": { "contextFeatureId": "MYS-S-001::transmission::way::1454887867", "projectId": "MYS-S-001", "projectName": "TNB Sepang Solar", "countryCode": "MYS", "osmType": "way", "osmId": 1454887867, "highway": null, "place": null, "power": "line", "landuse": null, "name": null, "voltage": "132000", "circuits": null, "cables": "3", "frequency": null, "substationTag": null, "lineTag": null, "operator": null, "location": null }, "geometry": { "type": "LineString", "coordinates": [ [ 101.536054, 2.8356725 ], [ 101.5365765, 2.8358281 ] ] } },
{ "type": "Feature", "properties": { "contextFeatureId": "MYS-S-002::transmission::way::250878579", "projectId": "MYS-S-002", "projectName": "Gurun Quantum Solar PV Park", "countryCode": "MYS", "osmType": "way", "osmId": 250878579, "highway": null, "place": null, "power": "line", "landuse": null, "name": "HVDC Thailand-Malaysia", "voltage": "300000;0", "circuits": null, "cables": "2", "frequency": "0", "substationTag": null, "lineTag": null, "operator": null, "location": null }, "geometry": { "type": "LineString", "coordinates": [ [ 100.5354229, 5.8131037 ], [ 100.535427, 5.813539 ], [ 100.534065, 5.814617 ], [ 100.534472, 5.816549 ], [ 100.536567, 5.818809 ], [ 100.539027, 5.821338 ], [ 100.540853, 5.823281 ], [ 100.541028, 5.826355 ], [ 100.541285, 5.830195 ], [ 100.54143, 5.832487 ], [ 100.541629, 5.836244 ], [ 100.541806, 5.838813 ], [ 100.541765, 5.84395 ], [ 100.541706, 5.848323 ], [ 100.541658, 5.85236 ], [ 100.541621, 5.855805 ], [ 100.541583, 5.859786 ], [ 100.543517, 5.863273 ], [ 100.545295, 5.866472 ], [ 100.546875, 5.869244 ], [ 100.546872, 5.873375 ], [ 100.546862, 5.877903 ], [ 100.5468897, 5.8814204 ], [ 100.546896, 5.882222 ], [ 100.546891, 5.886251 ], [ 100.546929, 5.888727 ], [ 100.54692, 5.8904356 ], [ 100.5468968, 5.8948092 ], [ 100.5468719, 5.8995159 ], [ 100.546848, 5.904036 ], [ 100.546824, 5.90791 ], [ 100.546797, 5.911963 ], [ 100.546765, 5.916138 ], [ 100.54673, 5.920092 ], [ 100.546709, 5.924267 ], [ 100.546695, 5.927791 ], [ 100.5462513, 5.9322166 ], [ 100.5458387, 5.9369315 ], [ 100.5453817, 5.9420425 ], [ 100.5449523, 5.9468446 ], [ 100.5445538, 5.951302 ], [ 100.5442472, 5.9547301 ], [ 100.5438845, 5.9587865 ], [ 100.5435415, 5.9623637 ], [ 100.5429587, 5.966497 ], [ 100.5423658, 5.970621 ], [ 100.5419003, 5.974501 ], [ 100.5411874, 5.9794277 ], [ 100.5408048, 5.9823451 ], [ 100.5403738, 5.9853721 ], [ 100.5397699, 5.9898778 ], [ 100.5392688, 5.9933342 ], [ 100.5394041, 5.9965119 ], [ 100.5395844, 6.0007458 ], [ 100.5397615, 6.0049045 ], [ 100.5399431, 6.0091708 ], [ 100.5401248, 6.0134372 ], [ 100.5403094, 6.0178305 ], [ 100.5404873, 6.0220617 ], [ 100.5406747, 6.0265181 ], [ 100.540738, 6.028025 ], [ 100.5408416, 6.0309352 ], [ 100.5409938, 6.0352116 ], [ 100.5411536, 6.0397022 ], [ 100.5413069, 6.0440091 ], [ 100.5386567, 6.0470826 ], [ 100.5362427, 6.0498823 ], [ 100.5332245, 6.0533826 ], [ 100.5301392, 6.0569608 ], [ 100.5270995, 6.0604875 ], [ 100.5241217, 6.0638962 ], [ 100.5210994, 6.0674036 ], [ 100.5178671, 6.0710735 ], [ 100.5149994, 6.0745146 ], [ 100.5122499, 6.0772617 ], [ 100.5091978, 6.0804073 ], [ 100.5062799, 6.0833701 ], [ 100.5033621, 6.0863328 ], [ 100.5002955, 6.0895033 ], [ 100.4971732, 6.0926803 ], [ 100.49439, 6.095601 ], [ 100.491579, 6.098439 ], [ 100.488543, 6.1015147 ], [ 100.4859122, 6.104215 ], [ 100.4849999, 6.1079833 ], [ 100.484004, 6.112158 ], [ 100.48291, 6.116425 ], [ 100.481944, 6.120393 ], [ 100.4808801, 6.1247657 ], [ 100.479852, 6.128991 ], [ 100.478961, 6.132544 ], [ 100.478205, 6.135594 ], [ 100.478961, 6.1372 ], [ 100.478902, 6.140555 ], [ 100.478817, 6.143632 ], [ 100.476059, 6.144379 ], [ 100.47511, 6.148118 ], [ 100.474198, 6.151771 ], [ 100.473388, 6.155041 ], [ 100.472524, 6.158561 ], [ 100.471521, 6.162609 ], [ 100.470496, 6.166662 ], [ 100.469483, 6.170641 ], [ 100.46878, 6.17518 ], [ 100.468109, 6.179366 ], [ 100.467407, 6.183489 ], [ 100.466672, 6.188299 ], [ 100.465894, 6.192897 ], [ 100.465186, 6.197398 ], [ 100.464832, 6.200352 ], [ 100.464193, 6.203627 ], [ 100.463625, 6.207648 ], [ 100.464451, 6.210549 ], [ 100.465341, 6.213386 ], [ 100.4662, 6.21601 ], [ 100.464864, 6.219876 ], [ 100.463346, 6.22435 ], [ 100.461951, 6.228345 ], [ 100.46046, 6.232723 ], [ 100.459269, 6.23629 ], [ 100.458013, 6.239991 ], [ 100.456576, 6.2443 ], [ 100.455476, 6.247499 ], [ 100.456474, 6.252507 ], [ 100.457407, 6.258266 ], [ 100.458346, 6.264051 ], [ 100.456967, 6.267374 ], [ 100.452263, 6.268808 ], [ 100.449184, 6.269746 ], [ 100.444538, 6.271213 ], [ 100.442961, 6.274556 ], [ 100.441394, 6.27791 ], [ 100.440161, 6.28047 ], [ 100.44067, 6.284277 ], [ 100.441185, 6.288079 ], [ 100.441748, 6.291934 ], [ 100.442296, 6.295848 ], [ 100.441346, 6.299905 ], [ 100.440123, 6.305003 ], [ 100.439082, 6.309535 ], [ 100.438128, 6.313678 ], [ 100.434705, 6.315832 ], [ 100.430843, 6.318194 ], [ 100.42764, 6.320236 ], [ 100.423864, 6.32255 ], [ 100.420055, 6.324949 ], [ 100.416428, 6.32722 ], [ 100.413049, 6.329358 ], [ 100.412405, 6.333181 ], [ 100.411654, 6.337527 ], [ 100.410935, 6.34201 ], [ 100.410243, 6.346308 ], [ 100.409626, 6.350242 ], [ 100.409111, 6.35302 ], [ 100.407867, 6.357003 ], [ 100.406719, 6.360623 ], [ 100.40541, 6.364659 ], [ 100.404203, 6.368534 ], [ 100.402996, 6.372432 ], [ 100.402706, 6.376574 ], [ 100.402427, 6.381271 ], [ 100.402197, 6.384512 ], [ 100.401789, 6.391208 ], [ 100.40283, 6.395158 ], [ 100.40365, 6.398149 ], [ 100.404605, 6.401646 ], [ 100.405823, 6.40622 ], [ 100.406998, 6.410789 ], [ 100.408189, 6.415155 ], [ 100.4093773, 6.4196951 ], [ 100.410608, 6.424244 ], [ 100.4118466, 6.428438 ], [ 100.413017, 6.431739 ], [ 100.414529, 6.435028 ], [ 100.4162214, 6.4388029 ], [ 100.4173744, 6.4413361 ], [ 100.4186173, 6.4440123 ], [ 100.4172895, 6.4492085 ], [ 100.416697, 6.452043 ], [ 100.415688, 6.456248 ], [ 100.414664, 6.460582 ], [ 100.413703, 6.464633 ], [ 100.412748, 6.468567 ], [ 100.412223, 6.470885 ], [ 100.411327, 6.474371 ], [ 100.410404, 6.478055 ], [ 100.4097338, 6.4810395 ], [ 100.409535, 6.481935 ], [ 100.408339, 6.486956 ], [ 100.407169, 6.491801 ], [ 100.40607, 6.496406 ], [ 100.405056, 6.500739 ], [ 100.403929, 6.505152 ], [ 100.402894, 6.509443 ], [ 100.401934, 6.513494 ], [ 100.400936, 6.517544 ], [ 100.400131, 6.520934 ], [ 100.399112, 6.525331 ], [ 100.401151, 6.527479 ], [ 100.402728, 6.52919 ], [ 100.403135, 6.530165 ], [ 100.404648, 6.533608 ], [ 100.406129, 6.536917 ], [ 100.407588, 6.540264 ], [ 100.406832, 6.543526 ], [ 100.405909, 6.547497 ], [ 100.405104, 6.551126 ], [ 100.406435, 6.553492 ], [ 100.408328, 6.556786 ], [ 100.411718, 6.56269 ], [ 100.413886, 6.566501 ], [ 100.416187, 6.57053 ], [ 100.418199, 6.574052 ], [ 100.42013, 6.57742 ], [ 100.421482, 6.579808 ], [ 100.422925, 6.582382 ], [ 100.424464, 6.585052 ], [ 100.426615, 6.588835 ], [ 100.428879, 6.592768 ], [ 100.43103, 6.596514 ], [ 100.432919, 6.59985 ], [ 100.435081, 6.603612 ], [ 100.4372228, 6.607299 ], [ 100.4392404, 6.6108128 ], [ 100.4415663, 6.6146692 ], [ 100.445799, 6.622028 ], [ 100.448111, 6.623968 ], [ 100.449693, 6.627096 ], [ 100.451683, 6.630826 ], [ 100.45348, 6.634204 ], [ 100.455245, 6.637492 ], [ 100.457203, 6.641227 ], [ 100.459113, 6.644754 ], [ 100.461817, 6.646641 ], [ 100.462707, 6.649166 ], [ 100.463839, 6.652395 ], [ 100.465078, 6.655816 ], [ 100.465411, 6.659913 ], [ 100.465733, 6.664219 ], [ 100.466108, 6.669158 ], [ 100.46643, 6.673601 ], [ 100.466774, 6.678253 ], [ 100.46701, 6.681359 ], [ 100.46731, 6.685009 ], [ 100.467626, 6.689964 ], [ 100.467755, 6.69251 ], [ 100.468007, 6.694487 ], [ 100.46819, 6.6973 ], [ 100.465459, 6.700156 ], [ 100.462954, 6.702793 ], [ 100.460106, 6.705793 ], [ 100.457273, 6.708739 ], [ 100.454875, 6.711269 ], [ 100.452408, 6.713534 ], [ 100.4523581, 6.714396 ] ] } },
{ "type": "Feature", "properties": { "contextFeatureId": "MYS-S-002::transmission::way::317226726", "projectId": "MYS-S-002", "projectName": "Gurun Quantum Solar PV Park", "countryCode": "MYS", "osmType": "way", "osmId": 317226726, "highway": null, "place": null, "power": "line", "landuse": null, "name": null, "voltage": "275000", "circuits": "2", "cables": "6", "frequency": "50", "substationTag": null, "lineTag": null, "operator": null, "location": null }, "geometry": { "type": "LineString", "coordinates": [ [ 100.5416748, 5.2909451 ], [ 100.5421598, 5.2922287 ], [ 100.5446219, 5.2920538 ], [ 100.5456169, 5.2928538 ], [ 100.5469652, 5.2961229 ], [ 100.5475378, 5.2979036 ], [ 100.5505125, 5.3014892 ], [ 100.551724, 5.302383 ], [ 100.5547982, 5.3045529 ], [ 100.5589396, 5.3075896 ], [ 100.5628395, 5.310514 ], [ 100.5663398, 5.3130832 ], [ 100.5694135, 5.3152979 ], [ 100.5729813, 5.3179269 ], [ 100.5772002, 5.3210357 ], [ 100.5788959, 5.3222643 ], [ 100.5825154, 5.3249091 ], [ 100.5844668, 5.3263298 ], [ 100.5877591, 5.3287669 ], [ 100.5913198, 5.3316239 ], [ 100.5935572, 5.3334482 ], [ 100.5972788, 5.3368952 ], [ 100.6013843, 5.3397928 ], [ 100.6044736, 5.3422213 ], [ 100.6069329, 5.3442183 ], [ 100.6085775, 5.3455293 ], [ 100.6111016, 5.3475484 ], [ 100.6122456, 5.3544376 ], [ 100.6127107, 5.3574414 ], [ 100.613395, 5.361724 ], [ 100.6143426, 5.3674241 ], [ 100.6149105, 5.3726479 ], [ 100.6155215, 5.3763638 ], [ 100.6162571, 5.380957 ], [ 100.6170094, 5.385608 ], [ 100.6174043, 5.3880701 ], [ 100.6182793, 5.3934633 ], [ 100.6187025, 5.3962721 ], [ 100.6193256, 5.4000758 ], [ 100.6201485, 5.4052078 ], [ 100.6207015, 5.4088007 ], [ 100.6210174, 5.4106709 ], [ 100.6212876, 5.4122929 ], [ 100.6206348, 5.4159329 ], [ 100.6200989, 5.4184168 ], [ 100.6193757, 5.4222359 ], [ 100.6186317, 5.4260384 ], [ 100.6175666, 5.4282897 ], [ 100.6167333, 5.4326633 ], [ 100.6160374, 5.4362549 ], [ 100.6152614, 5.4401104 ], [ 100.6142895, 5.4453117 ], [ 100.613434, 5.4498976 ], [ 100.6126952, 5.4537146 ], [ 100.6121871, 5.456486 ], [ 100.6112011, 5.4617073 ], [ 100.610376, 5.4656791 ], [ 100.6097238, 5.4692348 ], [ 100.608962, 5.4731566 ], [ 100.6085094, 5.475593 ], [ 100.607726, 5.4796985 ], [ 100.6070027, 5.4835649 ], [ 100.6062115, 5.4876562 ], [ 100.6054607, 5.4914412 ], [ 100.6054993, 5.4934421 ], [ 100.6055375, 5.4955964 ], [ 100.6049614, 5.5001498 ], [ 100.6033658, 5.5024333 ], [ 100.6037897, 5.5055809 ], [ 100.6042787, 5.5086841 ], [ 100.6017677, 5.5117599 ], [ 100.5997181, 5.5141598 ], [ 100.5988426, 5.5175866 ], [ 100.5978423, 5.5214076 ], [ 100.5970175, 5.5247317 ], [ 100.5963009, 5.5275993 ], [ 100.5955711, 5.5304684 ], [ 100.5960542, 5.5329485 ], [ 100.5957954, 5.5365394 ], [ 100.5952785, 5.5398484 ], [ 100.5947657, 5.5432461 ], [ 100.5927563, 5.5454746 ], [ 100.5899831, 5.5486217 ], [ 100.589008, 5.5524047 ], [ 100.5904998, 5.5560609 ], [ 100.5920484, 5.5597402 ], [ 100.5935488, 5.5634253 ], [ 100.595253, 5.5675062 ], [ 100.5948295, 5.571658 ], [ 100.594496, 5.5749834 ], [ 100.5952693, 5.5789185 ], [ 100.5959551, 5.5826243 ], [ 100.5966503, 5.5863736 ], [ 100.5974248, 5.5903788 ], [ 100.5981816, 5.5943726 ], [ 100.5989242, 5.5983452 ], [ 100.5996997, 5.6023515 ], [ 100.6004286, 5.6063237 ], [ 100.6010892, 5.6098041 ], [ 100.6018665, 5.6137502 ], [ 100.6026142, 5.6177848 ], [ 100.6032788, 5.6213309 ], [ 100.6042003, 5.6261792 ], [ 100.6049778, 5.6302604 ], [ 100.6056386, 5.6337656 ], [ 100.6062822, 5.6371847 ], [ 100.6071345, 5.6415923 ], [ 100.6081093, 5.6467936 ], [ 100.6088076, 5.6505769 ], [ 100.6094571, 5.6539023 ], [ 100.6101882, 5.6579336 ], [ 100.610759, 5.660872 ], [ 100.6112573, 5.6634565 ], [ 100.6118282, 5.666467 ], [ 100.612557, 5.670224 ], [ 100.6109033, 5.6730305 ], [ 100.6090524, 5.6761098 ], [ 100.6090889, 5.6801437 ], [ 100.609129, 5.6839902 ], [ 100.6091272, 5.6854395 ], [ 100.6091927, 5.6924508 ], [ 100.6091704, 5.6960381 ], [ 100.6095189, 5.7022004 ], [ 100.6097756, 5.7063031 ], [ 100.6096617, 5.7092863 ], [ 100.6096152, 5.7114301 ], [ 100.609599, 5.7153692 ], [ 100.6093724, 5.7214769 ], [ 100.6092642, 5.7253651 ], [ 100.6091663, 5.7291177 ], [ 100.6070102, 5.7312843 ], [ 100.6051161, 5.7331257 ], [ 100.601605, 5.7365816 ], [ 100.5984309, 5.7397709 ], [ 100.5953682, 5.7427607 ], [ 100.5932639, 5.7448547 ], [ 100.589429, 5.7486715 ], [ 100.5861366, 5.7521154 ], [ 100.5836635, 5.7543428 ], [ 100.5805006, 5.7574717 ], [ 100.5768088, 5.7611413 ], [ 100.5735729, 5.7642874 ], [ 100.5705808, 5.7672547 ], [ 100.5677048, 5.7700923 ], [ 100.5648512, 5.7728625 ], [ 100.5594714, 5.7782124 ], [ 100.5539926, 5.783653 ], [ 100.5498508, 5.7877402 ], [ 100.5464045, 5.7911604 ], [ 100.5451128, 5.7924624 ], [ 100.5433049, 5.7941948 ], [ 100.5400117, 5.7974968 ], [ 100.5374006, 5.8001042 ], [ 100.5341498, 5.8032884 ], [ 100.5336991, 5.80683 ] ] } },
{ "type": "Feature", "properties": { "contextFeatureId": "MYS-S-002::transmission::way::396569815", "projectId": "MYS-S-002", "projectName": "Gurun Quantum Solar PV Park", "countryCode": "MYS", "osmType": "way", "osmId": 396569815, "highway": null, "place": null, "power": "line", "landuse": null, "name": null, "voltage": "275000", "circuits": null, "cables": "6", "frequency": "50", "substationTag": null, "lineTag": null, "operator": null, "location": null }, "geometry": { "type": "LineString", "coordinates": [ [ 100.5326894, 5.8101701 ], [ 100.5325929, 5.8097996 ], [ 100.5320218, 5.806105 ], [ 100.5316348, 5.8034661 ], [ 100.5313, 5.8005024 ], [ 100.5309986, 5.7978128 ], [ 100.5306563, 5.7949268 ], [ 100.5303121, 5.7919789 ], [ 100.5299484, 5.7887325 ], [ 100.5296413, 5.7860491 ], [ 100.5292274, 5.7829954 ], [ 100.5311188, 5.7810519 ], [ 100.5298149, 5.7782642 ], [ 100.5284727, 5.7754795 ], [ 100.5271995, 5.7728792 ], [ 100.5259145, 5.7702102 ], [ 100.5250202, 5.7674967 ], [ 100.5241417, 5.7648451 ], [ 100.5232047, 5.7620004 ], [ 100.5223028, 5.759332 ], [ 100.5195697, 5.7579436 ] ] } },
{ "type": "Feature", "properties": { "contextFeatureId": "MYS-S-002::transmission::way::397022267", "projectId": "MYS-S-002", "projectName": "Gurun Quantum Solar PV Park", "countryCode": "MYS", "osmType": "way", "osmId": 397022267, "highway": null, "place": null, "power": "line", "landuse": null, "name": null, "voltage": "132000", "circuits": null, "cables": "6", "frequency": "50", "substationTag": null, "lineTag": null, "operator": null, "location": null }, "geometry": { "type": "LineString", "coordinates": [ [ 100.53126, 5.8089847 ], [ 100.5312699, 5.8085478 ], [ 100.5314236, 5.8056801 ], [ 100.5311791, 5.803734 ], [ 100.5307846, 5.8004976 ], [ 100.5306634, 5.7991792 ], [ 100.5305434, 5.7983809 ], [ 100.5289408, 5.7982303 ], [ 100.5271813, 5.7980649 ], [ 100.5250509, 5.7978641 ], [ 100.5218365, 5.7975702 ], [ 100.5190272, 5.7973663 ] ] } },
{ "type": "Feature", "properties": { "contextFeatureId": "MYS-S-002::transmission::way::397022270", "projectId": "MYS-S-002", "projectName": "Gurun Quantum Solar PV Park", "countryCode": "MYS", "osmType": "way", "osmId": 397022270, "highway": null, "place": null, "power": "line", "landuse": null, "name": null, "voltage": "132000", "circuits": null, "cables": "6", "frequency": "50", "substationTag": null, "lineTag": null, "operator": null, "location": null }, "geometry": { "type": "LineString", "coordinates": [ [ 100.5315259, 5.8089725 ], [ 100.5314527, 5.8085499 ], [ 100.5315945, 5.8056928 ], [ 100.531348, 5.8037413 ], [ 100.5309583, 5.8005 ], [ 100.5307072, 5.7982771 ], [ 100.5303943, 5.7956101 ], [ 100.5299733, 5.7919765 ], [ 100.5296482, 5.7892445 ], [ 100.5292651, 5.7859846 ], [ 100.5288872, 5.7828705 ], [ 100.5297077, 5.781643 ], [ 100.5299112, 5.7811491 ], [ 100.5273287, 5.7794143 ], [ 100.5248175, 5.7777099 ], [ 100.5221049, 5.7758928 ], [ 100.5190463, 5.7758426 ] ] } },
{ "type": "Feature", "properties": { "contextFeatureId": "MYS-S-002::transmission::way::397022272", "projectId": "MYS-S-002", "projectName": "Gurun Quantum Solar PV Park", "countryCode": "MYS", "osmType": "way", "osmId": 397022272, "highway": null, "place": null, "power": "line", "landuse": null, "name": null, "voltage": "132000", "circuits": null, "cables": "6", "frequency": "50", "substationTag": null, "lineTag": null, "operator": null, "location": null }, "geometry": { "type": "LineString", "coordinates": [ [ 100.5317568, 5.8089583 ], [ 100.5316501, 5.8085164 ], [ 100.5317643, 5.8056874 ], [ 100.5315208, 5.8037476 ], [ 100.5311734, 5.8005095 ], [ 100.5307986, 5.7975178 ], [ 100.5304308, 5.7944563 ], [ 100.5301001, 5.7915869 ], [ 100.5297022, 5.788343 ], [ 100.5294159, 5.7859388 ], [ 100.5290589, 5.7829453 ], [ 100.5302285, 5.7813875 ], [ 100.5318558, 5.7824027 ], [ 100.5342186, 5.7839913 ], [ 100.5365335, 5.7855496 ], [ 100.5388286, 5.7870829 ], [ 100.5413402, 5.7887711 ], [ 100.5436592, 5.7903207 ], [ 100.5461125, 5.7919588 ], [ 100.5488961, 5.7938148 ], [ 100.5507263, 5.7950648 ], [ 100.552995, 5.7965709 ], [ 100.5548599, 5.7978271 ], [ 100.5569926, 5.799258 ], [ 100.5593909, 5.8008737 ], [ 100.5623964, 5.8028861 ], [ 100.5644441, 5.8042468 ], [ 100.5670865, 5.8060221 ], [ 100.5692258, 5.8074668 ], [ 100.5716739, 5.8090972 ], [ 100.5731023, 5.8100632 ], [ 100.5754086, 5.8100992 ], [ 100.577999, 5.8101506 ], [ 100.5804734, 5.8101841 ], [ 100.5832026, 5.810229 ], [ 100.5858132, 5.8102742 ], [ 100.5884361, 5.8103048 ], [ 100.5913089, 5.8103529 ], [ 100.5924595, 5.8103842 ], [ 100.5926967, 5.8118523 ], [ 100.5931167, 5.8142324 ], [ 100.5935807, 5.8170914 ] ] } },
{ "type": "Feature", "properties": { "contextFeatureId": "MYS-S-002::transmission::way::397034008", "projectId": "MYS-S-002", "projectName": "Gurun Quantum Solar PV Park", "countryCode": "MYS", "osmType": "way", "osmId": 397034008, "highway": null, "place": null, "power": "line", "landuse": null, "name": null, "voltage": "132000", "circuits": "2", "cables": "6", "frequency": "50", "substationTag": null, "lineTag": null, "operator": null, "location": null }, "geometry": { "type": "LineString", "coordinates": [ [ 100.610696, 5.8213364 ], [ 100.6141267, 5.8210504 ], [ 100.6172295, 5.8207917 ], [ 100.6207892, 5.8205056 ], [ 100.6238829, 5.8202588 ], [ 100.6258029, 5.8200953 ], [ 100.6292129, 5.8198296 ], [ 100.6335041, 5.8194774 ], [ 100.6359806, 5.8192651 ], [ 100.6401292, 5.8189193 ], [ 100.6432799, 5.8186677 ], [ 100.6464737, 5.8184051 ] ] } },
{ "type": "Feature", "properties": { "contextFeatureId": "MYS-S-002::transmission::way::551816625", "projectId": "MYS-S-002", "projectName": "Gurun Quantum Solar PV Park", "countryCode": "MYS", "osmType": "way", "osmId": 551816625, "highway": null, "place": null, "power": "line", "landuse": null, "name": null, "voltage": "275000", "circuits": "2", "cables": "6", "frequency": "50", "substationTag": null, "lineTag": null, "operator": null, "location": null }, "geometry": { "type": "LineString", "coordinates": [ [ 100.5195697, 5.7579436 ], [ 100.5169362, 5.7566293 ], [ 100.5144283, 5.755359 ], [ 100.5116844, 5.7538912 ], [ 100.5088118, 5.7524715 ], [ 100.5064756, 5.7512359 ], [ 100.5040026, 5.7499389 ], [ 100.5014344, 5.7486352 ], [ 100.5002005, 5.7443412 ], [ 100.4991464, 5.7406317 ], [ 100.498848, 5.7395802 ], [ 100.4980957, 5.7369521 ], [ 100.4972514, 5.7339477 ], [ 100.4963891, 5.7309053 ], [ 100.4978107, 5.7288883 ], [ 100.4993127, 5.7266592 ], [ 100.5008537, 5.7244227 ], [ 100.5023718, 5.7222623 ] ] } },
{ "type": "Feature", "properties": { "contextFeatureId": "MYS-S-002::transmission::way::552000736", "projectId": "MYS-S-002", "projectName": "Gurun Quantum Solar PV Park", "countryCode": "MYS", "osmType": "way", "osmId": 552000736, "highway": null, "place": null, "power": "line", "landuse": null, "name": null, "voltage": "132000", "circuits": "2", "cables": "6", "frequency": "50", "substationTag": null, "lineTag": null, "operator": null, "location": null }, "geometry": { "type": "LineString", "coordinates": [ [ 100.4538091, 5.8577593 ], [ 100.4536374, 5.8584597 ], [ 100.4519892, 5.8610545 ], [ 100.4502484, 5.8638074 ], [ 100.4484513, 5.866623 ], [ 100.4467535, 5.8692485 ], [ 100.4452005, 5.8716538 ], [ 100.4434946, 5.8742993 ], [ 100.4419269, 5.8767279 ], [ 100.4402089, 5.8793927 ], [ 100.4384923, 5.8820754 ], [ 100.4372062, 5.8840752 ], [ 100.4356927, 5.8864318 ], [ 100.4339413, 5.8891405 ], [ 100.43245, 5.8914737 ], [ 100.4307427, 5.8941364 ], [ 100.4290187, 5.8968058 ], [ 100.4272163, 5.8996125 ], [ 100.4255044, 5.9022772 ], [ 100.4236899, 5.9050769 ], [ 100.4220135, 5.9077058 ], [ 100.4202412, 5.9104338 ], [ 100.4186641, 5.9129137 ], [ 100.4168724, 5.915681 ], [ 100.4151142, 5.9184309 ], [ 100.4135712, 5.9209641 ], [ 100.4117829, 5.9236133 ], [ 100.4099844, 5.9263906 ], [ 100.4091952, 5.9286436 ] ] } },
{ "type": "Feature", "properties": { "contextFeatureId": "MYS-S-002::transmission::way::552000738", "projectId": "MYS-S-002", "projectName": "Gurun Quantum Solar PV Park", "countryCode": "MYS", "osmType": "way", "osmId": 552000738, "highway": null, "place": null, "power": "line", "landuse": null, "name": null, "voltage": "132000", "circuits": null, "cables": "6", "frequency": "50", "substationTag": null, "lineTag": null, "operator": null, "location": null }, "geometry": { "type": "LineString", "coordinates": [ [ 100.5190272, 5.7973663 ], [ 100.5161221, 5.7971638 ], [ 100.5137846, 5.797009 ], [ 100.5133916, 5.798969 ], [ 100.5136746, 5.8001138 ], [ 100.5132066, 5.8017256 ], [ 100.5125374, 5.8039484 ], [ 100.5098806, 5.8055682 ], [ 100.5096754, 5.8074361 ], [ 100.5068108, 5.8106008 ], [ 100.5047241, 5.8122899 ], [ 100.5031456, 5.8135694 ], [ 100.5032945, 5.815983 ], [ 100.5034554, 5.8186047 ], [ 100.5034997, 5.8215439 ], [ 100.5035748, 5.8242937 ], [ 100.5036673, 5.8280467 ], [ 100.5037236, 5.8308952 ], [ 100.5020345, 5.8313855 ], [ 100.5020928, 5.8334328 ], [ 100.5014035, 5.8334648 ] ] } },
{ "type": "Feature", "properties": { "contextFeatureId": "MYS-S-002::transmission::way::552000739", "projectId": "MYS-S-002", "projectName": "Gurun Quantum Solar PV Park", "countryCode": "MYS", "osmType": "way", "osmId": 552000739, "highway": null, "place": null, "power": "line", "landuse": null, "name": null, "voltage": "132000", "circuits": "2", "cables": "6", "frequency": "50", "substationTag": null, "lineTag": null, "operator": null, "location": null }, "geometry": { "type": "LineString", "coordinates": [ [ 100.4541551, 5.8561597 ], [ 100.4544219, 5.8549804 ], [ 100.4550549, 5.8519519 ], [ 100.4557007, 5.8489882 ], [ 100.4573603, 5.8471424 ], [ 100.4595302, 5.844733 ], [ 100.4614574, 5.8426117 ], [ 100.4636152, 5.8402343 ], [ 100.4658066, 5.8377968 ], [ 100.4671732, 5.8362999 ], [ 100.4688576, 5.8344494 ], [ 100.4688445, 5.832635 ], [ 100.4688227, 5.8296197 ], [ 100.4687543, 5.8267166 ], [ 100.4686095, 5.823724 ], [ 100.4685464, 5.8228234 ], [ 100.4684901, 5.8221563 ] ] } },
{ "type": "Feature", "properties": { "contextFeatureId": "MYS-S-002::transmission::way::552000744", "projectId": "MYS-S-002", "projectName": "Gurun Quantum Solar PV Park", "countryCode": "MYS", "osmType": "way", "osmId": 552000744, "highway": null, "place": null, "power": "line", "landuse": null, "name": null, "voltage": "132000", "circuits": "2", "cables": "6", "frequency": "50", "substationTag": null, "lineTag": null, "operator": null, "location": null }, "geometry": { "type": "LineString", "coordinates": [ [ 100.5190463, 5.7758426 ], [ 100.5159344, 5.7758475 ], [ 100.5099906, 5.7757688 ], [ 100.5076651, 5.7757461 ], [ 100.5039436, 5.7756834 ], [ 100.5006015, 5.7756407 ], [ 100.4976578, 5.7756046 ], [ 100.4944606, 5.7755553 ], [ 100.4914606, 5.7755099 ], [ 100.4885007, 5.7754752 ], [ 100.4862396, 5.7754499 ], [ 100.4831967, 5.7754058 ], [ 100.4800116, 5.7753792 ], [ 100.4775412, 5.7753405 ], [ 100.4762974, 5.7774386 ], [ 100.4751393, 5.7793834 ], [ 100.4737781, 5.7816743 ], [ 100.4724464, 5.7839092 ], [ 100.4705621, 5.7870755 ], [ 100.4704468, 5.7885272 ], [ 100.4701947, 5.7920016 ], [ 100.4697977, 5.7972452 ], [ 100.469732, 5.7987195 ], [ 100.4696582, 5.8012292 ], [ 100.4695697, 5.8049424 ], [ 100.4694758, 5.8074641 ], [ 100.4693712, 5.8111692 ], [ 100.4693028, 5.8137309 ], [ 100.4691875, 5.8174493 ], [ 100.4691151, 5.8200243 ], [ 100.4690776, 5.8214959 ] ] } },
{ "type": "Feature", "properties": { "contextFeatureId": "MYS-S-002::transmission::way::552000747", "projectId": "MYS-S-002", "projectName": "Gurun Quantum Solar PV Park", "countryCode": "MYS", "osmType": "way", "osmId": 552000747, "highway": null, "place": null, "power": "line", "landuse": null, "name": null, "voltage": "132000", "circuits": "2", "cables": "6", "frequency": "50", "substationTag": null, "lineTag": null, "operator": null, "location": null }, "geometry": { "type": "LineString", "coordinates": [ [ 100.5004312, 5.7206997 ], [ 100.5002502, 5.7182857 ], [ 100.5004902, 5.7161213 ], [ 100.4997486, 5.7160399 ], [ 100.4975056, 5.7157477 ], [ 100.4948576, 5.7154274 ], [ 100.4921982, 5.7150937 ], [ 100.4906794, 5.7148943 ], [ 100.4884449, 5.7146156 ], [ 100.4856563, 5.7142677 ], [ 100.4839651, 5.7149776 ], [ 100.4826213, 5.7155568 ], [ 100.4824711, 5.7156636 ], [ 100.4829578, 5.716895 ], [ 100.4852114, 5.7185957 ], [ 100.4865561, 5.7205885 ], [ 100.4876778, 5.722274 ], [ 100.4860908, 5.7243573 ], [ 100.4871221, 5.7266952 ], [ 100.4882739, 5.7294546 ], [ 100.4894918, 5.7324505 ], [ 100.4906035, 5.7349343 ], [ 100.4915115, 5.7371449 ], [ 100.491069, 5.7399791 ], [ 100.4905915, 5.7428 ], [ 100.4902938, 5.7441878 ], [ 100.4891902, 5.7451901 ], [ 100.4858038, 5.7480694 ], [ 100.4858515, 5.7498441 ], [ 100.4858373, 5.7519271 ], [ 100.4859138, 5.754956 ], [ 100.4855087, 5.7574499 ], [ 100.4852757, 5.7590589 ], [ 100.4846933, 5.7626445 ], [ 100.4828829, 5.76566 ], [ 100.4813983, 5.7681445 ], [ 100.4799204, 5.770645 ], [ 100.4781286, 5.7736659 ], [ 100.4768653, 5.7757528 ], [ 100.4751152, 5.7786949 ], [ 100.4736359, 5.7811993 ], [ 100.4720695, 5.7838199 ], [ 100.4702175, 5.7869621 ], [ 100.4700726, 5.7886673 ], [ 100.4698218, 5.792091 ], [ 100.4694343, 5.7972265 ], [ 100.4693136, 5.8005007 ], [ 100.4692143, 5.8046449 ], [ 100.4690909, 5.8081605 ], [ 100.4689769, 5.8119657 ], [ 100.4688965, 5.8147262 ], [ 100.4688066, 5.8176735 ], [ 100.4687355, 5.8207127 ], [ 100.4686926, 5.8213692 ] ] } },
{ "type": "Feature", "properties": { "contextFeatureId": "MYS-S-002::transmission::way::552000750", "projectId": "MYS-S-002", "projectName": "Gurun Quantum Solar PV Park", "countryCode": "MYS", "osmType": "way", "osmId": 552000750, "highway": null, "place": null, "power": "line", "landuse": null, "name": null, "voltage": "275000", "circuits": "2", "cables": "6", "frequency": "50", "substationTag": null, "lineTag": null, "operator": null, "location": null }, "geometry": { "type": "LineString", "coordinates": [ [ 100.3569639, 6.0873264 ], [ 100.3560586, 6.0870397 ], [ 100.3566491, 6.0839163 ], [ 100.357245, 6.0807639 ], [ 100.357853, 6.0775475 ], [ 100.3584445, 6.0746043 ], [ 100.3589098, 6.0719945 ], [ 100.3600183, 6.0689119 ], [ 100.361132, 6.0658146 ], [ 100.362229, 6.0627073 ], [ 100.3633381, 6.059616 ], [ 100.3644405, 6.0565207 ], [ 100.3655422, 6.053396 ], [ 100.3666493, 6.0503127 ], [ 100.3677718, 6.0471879 ], [ 100.3688662, 6.0441379 ], [ 100.369864, 6.0413586 ], [ 100.3707679, 6.0388433 ], [ 100.3716543, 6.036332 ], [ 100.372691, 6.0333939 ], [ 100.3738014, 6.0302878 ], [ 100.3749025, 6.027203 ], [ 100.3760317, 6.0240621 ], [ 100.3769477, 6.0214947 ], [ 100.3780105, 6.0184872 ], [ 100.3790854, 6.0154383 ], [ 100.3801958, 6.0122494 ], [ 100.3812754, 6.0091992 ], [ 100.3823993, 6.0060475 ], [ 100.383452, 6.0030053 ], [ 100.3845423, 5.9999323 ], [ 100.3856307, 5.9967993 ], [ 100.3867129, 5.9937216 ], [ 100.3878113, 5.9906112 ], [ 100.3888828, 5.9875175 ], [ 100.3899074, 5.9846305 ], [ 100.3908885, 5.9818482 ], [ 100.3919727, 5.9787325 ], [ 100.3930094, 5.9758254 ], [ 100.3942741, 5.9721981 ], [ 100.3952249, 5.9695198 ], [ 100.396334, 5.9663486 ], [ 100.3974049, 5.9632961 ], [ 100.3985227, 5.9601302 ], [ 100.3995647, 5.9571103 ], [ 100.4005799, 5.9541898 ], [ 100.4016428, 5.9511312 ], [ 100.4026982, 5.9480246 ], [ 100.4037731, 5.94489 ], [ 100.4048433, 5.9417887 ], [ 100.4059249, 5.938684 ], [ 100.4070085, 5.9355653 ], [ 100.4080854, 5.9324426 ], [ 100.4091804, 5.9292906 ], [ 100.4101467, 5.9264713 ], [ 100.4118606, 5.9238068 ], [ 100.4135779, 5.9211309 ], [ 100.4153395, 5.9184123 ], [ 100.4170977, 5.9156803 ], [ 100.4186949, 5.9132005 ], [ 100.4202855, 5.9106913 ], [ 100.422053, 5.90797 ], [ 100.4237824, 5.9052756 ], [ 100.4255171, 5.9025887 ], [ 100.4272498, 5.899872 ], [ 100.4290737, 5.8970419 ], [ 100.4307856, 5.8944019 ], [ 100.4325076, 5.8917145 ], [ 100.4342081, 5.8890585 ], [ 100.4359113, 5.8864151 ], [ 100.4374905, 5.8839685 ], [ 100.4385419, 5.8823209 ], [ 100.4402813, 5.8796408 ], [ 100.4419859, 5.8769587 ], [ 100.443732, 5.8742592 ], [ 100.4454218, 5.8716405 ], [ 100.4467763, 5.869554 ], [ 100.4485197, 5.8668378 ], [ 100.4503061, 5.8640496 ], [ 100.4520495, 5.861304 ], [ 100.4538097, 5.8585418 ], [ 100.45432, 5.8564172 ], [ 100.4545788, 5.8551885 ], [ 100.4552789, 5.8518132 ], [ 100.455869, 5.8490789 ], [ 100.4576245, 5.8471091 ], [ 100.4596053, 5.8449251 ], [ 100.4616961, 5.8426024 ], [ 100.4636393, 5.8404944 ], [ 100.4660185, 5.8378355 ], [ 100.4672027, 5.8365107 ], [ 100.4690909, 5.8344521 ], [ 100.4690614, 5.8323681 ], [ 100.4689461, 5.8267126 ], [ 100.4688415, 5.8227807 ], [ 100.4689112, 5.8208555 ], [ 100.4689984, 5.8178736 ], [ 100.4690909, 5.8145528 ], [ 100.469166, 5.8117536 ], [ 100.469276, 5.8082593 ], [ 100.4693927, 5.8047943 ], [ 100.4694946, 5.8002846 ], [ 100.4695992, 5.7972372 ], [ 100.4699828, 5.7922671 ], [ 100.4702617, 5.7885071 ], [ 100.4703851, 5.7870074 ], [ 100.4723324, 5.7837438 ], [ 100.4736949, 5.7814448 ], [ 100.4753914, 5.7786068 ], [ 100.476927, 5.7760076 ], [ 100.4785913, 5.7732309 ], [ 100.4801671, 5.7705903 ], [ 100.4816812, 5.7680298 ], [ 100.4831779, 5.7655199 ], [ 100.484865, 5.7627005 ], [ 100.485447, 5.7591085 ], [ 100.4861122, 5.7549654 ], [ 100.4860452, 5.751911 ], [ 100.4860213, 5.750055 ], [ 100.4859969, 5.7481655 ], [ 100.4894208, 5.7452245 ], [ 100.4904494, 5.7442705 ], [ 100.4907846, 5.7426906 ], [ 100.4912648, 5.7398137 ], [ 100.4917341, 5.7370649 ], [ 100.4931021, 5.7350659 ], [ 100.4948782, 5.7324882 ], [ 100.4960552, 5.7307852 ], [ 100.4977021, 5.7283833 ], [ 100.499247, 5.7261361 ], [ 100.5007866, 5.7238836 ], [ 100.5015859, 5.722676 ] ] } },
{ "type": "Feature", "properties": { "contextFeatureId": "MYS-S-002::transmission::way::552000754", "projectId": "MYS-S-002", "projectName": "Gurun Quantum Solar PV Park", "countryCode": "MYS", "osmType": "way", "osmId": 552000754, "highway": null, "place": null, "power": "line", "landuse": null, "name": null, "voltage": "275000", "circuits": "2", "cables": "6", "frequency": "50", "substationTag": null, "lineTag": null, "operator": null, "location": null }, "geometry": { "type": "LineString", "coordinates": [ [ 100.5019587, 5.7224851 ], [ 100.5009395, 5.7239824 ], [ 100.4993972, 5.7262349 ], [ 100.4978389, 5.728522 ], [ 100.4962027, 5.7308839 ], [ 100.4950225, 5.7326053 ], [ 100.4930779, 5.7354022 ], [ 100.4919031, 5.7371369 ], [ 100.4914337, 5.739851 ], [ 100.4909644, 5.7427306 ], [ 100.4906103, 5.7443799 ], [ 100.4895435, 5.7453657 ], [ 100.4861471, 5.7482562 ], [ 100.4862352, 5.7504306 ], [ 100.4862101, 5.7520698 ], [ 100.4862906, 5.7549801 ], [ 100.4855999, 5.7592606 ], [ 100.485042, 5.7627646 ], [ 100.4833724, 5.765556 ], [ 100.4818435, 5.7681112 ], [ 100.4803079, 5.7706811 ], [ 100.4788072, 5.7732296 ], [ 100.4799056, 5.7751977 ], [ 100.4827595, 5.775223 ], [ 100.4849616, 5.7752404 ], [ 100.4875003, 5.7752858 ], [ 100.4901838, 5.7753191 ], [ 100.4926099, 5.7753525 ], [ 100.4954638, 5.7753792 ], [ 100.4979502, 5.7754125 ], [ 100.5011353, 5.7754405 ], [ 100.5026641, 5.7765854 ], [ 100.5022363, 5.7789484 ], [ 100.5016583, 5.7820679 ], [ 100.5013861, 5.7838439 ], [ 100.5010025, 5.7837958 ] ] } },
{ "type": "Feature", "properties": { "contextFeatureId": "MYS-S-002::transmission::way::556802420", "projectId": "MYS-S-002", "projectName": "Gurun Quantum Solar PV Park", "countryCode": "MYS", "osmType": "way", "osmId": 556802420, "highway": null, "place": null, "power": "line", "landuse": null, "name": null, "voltage": "132000", "circuits": null, "cables": "6", "frequency": "50", "substationTag": null, "lineTag": null, "operator": null, "location": null }, "geometry": { "type": "LineString", "coordinates": [ [ 100.5935807, 5.8170914 ], [ 100.5942991, 5.8215199 ], [ 100.5945137, 5.8227074 ], [ 100.5977753, 5.8224485 ], [ 100.6012568, 5.8221497 ], [ 100.6046846, 5.8218401 ], [ 100.6077397, 5.8216187 ], [ 100.610696, 5.8213364 ] ] } },
{ "type": "Feature", "properties": { "contextFeatureId": "MYS-S-002::transmission::way::1452928070", "projectId": "MYS-S-002", "projectName": "Gurun Quantum Solar PV Park", "countryCode": "MYS", "osmType": "way", "osmId": 1452928070, "highway": null, "place": null, "power": "line", "landuse": null, "name": null, "voltage": "275000", "circuits": null, "cables": "3", "frequency": null, "substationTag": null, "lineTag": null, "operator": null, "location": null }, "geometry": { "type": "LineString", "coordinates": [ [ 100.533185, 5.8103553 ], [ 100.5346844, 5.8101018 ] ] } },
{ "type": "Feature", "properties": { "contextFeatureId": "MYS-S-002::transmission::way::1452928071", "projectId": "MYS-S-002", "projectName": "Gurun Quantum Solar PV Park", "countryCode": "MYS", "osmType": "way", "osmId": 1452928071, "highway": null, "place": null, "power": "line", "landuse": null, "name": null, "voltage": "275000", "circuits": null, "cables": "3", "frequency": null, "substationTag": null, "lineTag": null, "operator": null, "location": null }, "geometry": { "type": "LineString", "coordinates": [ [ 100.533236, 5.811372 ], [ 100.5347648, 5.8110972 ] ] } },
{ "type": "Feature", "properties": { "contextFeatureId": "MYS-S-002::transmission::way::1452928072", "projectId": "MYS-S-002", "projectName": "Gurun Quantum Solar PV Park", "countryCode": "MYS", "osmType": "way", "osmId": 1452928072, "highway": null, "place": null, "power": "line", "landuse": null, "name": null, "voltage": "275000", "circuits": null, "cables": "3", "frequency": null, "substationTag": null, "lineTag": "busbar", "operator": null, "location": null }, "geometry": { "type": "LineString", "coordinates": [ [ 100.5320182, 5.8114547 ], [ 100.533236, 5.811372 ] ] } },
{ "type": "Feature", "properties": { "contextFeatureId": "MYS-S-002::transmission::way::1452928073", "projectId": "MYS-S-002", "projectName": "Gurun Quantum Solar PV Park", "countryCode": "MYS", "osmType": "way", "osmId": 1452928073, "highway": null, "place": null, "power": "line", "landuse": null, "name": null, "voltage": "275000", "circuits": null, "cables": "3", "frequency": null, "substationTag": null, "lineTag": "busbar", "operator": null, "location": null }, "geometry": { "type": "LineString", "coordinates": [ [ 100.5319458, 5.8104301 ], [ 100.533185, 5.8103553 ] ] } },
{ "type": "Feature", "properties": { "contextFeatureId": "MYS-S-002::transmission::way::1454193469", "projectId": "MYS-S-002", "projectName": "Gurun Quantum Solar PV Park", "countryCode": "MYS", "osmType": "way", "osmId": 1454193469, "highway": null, "place": null, "power": "line", "landuse": null, "name": null, "voltage": "132000", "circuits": null, "cables": "3", "frequency": null, "substationTag": null, "lineTag": null, "operator": null, "location": null }, "geometry": { "type": "LineString", "coordinates": [ [ 100.4541504, 5.8566022 ], [ 100.4541551, 5.8561597 ] ] } },
{ "type": "Feature", "properties": { "contextFeatureId": "MYS-S-002::transmission::way::1454193470", "projectId": "MYS-S-002", "projectName": "Gurun Quantum Solar PV Park", "countryCode": "MYS", "osmType": "way", "osmId": 1454193470, "highway": null, "place": null, "power": "line", "landuse": null, "name": null, "voltage": "132000", "circuits": null, "cables": "3", "frequency": null, "substationTag": null, "lineTag": null, "operator": null, "location": null }, "geometry": { "type": "LineString", "coordinates": [ [ 100.4538866, 5.8565314 ], [ 100.4541551, 5.8561597 ] ] } },
{ "type": "Feature", "properties": { "contextFeatureId": "MYS-S-002::transmission::way::1454193471", "projectId": "MYS-S-002", "projectName": "Gurun Quantum Solar PV Park", "countryCode": "MYS", "osmType": "way", "osmId": 1454193471, "highway": null, "place": null, "power": "line", "landuse": null, "name": null, "voltage": "132000", "circuits": null, "cables": "3", "frequency": null, "substationTag": null, "lineTag": null, "operator": null, "location": null }, "geometry": { "type": "LineString", "coordinates": [ [ 100.4540822, 5.8568819 ], [ 100.4538091, 5.8577593 ] ] } },
{ "type": "Feature", "properties": { "contextFeatureId": "MYS-S-002::transmission::way::1454193472", "projectId": "MYS-S-002", "projectName": "Gurun Quantum Solar PV Park", "countryCode": "MYS", "osmType": "way", "osmId": 1454193472, "highway": null, "place": null, "power": "line", "landuse": null, "name": null, "voltage": "132000", "circuits": null, "cables": "3", "frequency": null, "substationTag": null, "lineTag": null, "operator": null, "location": null }, "geometry": { "type": "LineString", "coordinates": [ [ 100.4538088, 5.8568126 ], [ 100.4538091, 5.8577593 ] ] } },
{ "type": "Feature", "properties": { "contextFeatureId": "MYS-S-002::transmission::way::1454193768", "projectId": "MYS-S-002", "projectName": "Gurun Quantum Solar PV Park", "countryCode": "MYS", "osmType": "way", "osmId": 1454193768, "highway": null, "place": null, "power": "line", "landuse": null, "name": null, "voltage": "132000", "circuits": null, "cables": "3", "frequency": null, "substationTag": null, "lineTag": null, "operator": null, "location": null }, "geometry": { "type": "LineString", "coordinates": [ [ 100.468385, 5.8212891 ], [ 100.4686926, 5.8213692 ] ] } },
{ "type": "Feature", "properties": { "contextFeatureId": "MYS-S-002::transmission::way::1454193769", "projectId": "MYS-S-002", "projectName": "Gurun Quantum Solar PV Park", "countryCode": "MYS", "osmType": "way", "osmId": 1454193769, "highway": null, "place": null, "power": "line", "landuse": null, "name": null, "voltage": "132000", "circuits": null, "cables": "3", "frequency": null, "substationTag": null, "lineTag": null, "operator": null, "location": null }, "geometry": { "type": "LineString", "coordinates": [ [ 100.4683818, 5.8214078 ], [ 100.4686926, 5.8213692 ] ] } },
{ "type": "Feature", "properties": { "contextFeatureId": "MYS-S-002::transmission::way::1454193770", "projectId": "MYS-S-002", "projectName": "Gurun Quantum Solar PV Park", "countryCode": "MYS", "osmType": "way", "osmId": 1454193770, "highway": null, "place": null, "power": "line", "landuse": null, "name": null, "voltage": "132000", "circuits": null, "cables": "3", "frequency": null, "substationTag": null, "lineTag": null, "operator": null, "location": null }, "geometry": { "type": "LineString", "coordinates": [ [ 100.4683754, 5.821644 ], [ 100.4688184, 5.8216162 ], [ 100.4690776, 5.8214959 ] ] } },
{ "type": "Feature", "properties": { "contextFeatureId": "MYS-S-002::transmission::way::1454193771", "projectId": "MYS-S-002", "projectName": "Gurun Quantum Solar PV Park", "countryCode": "MYS", "osmType": "way", "osmId": 1454193771, "highway": null, "place": null, "power": "line", "landuse": null, "name": null, "voltage": "132000", "circuits": null, "cables": "3", "frequency": null, "substationTag": null, "lineTag": null, "operator": null, "location": null }, "geometry": { "type": "LineString", "coordinates": [ [ 100.4683786, 5.8215253 ], [ 100.4688212, 5.8214959 ], [ 100.4690776, 5.8214959 ] ] } },
{ "type": "Feature", "properties": { "contextFeatureId": "MYS-S-002::transmission::way::1454193774", "projectId": "MYS-S-002", "projectName": "Gurun Quantum Solar PV Park", "countryCode": "MYS", "osmType": "way", "osmId": 1454193774, "highway": null, "place": null, "power": "line", "landuse": null, "name": null, "voltage": "132000", "circuits": null, "cables": "3", "frequency": null, "substationTag": null, "lineTag": null, "operator": null, "location": null }, "geometry": { "type": "LineString", "coordinates": [ [ 100.4683447, 5.8220978 ], [ 100.4684901, 5.8221563 ] ] } },
{ "type": "Feature", "properties": { "contextFeatureId": "MYS-S-002::transmission::way::1454193775", "projectId": "MYS-S-002", "projectName": "Gurun Quantum Solar PV Park", "countryCode": "MYS", "osmType": "way", "osmId": 1454193775, "highway": null, "place": null, "power": "line", "landuse": null, "name": null, "voltage": "132000", "circuits": null, "cables": "3", "frequency": null, "substationTag": null, "lineTag": null, "operator": null, "location": null }, "geometry": { "type": "LineString", "coordinates": [ [ 100.4683402, 5.8222241 ], [ 100.4684901, 5.8221563 ] ] } },
{ "type": "Feature", "properties": { "contextFeatureId": "MYS-S-002::transmission::way::1493592454", "projectId": "MYS-S-002", "projectName": "Gurun Quantum Solar PV Park", "countryCode": "MYS", "osmType": "way", "osmId": 1493592454, "highway": null, "place": null, "power": "line", "landuse": null, "name": null, "voltage": "275000", "circuits": "2", "cables": "6", "frequency": "50", "substationTag": null, "lineTag": null, "operator": null, "location": null }, "geometry": { "type": "LineString", "coordinates": [ [ 100.5336991, 5.80683 ], [ 100.5329385, 5.8097566 ], [ 100.5329648, 5.8101575 ] ] } },
{ "type": "Feature", "properties": { "contextFeatureId": "PHL-S-001::transmission::way::156804789", "projectId": "PHL-S-001", "projectName": "Olongapo Solar Power Project", "countryCode": "PHL", "osmType": "way", "osmId": 156804789, "highway": null, "place": null, "power": "line", "landuse": null, "name": "Balsik-Olongapo", "voltage": "230000", "circuits": "2", "cables": "6", "frequency": "60", "substationTag": null, "lineTag": null, "operator": "National Grid Corporation of the Philippines", "location": null }, "geometry": { "type": "LineString", "coordinates": [ [ 120.3101602, 14.8566248 ], [ 120.3126804, 14.8555977 ], [ 120.316852, 14.8542323 ], [ 120.3203534, 14.8541655 ], [ 120.3231007, 14.8541184 ], [ 120.3284082, 14.8542618 ], [ 120.3335871, 14.8542375 ], [ 120.3378789, 14.8543197 ], [ 120.3422614, 14.8544031 ], [ 120.3467774, 14.8544791 ], [ 120.3506953, 14.8546396 ], [ 120.353737, 14.8547237 ], [ 120.3559949, 14.854763 ], [ 120.3597828, 14.8549226 ], [ 120.3630155, 14.8548949 ], [ 120.3644514, 14.8547219 ], [ 120.3677149, 14.8547534 ], [ 120.3713799, 14.8548517 ], [ 120.3780651, 14.8549941 ], [ 120.3838322, 14.8549886 ], [ 120.3898361, 14.8552687 ], [ 120.3925606, 14.8551568 ], [ 120.3980368, 14.8552703 ], [ 120.4005292, 14.8550854 ], [ 120.4033929, 14.8549653 ], [ 120.4060769, 14.8548725 ], [ 120.4090063, 14.8547593 ], [ 120.4146863, 14.8544944 ], [ 120.4185686, 14.8543193 ], [ 120.4207566, 14.8551736 ], [ 120.4243304, 14.8565043 ], [ 120.4271734, 14.8575748 ], [ 120.4300495, 14.8586524 ], [ 120.4328624, 14.8597314 ], [ 120.4355182, 14.8612727 ], [ 120.4381367, 14.8628431 ], [ 120.4403979, 14.864159 ], [ 120.4432731, 14.8658805 ], [ 120.4460747, 14.8675445 ], [ 120.4496053, 14.8676423 ], [ 120.4532438, 14.8677762 ], [ 120.4544946, 14.8673299 ], [ 120.455129, 14.8670556 ], [ 120.4562088, 14.8666228 ], [ 120.459322, 14.8654245 ], [ 120.4624291, 14.8642343 ], [ 120.4654212, 14.8630584 ], [ 120.4685019, 14.8618681 ], [ 120.4715841, 14.8606654 ], [ 120.474591, 14.8609624 ], [ 120.4777185, 14.8612026 ], [ 120.4806804, 14.8614804 ], [ 120.4837685, 14.8617372 ], [ 120.486026, 14.8632322 ], [ 120.4883524, 14.864732 ], [ 120.4906746, 14.8662031 ], [ 120.493271, 14.8667475 ], [ 120.4946335, 14.867377 ] ] } },
{ "type": "Feature", "properties": { "contextFeatureId": "PHL-S-001::transmission::way::156898985", "projectId": "PHL-S-001", "projectName": "Olongapo Solar Power Project", "countryCode": "PHL", "osmType": "way", "osmId": 156898985, "highway": null, "place": null, "power": "line", "landuse": null, "name": null, "voltage": "230000", "circuits": "2", "cables": null, "frequency": null, "substationTag": null, "lineTag": null, "operator": null, "location": null }, "geometry": { "type": "LineString", "coordinates": [ [ 120.3101602, 14.8566248 ], [ 120.3099763, 14.8564379 ], [ 120.3088242, 14.8546279 ], [ 120.3067771, 14.8509604 ], [ 120.3050447, 14.8475143 ], [ 120.3062522, 14.8464907 ], [ 120.3071534, 14.8439499 ], [ 120.3068959, 14.841212 ], [ 120.3076255, 14.8377568 ], [ 120.3064238, 14.8342322 ] ] } },
{ "type": "Feature", "properties": { "contextFeatureId": "PHL-S-001::transmission::way::187411211", "projectId": "PHL-S-001", "projectName": "Olongapo Solar Power Project", "countryCode": "PHL", "osmType": "way", "osmId": 187411211, "highway": null, "place": null, "power": "minor_line", "landuse": null, "name": null, "voltage": null, "circuits": null, "cables": null, "frequency": null, "substationTag": null, "lineTag": null, "operator": "Subic EnerZone Corporation", "location": null }, "geometry": { "type": "LineString", "coordinates": [ [ 120.2831027, 14.7830623 ], [ 120.2832119, 14.783312 ], [ 120.2841937, 14.7855814 ], [ 120.2852186, 14.7883233 ], [ 120.2852444, 14.7884916 ] ] } },
{ "type": "Feature", "properties": { "contextFeatureId": "PHL-S-001::transmission::way::474348676", "projectId": "PHL-S-001", "projectName": "Olongapo Solar Power Project", "countryCode": "PHL", "osmType": "way", "osmId": 474348676, "highway": null, "place": null, "power": "line", "landuse": null, "name": null, "voltage": "230000", "circuits": "1", "cables": null, "frequency": null, "substationTag": null, "lineTag": null, "operator": null, "location": null }, "geometry": { "type": "LineString", "coordinates": [ [ 120.3064238, 14.8342322 ], [ 120.305297, 14.8329401 ], [ 120.3051398, 14.8314438 ], [ 120.3041381, 14.8305063 ], [ 120.3027455, 14.8295771 ], [ 120.3019179, 14.8279345 ], [ 120.3009907, 14.8261031 ], [ 120.3001331, 14.8244565 ], [ 120.299066, 14.8229056 ], [ 120.300555, 14.8221686 ], [ 120.3023566, 14.8212613 ], [ 120.3029794, 14.820454 ], [ 120.3030054, 14.8191248 ], [ 120.3030419, 14.8178803 ], [ 120.3017085, 14.8175687 ] ] } },
{ "type": "Feature", "properties": { "contextFeatureId": "PHL-S-001::transmission::way::474348677", "projectId": "PHL-S-001", "projectName": "Olongapo Solar Power Project", "countryCode": "PHL", "osmType": "way", "osmId": 474348677, "highway": null, "place": null, "power": "line", "landuse": null, "name": null, "voltage": "230000", "circuits": "1", "cables": null, "frequency": null, "substationTag": null, "lineTag": null, "operator": null, "location": null }, "geometry": { "type": "LineString", "coordinates": [ [ 120.3017202, 14.8177191 ], [ 120.3034979, 14.817907 ], [ 120.3034709, 14.8193893 ], [ 120.3032895, 14.8209208 ], [ 120.3014436, 14.8218694 ], [ 120.3005991, 14.8222681 ], [ 120.2996027, 14.8227166 ], [ 120.2998735, 14.8234092 ], [ 120.3000659, 14.8238724 ], [ 120.3002587, 14.824284 ], [ 120.3010782, 14.8257865 ], [ 120.3019641, 14.8274972 ], [ 120.3027704, 14.8291054 ], [ 120.3041878, 14.8301395 ] ] } },
{ "type": "Feature", "properties": { "contextFeatureId": "PHL-S-001::transmission::way::477086698", "projectId": "PHL-S-001", "projectName": "Olongapo Solar Power Project", "countryCode": "PHL", "osmType": "way", "osmId": 477086698, "highway": null, "place": null, "power": "line", "landuse": null, "name": null, "voltage": "230000", "circuits": "2", "cables": null, "frequency": null, "substationTag": null, "lineTag": null, "operator": null, "location": null }, "geometry": { "type": "LineString", "coordinates": [ [ 120.3101602, 14.8566248 ], [ 120.3040742, 14.8601905 ], [ 120.3022743, 14.8608755 ], [ 120.3005005, 14.8606406 ], [ 120.2992841, 14.8600566 ], [ 120.2961032, 14.8574215 ], [ 120.2937765, 14.8560274 ], [ 120.289345, 14.8544675 ], [ 120.2865464, 14.8538225 ], [ 120.2830401, 14.8529933 ], [ 120.2791735, 14.8513985 ], [ 120.2777932, 14.8495536 ] ] } },
{ "type": "Feature", "properties": { "contextFeatureId": "PHL-S-001::transmission::way::477266681", "projectId": "PHL-S-001", "projectName": "Olongapo Solar Power Project", "countryCode": "PHL", "osmType": "way", "osmId": 477266681, "highway": null, "place": null, "power": "line", "landuse": null, "name": null, "voltage": "230000", "circuits": "2", "cables": null, "frequency": null, "substationTag": null, "lineTag": null, "operator": null, "location": null }, "geometry": { "type": "LineString", "coordinates": [ [ 120.271807, 14.8379447 ], [ 120.272913, 14.8399884 ], [ 120.2745099, 14.8433121 ], [ 120.2764366, 14.8470728 ], [ 120.2777932, 14.8495536 ] ] } },
{ "type": "Feature", "properties": { "contextFeatureId": "PHL-S-001::transmission::way::477404302", "projectId": "PHL-S-001", "projectName": "Olongapo Solar Power Project", "countryCode": "PHL", "osmType": "way", "osmId": 477404302, "highway": null, "place": null, "power": "line", "landuse": null, "name": null, "voltage": "69000", "circuits": null, "cables": "3", "frequency": "60", "substationTag": null, "lineTag": null, "operator": "Subic EnerZone Corporation", "location": null }, "geometry": { "type": "LineString", "coordinates": [ [ 120.2707515, 14.8372929 ], [ 120.2705353, 14.8369361 ], [ 120.2707389, 14.83531 ], [ 120.269967, 14.8334732 ], [ 120.2694922, 14.8328517 ], [ 120.2687838, 14.8312745 ], [ 120.2675277, 14.8298499 ], [ 120.2679593, 14.8285314 ], [ 120.2685949, 14.8268155 ], [ 120.267953, 14.825316 ], [ 120.2684083, 14.8251003 ], [ 120.2696995, 14.8261201 ], [ 120.2709799, 14.8257882 ], [ 120.2716105, 14.8247647 ], [ 120.2720466, 14.8243924 ], [ 120.2727845, 14.8239025 ], [ 120.2733215, 14.8235499 ], [ 120.2736024, 14.8233815 ], [ 120.2739366, 14.8231463 ], [ 120.2745462, 14.8227479 ], [ 120.275176, 14.8222952 ], [ 120.2755275, 14.8220912 ], [ 120.2757095, 14.8219129 ], [ 120.276166, 14.8225214 ], [ 120.2765326, 14.8229693 ], [ 120.2769291, 14.8234922 ], [ 120.2770933, 14.8236815 ], [ 120.2774907, 14.8241434 ], [ 120.2779575, 14.8244957 ], [ 120.2785737, 14.824203 ], [ 120.2793476, 14.8240487 ], [ 120.2806168, 14.823953 ], [ 120.2813771, 14.8239334 ], [ 120.2823501, 14.8239061 ], [ 120.2835332, 14.8238778 ], [ 120.2845681, 14.8237398 ], [ 120.2851201, 14.8236385 ] ] } },
{ "type": "Feature", "properties": { "contextFeatureId": "PHL-S-001::transmission::way::478081497", "projectId": "PHL-S-001", "projectName": "Olongapo Solar Power Project", "countryCode": "PHL", "osmType": "way", "osmId": 478081497, "highway": null, "place": null, "power": "line", "landuse": null, "name": "MSPP-Subic Transmission Line", "voltage": "230000", "circuits": null, "cables": "3", "frequency": "60", "substationTag": null, "lineTag": null, "operator": "Jobin-SQM, Inc.", "location": null }, "geometry": { "type": "LineString", "coordinates": [ [ 120.3008243, 14.8179023 ], [ 120.3012152, 14.8179999 ], [ 120.3015564, 14.8180153 ], [ 120.3019144, 14.8178323 ], [ 120.3023229, 14.8176679 ], [ 120.3029703, 14.8176144 ], [ 120.3038906, 14.8176326 ], [ 120.3048003, 14.8176814 ], [ 120.305717, 14.8177518 ], [ 120.306612, 14.8178231 ], [ 120.3074973, 14.8178859 ], [ 120.3084369, 14.8179485 ], [ 120.3093455, 14.8180131 ], [ 120.3102411, 14.8182632 ], [ 120.3111168, 14.8183327 ], [ 120.3119426, 14.8182809 ], [ 120.3127563, 14.8179171 ], [ 120.3134965, 14.8174578 ], [ 120.3141485, 14.817054 ], [ 120.31483, 14.8166132 ], [ 120.3154891, 14.8162061 ], [ 120.3161361, 14.8155121 ], [ 120.3168837, 14.8150456 ], [ 120.3174916, 14.8145096 ], [ 120.3182118, 14.813974 ], [ 120.3189484, 14.8134391 ], [ 120.3196797, 14.8129109 ], [ 120.3203655, 14.8124031 ], [ 120.3211203, 14.8118598 ], [ 120.3218547, 14.8113717 ], [ 120.322592, 14.810879 ], [ 120.3232766, 14.810331 ], [ 120.3239168, 14.8097825 ], [ 120.3243388, 14.8088839 ], [ 120.3250942, 14.8083136 ], [ 120.3259523, 14.8080597 ], [ 120.3265561, 14.8077001 ], [ 120.3271411, 14.8076966 ], [ 120.3285256, 14.8071699 ], [ 120.3346294, 14.8048448 ], [ 120.3389888, 14.8050672 ], [ 120.3426349, 14.8074828 ], [ 120.34533, 14.8112492 ], [ 120.3464842, 14.8122031 ], [ 120.3481223, 14.8113401 ], [ 120.3491807, 14.8098795 ], [ 120.3522788, 14.8096955 ], [ 120.3558542, 14.807079 ], [ 120.3596011, 14.8043873 ], [ 120.3612579, 14.8030903 ], [ 120.3612798, 14.8029544 ] ] } },
{ "type": "Feature", "properties": { "contextFeatureId": "PHL-S-001::transmission::way::489201707", "projectId": "PHL-S-001", "projectName": "Olongapo Solar Power Project", "countryCode": "PHL", "osmType": "way", "osmId": 489201707, "highway": null, "place": null, "power": "line", "landuse": null, "name": "Botolan - Hanjin - Olongapo Transmission Line", "voltage": "230000", "circuits": null, "cables": "3", "frequency": null, "substationTag": null, "lineTag": null, "operator": "National Grid Corporation of the Philippines", "location": null }, "geometry": { "type": "LineString", "coordinates": [ [ 120.0109572, 15.2983156 ], [ 120.0108111, 15.2947168 ], [ 120.0106957, 15.2910921 ], [ 120.0120234, 15.2882901 ], [ 120.0133324, 15.2854427 ], [ 120.0145286, 15.2827985 ], [ 120.0157236, 15.2802124 ], [ 120.0171892, 15.277139 ], [ 120.0186202, 15.2740936 ], [ 120.01985, 15.271334 ], [ 120.022506, 15.2655603 ], [ 120.0228949, 15.2645123 ], [ 120.0248556, 15.2591327 ], [ 120.0261001, 15.2559146 ], [ 120.0262105, 15.255629 ], [ 120.0279423, 15.250659 ], [ 120.0287635, 15.248409 ], [ 120.0304099, 15.2440019 ], [ 120.0317564, 15.2403627 ], [ 120.0340986, 15.234092 ], [ 120.0347489, 15.232344 ], [ 120.0366104, 15.2276027 ], [ 120.0380963, 15.2236275 ], [ 120.0388366, 15.221676 ], [ 120.0407356, 15.2169475 ], [ 120.0419426, 15.2132956 ], [ 120.0433212, 15.2094236 ], [ 120.0443083, 15.2067214 ], [ 120.045813, 15.2027794 ], [ 120.0468752, 15.1999814 ], [ 120.0481385, 15.1966423 ], [ 120.0491604, 15.1939426 ], [ 120.0506437, 15.1897415 ], [ 120.0520652, 15.185983 ], [ 120.0533178, 15.1824573 ], [ 120.0542861, 15.1801431 ], [ 120.0553214, 15.1771869 ], [ 120.0564279, 15.1742281 ], [ 120.0575048, 15.1712989 ], [ 120.0585857, 15.168406 ], [ 120.0596693, 15.165447 ], [ 120.0607637, 15.1624906 ], [ 120.0614932, 15.1592338 ], [ 120.062196, 15.1559071 ], [ 120.0628906, 15.1524327 ], [ 120.0633895, 15.1496211 ], [ 120.0642827, 15.1462502 ], [ 120.0648487, 15.1437803 ], [ 120.0653341, 15.1414216 ], [ 120.0659591, 15.1383121 ], [ 120.0665894, 15.1351922 ], [ 120.0673297, 15.1319168 ], [ 120.0679278, 15.1289729 ], [ 120.0691912, 15.1233412 ], [ 120.0706261, 15.1168186 ], [ 120.0713503, 15.1134912 ], [ 120.0719672, 15.1104978 ], [ 120.0726056, 15.1075406 ], [ 120.073362, 15.1046093 ], [ 120.0740915, 15.1015225 ], [ 120.0750357, 15.0966799 ], [ 120.0757384, 15.092956 ], [ 120.0761998, 15.0906978 ], [ 120.0773907, 15.084845 ], [ 120.0780344, 15.0817838 ], [ 120.0787854, 15.0782513 ], [ 120.0792843, 15.0756666 ], [ 120.0811565, 15.0667416 ], [ 120.0819075, 15.0633072 ], [ 120.0826049, 15.0599816 ], [ 120.0832888, 15.0566248 ], [ 120.0839862, 15.0532576 ], [ 120.0853837, 15.0465645 ], [ 120.0860515, 15.0433992 ], [ 120.0879317, 15.0412855 ], [ 120.0899461, 15.0390604 ], [ 120.0920409, 15.0367472 ], [ 120.0943717, 15.0341335 ], [ 120.0966114, 15.0316441 ], [ 120.0989127, 15.0291107 ], [ 120.1012033, 15.0265565 ], [ 120.1034778, 15.0240229 ], [ 120.1057631, 15.0214739 ], [ 120.107882, 15.0191216 ], [ 120.1102611, 15.0165103 ], [ 120.1127037, 15.0137994 ], [ 120.115065, 15.0111787 ], [ 120.1173663, 15.0086088 ], [ 120.119378, 15.0059144 ], [ 120.121159, 15.0035257 ], [ 120.1229399, 15.0010956 ], [ 120.1245868, 14.9989245 ], [ 120.1265287, 14.9962818 ], [ 120.1285672, 14.9935199 ], [ 120.1304769, 14.9909705 ], [ 120.1326173, 14.9880997 ], [ 120.1347363, 14.9853222 ], [ 120.1367382, 14.9825325 ], [ 120.1382393, 14.9804407 ], [ 120.1406532, 14.9771863 ], [ 120.1430055, 14.9740096 ], [ 120.1453337, 14.9709054 ], [ 120.147112, 14.9685319 ], [ 120.1489413, 14.9660962 ], [ 120.1526481, 14.9611002 ], [ 120.1545632, 14.9585452 ], [ 120.1577443, 14.9564255 ], [ 120.1609388, 14.9541632 ], [ 120.1699698, 14.9479309 ], [ 120.173285, 14.9456142 ], [ 120.1755434, 14.9440852 ], [ 120.1783892, 14.9421027 ], [ 120.1809615, 14.9403482 ], [ 120.1827908, 14.938643 ], [ 120.1851672, 14.9364764 ], [ 120.1856429, 14.9360427 ], [ 120.1877367, 14.9341336 ], [ 120.1901454, 14.9319048 ], [ 120.1926827, 14.929505 ], [ 120.1948982, 14.9275042 ], [ 120.1973927, 14.9252079 ], [ 120.198892, 14.923811 ], [ 120.2020115, 14.9223985 ], [ 120.2054661, 14.9208486 ], [ 120.2088511, 14.9193195 ], [ 120.2119625, 14.917811 ], [ 120.2158249, 14.9164555 ], [ 120.2195242, 14.9149546 ], [ 120.2215841, 14.91419 ] ] } },
{ "type": "Feature", "properties": { "contextFeatureId": "PHL-S-001::transmission::way::536249425", "projectId": "PHL-S-001", "projectName": "Olongapo Solar Power Project", "countryCode": "PHL", "osmType": "way", "osmId": 536249425, "highway": null, "place": null, "power": "line", "landuse": null, "name": null, "voltage": "230000", "circuits": null, "cables": "6", "frequency": null, "substationTag": null, "lineTag": null, "operator": null, "location": null }, "geometry": { "type": "LineString", "coordinates": [ [ 120.1996578, 14.8197403 ], [ 120.1995951, 14.820679 ], [ 120.1999645, 14.8229412 ], [ 120.2005818, 14.8246962 ], [ 120.2012631, 14.8273445 ], [ 120.2019887, 14.8293429 ], [ 120.2017886, 14.8319741 ], [ 120.2015204, 14.8343076 ], [ 120.2007747, 14.8365349 ], [ 120.2000103, 14.8383576 ], [ 120.2003053, 14.840341 ], [ 120.2003804, 14.8429234 ], [ 120.1994792, 14.8448212 ], [ 120.198417, 14.8468539 ], [ 120.196341, 14.8485676 ], [ 120.1946673, 14.8502062 ], [ 120.1926798, 14.8519717 ], [ 120.1912207, 14.8532369 ], [ 120.1898171, 14.854537 ], [ 120.1878162, 14.8559396 ], [ 120.1856918, 14.8575885 ], [ 120.1838599, 14.8591362 ], [ 120.1817088, 14.8607565 ], [ 120.1795576, 14.8611143 ], [ 120.1774119, 14.8613943 ], [ 120.1755558, 14.8622653 ], [ 120.1747082, 14.8638001 ], [ 120.1745634, 14.8655292 ], [ 120.1757221, 14.8678106 ], [ 120.1765482, 14.869366 ], [ 120.177318, 14.8711936 ], [ 120.1784687, 14.873296 ], [ 120.1797025, 14.8758158 ], [ 120.1824303, 14.8777004 ], [ 120.1842005, 14.879038 ], [ 120.1873655, 14.8812985 ], [ 120.1905578, 14.8837548 ], [ 120.1925936, 14.8853853 ], [ 120.1947454, 14.8868266 ], [ 120.1964647, 14.8880345 ], [ 120.1987714, 14.889849 ], [ 120.2011586, 14.8900694 ], [ 120.2035511, 14.8904323 ], [ 120.2052489, 14.8906993 ], [ 120.2078802, 14.8910777 ], [ 120.2101654, 14.8914095 ], [ 120.2116353, 14.8916998 ], [ 120.2142907, 14.8922105 ], [ 120.2156185, 14.8930949 ], [ 120.2169891, 14.8942744 ], [ 120.2183982, 14.8954952 ], [ 120.2199288, 14.8976752 ], [ 120.2212592, 14.8998628 ], [ 120.2219888, 14.9018017 ], [ 120.2216454, 14.9035953 ], [ 120.2214416, 14.905192 ], [ 120.221514, 14.9079939 ], [ 120.2214976, 14.9105137 ], [ 120.2215435, 14.9128252 ], [ 120.2215841, 14.91419 ] ] } },
{ "type": "Feature", "properties": { "contextFeatureId": "PHL-S-001::transmission::way::536254660", "projectId": "PHL-S-001", "projectName": "Olongapo Solar Power Project", "countryCode": "PHL", "osmType": "way", "osmId": 536254660, "highway": null, "place": null, "power": "line", "landuse": null, "name": null, "voltage": "230000", "circuits": null, "cables": "3", "frequency": null, "substationTag": null, "lineTag": null, "operator": "National Grid Corporation of the Philippines", "location": null }, "geometry": { "type": "LineString", "coordinates": [ [ 120.2215841, 14.91419 ], [ 120.2232376, 14.9136324 ], [ 120.2237002, 14.9134764 ], [ 120.2262, 14.912253 ], [ 120.2289225, 14.911294 ], [ 120.2342011, 14.9091791 ], [ 120.2382248, 14.9047872 ], [ 120.2397752, 14.9017001 ], [ 120.2429522, 14.8996291 ], [ 120.2453787, 14.8968613 ], [ 120.2479505, 14.8942329 ], [ 120.2499619, 14.8918909 ], [ 120.2513138, 14.8903097 ], [ 120.2557555, 14.8853073 ], [ 120.2581091, 14.8826132 ], [ 120.2605415, 14.879839 ], [ 120.2631637, 14.8768332 ], [ 120.2671897, 14.8722254 ], [ 120.2695679, 14.8695386 ], [ 120.270065, 14.8672624 ], [ 120.2705451, 14.864832 ], [ 120.2712071, 14.8603378 ], [ 120.2716523, 14.8555831 ], [ 120.2720896, 14.8533373 ], [ 120.2724744, 14.8495087 ], [ 120.2728352, 14.84549 ], [ 120.2732429, 14.8422055 ], [ 120.27275, 14.840377 ], [ 120.2719608, 14.8378337 ], [ 120.2714567, 14.8374851 ] ] } },
{ "type": "Feature", "properties": { "contextFeatureId": "PHL-S-001::transmission::way::896867834", "projectId": "PHL-S-001", "projectName": "Olongapo Solar Power Project", "countryCode": "PHL", "osmType": "way", "osmId": 896867834, "highway": null, "place": null, "power": "line", "landuse": null, "name": "Castillejos–Balsik", "voltage": "500000;230000", "circuits": "2", "cables": null, "frequency": null, "substationTag": null, "lineTag": null, "operator": "National Grid Corporation of the Philippines", "location": null }, "geometry": { "type": "LineString", "coordinates": [ [ 120.3341362, 14.8756278 ], [ 120.3318705, 14.8762744 ], [ 120.330124, 14.8768989 ], [ 120.3263229, 14.8780945 ], [ 120.3227851, 14.8792 ], [ 120.319208, 14.8804515 ], [ 120.3169462, 14.8813855 ], [ 120.3146424, 14.8820942 ], [ 120.3119835, 14.8828889 ], [ 120.3110823, 14.883367 ], [ 120.310876, 14.8834765 ], [ 120.3092386, 14.8846806 ], [ 120.303052, 14.8865993 ], [ 120.3028654, 14.8866336 ], [ 120.3024677, 14.8867066 ], [ 120.3010185, 14.8869727 ], [ 120.3006522, 14.8870399 ], [ 120.298662, 14.886416 ], [ 120.298335, 14.8863135 ], [ 120.2960101, 14.8873247 ], [ 120.2928927, 14.8888524 ], [ 120.2909959, 14.8891381 ], [ 120.2906791, 14.8891858 ], [ 120.287541, 14.891591 ] ] } },
{ "type": "Feature", "properties": { "contextFeatureId": "PHL-S-001::transmission::way::899496940", "projectId": "PHL-S-001", "projectName": "Olongapo Solar Power Project", "countryCode": "PHL", "osmType": "way", "osmId": 899496940, "highway": null, "place": null, "power": "line", "landuse": null, "name": "Castillejos–Balsik", "voltage": "500000;230000", "circuits": "2", "cables": null, "frequency": null, "substationTag": null, "lineTag": null, "operator": "National Grid Corporation of the Philippines", "location": null }, "geometry": { "type": "LineString", "coordinates": [ [ 120.2754307, 14.8934354 ], [ 120.2725781, 14.8946788 ], [ 120.2703649, 14.8962595 ], [ 120.2670209, 14.8957284 ], [ 120.2640665, 14.8972634 ], [ 120.2611121, 14.8980742 ], [ 120.2587436, 14.8988493 ], [ 120.2566258, 14.8994806 ], [ 120.2540204, 14.9002606 ], [ 120.2525408, 14.9010975 ], [ 120.2495571, 14.9039857 ] ] } },
{ "type": "Feature", "properties": { "contextFeatureId": "PHL-S-001::transmission::way::899496941", "projectId": "PHL-S-001", "projectName": "Olongapo Solar Power Project", "countryCode": "PHL", "osmType": "way", "osmId": 899496941, "highway": null, "place": null, "power": "line", "landuse": null, "name": "Castillejos–Balsik", "voltage": "500000;230000", "circuits": "2", "cables": null, "frequency": null, "substationTag": null, "lineTag": null, "operator": "National Grid Corporation of the Philippines", "location": null }, "geometry": { "type": "LineString", "coordinates": [ [ 120.2495571, 14.9039857 ], [ 120.248012, 14.9054287 ], [ 120.2464213, 14.9065627 ], [ 120.2443866, 14.9080815 ], [ 120.2421745, 14.9108629 ], [ 120.2391984, 14.9142826 ], [ 120.2373062, 14.9166378 ], [ 120.2372752, 14.916677 ], [ 120.2359109, 14.9184029 ] ] } },
{ "type": "Feature", "properties": { "contextFeatureId": "PHL-S-001::transmission::way::907944886", "projectId": "PHL-S-001", "projectName": "Olongapo Solar Power Project", "countryCode": "PHL", "osmType": "way", "osmId": 907944886, "highway": null, "place": null, "power": "line", "landuse": null, "name": "Castillejos–Balsik", "voltage": "500000", "circuits": "2", "cables": null, "frequency": null, "substationTag": null, "lineTag": null, "operator": "National Grid Corporation of the Philippines", "location": null }, "geometry": { "type": "LineString", "coordinates": [ [ 120.2359109, 14.9184029 ], [ 120.2342977, 14.920532 ], [ 120.2325615, 14.9224996 ], [ 120.2332966, 14.9264064 ], [ 120.233765, 14.9288677 ], [ 120.2333709, 14.9316131 ], [ 120.2328692, 14.9350945 ], [ 120.2323203, 14.9383769 ], [ 120.2317328, 14.9414528 ], [ 120.2308617, 14.9433789 ], [ 120.2299673, 14.9453901 ], [ 120.2285467, 14.9486637 ], [ 120.2269816, 14.9522536 ], [ 120.2252337, 14.9541168 ], [ 120.2224562, 14.9567941 ], [ 120.219611, 14.958781 ] ] } },
{ "type": "Feature", "properties": { "contextFeatureId": "PHL-S-001::transmission::way::1024688007", "projectId": "PHL-S-001", "projectName": "Olongapo Solar Power Project", "countryCode": "PHL", "osmType": "way", "osmId": 1024688007, "highway": null, "place": null, "power": "line", "landuse": null, "name": "Castillejos–Balsik", "voltage": "500000;230000", "circuits": "2", "cables": null, "frequency": null, "substationTag": null, "lineTag": null, "operator": "National Grid Corporation of the Philippines", "location": null }, "geometry": { "type": "LineString", "coordinates": [ [ 120.287541, 14.891591 ], [ 120.2854656, 14.893683 ], [ 120.2835213, 14.8937068 ], [ 120.280526, 14.8937434 ], [ 120.2754307, 14.8934354 ] ] } },
{ "type": "Feature", "properties": { "contextFeatureId": "PHL-S-001::transmission::way::1062721518", "projectId": "PHL-S-001", "projectName": "Olongapo Solar Power Project", "countryCode": "PHL", "osmType": "way", "osmId": 1062721518, "highway": null, "place": null, "power": "line", "landuse": null, "name": null, "voltage": "230000", "circuits": "1", "cables": null, "frequency": null, "substationTag": null, "lineTag": null, "operator": null, "location": null }, "geometry": { "type": "LineString", "coordinates": [ [ 120.3064238, 14.8342322 ], [ 120.3054699, 14.8329199 ], [ 120.3054854, 14.8313764 ], [ 120.3041878, 14.8301395 ] ] } },
{ "type": "Feature", "properties": { "contextFeatureId": "PHL-S-001::transmission::way::1119246170", "projectId": "PHL-S-001", "projectName": "Olongapo Solar Power Project", "countryCode": "PHL", "osmType": "way", "osmId": 1119246170, "highway": null, "place": null, "power": "line", "landuse": null, "name": null, "voltage": "230000", "circuits": "1", "cables": null, "frequency": null, "substationTag": null, "lineTag": null, "operator": null, "location": null }, "geometry": { "type": "LineString", "coordinates": [ [ 120.2714353, 14.8378017 ], [ 120.271807, 14.8379447 ] ] } },
{ "type": "Feature", "properties": { "contextFeatureId": "PHL-S-001::transmission::way::1119246536", "projectId": "PHL-S-001", "projectName": "Olongapo Solar Power Project", "countryCode": "PHL", "osmType": "way", "osmId": 1119246536, "highway": null, "place": null, "power": "line", "landuse": null, "name": null, "voltage": "230000", "circuits": "1", "cables": null, "frequency": null, "substationTag": null, "lineTag": null, "operator": null, "location": null }, "geometry": { "type": "LineString", "coordinates": [ [ 120.271807, 14.8379447 ], [ 120.271505, 14.837678 ] ] } },
{ "type": "Feature", "properties": { "contextFeatureId": "PHL-S-001::transmission::way::1177475693", "projectId": "PHL-S-001", "projectName": "Olongapo Solar Power Project", "countryCode": "PHL", "osmType": "way", "osmId": 1177475693, "highway": null, "place": null, "power": "line", "landuse": null, "name": null, "voltage": "69000", "circuits": null, "cables": null, "frequency": "60", "substationTag": null, "lineTag": null, "operator": "Peninsula Electric Cooperative", "location": null }, "geometry": { "type": "LineString", "coordinates": [ [ 120.4696028, 14.8630824 ], [ 120.4692785, 14.8635711 ], [ 120.4689218, 14.8640186 ], [ 120.4685857, 14.8643697 ], [ 120.4682021, 14.8647534 ], [ 120.467545, 14.8653833 ], [ 120.4669281, 14.8658577 ], [ 120.466456, 14.8661844 ], [ 120.4659038, 14.8665117 ], [ 120.4648223, 14.8670819 ], [ 120.4643705, 14.8672615 ], [ 120.4638753, 14.8674262 ], [ 120.4632454, 14.8675947 ], [ 120.4628486, 14.8676773 ], [ 120.4623774, 14.8677617 ], [ 120.4619927, 14.8678095 ], [ 120.4615948, 14.8678467 ], [ 120.4610955, 14.8678709 ], [ 120.4601272, 14.8678589 ], [ 120.4596495, 14.8678324 ], [ 120.4589535, 14.8677554 ], [ 120.4582879, 14.867615 ], [ 120.4574169, 14.8673688 ], [ 120.4568825, 14.8672161 ], [ 120.4559143, 14.8668913 ], [ 120.4555632, 14.8667771 ], [ 120.4551509, 14.8666388 ], [ 120.4545811, 14.866454 ], [ 120.4540895, 14.8662872 ], [ 120.453464, 14.866068 ], [ 120.4528181, 14.8658645 ], [ 120.4523741, 14.8657162 ], [ 120.4518051, 14.8655364 ], [ 120.4513465, 14.8653937 ], [ 120.4509407, 14.8652645 ], [ 120.4505645, 14.8651551 ], [ 120.4501204, 14.8650149 ], [ 120.4496344, 14.8648579 ], [ 120.4490126, 14.8646471 ], [ 120.4480564, 14.8643677 ], [ 120.4475066, 14.8641862 ], [ 120.4469218, 14.8639892 ], [ 120.446408, 14.863809 ], [ 120.4459659, 14.8636675 ], [ 120.4453775, 14.8634644 ], [ 120.4446957, 14.8632433 ], [ 120.4440606, 14.8630356 ], [ 120.4429982, 14.8626339 ], [ 120.4424704, 14.8623247 ], [ 120.4419848, 14.8620268 ], [ 120.4415925, 14.8617627 ], [ 120.4411521, 14.8614732 ], [ 120.4405633, 14.8611141 ], [ 120.4400282, 14.8607589 ], [ 120.4394448, 14.8603623 ], [ 120.4388936, 14.8599955 ], [ 120.4379576, 14.8594147 ], [ 120.4375177, 14.8591283 ], [ 120.4370778, 14.8588418 ], [ 120.4364864, 14.8584348 ], [ 120.4360156, 14.8581353 ], [ 120.4355771, 14.8578346 ], [ 120.4350299, 14.8574755 ], [ 120.4345847, 14.8571852 ], [ 120.4341944, 14.8569233 ], [ 120.4335949, 14.8565357 ], [ 120.4330491, 14.8561702 ], [ 120.4325851, 14.8558357 ], [ 120.4320714, 14.855452 ], [ 120.4315015, 14.8550282 ], [ 120.4309691, 14.8546406 ], [ 120.4304983, 14.8542841 ], [ 120.4299217, 14.8538485 ], [ 120.4294053, 14.8534519 ], [ 120.4288716, 14.8530643 ], [ 120.4279106, 14.8523296 ], [ 120.4274576, 14.8520081 ], [ 120.4269639, 14.8516266 ], [ 120.4263659, 14.8511852 ], [ 120.4259552, 14.8508851 ], [ 120.4253977, 14.8504764 ], [ 120.4248384, 14.8500357 ], [ 120.4238818, 14.8493215 ], [ 120.4233899, 14.8489502 ], [ 120.4229, 14.8485808 ], [ 120.4224061, 14.8482251 ], [ 120.4219121, 14.8478617 ], [ 120.4214771, 14.8475139 ], [ 120.4211203, 14.8472409 ], [ 120.4205315, 14.846896 ], [ 120.4197657, 14.8467379 ], [ 120.4186713, 14.8467934 ], [ 120.4180853, 14.8468953 ], [ 120.4174536, 14.8469876 ], [ 120.4168035, 14.8470859 ], [ 120.4155757, 14.847284 ], [ 120.4149172, 14.8473845 ], [ 120.4143576, 14.8474674 ], [ 120.4136949, 14.847548 ], [ 120.4131705, 14.8475244 ], [ 120.4126725, 14.8474085 ], [ 120.4114975, 14.8471256 ], [ 120.4098266, 14.8467581 ], [ 120.4091924, 14.8466186 ], [ 120.4083959, 14.8464189 ], [ 120.4078937, 14.8463005 ], [ 120.4073267, 14.8461638 ], [ 120.4066334, 14.846 ], [ 120.4059125, 14.8458422 ], [ 120.4046616, 14.8455741 ], [ 120.4039159, 14.8456247 ], [ 120.4033768, 14.8463306 ], [ 120.4030409, 14.846822 ], [ 120.4026989, 14.8473342 ], [ 120.402246, 14.847775 ], [ 120.4014057, 14.8481339 ], [ 120.4009719, 14.8480288 ], [ 120.4005294, 14.8480115 ], [ 120.3998287, 14.8479755 ], [ 120.399296, 14.8479422 ], [ 120.3987493, 14.8479122 ], [ 120.3981202, 14.8478849 ], [ 120.3974601, 14.8478507 ], [ 120.3968018, 14.847825 ], [ 120.3962373, 14.8478045 ], [ 120.3955843, 14.8477908 ], [ 120.3950393, 14.847784 ], [ 120.3944465, 14.8480371 ], [ 120.3941149, 14.8482084 ], [ 120.3936625, 14.848499 ], [ 120.393254, 14.8488129 ], [ 120.3923377, 14.8495271 ], [ 120.3919342, 14.8498414 ], [ 120.3914446, 14.8502202 ], [ 120.3909537, 14.8504078 ], [ 120.3901839, 14.8502885 ], [ 120.3902328, 14.8500165 ], [ 120.3903124, 14.849778 ] ] } },
{ "type": "Feature", "properties": { "contextFeatureId": "PHL-S-001::transmission::way::1354657276", "projectId": "PHL-S-001", "projectName": "Olongapo Solar Power Project", "countryCode": "PHL", "osmType": "way", "osmId": 1354657276, "highway": null, "place": null, "power": "line", "landuse": null, "name": null, "voltage": "230000", "circuits": "2", "cables": null, "frequency": "60", "substationTag": null, "lineTag": null, "operator": "AP Renewables, Inc.", "location": null }, "geometry": { "type": "LineString", "coordinates": [ [ 120.3161438, 14.8800613 ], [ 120.3122767, 14.881482 ], [ 120.3102754, 14.882072 ], [ 120.3012147, 14.8818788 ], [ 120.2969752, 14.8843852 ], [ 120.2929945, 14.8847425 ], [ 120.2894743, 14.8870055 ], [ 120.2873714, 14.8883535 ], [ 120.2843256, 14.8899506 ], [ 120.2827163, 14.8894322 ], [ 120.2801199, 14.88881 ], [ 120.278296, 14.8891626 ], [ 120.2768583, 14.8911326 ], [ 120.2736171, 14.8927791 ], [ 120.2720697, 14.8935142 ], [ 120.2688676, 14.8950976 ], [ 120.2677446, 14.8967006 ], [ 120.2662201, 14.898833 ], [ 120.2638558, 14.901585 ], [ 120.2605138, 14.9054765 ], [ 120.2570601, 14.9086337 ], [ 120.2548929, 14.9102406 ], [ 120.2542447, 14.9111849 ], [ 120.2511133, 14.9156301 ], [ 120.2444177, 14.9217377 ], [ 120.24051, 14.9241939 ], [ 120.2394422, 14.9256645 ], [ 120.2384352, 14.9271279 ], [ 120.2361557, 14.929066 ], [ 120.2345646, 14.93129 ], [ 120.2341773, 14.9334722 ], [ 120.2338671, 14.9352568 ], [ 120.2334316, 14.9388535 ], [ 120.233319, 14.9417534 ], [ 120.2329632, 14.9434706 ], [ 120.2323144, 14.944904 ], [ 120.231783, 14.9460556 ], [ 120.2297188, 14.9477276 ], [ 120.228548, 14.9497912 ], [ 120.2271875, 14.9499089 ], [ 120.2258452, 14.9495334 ], [ 120.2214282, 14.9508619 ], [ 120.2212769, 14.9535245 ], [ 120.2210637, 14.9567176 ], [ 120.2201721, 14.9576335 ], [ 120.2185304, 14.9582051 ] ] } },
{ "type": "Feature", "properties": { "contextFeatureId": "PHL-S-001::transmission::way::1365642456", "projectId": "PHL-S-001", "projectName": "Olongapo Solar Power Project", "countryCode": "PHL", "osmType": "way", "osmId": 1365642456, "highway": null, "place": null, "power": "line", "landuse": null, "name": "Castillejos–Balsik", "voltage": "500000;230000", "circuits": "2", "cables": "6", "frequency": "60", "substationTag": null, "lineTag": null, "operator": "National Grid Corporation of the Philippines", "location": null }, "geometry": { "type": "LineString", "coordinates": [ [ 120.4903681, 14.8704836 ], [ 120.4872585, 14.8689712 ], [ 120.4844682, 14.8676734 ], [ 120.4813632, 14.8659585 ], [ 120.4795934, 14.8647877 ], [ 120.4777346, 14.8635444 ], [ 120.4754832, 14.8620901 ], [ 120.4742171, 14.8613579 ], [ 120.4728107, 14.860476 ], [ 120.4718065, 14.8595401 ], [ 120.4705965, 14.8591148 ], [ 120.4694078, 14.8584176 ], [ 120.4656969, 14.858657 ], [ 120.4622742, 14.858878 ], [ 120.4591379, 14.8590969 ], [ 120.4554001, 14.8593205 ], [ 120.4525858, 14.8595076 ], [ 120.4494861, 14.8585368 ], [ 120.4468901, 14.8577203 ], [ 120.4437956, 14.856813 ], [ 120.4399057, 14.8555414 ], [ 120.4367438, 14.8562828 ], [ 120.4332385, 14.8570633 ], [ 120.4299013, 14.8574234 ], [ 120.4265564, 14.8563101 ], [ 120.4235729, 14.855339 ], [ 120.4200006, 14.8541854 ], [ 120.4185744, 14.8560575 ], [ 120.4147586, 14.8560705 ], [ 120.4117251, 14.8559704 ], [ 120.4052915, 14.8561509 ], [ 120.4026394, 14.8561517 ], [ 120.3993539, 14.8560766 ], [ 120.3956315, 14.8565795 ], [ 120.3919757, 14.856345 ], [ 120.3898733, 14.8574988 ], [ 120.387395, 14.8588767 ], [ 120.3845012, 14.8602279 ], [ 120.3813944, 14.8626511 ], [ 120.3796885, 14.8639993 ], [ 120.3766147, 14.8647977 ], [ 120.3747586, 14.8653058 ], [ 120.371261, 14.8669132 ], [ 120.3658697, 14.8692463 ], [ 120.3603469, 14.8709424 ], [ 120.3556988, 14.8703455 ], [ 120.349476, 14.8706513 ], [ 120.3467724, 14.8721238 ], [ 120.3415475, 14.8730363 ], [ 120.3386795, 14.8740944 ], [ 120.3341362, 14.8756278 ] ] } },
{ "type": "Feature", "properties": { "contextFeatureId": "PHL-S-002::transmission::way::156772591", "projectId": "PHL-S-002", "projectName": "Cayanga-Bugallon Solar Power Plant", "countryCode": "PHL", "osmType": "way", "osmId": 156772591, "highway": null, "place": null, "power": "line", "landuse": null, "name": null, "voltage": "230000", "circuits": null, "cables": "6", "frequency": null, "substationTag": null, "lineTag": null, "operator": "National Grid Corporation of the Philippines", "location": null }, "geometry": { "type": "LineString", "coordinates": [ [ 120.1607567, 15.9793851 ], [ 120.1570517, 15.9812454 ], [ 120.1556502, 15.9819574 ], [ 120.1538587, 15.9844472 ], [ 120.1518082, 15.9870597 ], [ 120.1515107, 15.9894017 ], [ 120.1510639, 15.9930315 ], [ 120.1508777, 15.9952657 ], [ 120.150698, 15.9978079 ], [ 120.1504969, 16.0005796 ], [ 120.1502046, 16.00454 ], [ 120.1500167, 16.0072367 ], [ 120.1494858, 16.0092684 ], [ 120.1481071, 16.0122978 ], [ 120.1465783, 16.0152755 ], [ 120.1451943, 16.017704 ], [ 120.1435608, 16.0204806 ], [ 120.1400956, 16.0247265 ], [ 120.1365282, 16.0290675 ], [ 120.1331916, 16.0328622 ], [ 120.1300695, 16.0362959 ], [ 120.125499, 16.0391933 ], [ 120.120576, 16.0423114 ], [ 120.1182693, 16.0437653 ], [ 120.1137348, 16.0466278 ], [ 120.1112634, 16.0481577 ], [ 120.1078248, 16.05039 ], [ 120.1044903, 16.0524998 ], [ 120.1024229, 16.0538027 ], [ 120.0999643, 16.0553609 ], [ 120.0977167, 16.0568147 ], [ 120.0929761, 16.0597672 ], [ 120.0916327, 16.0606274 ], [ 120.0879765, 16.0629685 ], [ 120.0818986, 16.066845 ], [ 120.0787926, 16.0688039 ], [ 120.0770277, 16.0699173 ], [ 120.0751593, 16.0708722 ], [ 120.0729545, 16.0717176 ], [ 120.0681104, 16.0736816 ], [ 120.0642368, 16.075201 ], [ 120.0626993, 16.075804 ], [ 120.0607588, 16.0762115 ], [ 120.0568505, 16.0767692 ], [ 120.0531506, 16.0772677 ], [ 120.0498875, 16.0777073 ], [ 120.0458159, 16.0783156 ], [ 120.0418908, 16.0789019 ], [ 120.0375134, 16.079505 ], [ 120.0335813, 16.0796029 ], [ 120.029676, 16.07967 ], [ 120.0260319, 16.0797125 ], [ 120.0237054, 16.0797473 ], [ 120.0201579, 16.0802382 ], [ 120.016553, 16.0807434 ], [ 120.0130447, 16.081831 ], [ 120.0099119, 16.082831 ], [ 120.0069845, 16.0837317 ], [ 120.0040072, 16.0841389 ], [ 120.0010881, 16.0845607 ], [ 119.998255, 16.08497 ], [ 119.9954671, 16.0853347 ], [ 119.9922186, 16.0857889 ], [ 119.9899792, 16.0861014 ], [ 119.987702, 16.0863812 ], [ 119.9847306, 16.0856737 ], [ 119.9822561, 16.0851867 ], [ 119.9798684, 16.0846593 ], [ 119.9781802, 16.084288 ], [ 119.975227, 16.0835993 ], [ 119.9730122, 16.0831348 ], [ 119.9713588, 16.0823572 ], [ 119.9688572, 16.0810047 ], [ 119.9664065, 16.0797457 ], [ 119.9643742, 16.078775 ], [ 119.9628928, 16.0771607 ], [ 119.9613943, 16.075598 ], [ 119.9598668, 16.0738865 ], [ 119.9574927, 16.0711802 ], [ 119.9553801, 16.0689652 ], [ 119.9536894, 16.0671262 ], [ 119.9517525, 16.0649143 ], [ 119.9498891, 16.0628975 ], [ 119.9480478, 16.0609671 ], [ 119.9463112, 16.0590527 ], [ 119.9443135, 16.0568265 ], [ 119.9418525, 16.0541831 ], [ 119.939959, 16.0521421 ], [ 119.9382992, 16.0502731 ], [ 119.9372081, 16.0490492 ], [ 119.9346338, 16.0462152 ], [ 119.932098, 16.0435117 ], [ 119.9305389, 16.0418985 ], [ 119.928582, 16.0398583 ], [ 119.9255296, 16.0365572 ], [ 119.9237197, 16.0346783 ], [ 119.9216207, 16.0324629 ], [ 119.9203163, 16.0310723 ], [ 119.918446, 16.0290965 ], [ 119.9164601, 16.0269977 ], [ 119.914542, 16.0249508 ], [ 119.9122467, 16.0225011 ], [ 119.9106215, 16.0207667 ], [ 119.9083813, 16.0184388 ], [ 119.9067291, 16.0166857 ], [ 119.9053, 16.0141256 ], [ 119.9034786, 16.0109573 ], [ 119.9018315, 16.008063 ], [ 119.9004801, 16.0056448 ], [ 119.8993788, 16.0036159 ], [ 119.8982096, 16.0015293 ], [ 119.8964037, 15.9985928 ], [ 119.8938301, 15.9948342 ], [ 119.8914051, 15.9929436 ], [ 119.889083, 15.9911635 ], [ 119.8875021, 15.9898031 ], [ 119.8847634, 15.9871083 ], [ 119.8823359, 15.9846103 ], [ 119.8796924, 15.9821672 ], [ 119.8770638, 15.9808367 ], [ 119.8756246, 15.9787609 ], [ 119.8752491, 15.9755532 ], [ 119.8750452, 15.9736656 ], [ 119.8746268, 15.969942 ], [ 119.8743586, 15.9671467 ], [ 119.8740689, 15.9642585 ], [ 119.8737041, 15.9604419 ], [ 119.8732642, 15.9575123 ], [ 119.8728887, 15.9548097 ], [ 119.872363, 15.9511682 ], [ 119.871966, 15.9484036 ], [ 119.8716012, 15.945773 ], [ 119.8725387, 15.9432624 ], [ 119.8736719, 15.9404705 ], [ 119.8750039, 15.936914 ], [ 119.8761771, 15.9339145 ], [ 119.8775971, 15.9302812 ], [ 119.8787941, 15.9262829 ], [ 119.8797187, 15.9239874 ], [ 119.8805813, 15.9218797 ], [ 119.8814718, 15.9195171 ], [ 119.8822979, 15.9172679 ], [ 119.8831347, 15.9151012 ], [ 119.8838321, 15.9132853 ], [ 119.8850337, 15.9123773 ], [ 119.8870937, 15.9108709 ], [ 119.8890892, 15.9094574 ], [ 119.8914153, 15.9073438 ], [ 119.8933486, 15.9053405 ], [ 119.896011, 15.9029699 ], [ 119.8978864, 15.9012855 ], [ 119.9001287, 15.8992631 ], [ 119.9013539, 15.897656 ], [ 119.9033465, 15.894933 ], [ 119.9051283, 15.8925663 ], [ 119.906802, 15.8903271 ], [ 119.9071775, 15.888965 ], [ 119.9079178, 15.8862202 ], [ 119.9085208, 15.8839319 ], [ 119.909495, 15.880266 ], [ 119.910371, 15.8767878 ], [ 119.9121664, 15.8747451 ], [ 119.9142714, 15.872178 ], [ 119.9157949, 15.8703617 ], [ 119.9175115, 15.8683803 ], [ 119.9195693, 15.8659009 ], [ 119.9214118, 15.8636481 ], [ 119.9235648, 15.8610745 ], [ 119.9253436, 15.8590199 ], [ 119.927845, 15.8567771 ], [ 119.9290266, 15.8542367 ], [ 119.9315042, 15.8513352 ], [ 119.9331273, 15.8494356 ], [ 119.9354076, 15.8467431 ], [ 119.93742, 15.8444064 ], [ 119.9393886, 15.8420776 ], [ 119.9416867, 15.8394321 ], [ 119.9427033, 15.8369057 ], [ 119.943622, 15.8346678 ], [ 119.9447483, 15.8319699 ], [ 119.946025, 15.8287565 ], [ 119.9465474, 15.8248763 ], [ 119.9470382, 15.8213911 ], [ 119.9455857, 15.8178642 ], [ 119.9445785, 15.815279 ], [ 119.9433891, 15.8122222 ], [ 119.9424927, 15.8098983 ], [ 119.9409348, 15.8062256 ], [ 119.9406022, 15.8031674 ], [ 119.9401778, 15.8002221 ], [ 119.9397609, 15.7971343 ], [ 119.9377744, 15.794374 ], [ 119.9366295, 15.7927681 ], [ 119.9345604, 15.7900242 ], [ 119.9320991, 15.788021 ], [ 119.92938, 15.7859148 ], [ 119.926906, 15.7838938 ], [ 119.9244617, 15.7819706 ], [ 119.9219404, 15.7799367 ], [ 119.9196251, 15.7780809 ], [ 119.9174171, 15.776443 ], [ 119.9148272, 15.774444 ], [ 119.91322, 15.773187 ], [ 119.9131508, 15.771996 ], [ 119.9129604, 15.7696946 ], [ 119.9146663, 15.7665454 ], [ 119.9163046, 15.7634676 ], [ 119.9181338, 15.7601566 ], [ 119.9201594, 15.7565194 ], [ 119.9211465, 15.7546917 ], [ 119.9227724, 15.7512956 ], [ 119.9234409, 15.7484451 ], [ 119.9243222, 15.7447065 ], [ 119.9252127, 15.7409627 ], [ 119.9255391, 15.7395397 ], [ 119.926972, 15.7368023 ], [ 119.9286752, 15.7335333 ], [ 119.9302812, 15.7305717 ], [ 119.9320035, 15.7273715 ], [ 119.9338117, 15.7229092 ], [ 119.9347488, 15.7199754 ], [ 119.9356091, 15.7174643 ], [ 119.9370812, 15.7130117 ], [ 119.9382342, 15.7095091 ], [ 119.939291, 15.7061242 ], [ 119.9407082, 15.7019408 ], [ 119.941848, 15.6984925 ], [ 119.9424377, 15.6965447 ], [ 119.9431899, 15.6942739 ], [ 119.9438842, 15.6921022 ], [ 119.9451342, 15.688304 ], [ 119.9461904, 15.6851828 ], [ 119.9467927, 15.6832021 ], [ 119.9483047, 15.6787504 ], [ 119.9492013, 15.6760379 ], [ 119.9501522, 15.6729783 ], [ 119.950885, 15.6706369 ], [ 119.9502514, 15.6673535 ], [ 119.9497988, 15.6650208 ], [ 119.9492304, 15.6620727 ], [ 119.9484483, 15.6577522 ], [ 119.9476765, 15.6541034 ], [ 119.9472112, 15.6486421 ], [ 119.9473031, 15.6458372 ], [ 119.947361, 15.6425886 ], [ 119.9474998, 15.6389706 ], [ 119.9476131, 15.6353427 ], [ 119.947675, 15.6317305 ], [ 119.9478081, 15.6282214 ], [ 119.9491709, 15.6257018 ], [ 119.9510079, 15.622002 ], [ 119.9514345, 15.6181293 ], [ 119.9515627, 15.6141663 ], [ 119.950636, 15.6125086 ], [ 119.9484592, 15.607187 ], [ 119.9485334, 15.6050714 ], [ 119.949346, 15.6024146 ], [ 119.9503373, 15.5991795 ], [ 119.9514073, 15.5957859 ], [ 119.95245, 15.5924026 ], [ 119.9534649, 15.5889959 ], [ 119.9541243, 15.587161 ] ] } },
{ "type": "Feature", "properties": { "contextFeatureId": "PHL-S-002::transmission::way::157339502", "projectId": "PHL-S-002", "projectName": "Cayanga-Bugallon Solar Power Plant", "countryCode": "PHL", "osmType": "way", "osmId": 157339502, "highway": null, "place": null, "power": "line", "landuse": null, "name": "Bolo–Balingueo", "voltage": "230000", "circuits": "2", "cables": "6", "frequency": null, "substationTag": null, "lineTag": null, "operator": "National Grid Corporation of the Philippines", "location": null }, "geometry": { "type": "LineString", "coordinates": [ [ 120.400985, 15.9575426 ], [ 120.3990981, 15.9567122 ], [ 120.3983316, 15.955916 ], [ 120.3969229, 15.9533207 ], [ 120.3955443, 15.9509791 ], [ 120.3943628, 15.9486051 ], [ 120.3930793, 15.9461164 ], [ 120.3919233, 15.9438301 ], [ 120.3906668, 15.9406244 ], [ 120.389887, 15.9376405 ], [ 120.3885352, 15.9347932 ], [ 120.3871914, 15.9314996 ], [ 120.3850132, 15.9258819 ], [ 120.3838599, 15.9228409 ], [ 120.381582, 15.9169699 ], [ 120.379013, 15.9148512 ], [ 120.3766073, 15.9128113 ], [ 120.3742628, 15.9109382 ], [ 120.3719663, 15.9090484 ], [ 120.3698612, 15.9070077 ], [ 120.3673046, 15.9045292 ], [ 120.3644674, 15.901848 ], [ 120.3621446, 15.8996244 ], [ 120.3601592, 15.897683 ], [ 120.3580349, 15.8956554 ], [ 120.3559173, 15.8936259 ], [ 120.3536785, 15.8914922 ], [ 120.3514152, 15.8893351 ], [ 120.3490393, 15.8870562 ], [ 120.3470384, 15.8851265 ], [ 120.3448497, 15.8830317 ], [ 120.3421836, 15.8817573 ], [ 120.339592, 15.8805123 ], [ 120.336846, 15.8791775 ], [ 120.3334566, 15.8775838 ], [ 120.3299994, 15.8759583 ], [ 120.3272437, 15.8746627 ], [ 120.3242924, 15.8747455 ], [ 120.3210148, 15.8748376 ], [ 120.3179305, 15.8749243 ], [ 120.3149907, 15.8749981 ], [ 120.3117721, 15.875079 ], [ 120.3089086, 15.8751479 ], [ 120.3052925, 15.8752406 ], [ 120.3014945, 15.8744563 ], [ 120.2975938, 15.8736557 ], [ 120.2942793, 15.8729754 ], [ 120.2913879, 15.8723768 ], [ 120.2884494, 15.8717586 ], [ 120.2865562, 15.8713603 ], [ 120.2847099, 15.8709763 ], [ 120.2828102, 15.8705812 ], [ 120.278288, 15.8701374 ], [ 120.2759381, 15.8700706 ], [ 120.2731708, 15.8699364 ], [ 120.2701523, 15.8698142 ], [ 120.2666888, 15.8696888 ], [ 120.2637821, 15.8695734 ], [ 120.2611131, 15.870596 ], [ 120.2584783, 15.8716054 ], [ 120.2553605, 15.8727999 ], [ 120.2526686, 15.8738786 ], [ 120.2494757, 15.875158 ], [ 120.2463911, 15.8764221 ], [ 120.2436928, 15.8783364 ], [ 120.2408497, 15.8803642 ], [ 120.2384894, 15.8820101 ], [ 120.236327, 15.8835565 ], [ 120.233833, 15.8853226 ], [ 120.2311674, 15.8872731 ], [ 120.2286883, 15.8890944 ], [ 120.2261678, 15.890926 ], [ 120.2237104, 15.8927264 ], [ 120.2209847, 15.8946854 ], [ 120.218737, 15.8963261 ], [ 120.215653, 15.8985358 ], [ 120.2125299, 15.9008537 ], [ 120.2099667, 15.902756 ], [ 120.2066247, 15.9051859 ], [ 120.2036416, 15.9074131 ], [ 120.2024673, 15.9094885 ], [ 120.2010296, 15.912068 ], [ 120.199549, 15.9146732 ], [ 120.1979987, 15.9174486 ], [ 120.1964637, 15.9201474 ], [ 120.1952398, 15.9223449 ], [ 120.1937072, 15.925104 ], [ 120.1923817, 15.9274805 ], [ 120.190767, 15.9303589 ], [ 120.1892631, 15.9330558 ], [ 120.1875483, 15.9361311 ], [ 120.1861434, 15.9386705 ], [ 120.1847272, 15.9411722 ], [ 120.1833877, 15.9435413 ], [ 120.1821396, 15.9459867 ], [ 120.180438, 15.9490532 ], [ 120.1785736, 15.9521056 ], [ 120.1765083, 15.9549063 ], [ 120.1747225, 15.9572907 ], [ 120.172764, 15.9599247 ], [ 120.1709245, 15.9623452 ], [ 120.1689933, 15.964893 ], [ 120.1673357, 15.9670746 ], [ 120.1658501, 15.9690344 ], [ 120.1634197, 15.972245 ], [ 120.1615395, 15.9747566 ], [ 120.1606115, 15.9759811 ] ] } },
{ "type": "Feature", "properties": { "contextFeatureId": "PHL-S-002::transmission::way::157339669", "projectId": "PHL-S-002", "projectName": "Cayanga-Bugallon Solar Power Plant", "countryCode": "PHL", "osmType": "way", "osmId": 157339669, "highway": null, "place": null, "power": "line", "landuse": null, "name": null, "voltage": "230000", "circuits": null, "cables": "3", "frequency": null, "substationTag": null, "lineTag": null, "operator": null, "location": null }, "geometry": { "type": "LineString", "coordinates": [ [ 120.1623595, 15.9783516 ], [ 120.1619821, 15.9787353 ], [ 120.1619204, 15.9788172 ], [ 120.1615638, 15.9792906 ], [ 120.1614114, 15.9794938 ] ] } },
{ "type": "Feature", "properties": { "contextFeatureId": "PHL-S-002::transmission::way::157355356", "projectId": "PHL-S-002", "projectName": "Cayanga-Bugallon Solar Power Plant", "countryCode": "PHL", "osmType": "way", "osmId": 157355356, "highway": null, "place": null, "power": "line", "landuse": null, "name": null, "voltage": "500000", "circuits": null, "cables": "3", "frequency": null, "substationTag": null, "lineTag": null, "operator": null, "location": null }, "geometry": { "type": "LineString", "coordinates": [ [ 120.1627914, 15.9772276 ], [ 120.1630823, 15.9768507 ], [ 120.1632132, 15.9766802 ], [ 120.1636869, 15.976095 ] ] } },
{ "type": "Feature", "properties": { "contextFeatureId": "PHL-S-002::transmission::way::161851190", "projectId": "PHL-S-002", "projectName": "Cayanga-Bugallon Solar Power Plant", "countryCode": "PHL", "osmType": "way", "osmId": 161851190, "highway": null, "place": null, "power": "line", "landuse": null, "name": null, "voltage": "230000", "circuits": null, "cables": "6", "frequency": null, "substationTag": null, "lineTag": null, "operator": null, "location": null }, "geometry": { "type": "LineString", "coordinates": [ [ 120.0974938, 16.1278299 ], [ 120.0968967, 16.1275566 ], [ 120.0911959, 16.1249473 ], [ 120.0864156, 16.1217213 ], [ 120.0832629, 16.1195099 ], [ 120.0798118, 16.1170415 ], [ 120.0755313, 16.1149092 ], [ 120.0720456, 16.1135908 ], [ 120.0689231, 16.1110383 ], [ 120.0662957, 16.1088843 ], [ 120.0634107, 16.1048285 ], [ 120.061149, 16.1023036 ], [ 120.058702, 16.1006606 ], [ 120.0576927, 16.0988143 ], [ 120.055842, 16.0952786 ], [ 120.0541254, 16.0917531 ], [ 120.0523944, 16.0883654 ], [ 120.0512674, 16.0849964 ], [ 120.0517779, 16.0822197 ], [ 120.053884, 16.0788156 ], [ 120.0558366, 16.0777434 ], [ 120.0594737, 16.0772744 ], [ 120.0620824, 16.0769174 ], [ 120.064189, 16.0760252 ], [ 120.0672575, 16.0748396 ], [ 120.0687327, 16.0742726 ], [ 120.0732388, 16.0724478 ], [ 120.0763716, 16.0711798 ], [ 120.0779273, 16.0702364 ], [ 120.0829267, 16.0669528 ], [ 120.0881894, 16.0636227 ], [ 120.0919231, 16.0614422 ], [ 120.0951739, 16.0594987 ], [ 120.0979902, 16.0577769 ], [ 120.1012733, 16.055653 ], [ 120.1026144, 16.0548746 ], [ 120.1053448, 16.053261 ], [ 120.1082738, 16.0514721 ], [ 120.1114013, 16.0496111 ], [ 120.113547, 16.048281 ], [ 120.116696, 16.0463219 ], [ 120.1187934, 16.0450485 ], [ 120.1224734, 16.0434864 ], [ 120.1260005, 16.0420671 ], [ 120.1289322, 16.038898 ], [ 120.1304718, 16.0370987 ], [ 120.1326015, 16.0346807 ], [ 120.1344254, 16.0325513 ], [ 120.1361688, 16.0304684 ], [ 120.1372256, 16.0292619 ], [ 120.1386311, 16.0274625 ], [ 120.1409217, 16.0248382 ], [ 120.1425118, 16.0227783 ], [ 120.1440776, 16.0207877 ], [ 120.145893, 16.018454 ], [ 120.1486093, 16.0149628 ], [ 120.1507907, 16.0121826 ], [ 120.1508116, 16.011861 ], [ 120.1509939, 16.009058 ], [ 120.1510344, 16.0067052 ], [ 120.1510903, 16.0039872 ], [ 120.151157, 16.0014751 ], [ 120.1512962, 15.9991456 ], [ 120.1515486, 15.995612 ], [ 120.1517605, 15.9926675 ], [ 120.1523315, 15.9900058 ], [ 120.1528368, 15.9873263 ], [ 120.1550024, 15.9840324 ], [ 120.1576737, 15.9821788 ], [ 120.1611659, 15.979667 ] ] } },
{ "type": "Feature", "properties": { "contextFeatureId": "PHL-S-002::transmission::way::247291921", "projectId": "PHL-S-002", "projectName": "Cayanga-Bugallon Solar Power Plant", "countryCode": "PHL", "osmType": "way", "osmId": 247291921, "highway": null, "place": null, "power": "line", "landuse": null, "name": null, "voltage": "230000", "circuits": null, "cables": "3", "frequency": null, "substationTag": null, "lineTag": null, "operator": null, "location": null }, "geometry": { "type": "LineString", "coordinates": [ [ 120.1496442, 16.0110307 ], [ 120.1498576, 16.0104292 ], [ 120.1499004, 16.0101243 ], [ 120.1502665, 16.0094982 ], [ 120.1503259, 16.0093966 ], [ 120.1504647, 16.0080385 ], [ 120.1505672, 16.006651 ], [ 120.1506561, 16.0052239 ], [ 120.1507898, 16.003477 ], [ 120.1508809, 16.0017542 ], [ 120.1509971, 15.9999342 ], [ 120.1511474, 15.9983289 ], [ 120.1512346, 15.996671 ], [ 120.1513424, 15.995208 ], [ 120.1515047, 15.993076 ], [ 120.1516096, 15.9925422 ], [ 120.1518515, 15.990437 ], [ 120.1520028, 15.9896734 ], [ 120.1522269, 15.9878671 ], [ 120.1523102, 15.9871656 ], [ 120.1527582, 15.9865356 ], [ 120.1541612, 15.984784 ], [ 120.155005, 15.9836531 ], [ 120.1557677, 15.9830847 ], [ 120.1570434, 15.9821874 ], [ 120.1586454, 15.9811228 ], [ 120.1600375, 15.9801536 ], [ 120.1606472, 15.9797455 ], [ 120.1609548, 15.9795396 ], [ 120.1612418, 15.9791711 ] ] } },
{ "type": "Feature", "properties": { "contextFeatureId": "PHL-S-002::transmission::way::247291922", "projectId": "PHL-S-002", "projectName": "Cayanga-Bugallon Solar Power Plant", "countryCode": "PHL", "osmType": "way", "osmId": 247291922, "highway": null, "place": null, "power": "line", "landuse": null, "name": null, "voltage": "230000", "circuits": null, "cables": "3", "frequency": null, "substationTag": null, "lineTag": null, "operator": null, "location": null }, "geometry": { "type": "LineString", "coordinates": [ [ 120.1607567, 15.9793851 ], [ 120.1608638, 15.9791789 ], [ 120.1609019, 15.9791055 ], [ 120.1609709, 15.9789726 ], [ 120.1610241, 15.9789021 ], [ 120.1613741, 15.9784402 ], [ 120.1614456, 15.978346 ] ] } },
{ "type": "Feature", "properties": { "contextFeatureId": "PHL-S-002::transmission::way::247291924", "projectId": "PHL-S-002", "projectName": "Cayanga-Bugallon Solar Power Plant", "countryCode": "PHL", "osmType": "way", "osmId": 247291924, "highway": null, "place": null, "power": "line", "landuse": null, "name": null, "voltage": "230000", "circuits": null, "cables": "3", "frequency": null, "substationTag": null, "lineTag": null, "operator": null, "location": null }, "geometry": { "type": "LineString", "coordinates": [ [ 120.1611659, 15.979667 ], [ 120.1611901, 15.9796 ], [ 120.1612267, 15.979499 ], [ 120.1612632, 15.979398 ] ] } },
{ "type": "Feature", "properties": { "contextFeatureId": "PHL-S-002::transmission::way::247291927", "projectId": "PHL-S-002", "projectName": "Cayanga-Bugallon Solar Power Plant", "countryCode": "PHL", "osmType": "way", "osmId": 247291927, "highway": null, "place": null, "power": "line", "landuse": null, "name": null, "voltage": "230000", "circuits": null, "cables": "3", "frequency": null, "substationTag": null, "lineTag": null, "operator": null, "location": null }, "geometry": { "type": "LineString", "coordinates": [ [ 120.1613276, 15.9779411 ], [ 120.1613115, 15.9782531 ], [ 120.16124, 15.9783477 ], [ 120.1608924, 15.9788073 ], [ 120.1608395, 15.9788772 ] ] } },
{ "type": "Feature", "properties": { "contextFeatureId": "PHL-S-002::transmission::way::247291928", "projectId": "PHL-S-002", "projectName": "Cayanga-Bugallon Solar Power Plant", "countryCode": "PHL", "osmType": "way", "osmId": 247291928, "highway": null, "place": null, "power": "line", "landuse": null, "name": "Bolo-Nagsaag", "voltage": "500000", "circuits": "2", "cables": "6", "frequency": "60", "substationTag": null, "lineTag": null, "operator": "National Grid Corporation of the Philippines", "location": null }, "geometry": { "type": "LineString", "coordinates": [ [ 120.1636869, 15.976095 ], [ 120.1651688, 15.9729469 ], [ 120.1667511, 15.9696667 ], [ 120.1683714, 15.9663455 ], [ 120.1681462, 15.9654652 ], [ 120.1707319, 15.9621335 ], [ 120.1724485, 15.9597609 ], [ 120.1743797, 15.9572234 ], [ 120.1760319, 15.9549849 ], [ 120.1783386, 15.9518799 ], [ 120.1803235, 15.9485273 ], [ 120.1815573, 15.946299 ], [ 120.1831559, 15.9433285 ], [ 120.1848451, 15.9402502 ], [ 120.1865162, 15.9372747 ], [ 120.1883999, 15.9338965 ], [ 120.1900009, 15.9309591 ], [ 120.1916043, 15.9281689 ], [ 120.193116, 15.9254754 ], [ 120.1949389, 15.9221817 ], [ 120.1961212, 15.9200795 ], [ 120.1979615, 15.9168246 ], [ 120.1995925, 15.9140079 ], [ 120.2014378, 15.9106753 ], [ 120.2034017, 15.9071982 ], [ 120.2069095, 15.9046186 ], [ 120.2098814, 15.9024106 ], [ 120.2119457, 15.9008631 ], [ 120.2154637, 15.8983157 ], [ 120.2186171, 15.8959933 ], [ 120.2209515, 15.8942639 ], [ 120.2235392, 15.8924119 ], [ 120.2263491, 15.8903541 ], [ 120.2288916, 15.8884859 ], [ 120.2315475, 15.8865539 ], [ 120.2341954, 15.8845868 ], [ 120.2358034, 15.8814346 ], [ 120.2368537, 15.879059 ], [ 120.2403304, 15.8770529 ], [ 120.2433887, 15.8766363 ], [ 120.2462873, 15.8759895 ], [ 120.2509536, 15.8741603 ], [ 120.2551945, 15.8725038 ], [ 120.2584401, 15.8712986 ], [ 120.2611438, 15.870246 ], [ 120.2637617, 15.8692509 ], [ 120.2670573, 15.8693433 ], [ 120.2701582, 15.869453 ], [ 120.2736118, 15.8696132 ], [ 120.2778299, 15.8697344 ], [ 120.2828673, 15.8702669 ], [ 120.2867426, 15.8710694 ], [ 120.2895321, 15.8716628 ], [ 120.2931801, 15.8724029 ], [ 120.2977021, 15.8733191 ], [ 120.3013233, 15.8740747 ], [ 120.3053037, 15.8749106 ], [ 120.3095308, 15.8748383 ], [ 120.3129639, 15.8747226 ], [ 120.3161826, 15.8746627 ], [ 120.3195031, 15.8746142 ], [ 120.323371, 15.8744771 ], [ 120.3272804, 15.8743316 ], [ 120.3303381, 15.8757867 ], [ 120.3336217, 15.8773187 ], [ 120.3371437, 15.878978 ], [ 120.340699, 15.8806717 ], [ 120.3442526, 15.8823421 ], [ 120.3478487, 15.8840359 ], [ 120.3512982, 15.8857975 ], [ 120.3538517, 15.8885527 ], [ 120.3568021, 15.8915348 ], [ 120.3596667, 15.8945995 ], [ 120.3622631, 15.8973649 ], [ 120.3646234, 15.8998207 ], [ 120.3674129, 15.9022764 ], [ 120.3700681, 15.9043636 ], [ 120.371892, 15.9059836 ], [ 120.3735872, 15.9078202 ], [ 120.3764226, 15.9109728 ], [ 120.3792039, 15.9141008 ], [ 120.3818132, 15.9167189 ], [ 120.3846542, 15.9183619 ], [ 120.3878406, 15.9200333 ], [ 120.3902546, 15.9213024 ], [ 120.3931401, 15.9229015 ], [ 120.3968094, 15.9249237 ], [ 120.4017876, 15.927441 ], [ 120.4061006, 15.9301647 ], [ 120.4063084, 15.9302915 ], [ 120.4098128, 15.9317376 ], [ 120.4129992, 15.9329812 ], [ 120.4163477, 15.9343652 ], [ 120.4199043, 15.9352988 ], [ 120.4236948, 15.9366234 ], [ 120.4268611, 15.9378399 ], [ 120.4298181, 15.9399656 ], [ 120.4322152, 15.9415672 ], [ 120.4341349, 15.9434512 ], [ 120.4367415, 15.9456548 ], [ 120.4392637, 15.9478498 ], [ 120.441758, 15.950201 ], [ 120.4437023, 15.9518847 ], [ 120.4460442, 15.9537857 ], [ 120.4488183, 15.9560369 ], [ 120.451549, 15.9581584 ], [ 120.4542427, 15.9604261 ], [ 120.4567064, 15.9624032 ], [ 120.4592359, 15.9645508 ], [ 120.4618211, 15.9666732 ], [ 120.46392, 15.9683697 ], [ 120.4659862, 15.9701142 ], [ 120.4703593, 15.9711721 ], [ 120.4747136, 15.9723239 ], [ 120.4795472, 15.9735545 ], [ 120.4806797, 15.9738442 ], [ 120.4836058, 15.9750821 ], [ 120.4865179, 15.9762826 ], [ 120.4891606, 15.9771484 ], [ 120.4934747, 15.9785646 ], [ 120.4976107, 15.9799058 ], [ 120.5009917, 15.9818143 ], [ 120.5036131, 15.9832774 ], [ 120.5067305, 15.985021 ], [ 120.5111008, 15.9874105 ], [ 120.5142606, 15.9891782 ], [ 120.5181714, 15.9912756 ], [ 120.5214136, 15.9931623 ], [ 120.5244386, 15.9948206 ], [ 120.5279108, 15.9967826 ], [ 120.5316385, 15.9988866 ], [ 120.5347425, 16.0017626 ], [ 120.5380261, 16.0047075 ], [ 120.540921, 16.0075047 ], [ 120.5434994, 16.0098451 ], [ 120.5467027, 16.0115013 ], [ 120.5502134, 16.0133062 ], [ 120.5530894, 16.0147938 ], [ 120.5549935, 16.0157558 ], [ 120.5576994, 16.0169718 ], [ 120.5607646, 16.018308 ], [ 120.564067, 16.0197589 ], [ 120.5671116, 16.0210878 ], [ 120.5708305, 16.0227142 ], [ 120.5739414, 16.0250378 ], [ 120.5766222, 16.0256695 ], [ 120.5793196, 16.0264133 ], [ 120.582394, 16.0281786 ], [ 120.5858085, 16.0301402 ], [ 120.5898094, 16.0325499 ], [ 120.5933472, 16.0346282 ], [ 120.5970265, 16.0367775 ], [ 120.6005135, 16.038796 ], [ 120.6038808, 16.0407732 ], [ 120.6065689, 16.0423786 ], [ 120.6095215, 16.0441449 ], [ 120.6125986, 16.0459578 ], [ 120.6155571, 16.0477293 ], [ 120.6182951, 16.049381 ], [ 120.6211704, 16.0510101 ], [ 120.6245178, 16.053031 ], [ 120.6286034, 16.055524 ], [ 120.6316203, 16.0567623 ], [ 120.6352681, 16.0581851 ], [ 120.6390962, 16.0597512 ], [ 120.6432829, 16.0599671 ], [ 120.6464293, 16.0601353 ], [ 120.6506016, 16.0614511 ] ] } },
{ "type": "Feature", "properties": { "contextFeatureId": "PHL-S-002::transmission::way::247291930", "projectId": "PHL-S-002", "projectName": "Cayanga-Bugallon Solar Power Plant", "countryCode": "PHL", "osmType": "way", "osmId": 247291930, "highway": null, "place": null, "power": "line", "landuse": null, "name": null, "voltage": "230000", "circuits": null, "cables": "3", "frequency": null, "substationTag": null, "lineTag": null, "operator": null, "location": null }, "geometry": { "type": "LineString", "coordinates": [ [ 120.1607567, 15.9793851 ], [ 120.1610943, 15.979068 ] ] } },
{ "type": "Feature", "properties": { "contextFeatureId": "PHL-S-002::transmission::way::247291934", "projectId": "PHL-S-002", "projectName": "Cayanga-Bugallon Solar Power Plant", "countryCode": "PHL", "osmType": "way", "osmId": 247291934, "highway": null, "place": null, "power": "line", "landuse": null, "name": null, "voltage": "500000", "circuits": null, "cables": "3", "frequency": null, "substationTag": null, "lineTag": null, "operator": null, "location": null }, "geometry": { "type": "LineString", "coordinates": [ [ 120.1636869, 15.976095 ], [ 120.1635252, 15.9766852 ], [ 120.163468, 15.9768942 ], [ 120.1633603, 15.9770383 ], [ 120.1630692, 15.9774234 ] ] } },
{ "type": "Feature", "properties": { "contextFeatureId": "PHL-S-002::transmission::way::247291935", "projectId": "PHL-S-002", "projectName": "Cayanga-Bugallon Solar Power Plant", "countryCode": "PHL", "osmType": "way", "osmId": 247291935, "highway": null, "place": null, "power": "line", "landuse": null, "name": null, "voltage": "500000", "circuits": null, "cables": "3", "frequency": null, "substationTag": null, "lineTag": null, "operator": null, "location": null }, "geometry": { "type": "LineString", "coordinates": [ [ 120.1620532, 15.9771327 ], [ 120.1622602, 15.9768537 ], [ 120.1625361, 15.9764819 ], [ 120.1626526, 15.9763244 ], [ 120.1627197, 15.9762374 ] ] } },
{ "type": "Feature", "properties": { "contextFeatureId": "PHL-S-002::transmission::way::247293516", "projectId": "PHL-S-002", "projectName": "Cayanga-Bugallon Solar Power Plant", "countryCode": "PHL", "osmType": "way", "osmId": 247293516, "highway": null, "place": null, "power": "line", "landuse": null, "name": null, "voltage": "230000", "circuits": null, "cables": "6", "frequency": null, "substationTag": null, "lineTag": null, "operator": null, "location": null }, "geometry": { "type": "LineString", "coordinates": [ [ 120.1596807, 15.9771905 ], [ 120.1575806, 15.9799627 ], [ 120.1559311, 15.9821492 ], [ 120.1540749, 15.9846038 ], [ 120.1521224, 15.9871773 ], [ 120.1517967, 15.9895446 ], [ 120.1513149, 15.9930947 ], [ 120.1511728, 15.9953198 ], [ 120.1509664, 15.9982489 ], [ 120.1507357, 16.0015079 ], [ 120.1504942, 16.0049059 ], [ 120.1502769, 16.0080694 ], [ 120.1501429, 16.010145 ] ] } },
{ "type": "Feature", "properties": { "contextFeatureId": "PHL-S-002::transmission::way::247294054", "projectId": "PHL-S-002", "projectName": "Cayanga-Bugallon Solar Power Plant", "countryCode": "PHL", "osmType": "way", "osmId": 247294054, "highway": null, "place": null, "power": "line", "landuse": null, "name": null, "voltage": "500000", "circuits": null, "cables": "3", "frequency": null, "substationTag": null, "lineTag": null, "operator": null, "location": null }, "geometry": { "type": "LineString", "coordinates": [ [ 120.1618319, 15.977985 ], [ 120.1621611, 15.9775371 ], [ 120.1628035, 15.9766624 ], [ 120.1629208, 15.9765023 ], [ 120.1630175, 15.9763947 ] ] } },
{ "type": "Feature", "properties": { "contextFeatureId": "PHL-S-002::transmission::way::487898660", "projectId": "PHL-S-002", "projectName": "Cayanga-Bugallon Solar Power Plant", "countryCode": "PHL", "osmType": "way", "osmId": 487898660, "highway": null, "place": null, "power": "line", "landuse": null, "name": null, "voltage": "230000", "circuits": null, "cables": "3", "frequency": null, "substationTag": null, "lineTag": "busbar", "operator": "National Grid Corporation of the Philippines", "location": null }, "geometry": { "type": "LineString", "coordinates": [ [ 120.1608248, 15.9787586 ], [ 120.1608924, 15.9788073 ], [ 120.1610241, 15.9789021 ], [ 120.1611517, 15.978994 ], [ 120.1612969, 15.9790985 ], [ 120.1614232, 15.9791894 ], [ 120.1615638, 15.9792906 ], [ 120.1616319, 15.9793396 ] ] } },
{ "type": "Feature", "properties": { "contextFeatureId": "PHL-S-002::transmission::way::487898662", "projectId": "PHL-S-002", "projectName": "Cayanga-Bugallon Solar Power Plant", "countryCode": "PHL", "osmType": "way", "osmId": 487898662, "highway": null, "place": null, "power": "line", "landuse": null, "name": null, "voltage": "230000", "circuits": null, "cables": "3", "frequency": null, "substationTag": null, "lineTag": "busbar", "operator": "National Grid Corporation of the Philippines", "location": null }, "geometry": { "type": "LineString", "coordinates": [ [ 120.1611626, 15.9782943 ], [ 120.16124, 15.9783477 ], [ 120.1613741, 15.9784402 ], [ 120.1615097, 15.9785338 ], [ 120.1616524, 15.9786322 ], [ 120.1617817, 15.9787215 ], [ 120.1619204, 15.9788172 ], [ 120.1619787, 15.9788574 ] ] } },
{ "type": "Feature", "properties": { "contextFeatureId": "PHL-S-002::transmission::way::487898664", "projectId": "PHL-S-002", "projectName": "Cayanga-Bugallon Solar Power Plant", "countryCode": "PHL", "osmType": "way", "osmId": 487898664, "highway": null, "place": null, "power": "line", "landuse": null, "name": null, "voltage": "230000", "circuits": null, "cables": "3", "frequency": null, "substationTag": null, "lineTag": null, "operator": "National Grid Corporation of the Philippines", "location": null }, "geometry": { "type": "LineString", "coordinates": [ [ 120.1608395, 15.9788772 ], [ 120.1605712, 15.9792072 ], [ 120.1601662, 15.9789158 ], [ 120.1603892, 15.9765345 ], [ 120.1602322, 15.9764636 ], [ 120.1596807, 15.9771905 ] ] } },
{ "type": "Feature", "properties": { "contextFeatureId": "PHL-S-002::transmission::way::487898665", "projectId": "PHL-S-002", "projectName": "Cayanga-Bugallon Solar Power Plant", "countryCode": "PHL", "osmType": "way", "osmId": 487898665, "highway": null, "place": null, "power": "line", "landuse": null, "name": null, "voltage": "230000", "circuits": null, "cables": "3", "frequency": null, "substationTag": null, "lineTag": null, "operator": null, "location": null }, "geometry": { "type": "LineString", "coordinates": [ [ 120.1610943, 15.979068 ], [ 120.1611517, 15.978994 ], [ 120.1615097, 15.9785338 ], [ 120.1615771, 15.9784463 ] ] } },
{ "type": "Feature", "properties": { "contextFeatureId": "PHL-S-002::transmission::way::487898667", "projectId": "PHL-S-002", "projectName": "Cayanga-Bugallon Solar Power Plant", "countryCode": "PHL", "osmType": "way", "osmId": 487898667, "highway": null, "place": null, "power": "line", "landuse": null, "name": null, "voltage": "220000", "circuits": null, "cables": "3", "frequency": null, "substationTag": null, "lineTag": null, "operator": null, "location": null }, "geometry": { "type": "LineString", "coordinates": [ [ 120.1612418, 15.9791711 ], [ 120.1612969, 15.9790985 ], [ 120.1616524, 15.9786322 ], [ 120.1617192, 15.9785443 ], [ 120.1618319, 15.977985 ] ] } },
{ "type": "Feature", "properties": { "contextFeatureId": "PHL-S-002::transmission::way::487898668", "projectId": "PHL-S-002", "projectName": "Cayanga-Bugallon Solar Power Plant", "countryCode": "PHL", "osmType": "way", "osmId": 487898668, "highway": null, "place": null, "power": "line", "landuse": null, "name": null, "voltage": "230000", "circuits": null, "cables": "3", "frequency": null, "substationTag": null, "lineTag": null, "operator": null, "location": null }, "geometry": { "type": "LineString", "coordinates": [ [ 120.1612632, 15.979398 ], [ 120.1614232, 15.9791894 ], [ 120.1617817, 15.9787215 ], [ 120.1618506, 15.9786319 ], [ 120.162089, 15.9781732 ] ] } },
{ "type": "Feature", "properties": { "contextFeatureId": "PHL-S-002::transmission::way::487898670", "projectId": "PHL-S-002", "projectName": "Cayanga-Bugallon Solar Power Plant", "countryCode": "PHL", "osmType": "way", "osmId": 487898670, "highway": null, "place": null, "power": "line", "landuse": null, "name": null, "voltage": "230000", "circuits": null, "cables": "3", "frequency": null, "substationTag": null, "lineTag": null, "operator": null, "location": null }, "geometry": { "type": "LineString", "coordinates": [ [ 120.1614114, 15.9794938 ], [ 120.1611659, 15.979667 ] ] } },
{ "type": "Feature", "properties": { "contextFeatureId": "PHL-S-002::transmission::way::489382504", "projectId": "PHL-S-002", "projectName": "Cayanga-Bugallon Solar Power Plant", "countryCode": "PHL", "osmType": "way", "osmId": 489382504, "highway": null, "place": null, "power": "line", "landuse": null, "name": null, "voltage": "500000", "circuits": null, "cables": "3", "frequency": null, "substationTag": null, "lineTag": "busbar", "operator": "National Grid Corporation of the Philippines", "location": null }, "geometry": { "type": "LineString", "coordinates": [ [ 120.1628473, 15.9779953 ], [ 120.1627074, 15.9779019 ], [ 120.1624193, 15.9777095 ], [ 120.1621611, 15.9775371 ], [ 120.1618883, 15.9773549 ], [ 120.1617583, 15.9772681 ] ] } },
{ "type": "Feature", "properties": { "contextFeatureId": "PHL-S-002::transmission::way::489382505", "projectId": "PHL-S-002", "projectName": "Cayanga-Bugallon Solar Power Plant", "countryCode": "PHL", "osmType": "way", "osmId": 489382505, "highway": null, "place": null, "power": "line", "landuse": null, "name": null, "voltage": "500000", "circuits": null, "cables": "3", "frequency": null, "substationTag": null, "lineTag": "busbar", "operator": "National Grid Corporation of the Philippines", "location": null }, "geometry": { "type": "LineString", "coordinates": [ [ 120.1624067, 15.9763946 ], [ 120.1625361, 15.9764819 ], [ 120.1628035, 15.9766624 ], [ 120.1630823, 15.9768507 ], [ 120.1633603, 15.9770383 ], [ 120.1635145, 15.9771424 ] ] } },
{ "type": "Feature", "properties": { "contextFeatureId": "PHL-S-002::transmission::way::489382508", "projectId": "PHL-S-002", "projectName": "Cayanga-Bugallon Solar Power Plant", "countryCode": "PHL", "osmType": "way", "osmId": 489382508, "highway": null, "place": null, "power": "line", "landuse": null, "name": null, "voltage": "230000", "circuits": null, "cables": "3", "frequency": null, "substationTag": null, "lineTag": null, "operator": null, "location": null }, "geometry": { "type": "LineString", "coordinates": [ [ 120.1615771, 15.9784463 ], [ 120.1615556, 15.9781884 ], [ 120.1615637, 15.9777916 ] ] } },
{ "type": "Feature", "properties": { "contextFeatureId": "PHL-S-002::transmission::way::687271740", "projectId": "PHL-S-002", "projectName": "Cayanga-Bugallon Solar Power Plant", "countryCode": "PHL", "osmType": "way", "osmId": 687271740, "highway": null, "place": null, "power": "line", "landuse": null, "name": "Castillejos-Bolo", "voltage": "500000", "circuits": "2", "cables": "6", "frequency": "60", "substationTag": null, "lineTag": null, "operator": "National Grid Corporation of the Philippines", "location": null }, "geometry": { "type": "LineString", "coordinates": [ [ 120.2177015, 14.9607749 ], [ 120.2140523, 14.9623116 ], [ 120.2082812, 14.9646837 ], [ 120.2014857, 14.9698421 ], [ 120.1986874, 14.9752502 ], [ 120.1926354, 14.979689 ], [ 120.1892922, 14.9821301 ], [ 120.1861133, 14.9828574 ], [ 120.1835856, 14.9833336 ], [ 120.1798373, 14.9839917 ], [ 120.1756709, 14.9846998 ], [ 120.1725384, 14.9852003 ], [ 120.1690418, 14.9857526 ], [ 120.1661949, 14.9861401 ], [ 120.1626855, 14.9866723 ], [ 120.1590067, 14.9871621 ], [ 120.1549803, 14.9882697 ], [ 120.1529998, 14.9887592 ], [ 120.149387, 14.9892117 ], [ 120.1465382, 14.9910213 ], [ 120.1442317, 14.9928961 ], [ 120.1419632, 14.9946612 ], [ 120.1387652, 14.9971273 ], [ 120.1362399, 14.999122 ], [ 120.1339928, 15.000883 ], [ 120.1320512, 15.0030925 ], [ 120.1301096, 15.0054263 ], [ 120.1285745, 15.0081843 ], [ 120.1268155, 15.0111201 ], [ 120.1252375, 15.0145249 ], [ 120.1245842, 15.0186513 ], [ 120.1241363, 15.0212695 ], [ 120.123077, 15.0273998 ], [ 120.1201754, 15.0303041 ], [ 120.1140874, 15.0321912 ], [ 120.1095768, 15.0353507 ], [ 120.1063024, 15.037778 ], [ 120.1037009, 15.0400671 ], [ 120.1013248, 15.0420948 ], [ 120.0987264, 15.0442242 ], [ 120.096862, 15.0457934 ], [ 120.0937964, 15.0484802 ], [ 120.0927421, 15.0511163 ], [ 120.0914656, 15.054482 ], [ 120.0904148, 15.057289 ], [ 120.089033, 15.0609817 ], [ 120.0877035, 15.0644255 ], [ 120.0863998, 15.0677199 ], [ 120.0851284, 15.0708769 ], [ 120.083326, 15.07567 ], [ 120.0813885, 15.0809209 ], [ 120.0798134, 15.0855145 ], [ 120.078024, 15.090837 ], [ 120.0766423, 15.094956 ], [ 120.0750726, 15.1002534 ], [ 120.0737476, 15.1054668 ], [ 120.0730706, 15.1081498 ], [ 120.0721441, 15.1118212 ], [ 120.0715758, 15.1141348 ], [ 120.0709741, 15.1169365 ], [ 120.0696167, 15.1233511 ], [ 120.0684336, 15.1290677 ], [ 120.0678357, 15.1319469 ], [ 120.067349, 15.1342905 ], [ 120.0664987, 15.1383353 ], [ 120.0660612, 15.14051 ], [ 120.0655127, 15.1432366 ], [ 120.0646377, 15.1470315 ], [ 120.0641089, 15.149669 ], [ 120.0634648, 15.1528819 ], [ 120.0628035, 15.1559269 ], [ 120.0620157, 15.1595545 ], [ 120.0616029, 15.1614552 ], [ 120.0608849, 15.1638078 ], [ 120.0602206, 15.1659842 ], [ 120.0597411, 15.1675553 ], [ 120.0590986, 15.1692803 ], [ 120.0584696, 15.1709692 ], [ 120.0579018, 15.1724935 ], [ 120.0574692, 15.1736551 ], [ 120.0567244, 15.1757698 ], [ 120.0558297, 15.1783105 ], [ 120.055112, 15.1803483 ], [ 120.0541988, 15.1827006 ], [ 120.0526865, 15.1865961 ], [ 120.0515528, 15.18969 ], [ 120.0506213, 15.1922321 ], [ 120.0495131, 15.1949815 ], [ 120.0486242, 15.1971866 ], [ 120.0475219, 15.2000766 ], [ 120.0464302, 15.2029383 ], [ 120.0455562, 15.2052297 ], [ 120.0448091, 15.2071866 ], [ 120.0439304, 15.2094878 ], [ 120.0428644, 15.2122799 ], [ 120.0418033, 15.2153324 ], [ 120.0411244, 15.2172856 ], [ 120.0401619, 15.2196713 ], [ 120.0390679, 15.2223828 ], [ 120.0383367, 15.2242752 ], [ 120.0366188, 15.228721 ], [ 120.0352341, 15.2324267 ], [ 120.0343094, 15.2349013 ], [ 120.0334444, 15.2372976 ], [ 120.0320096, 15.2412723 ], [ 120.0308099, 15.2444525 ], [ 120.0294903, 15.2479505 ], [ 120.0280817, 15.2518332 ], [ 120.0267986, 15.2553695 ], [ 120.0259627, 15.2576736 ], [ 120.0247438, 15.2613172 ], [ 120.0238324, 15.2640414 ], [ 120.0231967, 15.2659417 ], [ 120.0220949, 15.2692352 ], [ 120.0208064, 15.271955 ], [ 120.0194467, 15.2748251 ], [ 120.0183342, 15.2771734 ], [ 120.0169224, 15.2800735 ], [ 120.0157464, 15.2824893 ], [ 120.0136162, 15.2870233 ], [ 120.0126316, 15.2891191 ], [ 120.0119399, 15.2905913 ], [ 120.0121282, 15.2937757 ], [ 120.0122402, 15.2956702 ], [ 120.0123937, 15.2982672 ], [ 120.0135289, 15.2999891 ], [ 120.0142736, 15.3011187 ], [ 120.0124431, 15.3026325 ], [ 120.0110075, 15.3038197 ], [ 120.0101814, 15.3075451 ], [ 120.0071022, 15.3113946 ], [ 120.0039265, 15.3148404 ], [ 120.001888, 15.3179034 ], [ 120.0010025, 15.3191496 ], [ 119.9991307, 15.3217837 ], [ 119.9967596, 15.3251777 ], [ 119.9944799, 15.3283279 ], [ 119.9925935, 15.3309941 ], [ 119.9906909, 15.3341621 ], [ 119.9891379, 15.336687 ], [ 119.9875686, 15.3392433 ], [ 119.9861132, 15.3416976 ], [ 119.983926, 15.3453986 ], [ 119.9819583, 15.3487388 ], [ 119.9801125, 15.3519066 ], [ 119.9778278, 15.355725 ], [ 119.9760796, 15.3586574 ], [ 119.9747705, 15.3620366 ], [ 119.9744046, 15.3655178 ], [ 119.9740044, 15.3694292 ], [ 119.9735806, 15.3735362 ], [ 119.9732217, 15.3771586 ], [ 119.9729342, 15.380865 ], [ 119.9726446, 15.3840198 ], [ 119.972318, 15.3873885 ], [ 119.9719729, 15.3911433 ], [ 119.9715785, 15.3956704 ], [ 119.9712335, 15.4003162 ], [ 119.9709007, 15.4042965 ], [ 119.9704694, 15.4086688 ], [ 119.970001, 15.4139321 ], [ 119.969619, 15.4183518 ], [ 119.9691876, 15.4224506 ], [ 119.9686823, 15.4277967 ], [ 119.9683249, 15.4322517 ], [ 119.9679191, 15.4371237 ], [ 119.9676947, 15.4398178 ], [ 119.9677055, 15.4430822 ], [ 119.9677134, 15.4454716 ], [ 119.9681057, 15.4480914 ], [ 119.968498, 15.4507111 ], [ 119.9687625, 15.4541573 ], [ 119.9690023, 15.4572828 ], [ 119.9692397, 15.4607448 ], [ 119.9694913, 15.4644147 ], [ 119.969758, 15.4683048 ], [ 119.9701231, 15.47363 ], [ 119.970422, 15.4806511 ], [ 119.9706892, 15.4852212 ], [ 119.9708703, 15.4883199 ], [ 119.9711646, 15.4924987 ], [ 119.9714307, 15.4962765 ], [ 119.9716208, 15.4999108 ], [ 119.9717857, 15.5030627 ], [ 119.9719704, 15.5064237 ], [ 119.9722527, 15.5115587 ], [ 119.9723838, 15.5153056 ], [ 119.9725329, 15.5195683 ], [ 119.9727197, 15.524086 ], [ 119.9729065, 15.5286036 ], [ 119.9714402, 15.5336733 ], [ 119.9705901, 15.5366126 ], [ 119.9693285, 15.5402493 ], [ 119.9683112, 15.5431816 ], [ 119.9670917, 15.5466735 ], [ 119.9662937, 15.5489585 ], [ 119.9646873, 15.5538354 ], [ 119.9634656, 15.5576158 ], [ 119.9618455, 15.5628146 ], [ 119.9605292, 15.5669497 ], [ 119.9597574, 15.5693743 ], [ 119.9584449, 15.573652 ], [ 119.9569366, 15.5785677 ], [ 119.95522, 15.5844171 ], [ 119.9536321, 15.5904729 ], [ 119.9519435, 15.5957664 ], [ 119.9512718, 15.597872 ], [ 119.950541, 15.6002517 ], [ 119.9497046, 15.6030361 ], [ 119.9489981, 15.6052338 ], [ 119.9491849, 15.6076819 ], [ 119.9509877, 15.6120304 ], [ 119.9524331, 15.614885 ], [ 119.9521408, 15.6182089 ], [ 119.9517916, 15.6220175 ], [ 119.9497939, 15.6258809 ], [ 119.9483079, 15.6287275 ], [ 119.9481698, 15.6319807 ], [ 119.9480561, 15.6356484 ], [ 119.9478624, 15.6404794 ], [ 119.9477493, 15.6458982 ], [ 119.9476503, 15.6489887 ], [ 119.9482159, 15.6541486 ], [ 119.9490076, 15.6580559 ], [ 119.9498135, 15.6625485 ], [ 119.9508032, 15.6673268 ], [ 119.9517647, 15.6718601 ], [ 119.9500398, 15.6762026 ], [ 119.9483855, 15.6806403 ], [ 119.946703, 15.6853911 ], [ 119.9452891, 15.6898014 ], [ 119.9437621, 15.6945519 ], [ 119.9422917, 15.699207 ], [ 119.9403959, 15.7050369 ], [ 119.9389113, 15.7095965 ], [ 119.9371016, 15.7153265 ], [ 119.9348818, 15.7221996 ], [ 119.9336158, 15.7251887 ], [ 119.9324878, 15.7278521 ], [ 119.9308839, 15.7308648 ], [ 119.9294056, 15.7336418 ], [ 119.9274229, 15.7374814 ], [ 119.926286, 15.739683 ], [ 119.9255971, 15.7427134 ], [ 119.9245488, 15.7473242 ], [ 119.923746, 15.7509098 ], [ 119.9230917, 15.7538324 ], [ 119.9211181, 15.7569817 ], [ 119.9194865, 15.7595854 ], [ 119.9167452, 15.7640308 ], [ 119.9134443, 15.769979 ], [ 119.9137571, 15.7720432 ], [ 119.9152467, 15.7738199 ], [ 119.9183903, 15.7762669 ], [ 119.9215338, 15.7787138 ], [ 119.9242194, 15.7809314 ], [ 119.9280355, 15.7840825 ], [ 119.930941, 15.7863678 ], [ 119.9330717, 15.7880436 ], [ 119.9352024, 15.7897195 ], [ 119.9376116, 15.7928105 ], [ 119.9402235, 15.7961616 ], [ 119.9414255, 15.8013035 ], [ 119.9420045, 15.8037803 ], [ 119.9431009, 15.8090695 ], [ 119.9450339, 15.8142244 ], [ 119.946673, 15.8184277 ], [ 119.9477205, 15.8211136 ], [ 119.9470673, 15.8252399 ], [ 119.9465128, 15.8290223 ], [ 119.9448736, 15.832686 ], [ 119.9428155, 15.8375828 ], [ 119.941151, 15.8415998 ], [ 119.9377822, 15.8452949 ], [ 119.9344026, 15.8490311 ], [ 119.9318712, 15.851902 ], [ 119.9297216, 15.8543399 ], [ 119.9279621, 15.8580966 ], [ 119.9241426, 15.861461 ], [ 119.9205546, 15.8658768 ], [ 119.9168868, 15.8703341 ], [ 119.9131388, 15.8745882 ], [ 119.9116757, 15.8772391 ], [ 119.9109384, 15.879605 ], [ 119.9096914, 15.8840668 ], [ 119.9079728, 15.8902115 ], [ 119.9041912, 15.8951282 ], [ 119.9007644, 15.8995953 ], [ 119.896417, 15.9034358 ], [ 119.8917299, 15.9077801 ], [ 119.8875667, 15.9114706 ], [ 119.8841499, 15.9143788 ], [ 119.8820403, 15.919691 ], [ 119.8802651, 15.9241839 ], [ 119.8783631, 15.9303614 ], [ 119.8760601, 15.9362072 ], [ 119.8737438, 15.9422783 ], [ 119.8733328, 15.9464992 ], [ 119.8739756, 15.9504367 ], [ 119.874491, 15.9535937 ], [ 119.8750504, 15.9581174 ], [ 119.8756492, 15.96296 ], [ 119.8761436, 15.9669737 ], [ 119.8765738, 15.9704664 ], [ 119.8769649, 15.9750721 ], [ 119.8772605, 15.978553 ], [ 119.8824316, 15.9840046 ], [ 119.8852178, 15.9869419 ], [ 119.8888735, 15.9888043 ], [ 119.8910457, 15.9922222 ], [ 119.8940948, 15.9945436 ], [ 119.8963308, 15.997928 ], [ 119.8979205, 16.0002827 ], [ 119.8996689, 16.0032697 ], [ 119.901488, 16.0063996 ], [ 119.9030594, 16.0091484 ], [ 119.9046591, 16.0119788 ], [ 119.9062234, 16.0147683 ], [ 119.9071719, 16.0165917 ], [ 119.9093309, 16.0189049 ], [ 119.9115393, 16.0211228 ], [ 119.9132806, 16.0230346 ], [ 119.915574, 16.0254974 ], [ 119.9179709, 16.0280598 ], [ 119.9203899, 16.0305015 ], [ 119.9224727, 16.0327637 ], [ 119.9251813, 16.0357349 ], [ 119.927563, 16.0382484 ], [ 119.9300288, 16.0408695 ], [ 119.9323918, 16.0434098 ], [ 119.9352499, 16.0463809 ], [ 119.9380131, 16.0494041 ], [ 119.9408133, 16.0524457 ], [ 119.9435277, 16.0553945 ], [ 119.9466165, 16.0573874 ], [ 119.9482874, 16.0607976 ], [ 119.9506777, 16.0632932 ], [ 119.9531088, 16.0659419 ], [ 119.9550484, 16.0680473 ], [ 119.9571873, 16.07036 ], [ 119.9590984, 16.0723802 ], [ 119.9613494, 16.0750192 ], [ 119.9636735, 16.0775996 ], [ 119.9653179, 16.0789166 ], [ 119.9668941, 16.0797574 ], [ 119.9694388, 16.0810217 ], [ 119.9715046, 16.0821377 ], [ 119.9731191, 16.0829251 ], [ 119.9764466, 16.0836949 ], [ 119.9802055, 16.0845475 ], [ 119.9830462, 16.0851455 ], [ 119.9854699, 16.0856674 ], [ 119.9877689, 16.0861103 ], [ 119.9902732, 16.0858056 ], [ 119.9945664, 16.0852197 ], [ 119.9984344, 16.0847141 ], [ 120.0015154, 16.0842582 ], [ 120.0040942, 16.0835591 ], [ 120.0069935, 16.0828845 ], [ 120.0097973, 16.0821562 ], [ 120.0128968, 16.0813036 ], [ 120.0165078, 16.0802082 ], [ 120.0201743, 16.0797938 ], [ 120.0235696, 16.0793971 ], [ 120.0276489, 16.0793319 ], [ 120.0308561, 16.0788545 ], [ 120.0339671, 16.0791066 ], [ 120.03757, 16.079059 ], [ 120.0419232, 16.0785489 ], [ 120.0460145, 16.0779776 ], [ 120.0490936, 16.0776375 ], [ 120.0532982, 16.0769777 ], [ 120.0572267, 16.0764336 ], [ 120.0609994, 16.0757943 ], [ 120.0644466, 16.0745564 ], [ 120.0680071, 16.0731756 ], [ 120.0720913, 16.0715024 ], [ 120.0758216, 16.0699108 ], [ 120.0819379, 16.0661558 ], [ 120.08771, 16.0624339 ], [ 120.0940615, 16.0584439 ], [ 120.1010889, 16.0539899 ], [ 120.1068717, 16.0504121 ], [ 120.1122683, 16.0468962 ], [ 120.1184159, 16.0430296 ], [ 120.1240486, 16.0394413 ], [ 120.1293271, 16.0359458 ], [ 120.1333939, 16.0316181 ], [ 120.1372453, 16.0273803 ], [ 120.1398388, 16.022732 ], [ 120.1421177, 16.0197787 ], [ 120.1447233, 16.0163585 ], [ 120.1463577, 16.0127588 ], [ 120.1482536, 16.009545 ], [ 120.14887, 16.0060797 ], [ 120.1490627, 16.0032105 ], [ 120.1493428, 16.0003108 ], [ 120.1498065, 15.9953607 ], [ 120.1501887, 15.9906932 ], [ 120.1506841, 15.98608 ], [ 120.1544638, 15.9815347 ], [ 120.1570128, 15.9788691 ], [ 120.1618454, 15.9763554 ], [ 120.1622602, 15.9768537 ] ] } },
{ "type": "Feature", "properties": { "contextFeatureId": "PHL-S-002::transmission::way::1139148155", "projectId": "PHL-S-002", "projectName": "Cayanga-Bugallon Solar Power Plant", "countryCode": "PHL", "osmType": "way", "osmId": 1139148155, "highway": null, "place": null, "power": "line", "landuse": null, "name": null, "voltage": "500000", "circuits": null, "cables": null, "frequency": "60", "substationTag": null, "lineTag": null, "operator": null, "location": null }, "geometry": { "type": "LineString", "coordinates": [ [ 120.1625361, 15.9764819 ], [ 120.1618454, 15.9763554 ] ] } },
{ "type": "Feature", "properties": { "contextFeatureId": "PHL-S-002::transmission::way::1147688179", "projectId": "PHL-S-002", "projectName": "Cayanga-Bugallon Solar Power Plant", "countryCode": "PHL", "osmType": "way", "osmId": 1147688179, "highway": null, "place": null, "power": "line", "landuse": null, "name": "Bolo-Balaoan Transmission Line", "voltage": "500000", "circuits": null, "cables": null, "frequency": "60", "substationTag": null, "lineTag": null, "operator": "National Grid Corporation of the Philippines", "location": null }, "geometry": { "type": "LineString", "coordinates": [ [ 120.1627197, 15.9762374 ], [ 120.1632386, 15.9758124 ] ] } },
{ "type": "Feature", "properties": { "contextFeatureId": "PHL-S-002::transmission::way::1147688180", "projectId": "PHL-S-002", "projectName": "Cayanga-Bugallon Solar Power Plant", "countryCode": "PHL", "osmType": "way", "osmId": 1147688180, "highway": null, "place": null, "power": "line", "landuse": null, "name": null, "voltage": "500000", "circuits": null, "cables": null, "frequency": "60", "substationTag": null, "lineTag": null, "operator": "National Grid Corporation of the Philippines", "location": null }, "geometry": { "type": "LineString", "coordinates": [ [ 120.1632386, 15.9758124 ], [ 120.1630175, 15.9763947 ] ] } },
{ "type": "Feature", "properties": { "contextFeatureId": "PHL-S-002::transmission::way::1289893167", "projectId": "PHL-S-002", "projectName": "Cayanga-Bugallon Solar Power Plant", "countryCode": "PHL", "osmType": "way", "osmId": 1289893167, "highway": null, "place": null, "power": "line", "landuse": null, "name": "Bugallon Solar Power - Bolo Transmission Line", "voltage": "230000", "circuits": "2", "cables": "6", "frequency": "60", "substationTag": null, "lineTag": null, "operator": "PetroGreen Energy Corporation", "location": null }, "geometry": { "type": "LineString", "coordinates": [ [ 120.1606115, 15.9759811 ], [ 120.1604142, 15.9757014 ], [ 120.1593996, 15.9742944 ], [ 120.1590174, 15.973294 ], [ 120.1592156, 15.9712933 ], [ 120.1568797, 15.9683943 ], [ 120.1553646, 15.9679326 ], [ 120.1539493, 15.9673122 ], [ 120.1514718, 15.9662438 ], [ 120.1495263, 15.9642174 ], [ 120.1471552, 15.9632711 ], [ 120.1446837, 15.9617318 ], [ 120.1431477, 15.9595404 ], [ 120.141023, 15.9567687 ], [ 120.1419231, 15.9541912 ], [ 120.1421893, 15.9493295 ], [ 120.1414622, 15.9477239 ], [ 120.1395766, 15.9447673 ], [ 120.1381134, 15.9424384 ], [ 120.1369576, 15.9411893 ], [ 120.1351183, 15.939712 ], [ 120.1343467, 15.9398084 ] ] } },
{ "type": "Feature", "properties": { "contextFeatureId": "PHL-S-002::transmission::way::1290420121", "projectId": "PHL-S-002", "projectName": "Cayanga-Bugallon Solar Power Plant", "countryCode": "PHL", "osmType": "way", "osmId": 1290420121, "highway": null, "place": null, "power": "line", "landuse": null, "name": "Bugallon Solar Power - Bolo Transmission Line", "voltage": "230000", "circuits": "2", "cables": "6", "frequency": "60", "substationTag": null, "lineTag": null, "operator": "PV Sinag Power", "location": null }, "geometry": { "type": "LineString", "coordinates": [ [ 120.1614456, 15.978346 ], [ 120.1614773, 15.9780005 ], [ 120.1613276, 15.9779411 ] ] } },
{ "type": "Feature", "properties": { "contextFeatureId": "PHL-S-002::transmission::way::1290420122", "projectId": "PHL-S-002", "projectName": "Cayanga-Bugallon Solar Power Plant", "countryCode": "PHL", "osmType": "way", "osmId": 1290420122, "highway": null, "place": null, "power": "line", "landuse": null, "name": null, "voltage": "230000", "circuits": null, "cables": "6", "frequency": null, "substationTag": null, "lineTag": null, "operator": "National Grid Corporation of the Philippines", "location": null }, "geometry": { "type": "LineString", "coordinates": [ [ 120.1613276, 15.9779411 ], [ 120.1606115, 15.9759811 ] ] } },
{ "type": "Feature", "properties": { "contextFeatureId": "PHL-S-002::transmission::way::1329553927", "projectId": "PHL-S-002", "projectName": "Cayanga-Bugallon Solar Power Plant", "countryCode": "PHL", "osmType": "way", "osmId": 1329553927, "highway": null, "place": null, "power": "line", "landuse": null, "name": null, "voltage": "230000", "circuits": "2", "cables": "6", "frequency": "60", "substationTag": null, "lineTag": null, "operator": null, "location": null }, "geometry": { "type": "LineString", "coordinates": [ [ 120.1343467, 15.9398084 ], [ 120.1350482, 15.9393529 ], [ 120.1351951, 15.9388167 ], [ 120.1344314, 15.9379624 ], [ 120.1343463, 15.9369092 ], [ 120.134312, 15.935733 ], [ 120.1345134, 15.9335008 ], [ 120.1345384, 15.9311426 ], [ 120.1337756, 15.927736 ], [ 120.1328757, 15.9248752 ], [ 120.1330333, 15.9223202 ], [ 120.1334244, 15.9205183 ], [ 120.1353531, 15.9183758 ], [ 120.1357854, 15.9162492 ], [ 120.1362474, 15.9110516 ], [ 120.1355404, 15.9099056 ], [ 120.1347308, 15.9066155 ], [ 120.1347536, 15.9047895 ], [ 120.1356731, 15.9014884 ], [ 120.1369479, 15.899548 ], [ 120.1397687, 15.8975496 ], [ 120.1406674, 15.8959646 ], [ 120.1417146, 15.8925493 ], [ 120.1418571, 15.8907396 ], [ 120.1417799, 15.8873577 ], [ 120.1439173, 15.8850468 ], [ 120.1460079, 15.8827842 ], [ 120.1472282, 15.8807537 ], [ 120.150685, 15.8785905 ], [ 120.1523898, 15.8780311 ], [ 120.1553833, 15.8765613 ], [ 120.1573105, 15.874192 ], [ 120.1609768, 15.873161 ], [ 120.1621627, 15.8734078 ], [ 120.1662966, 15.8725961 ], [ 120.1689194, 15.8708685 ], [ 120.1713712, 15.8685376 ], [ 120.1732699, 15.8670074 ], [ 120.1751401, 15.865702 ], [ 120.1763375, 15.8643967 ], [ 120.1767651, 15.8636947 ], [ 120.1771357, 15.8616434 ], [ 120.1774493, 15.8598225 ], [ 120.177723, 15.8570855 ], [ 120.1788748, 15.8552536 ], [ 120.1796445, 15.8546283 ], [ 120.1819195, 15.8533503 ], [ 120.183516, 15.851469 ], [ 120.184166, 15.8506243 ], [ 120.1860876, 15.8489185 ], [ 120.1881985, 15.8452625 ] ] } },
{ "type": "Feature", "properties": { "contextFeatureId": "PHL-S-002::transmission::way::1329553928", "projectId": "PHL-S-002", "projectName": "Cayanga-Bugallon Solar Power Plant", "countryCode": "PHL", "osmType": "way", "osmId": 1329553928, "highway": null, "place": null, "power": "line", "landuse": null, "name": null, "voltage": "230000", "circuits": "1", "cables": "6", "frequency": "60", "substationTag": null, "lineTag": null, "operator": null, "location": null }, "geometry": { "type": "LineString", "coordinates": [ [ 120.1881985, 15.8452625 ], [ 120.1874223, 15.8447423 ] ] } },
{ "type": "Feature", "properties": { "contextFeatureId": "PHL-S-002::transmission::way::1329555793", "projectId": "PHL-S-002", "projectName": "Cayanga-Bugallon Solar Power Plant", "countryCode": "PHL", "osmType": "way", "osmId": 1329555793, "highway": null, "place": null, "power": "line", "landuse": null, "name": null, "voltage": "230000", "circuits": "2", "cables": "6", "frequency": "60", "substationTag": null, "lineTag": null, "operator": null, "location": null }, "geometry": { "type": "LineString", "coordinates": [ [ 120.2123397, 15.8414902 ], [ 120.2099922, 15.8393092 ], [ 120.2081938, 15.8390685 ], [ 120.204805, 15.840834 ], [ 120.2036414, 15.8411664 ], [ 120.2008454, 15.8414927 ], [ 120.1975544, 15.8419823 ], [ 120.1926466, 15.8437798 ], [ 120.1916951, 15.8439863 ], [ 120.1881985, 15.8452625 ] ] } },
{ "type": "Feature", "properties": { "contextFeatureId": "PHL-S-002::transmission::way::1329555794", "projectId": "PHL-S-002", "projectName": "Cayanga-Bugallon Solar Power Plant", "countryCode": "PHL", "osmType": "way", "osmId": 1329555794, "highway": null, "place": null, "power": "line", "landuse": null, "name": null, "voltage": "230000", "circuits": "1", "cables": "6", "frequency": "60", "substationTag": null, "lineTag": null, "operator": null, "location": null }, "geometry": { "type": "LineString", "coordinates": [ [ 120.2123397, 15.8414902 ], [ 120.212466, 15.8418876 ] ] } },
{ "type": "Feature", "properties": { "contextFeatureId": "PHL-S-002::transmission::way::1329797733", "projectId": "PHL-S-002", "projectName": "Cayanga-Bugallon Solar Power Plant", "countryCode": "PHL", "osmType": "way", "osmId": 1329797733, "highway": null, "place": null, "power": "line", "landuse": null, "name": null, "voltage": null, "circuits": null, "cables": null, "frequency": null, "substationTag": null, "lineTag": null, "operator": null, "location": null }, "geometry": { "type": "LineString", "coordinates": [ [ 120.2123885, 15.8419744 ], [ 120.212466, 15.8418876 ], [ 120.2125921, 15.8417463 ], [ 120.2126758, 15.8416525 ] ] } },
{ "type": "Feature", "properties": { "contextFeatureId": "PHL-S-002::transmission::way::1329797734", "projectId": "PHL-S-002", "projectName": "Cayanga-Bugallon Solar Power Plant", "countryCode": "PHL", "osmType": "way", "osmId": 1329797734, "highway": null, "place": null, "power": "line", "landuse": null, "name": null, "voltage": null, "circuits": null, "cables": null, "frequency": null, "substationTag": null, "lineTag": null, "operator": null, "location": null }, "geometry": { "type": "LineString", "coordinates": [ [ 120.212627, 15.8421181 ], [ 120.2126714, 15.8420713 ], [ 120.2128072, 15.8419284 ], [ 120.2128711, 15.8418611 ] ] } },
{ "type": "Feature", "properties": { "contextFeatureId": "PHL-S-002::transmission::way::1329797735", "projectId": "PHL-S-002", "projectName": "Cayanga-Bugallon Solar Power Plant", "countryCode": "PHL", "osmType": "way", "osmId": 1329797735, "highway": null, "place": null, "power": "line", "landuse": null, "name": null, "voltage": null, "circuits": null, "cables": null, "frequency": null, "substationTag": null, "lineTag": null, "operator": null, "location": null }, "geometry": { "type": "LineString", "coordinates": [ [ 120.2128682, 15.8423143 ], [ 120.2130391, 15.8421319 ], [ 120.2130837, 15.8420794 ] ] } },
{ "type": "Feature", "properties": { "contextFeatureId": "PHL-S-002::transmission::way::1329797736", "projectId": "PHL-S-002", "projectName": "Cayanga-Bugallon Solar Power Plant", "countryCode": "PHL", "osmType": "way", "osmId": 1329797736, "highway": null, "place": null, "power": "line", "landuse": null, "name": null, "voltage": null, "circuits": null, "cables": null, "frequency": null, "substationTag": null, "lineTag": null, "operator": null, "location": null }, "geometry": { "type": "LineString", "coordinates": [ [ 120.212466, 15.8418876 ], [ 120.2126714, 15.8420713 ], [ 120.2129038, 15.8422745 ], [ 120.2130348, 15.8423903 ] ] } },
{ "type": "Feature", "properties": { "contextFeatureId": "PHL-S-002::transmission::way::1329797737", "projectId": "PHL-S-002", "projectName": "Cayanga-Bugallon Solar Power Plant", "countryCode": "PHL", "osmType": "way", "osmId": 1329797737, "highway": null, "place": null, "power": "line", "landuse": null, "name": null, "voltage": null, "circuits": null, "cables": null, "frequency": null, "substationTag": null, "lineTag": null, "operator": null, "location": null }, "geometry": { "type": "LineString", "coordinates": [ [ 120.2125921, 15.8417463 ], [ 120.2128072, 15.8419284 ], [ 120.2130391, 15.8421319 ], [ 120.2131627, 15.8422424 ] ] } },
{ "type": "Feature", "properties": { "contextFeatureId": "PHL-S-002::transmission::way::1329797738", "projectId": "PHL-S-002", "projectName": "Cayanga-Bugallon Solar Power Plant", "countryCode": "PHL", "osmType": "way", "osmId": 1329797738, "highway": null, "place": null, "power": "line", "landuse": null, "name": null, "voltage": null, "circuits": null, "cables": null, "frequency": null, "substationTag": null, "lineTag": null, "operator": null, "location": null }, "geometry": { "type": "LineString", "coordinates": [ [ 120.1870225, 15.8451278 ], [ 120.1872277, 15.8450779 ], [ 120.1874666, 15.8450199 ], [ 120.1876946, 15.8449699 ] ] } },
{ "type": "Feature", "properties": { "contextFeatureId": "PHL-S-002::transmission::way::1329797739", "projectId": "PHL-S-002", "projectName": "Cayanga-Bugallon Solar Power Plant", "countryCode": "PHL", "osmType": "way", "osmId": 1329797739, "highway": null, "place": null, "power": "line", "landuse": null, "name": null, "voltage": null, "circuits": null, "cables": null, "frequency": null, "substationTag": null, "lineTag": null, "operator": null, "location": null }, "geometry": { "type": "LineString", "coordinates": [ [ 120.1870899, 15.8453988 ], [ 120.187534, 15.8452959 ], [ 120.1877585, 15.8452326 ] ] } },
{ "type": "Feature", "properties": { "contextFeatureId": "PHL-S-002::transmission::way::1329797740", "projectId": "PHL-S-002", "projectName": "Cayanga-Bugallon Solar Power Plant", "countryCode": "PHL", "osmType": "way", "osmId": 1329797740, "highway": null, "place": null, "power": "line", "landuse": null, "name": null, "voltage": null, "circuits": null, "cables": null, "frequency": null, "substationTag": null, "lineTag": null, "operator": null, "location": null }, "geometry": { "type": "LineString", "coordinates": [ [ 120.1871728, 15.8457146 ], [ 120.1873681, 15.8456681 ], [ 120.1876197, 15.845606 ], [ 120.1878587, 15.8455533 ] ] } },
{ "type": "Feature", "properties": { "contextFeatureId": "PHL-S-002::transmission::way::1329797741", "projectId": "PHL-S-002", "projectName": "Cayanga-Bugallon Solar Power Plant", "countryCode": "PHL", "osmType": "way", "osmId": 1329797741, "highway": null, "place": null, "power": "line", "landuse": null, "name": null, "voltage": null, "circuits": null, "cables": null, "frequency": null, "substationTag": null, "lineTag": null, "operator": null, "location": null }, "geometry": { "type": "LineString", "coordinates": [ [ 120.1871728, 15.8457146 ], [ 120.1870225, 15.8451278 ] ] } },
{ "type": "Feature", "properties": { "contextFeatureId": "PHL-S-002::transmission::way::1329797742", "projectId": "PHL-S-002", "projectName": "Cayanga-Bugallon Solar Power Plant", "countryCode": "PHL", "osmType": "way", "osmId": 1329797742, "highway": null, "place": null, "power": "line", "landuse": null, "name": null, "voltage": null, "circuits": null, "cables": null, "frequency": null, "substationTag": null, "lineTag": null, "operator": null, "location": null }, "geometry": { "type": "LineString", "coordinates": [ [ 120.1873681, 15.8456681 ], [ 120.1872917, 15.8453469 ], [ 120.1872277, 15.8450779 ] ] } },
{ "type": "Feature", "properties": { "contextFeatureId": "PHL-S-002::transmission::way::1329797743", "projectId": "PHL-S-002", "projectName": "Cayanga-Bugallon Solar Power Plant", "countryCode": "PHL", "osmType": "way", "osmId": 1329797743, "highway": null, "place": null, "power": "line", "landuse": null, "name": null, "voltage": null, "circuits": null, "cables": null, "frequency": null, "substationTag": null, "lineTag": null, "operator": null, "location": null }, "geometry": { "type": "LineString", "coordinates": [ [ 120.1876197, 15.845606 ], [ 120.187534, 15.8452959 ], [ 120.1874666, 15.8450199 ] ] } },
{ "type": "Feature", "properties": { "contextFeatureId": "PHL-S-002::transmission::way::1329797744", "projectId": "PHL-S-002", "projectName": "Cayanga-Bugallon Solar Power Plant", "countryCode": "PHL", "osmType": "way", "osmId": 1329797744, "highway": null, "place": null, "power": "line", "landuse": null, "name": null, "voltage": null, "circuits": null, "cables": null, "frequency": null, "substationTag": null, "lineTag": null, "operator": null, "location": null }, "geometry": { "type": "LineString", "coordinates": [ [ 120.1878587, 15.8455533 ], [ 120.1877585, 15.8452326 ], [ 120.1876946, 15.8449699 ] ] } },
{ "type": "Feature", "properties": { "contextFeatureId": "PHL-S-002::transmission::way::1329797745", "projectId": "PHL-S-002", "projectName": "Cayanga-Bugallon Solar Power Plant", "countryCode": "PHL", "osmType": "way", "osmId": 1329797745, "highway": null, "place": null, "power": "line", "landuse": null, "name": null, "voltage": null, "circuits": null, "cables": null, "frequency": null, "substationTag": null, "lineTag": null, "operator": null, "location": null }, "geometry": { "type": "LineString", "coordinates": [ [ 120.1876946, 15.8449699 ], [ 120.1876827, 15.8446789 ] ] } },
{ "type": "Feature", "properties": { "contextFeatureId": "PHL-S-002::transmission::way::1329797746", "projectId": "PHL-S-002", "projectName": "Cayanga-Bugallon Solar Power Plant", "countryCode": "PHL", "osmType": "way", "osmId": 1329797746, "highway": null, "place": null, "power": "line", "landuse": null, "name": null, "voltage": null, "circuits": null, "cables": null, "frequency": null, "substationTag": null, "lineTag": null, "operator": null, "location": null }, "geometry": { "type": "LineString", "coordinates": [ [ 120.1874666, 15.8450199 ], [ 120.1874223, 15.8447423 ] ] } },
{ "type": "Feature", "properties": { "contextFeatureId": "PHL-S-002::transmission::way::1347342197", "projectId": "PHL-S-002", "projectName": "Cayanga-Bugallon Solar Power Plant", "countryCode": "PHL", "osmType": "way", "osmId": 1347342197, "highway": null, "place": null, "power": "line", "landuse": null, "name": null, "voltage": "230000", "circuits": "1", "cables": "6", "frequency": "60", "substationTag": null, "lineTag": null, "operator": null, "location": null }, "geometry": { "type": "LineString", "coordinates": [ [ 120.2125921, 15.8417463 ], [ 120.2123397, 15.8414902 ] ] } },
{ "type": "Feature", "properties": { "contextFeatureId": "PHL-S-002::transmission::way::1347342198", "projectId": "PHL-S-002", "projectName": "Cayanga-Bugallon Solar Power Plant", "countryCode": "PHL", "osmType": "way", "osmId": 1347342198, "highway": null, "place": null, "power": "line", "landuse": null, "name": null, "voltage": "230000", "circuits": "1", "cables": "6", "frequency": "60", "substationTag": null, "lineTag": null, "operator": null, "location": null }, "geometry": { "type": "LineString", "coordinates": [ [ 120.1881985, 15.8452625 ], [ 120.1876827, 15.8446789 ] ] } },
{ "type": "Feature", "properties": { "contextFeatureId": "PHL-S-002::transmission::way::1427506000", "projectId": "PHL-S-002", "projectName": "Cayanga-Bugallon Solar Power Plant", "countryCode": "PHL", "osmType": "way", "osmId": 1427506000, "highway": null, "place": null, "power": "line", "landuse": null, "name": null, "voltage": "500000", "circuits": null, "cables": "3", "frequency": null, "substationTag": null, "lineTag": null, "operator": null, "location": null }, "geometry": { "type": "LineString", "coordinates": [ [ 120.162089, 15.9781732 ], [ 120.16232, 15.977838 ], [ 120.1624193, 15.9777095 ], [ 120.1627914, 15.9772276 ] ] } },
{ "type": "Feature", "properties": { "contextFeatureId": "PHL-S-002::transmission::way::1427506001", "projectId": "PHL-S-002", "projectName": "Cayanga-Bugallon Solar Power Plant", "countryCode": "PHL", "osmType": "way", "osmId": 1427506001, "highway": null, "place": null, "power": "line", "landuse": null, "name": null, "voltage": "500000", "circuits": null, "cables": "3", "frequency": null, "substationTag": null, "lineTag": null, "operator": null, "location": null }, "geometry": { "type": "LineString", "coordinates": [ [ 120.1630692, 15.9774234 ], [ 120.1627074, 15.9779019 ], [ 120.1626043, 15.9780391 ], [ 120.1623595, 15.9783516 ] ] } },
{ "type": "Feature", "properties": { "contextFeatureId": "PHL-S-002::transmission::way::1427506002", "projectId": "PHL-S-002", "projectName": "Cayanga-Bugallon Solar Power Plant", "countryCode": "PHL", "osmType": "way", "osmId": 1427506002, "highway": null, "place": null, "power": "line", "landuse": null, "name": null, "voltage": "500000", "circuits": null, "cables": "3", "frequency": null, "substationTag": null, "lineTag": null, "operator": null, "location": null }, "geometry": { "type": "LineString", "coordinates": [ [ 120.1615637, 15.9777916 ], [ 120.1618883, 15.9773549 ], [ 120.1620532, 15.9771327 ] ] } },
{ "type": "Feature", "properties": { "contextFeatureId": "PHL-S-003::transmission::way::441964898", "projectId": "PHL-S-003", "projectName": "Opus Solar Power Project", "countryCode": "PHL", "osmType": "way", "osmId": 441964898, "highway": null, "place": null, "power": "line", "landuse": null, "name": "Vigan-Currimao", "voltage": "115000", "circuits": null, "cables": "3", "frequency": "60", "substationTag": null, "lineTag": null, "operator": "National Grid Corporation of the Philippines", "location": null }, "geometry": { "type": "LineString", "coordinates": [ [ 120.3917545, 17.5951363 ], [ 120.3918365, 17.5954488 ], [ 120.3930491, 17.5963317 ], [ 120.3963882, 17.598763 ], [ 120.3983892, 17.6015191 ], [ 120.4005081, 17.6045001 ], [ 120.4025895, 17.6074759 ], [ 120.4048031, 17.6107045 ], [ 120.4066263, 17.6131764 ], [ 120.4078068, 17.6148283 ], [ 120.4090983, 17.6166418 ], [ 120.411056, 17.6194128 ], [ 120.4126342, 17.6216113 ], [ 120.413484, 17.6248551 ], [ 120.4141162, 17.6274524 ], [ 120.4147818, 17.6300817 ], [ 120.4157949, 17.6339955 ], [ 120.4165275, 17.6370237 ], [ 120.4183789, 17.638791 ], [ 120.4207024, 17.6410491 ], [ 120.4232309, 17.6434587 ], [ 120.4259562, 17.6460877 ], [ 120.4318119, 17.6528556 ], [ 120.4338402, 17.6558455 ], [ 120.4396916, 17.6643442 ], [ 120.4423803, 17.6675951 ], [ 120.4441386, 17.6703574 ], [ 120.4478563, 17.6764562 ], [ 120.4521133, 17.686672 ], [ 120.4532489, 17.6908718 ], [ 120.4542515, 17.694212 ], [ 120.4550966, 17.6973358 ], [ 120.4561432, 17.7007856 ], [ 120.4570349, 17.7040559 ], [ 120.4579936, 17.7072902 ], [ 120.4588894, 17.7102892 ], [ 120.4599737, 17.7138384 ], [ 120.460903, 17.7171406 ], [ 120.4619431, 17.7207283 ], [ 120.4631188, 17.7247343 ], [ 120.4637293, 17.7268834 ], [ 120.4640913, 17.7297453 ], [ 120.4654034, 17.7329316 ], [ 120.4665145, 17.7364196 ], [ 120.4676107, 17.7402581 ], [ 120.4685515, 17.7436233 ], [ 120.4690392, 17.7455232 ], [ 120.4682334, 17.7476483 ], [ 120.4670758, 17.7506008 ], [ 120.4681167, 17.7552327 ], [ 120.4676445, 17.7585722 ], [ 120.4670046, 17.7629126 ], [ 120.4665074, 17.7670005 ], [ 120.4660382, 17.7709393 ], [ 120.4649277, 17.7747781 ], [ 120.4641296, 17.777594 ], [ 120.4642559, 17.7809151 ], [ 120.4643907, 17.7847761 ], [ 120.464089, 17.7883945 ], [ 120.4636075, 17.7926302 ], [ 120.4632545, 17.7955415 ], [ 120.4629057, 17.799119 ], [ 120.462504, 17.8024702 ], [ 120.4620724, 17.8065723 ], [ 120.4619218, 17.8100117 ], [ 120.4617972, 17.8115595 ], [ 120.4618985, 17.8129902 ], [ 120.4625489, 17.816604 ], [ 120.4630111, 17.8192664 ], [ 120.4654311, 17.8312865 ], [ 120.4659179, 17.8330454 ], [ 120.465567, 17.8368461 ], [ 120.4661104, 17.8399197 ], [ 120.4668529, 17.8446817 ], [ 120.4672209, 17.8471481 ], [ 120.4678628, 17.8509547 ], [ 120.4684684, 17.8549221 ], [ 120.469275, 17.8597814 ], [ 120.4698204, 17.8631 ], [ 120.4702333, 17.8659287 ], [ 120.4700472, 17.8698856 ], [ 120.4698268, 17.8732009 ], [ 120.4695551, 17.8772147 ], [ 120.469339, 17.882894 ], [ 120.4691707, 17.8863516 ], [ 120.4714024, 17.8906501 ], [ 120.4722133, 17.8920958 ], [ 120.4732982, 17.8940831 ], [ 120.4748152, 17.8969175 ], [ 120.4774149, 17.9017899 ], [ 120.4787972, 17.9043472 ], [ 120.4803762, 17.9073993 ], [ 120.4821998, 17.910663 ], [ 120.4847685, 17.9156124 ], [ 120.4864973, 17.9190368 ], [ 120.4880914, 17.9225894 ], [ 120.488391, 17.9249957 ], [ 120.4886837, 17.9274493 ], [ 120.4913462, 17.9298988 ], [ 120.4931003, 17.9315837 ], [ 120.4951432, 17.9341746 ], [ 120.4977513, 17.9375122 ], [ 120.4977764, 17.9403201 ], [ 120.498687, 17.9420686 ], [ 120.50044, 17.9453245 ], [ 120.5028022, 17.9492991 ], [ 120.5044599, 17.9517205 ], [ 120.5068608, 17.9548607 ], [ 120.5076876, 17.9584867 ], [ 120.5084495, 17.961364 ], [ 120.509157, 17.9636498 ], [ 120.5102186, 17.9673043 ], [ 120.5112324, 17.9707939 ], [ 120.5123711, 17.9746804 ], [ 120.5134334, 17.9780551 ], [ 120.5145361, 17.9817763 ], [ 120.5152293, 17.9841156 ], [ 120.5182058, 17.989029 ], [ 120.5198469, 17.9917744 ], [ 120.5214298, 17.9944513 ], [ 120.5206251, 17.9982828 ], [ 120.5190557, 17.9996376 ] ] } },
{ "type": "Feature", "properties": { "contextFeatureId": "PHL-S-003::transmission::way::442034600", "projectId": "PHL-S-003", "projectName": "Opus Solar Power Project", "countryCode": "PHL", "osmType": "way", "osmId": 442034600, "highway": null, "place": null, "power": "line", "landuse": null, "name": "Currimao–Laoag", "voltage": "115000", "circuits": null, "cables": "3", "frequency": "60", "substationTag": null, "lineTag": null, "operator": "National Grid Corporation of the Philippines", "location": null }, "geometry": { "type": "LineString", "coordinates": [ [ 120.5190557, 17.9996376 ], [ 120.5204343, 17.9993057 ], [ 120.5253427, 18.0009638 ], [ 120.5283843, 18.0062085 ], [ 120.52994, 18.008846 ], [ 120.5313431, 18.0111913 ], [ 120.5323961, 18.0133755 ], [ 120.5341234, 18.0151019 ], [ 120.5359552, 18.0169743 ], [ 120.5369996, 18.020212 ], [ 120.5381506, 18.0238991 ], [ 120.5391776, 18.0271887 ], [ 120.5399197, 18.0293763 ], [ 120.5411266, 18.0325542 ], [ 120.5422156, 18.035829 ], [ 120.5434602, 18.0391853 ], [ 120.5419581, 18.0428272 ], [ 120.5405956, 18.0462242 ], [ 120.5393403, 18.0492233 ], [ 120.5391794, 18.0514113 ], [ 120.5390399, 18.05363 ], [ 120.53882, 18.0565167 ], [ 120.538659, 18.0590617 ], [ 120.5400377, 18.0619331 ], [ 120.5413359, 18.0646361 ], [ 120.5428325, 18.0677879 ], [ 120.5443196, 18.0709481 ], [ 120.5470125, 18.0721925 ], [ 120.5498396, 18.0734266 ], [ 120.5530153, 18.0749463 ], [ 120.5567511, 18.0767959 ], [ 120.561202, 18.0799961 ], [ 120.5625155, 18.0842302 ], [ 120.5639961, 18.0903341 ], [ 120.5646961, 18.093753 ], [ 120.5654506, 18.0970822 ], [ 120.5659494, 18.0999342 ], [ 120.5665925, 18.1030843 ], [ 120.567263, 18.1064673 ], [ 120.5678983, 18.1098479 ], [ 120.5684668, 18.1126198 ], [ 120.5692758, 18.116227 ], [ 120.571867, 18.1192754 ], [ 120.5728207, 18.1213235 ], [ 120.5738987, 18.1239567 ], [ 120.5754272, 18.1270574 ], [ 120.5765803, 18.1299593 ], [ 120.57767, 18.1328209 ], [ 120.5787482, 18.1359205 ], [ 120.5800679, 18.1397082 ], [ 120.5804487, 18.1431798 ], [ 120.5807927, 18.1464943 ], [ 120.5813345, 18.1482428 ], [ 120.5811736, 18.1502716 ], [ 120.5808488, 18.1532539 ], [ 120.5805721, 18.1562651 ], [ 120.5802395, 18.1593591 ], [ 120.5799069, 18.1625194 ], [ 120.5796119, 18.1656847 ], [ 120.5793598, 18.1684575 ], [ 120.5780562, 18.172484 ], [ 120.5769726, 18.1762047 ], [ 120.5758461, 18.1791098 ], [ 120.5747166, 18.181956 ], [ 120.574325, 18.1848508 ], [ 120.573928, 18.18798 ], [ 120.5741572, 18.1889907 ], [ 120.5746782, 18.1901131 ], [ 120.5746923, 18.1910238 ], [ 120.5752691, 18.1931171 ] ] } },
{ "type": "Feature", "properties": { "contextFeatureId": "PHL-S-003::transmission::way::528670274", "projectId": "PHL-S-003", "projectName": "Opus Solar Power Project", "countryCode": "PHL", "osmType": "way", "osmId": 528670274, "highway": null, "place": null, "power": "line", "landuse": null, "name": "Laoag–San Esteban-Ambuklao-iLocosNorte-Lines", "voltage": "230000", "circuits": "2", "cables": "6", "frequency": "60", "substationTag": null, "lineTag": null, "operator": "National Grid Corporation of the Philippines", "location": null }, "geometry": { "type": "LineString", "coordinates": [ [ 120.6059898, 18.2143847 ], [ 120.6059229, 18.2142827 ], [ 120.6057699, 18.2140391 ], [ 120.6057091, 18.2139422 ], [ 120.6055212, 18.2136432 ], [ 120.6051478, 18.2130945 ], [ 120.6041983, 18.2114894 ], [ 120.6041527, 18.2097441 ], [ 120.6072751, 18.2074614 ], [ 120.6100539, 18.2062996 ], [ 120.6111804, 18.2048116 ], [ 120.6121674, 18.2019578 ], [ 120.6138921, 18.199127 ], [ 120.6159264, 18.195716 ], [ 120.6177342, 18.1928111 ], [ 120.6180131, 18.190579 ], [ 120.6172192, 18.1886627 ], [ 120.6161034, 18.1879798 ], [ 120.6147275, 18.185322 ], [ 120.6139228, 18.182733 ], [ 120.6123296, 18.1774784 ], [ 120.6104934, 18.1715154 ], [ 120.6092837, 18.1700194 ], [ 120.608286, 18.1680724 ], [ 120.6048152, 18.1659877 ], [ 120.60279, 18.1642848 ], [ 120.6001749, 18.1621899 ], [ 120.5977716, 18.1602632 ], [ 120.5955669, 18.1584027 ], [ 120.5940326, 18.1567002 ], [ 120.5923804, 18.1549875 ], [ 120.5918788, 18.1523012 ], [ 120.5907389, 18.1478918 ], [ 120.5901944, 18.1462988 ], [ 120.5888426, 18.1439131 ], [ 120.5874076, 18.1413311 ], [ 120.5880969, 18.1393047 ], [ 120.5891161, 18.1364703 ], [ 120.5908518, 18.1336814 ], [ 120.592775, 18.1306965 ], [ 120.5927509, 18.1280124 ], [ 120.5927911, 18.1245762 ], [ 120.5928872, 18.1211061 ], [ 120.592898, 18.1182612 ], [ 120.5930673, 18.1149825 ], [ 120.5918013, 18.1125658 ], [ 120.5901384, 18.1098737 ], [ 120.5889099, 18.1078163 ], [ 120.5874401, 18.10491 ], [ 120.5859488, 18.1023096 ], [ 120.584731, 18.0997933 ], [ 120.5847906, 18.0972161 ], [ 120.5848014, 18.0945697 ], [ 120.5839645, 18.0919283 ], [ 120.5831813, 18.0892767 ], [ 120.5823543, 18.0865272 ], [ 120.581555, 18.0838602 ], [ 120.580635, 18.0813589 ], [ 120.5798169, 18.0788347 ], [ 120.5790123, 18.0762441 ], [ 120.5780413, 18.073554 ], [ 120.5773574, 18.0709505 ], [ 120.5785885, 18.0671255 ], [ 120.579499, 18.0644621 ], [ 120.5793488, 18.0606167 ], [ 120.5775142, 18.0574444 ], [ 120.575425, 18.0540199 ], [ 120.5732685, 18.0505007 ], [ 120.571466, 18.0476343 ], [ 120.5695794, 18.0444539 ], [ 120.5677581, 18.0414395 ], [ 120.5654024, 18.0386053 ], [ 120.5635959, 18.0361676 ], [ 120.5614501, 18.0337498 ], [ 120.5583495, 18.0320257 ], [ 120.5560803, 18.0288172 ], [ 120.5536771, 18.0252056 ], [ 120.5519819, 18.0228387 ], [ 120.5506408, 18.0207956 ], [ 120.5483261, 18.0175257 ], [ 120.5471888, 18.0165972 ], [ 120.5436685, 18.0136006 ], [ 120.5418446, 18.0104989 ], [ 120.5395582, 18.0070736 ], [ 120.5382478, 18.0047018 ], [ 120.5363327, 18.0016662 ], [ 120.5343367, 17.9992809 ], [ 120.5324162, 17.9966381 ], [ 120.5294763, 17.99349 ], [ 120.5273734, 17.9909491 ], [ 120.5262898, 17.9897756 ], [ 120.525528, 17.9862704 ], [ 120.5246966, 17.9824462 ], [ 120.5239804, 17.9793312 ], [ 120.5229884, 17.9758164 ], [ 120.5227524, 17.974602 ], [ 120.5224091, 17.9718771 ], [ 120.5216342, 17.9673308 ], [ 120.5208081, 17.9637792 ], [ 120.5200436, 17.9602326 ], [ 120.5193865, 17.9567881 ], [ 120.5186087, 17.9528841 ], [ 120.5179435, 17.9496691 ], [ 120.5172917, 17.9464897 ], [ 120.5165729, 17.9431724 ], [ 120.5158506, 17.9397826 ], [ 120.514412, 17.9373533 ], [ 120.5127544, 17.9350592 ], [ 120.5111022, 17.9322113 ], [ 120.5092944, 17.9292434 ], [ 120.5071003, 17.9256732 ], [ 120.502759, 17.9187248 ], [ 120.501214, 17.9162544 ], [ 120.498648, 17.91462 ], [ 120.4958719, 17.9130453 ], [ 120.4928651, 17.9109142 ], [ 120.4896545, 17.9088648 ], [ 120.4869321, 17.9071854 ], [ 120.4837456, 17.9051129 ], [ 120.4816803, 17.9012564 ], [ 120.4796848, 17.8975605 ], [ 120.478054, 17.894467 ], [ 120.4765286, 17.8916485 ], [ 120.4751473, 17.8889607 ], [ 120.474812, 17.8855352 ], [ 120.4744687, 17.882227 ], [ 120.4752538, 17.8796645 ], [ 120.4761121, 17.8772854 ], [ 120.4771502, 17.8746356 ], [ 120.4783598, 17.8711715 ], [ 120.4774076, 17.8675082 ], [ 120.4762813, 17.8637198 ], [ 120.4754418, 17.8602963 ], [ 120.474326, 17.8564056 ], [ 120.4732102, 17.8530637 ], [ 120.4727597, 17.8504723 ], [ 120.4724592, 17.8484656 ], [ 120.4717995, 17.8448273 ], [ 120.4709572, 17.8410435 ], [ 120.4704225, 17.838436 ], [ 120.4698753, 17.8356785 ], [ 120.4692305, 17.8333582 ], [ 120.4682546, 17.8303007 ], [ 120.4669297, 17.8278722 ], [ 120.4663954, 17.8251968 ], [ 120.4659013, 17.8223625 ], [ 120.4654442, 17.8204338 ], [ 120.4646289, 17.8180464 ], [ 120.4653416, 17.8142236 ], [ 120.4655482, 17.8117814 ], [ 120.4659468, 17.8092554 ], [ 120.4664193, 17.806125 ], [ 120.46714, 17.8022919 ], [ 120.4677308, 17.7986494 ], [ 120.4683051, 17.795227 ], [ 120.4686889, 17.7921289 ], [ 120.4691825, 17.7889671 ], [ 120.4697189, 17.7860045 ], [ 120.4701561, 17.7827941 ], [ 120.4707113, 17.779438 ], [ 120.4711352, 17.7762096 ], [ 120.4717602, 17.7726006 ], [ 120.472361, 17.7695355 ], [ 120.4726212, 17.76669 ], [ 120.4729538, 17.7640744 ], [ 120.4734258, 17.7615201 ], [ 120.4739462, 17.7587997 ], [ 120.473687, 17.7568031 ], [ 120.473215, 17.7533188 ], [ 120.47287, 17.7506369 ], [ 120.4723969, 17.746843 ], [ 120.4708734, 17.7425717 ], [ 120.4699792, 17.7397676 ], [ 120.4688813, 17.7363229 ], [ 120.4675281, 17.7327596 ], [ 120.4665603, 17.7297705 ], [ 120.4655351, 17.7264418 ], [ 120.4641769, 17.7225928 ], [ 120.4629323, 17.7193838 ], [ 120.4625353, 17.7167726 ], [ 120.4621702, 17.7135724 ], [ 120.46191, 17.7112326 ], [ 120.4615426, 17.7083753 ], [ 120.46108, 17.7060421 ], [ 120.460514, 17.7037578 ], [ 120.4597779, 17.700268 ], [ 120.4594882, 17.6974266 ], [ 120.4591685, 17.6941286 ], [ 120.4591148, 17.6918288 ], [ 120.4587822, 17.6889974 ], [ 120.4580017, 17.6865289 ], [ 120.4567974, 17.6825373 ], [ 120.4563361, 17.680544 ], [ 120.4554268, 17.6763529 ], [ 120.4546758, 17.6723253 ], [ 120.4539462, 17.6688291 ], [ 120.4534849, 17.6664165 ], [ 120.4537316, 17.6641777 ], [ 120.4524227, 17.6607939 ], [ 120.4513713, 17.6578803 ], [ 120.4502555, 17.6548643 ], [ 120.4491719, 17.6518637 ], [ 120.4480132, 17.648909 ], [ 120.4469295, 17.6459952 ], [ 120.4467364, 17.6429382 ], [ 120.4464736, 17.6397406 ], [ 120.4434289, 17.6373596 ], [ 120.4406419, 17.6351249 ], [ 120.4376781, 17.6328192 ], [ 120.4379195, 17.6295524 ], [ 120.439207, 17.6268939 ], [ 120.4405159, 17.624266 ], [ 120.4418141, 17.6216483 ], [ 120.4406191, 17.6178381 ], [ 120.4403026, 17.6165854 ], [ 120.4407398, 17.6135867 ], [ 120.4413192, 17.6104167 ], [ 120.4418851, 17.6074485 ], [ 120.4434006, 17.6050428 ], [ 120.4427971, 17.602591 ], [ 120.4420407, 17.5999551 ], [ 120.4428132, 17.5969178 ], [ 120.4436676, 17.5938969 ], [ 120.4444508, 17.5909106 ], [ 120.4468935, 17.5886072 ], [ 120.4483526, 17.5871958 ], [ 120.4512869, 17.5844855 ], [ 120.4541623, 17.5820923 ], [ 120.4567479, 17.5797195 ], [ 120.4599746, 17.577454 ], [ 120.4626836, 17.5733347 ], [ 120.4635768, 17.5677145 ], [ 120.4635302, 17.5638087 ], [ 120.4627953, 17.5629444 ], [ 120.4621207, 17.5564989 ], [ 120.4612607, 17.5541524 ], [ 120.4608624, 17.5521973 ], [ 120.4588186, 17.5477142 ], [ 120.4577779, 17.5448806 ], [ 120.4563269, 17.5416684 ], [ 120.4552004, 17.5377196 ], [ 120.4536447, 17.5343231 ], [ 120.4528749, 17.5324024 ], [ 120.4512602, 17.5276528 ], [ 120.4503617, 17.5249263 ], [ 120.449262, 17.5228955 ], [ 120.4476848, 17.518404 ], [ 120.4469982, 17.5163987 ], [ 120.4455793, 17.5131221 ], [ 120.4452482, 17.5083207 ], [ 120.4449907, 17.5058139 ], [ 120.4448405, 17.5031228 ], [ 120.4446099, 17.4988816 ], [ 120.4442411, 17.4954486 ], [ 120.4438181, 17.4912032 ], [ 120.4425495, 17.4881445 ], [ 120.4408571, 17.4848393 ], [ 120.4391029, 17.4812039 ], [ 120.437904, 17.4763149 ], [ 120.4371315, 17.4730145 ], [ 120.436528, 17.469819 ], [ 120.4359701, 17.466585 ], [ 120.4367855, 17.4644461 ], [ 120.4402616, 17.4604649 ], [ 120.4443374, 17.4577897 ], [ 120.4496538, 17.4540898 ], [ 120.4528939, 17.4520224 ], [ 120.4560232, 17.4510837 ], [ 120.4597998, 17.4501369 ], [ 120.4634315, 17.449162 ], [ 120.4661815, 17.4477469 ], [ 120.4668533, 17.4445428 ], [ 120.4657468, 17.4417581 ], [ 120.464572, 17.4389664 ], [ 120.4643272, 17.4322298 ], [ 120.4632355, 17.4301288 ], [ 120.4633213, 17.4282556 ], [ 120.4632409, 17.4250362 ], [ 120.4639511, 17.4224217 ], [ 120.4645596, 17.4189952 ], [ 120.4651889, 17.4158293 ], [ 120.4668804, 17.413387 ], [ 120.469732, 17.4095805 ], [ 120.4720139, 17.406507 ], [ 120.4728147, 17.4052059 ], [ 120.4743291, 17.4037822 ], [ 120.4753809, 17.4020865 ], [ 120.4785323, 17.4007602 ], [ 120.481649, 17.3992469 ], [ 120.4845665, 17.3978036 ], [ 120.4874369, 17.3963851 ], [ 120.4904469, 17.3949145 ], [ 120.492209, 17.391167 ], [ 120.4919677, 17.387527 ], [ 120.4917429, 17.3839049 ], [ 120.4904947, 17.3805932 ], [ 120.4894656, 17.3767487 ], [ 120.4885151, 17.3732521 ], [ 120.4876028, 17.3697285 ], [ 120.486562, 17.3658063 ], [ 120.4845364, 17.3631843 ], [ 120.4808725, 17.3621588 ], [ 120.4772379, 17.3611036 ], [ 120.4736335, 17.3600756 ], [ 120.469966, 17.3590189 ], [ 120.4660993, 17.3581312 ], [ 120.4646615, 17.3565406 ], [ 120.4637085, 17.3532754 ], [ 120.4613443, 17.3515356 ], [ 120.4589418, 17.3498733 ], [ 120.4566217, 17.3481631 ], [ 120.453438, 17.3460755 ], [ 120.4504359, 17.3441375 ], [ 120.4488454, 17.3436267 ] ] } },
{ "type": "Feature", "properties": { "contextFeatureId": "PHL-S-003::transmission::way::1177771387", "projectId": "PHL-S-003", "projectName": "Opus Solar Power Project", "countryCode": "PHL", "osmType": "way", "osmId": 1177771387, "highway": null, "place": null, "power": "line", "landuse": null, "name": null, "voltage": "115000", "circuits": "2", "cables": "6", "frequency": "60", "substationTag": null, "lineTag": null, "operator": "National Grid Corporation of the Philippines", "location": null }, "geometry": { "type": "LineString", "coordinates": [ [ 120.5190557, 17.9996376 ], [ 120.516184, 18.0017288 ], [ 120.5137924, 18.003837 ], [ 120.5124926, 18.0052256 ] ] } },
{ "type": "Feature", "properties": { "contextFeatureId": "PHL-S-003::transmission::way::1177856390", "projectId": "PHL-S-003", "projectName": "Opus Solar Power Project", "countryCode": "PHL", "osmType": "way", "osmId": 1177856390, "highway": null, "place": null, "power": "minor_line", "landuse": null, "name": null, "voltage": "13200", "circuits": null, "cables": "3", "frequency": "60", "substationTag": null, "lineTag": null, "operator": "Ilocos Norte Electric Cooperative", "location": null }, "geometry": { "type": "LineString", "coordinates": [ [ 120.5676768, 18.1046364 ], [ 120.5678513, 18.1040397 ], [ 120.5680579, 18.1034396 ], [ 120.568318, 18.1026129 ], [ 120.568575, 18.1017726 ], [ 120.5688336, 18.1009218 ], [ 120.5690784, 18.1001152 ], [ 120.5693376, 18.0992884 ], [ 120.5695612, 18.0985041 ], [ 120.5697559, 18.0978312 ], [ 120.5699498, 18.0972555 ], [ 120.5704143, 18.0969687 ] ] } },
{ "type": "Feature", "properties": { "contextFeatureId": "PHL-S-003::transmission::way::1177856394", "projectId": "PHL-S-003", "projectName": "Opus Solar Power Project", "countryCode": "PHL", "osmType": "way", "osmId": 1177856394, "highway": null, "place": null, "power": "line", "landuse": null, "name": null, "voltage": "69000", "circuits": null, "cables": "3", "frequency": "60", "substationTag": null, "lineTag": null, "operator": "Ilocos Norte Electric Cooperative", "location": null }, "geometry": { "type": "LineString", "coordinates": [ [ 120.5145262, 18.0052737 ], [ 120.5143141, 18.0046676 ], [ 120.5141066, 18.0040768 ], [ 120.5137547, 18.0031645 ], [ 120.5132949, 18.0020688 ], [ 120.5129176, 18.0014138 ], [ 120.5123362, 18.0007614 ], [ 120.511432, 17.99977 ], [ 120.5106042, 17.9992416 ], [ 120.5093322, 17.9974018 ], [ 120.5083403, 17.996361 ], [ 120.5085327, 17.9959388 ], [ 120.5088855, 17.9951236 ], [ 120.5076192, 17.9942209 ], [ 120.5075421, 17.9932482 ], [ 120.5070839, 17.9925213 ], [ 120.5067458, 17.9919604 ], [ 120.5062846, 17.9912694 ], [ 120.5058936, 17.9905743 ], [ 120.5056463, 17.9900058 ], [ 120.5054344, 17.9895514 ], [ 120.5050837, 17.9888305 ], [ 120.5044916, 17.9880954 ], [ 120.5037772, 17.9876884 ], [ 120.5031759, 17.9873426 ], [ 120.5028201, 17.9867127 ], [ 120.5022222, 17.9862816 ], [ 120.5015001, 17.9857834 ], [ 120.5010322, 17.9854426 ], [ 120.5004171, 17.9850024 ], [ 120.4999637, 17.9845053 ], [ 120.499546, 17.9840569 ], [ 120.4989497, 17.9837739 ], [ 120.4983856, 17.9835173 ], [ 120.4976231, 17.9831414 ], [ 120.4974645, 17.982525 ], [ 120.4973226, 17.9820778 ], [ 120.4971954, 17.9816481 ], [ 120.4969347, 17.9810838 ], [ 120.4966801, 17.9807243 ], [ 120.4964708, 17.980284 ], [ 120.4964707, 17.9797017 ], [ 120.4964077, 17.9791426 ], [ 120.4963201, 17.9786158 ], [ 120.4961814, 17.9779385 ], [ 120.496069, 17.9769527 ], [ 120.4958916, 17.9760058 ], [ 120.4956843, 17.9750299 ], [ 120.4954739, 17.9743808 ], [ 120.4949402, 17.9733233 ], [ 120.4945561, 17.972552 ], [ 120.4941127, 17.9718536 ], [ 120.4937503, 17.9706876 ], [ 120.492782, 17.9706044 ], [ 120.492031, 17.9707558 ], [ 120.4914656, 17.9707529 ], [ 120.4911116, 17.9700793 ], [ 120.4907455, 17.9692333 ], [ 120.4906284, 17.968756 ], [ 120.4904602, 17.967986 ], [ 120.4902602, 17.9673752 ], [ 120.4901026, 17.9668672 ], [ 120.4899549, 17.9663376 ], [ 120.4897554, 17.9657602 ], [ 120.4895728, 17.9650596 ], [ 120.4894522, 17.9645326 ], [ 120.4890593, 17.9632657 ], [ 120.4894079, 17.9628094 ], [ 120.4902615, 17.9624834 ], [ 120.4916593, 17.9616822 ], [ 120.4927945, 17.961268 ], [ 120.4931512, 17.9606455 ], [ 120.493522, 17.9598911 ], [ 120.4938937, 17.9591401 ], [ 120.4942515, 17.9584554 ], [ 120.4945781, 17.9577447 ], [ 120.495023, 17.956804 ], [ 120.4953712, 17.9561352 ], [ 120.4957088, 17.9554849 ], [ 120.4960912, 17.954726 ], [ 120.4963905, 17.9540996 ], [ 120.4960277, 17.9534566 ], [ 120.4955804, 17.952728 ], [ 120.4952881, 17.9521751 ], [ 120.4948525, 17.9513941 ], [ 120.4944922, 17.9508124 ], [ 120.494227, 17.9503247 ], [ 120.4938836, 17.9497337 ], [ 120.4933521, 17.9488599 ], [ 120.4929548, 17.9481046 ], [ 120.4920684, 17.9476224 ], [ 120.4915307, 17.9478439 ] ] } },
{ "type": "Feature", "properties": { "contextFeatureId": "PHL-S-003::transmission::way::1177856397", "projectId": "PHL-S-003", "projectName": "Opus Solar Power Project", "countryCode": "PHL", "osmType": "way", "osmId": 1177856397, "highway": null, "place": null, "power": "line", "landuse": null, "name": null, "voltage": "69000", "circuits": null, "cables": "3", "frequency": "60", "substationTag": null, "lineTag": null, "operator": "Ilocos Norte Electric Cooperative", "location": null }, "geometry": { "type": "LineString", "coordinates": [ [ 120.5633437, 18.0783097 ], [ 120.5628224, 18.0788791 ], [ 120.5626771, 18.0789265 ], [ 120.5620661, 18.0787441 ], [ 120.5614009, 18.0783235 ], [ 120.5607797, 18.0780764 ], [ 120.5602885, 18.0778378 ] ] } },
{ "type": "Feature", "properties": { "contextFeatureId": "PHL-S-003::transmission::way::1177856400", "projectId": "PHL-S-003", "projectName": "Opus Solar Power Project", "countryCode": "PHL", "osmType": "way", "osmId": 1177856400, "highway": null, "place": null, "power": "line", "landuse": null, "name": null, "voltage": "115000", "circuits": "2", "cables": "3", "frequency": "60", "substationTag": null, "lineTag": null, "operator": "National Grid Corporation of the Philippines", "location": null }, "geometry": { "type": "LineString", "coordinates": [ [ 120.5123744, 18.006062 ], [ 120.5125592, 18.0058319 ], [ 120.5124926, 18.0052256 ] ] } },
{ "type": "Feature", "properties": { "contextFeatureId": "PHL-S-003::transmission::way::1177856401", "projectId": "PHL-S-003", "projectName": "Opus Solar Power Project", "countryCode": "PHL", "osmType": "way", "osmId": 1177856401, "highway": null, "place": null, "power": "line", "landuse": null, "name": null, "voltage": "69000", "circuits": null, "cables": "3", "frequency": "60", "substationTag": null, "lineTag": null, "operator": "National Grid Corporation of the Philippines", "location": null }, "geometry": { "type": "LineString", "coordinates": [ [ 120.5752691, 18.1931171 ], [ 120.5750452, 18.1928045 ], [ 120.5758066, 18.1925766 ], [ 120.5756231, 18.1919319 ], [ 120.5754379, 18.1912407 ], [ 120.5752294, 18.1905379 ], [ 120.5750135, 18.1898792 ], [ 120.5748287, 18.189143 ], [ 120.5746647, 18.1884559 ], [ 120.5744214, 18.1877619 ], [ 120.5746044, 18.1863305 ], [ 120.574978, 18.1856573 ], [ 120.575344, 18.1849636 ], [ 120.5757232, 18.1843045 ], [ 120.5760892, 18.1835956 ], [ 120.5765194, 18.1828453 ], [ 120.5769053, 18.1821334 ], [ 120.5773137, 18.1814192 ], [ 120.5776856, 18.1807386 ], [ 120.5780721, 18.1799961 ], [ 120.5784349, 18.1793643 ], [ 120.5788137, 18.178693 ], [ 120.5791951, 18.178024 ], [ 120.5795576, 18.1773386 ], [ 120.579942, 18.1766616 ], [ 120.5803195, 18.1759814 ], [ 120.5804941, 18.1756662 ], [ 120.5807073, 18.1752659 ], [ 120.5812544, 18.1746913 ], [ 120.5816881, 18.1742123 ], [ 120.5821847, 18.1736766 ], [ 120.5825763, 18.1732456 ], [ 120.5831525, 18.1725977 ], [ 120.5837019, 18.1720776 ], [ 120.5836524, 18.1712586 ], [ 120.5835884, 18.1704727 ], [ 120.5835546, 18.1697303 ], [ 120.5835176, 18.1689608 ], [ 120.5834648, 18.1681932 ], [ 120.5834221, 18.1674222 ], [ 120.583377, 18.166655 ], [ 120.5833332, 18.1658502 ], [ 120.583297, 18.165035 ], [ 120.583244, 18.1642359 ], [ 120.5831971, 18.1634163 ], [ 120.5831466, 18.1626039 ], [ 120.5831051, 18.1617928 ], [ 120.583053, 18.1609778 ], [ 120.5830119, 18.1601685 ], [ 120.5829753, 18.1595417 ], [ 120.5829302, 18.1587156 ], [ 120.582892, 18.1579158 ], [ 120.5828355, 18.1571033 ], [ 120.5827928, 18.156311 ], [ 120.5827465, 18.1554746 ], [ 120.5826926, 18.154666 ], [ 120.5826546, 18.1538506 ], [ 120.5826023, 18.1530951 ], [ 120.5825521, 18.1523194 ], [ 120.5825006, 18.1515218 ], [ 120.5824861, 18.1505898 ], [ 120.5824454, 18.1498055 ], [ 120.582417, 18.1491816 ], [ 120.5823271, 18.1482949 ], [ 120.5823021, 18.1474564 ], [ 120.5822535, 18.1466554 ], [ 120.5822164, 18.145865 ], [ 120.5821334, 18.1450364 ], [ 120.5821037, 18.1442325 ], [ 120.5820506, 18.1433957 ], [ 120.5819896, 18.1425855 ], [ 120.5819534, 18.1418245 ], [ 120.5819074, 18.1410029 ], [ 120.5818676, 18.1401842 ], [ 120.5818285, 18.1393741 ], [ 120.5816424, 18.1385143 ], [ 120.5815159, 18.1378863 ], [ 120.5813531, 18.1372081 ], [ 120.58121, 18.1365014 ], [ 120.5810674, 18.1357244 ], [ 120.58091, 18.1350616 ], [ 120.5807461, 18.134345 ], [ 120.5802074, 18.133722 ], [ 120.5797826, 18.1331984 ], [ 120.5792505, 18.1326732 ], [ 120.5785155, 18.1319509 ], [ 120.5779602, 18.131261 ], [ 120.577734, 18.1303839 ], [ 120.5775236, 18.1295996 ], [ 120.5772901, 18.1288256 ], [ 120.5770783, 18.1280357 ], [ 120.5768299, 18.1271685 ], [ 120.576611, 18.1264488 ], [ 120.576389, 18.1256897 ], [ 120.5761696, 18.1249154 ], [ 120.5759432, 18.1241098 ], [ 120.5757401, 18.1233277 ], [ 120.5754964, 18.122491 ], [ 120.5753401, 18.1219871 ], [ 120.575108, 18.1212762 ], [ 120.5748213, 18.1206337 ], [ 120.5745667, 18.120042 ], [ 120.5742447, 18.1192647 ], [ 120.5737275, 18.1186016 ], [ 120.57318, 18.1180005 ], [ 120.5727014, 18.1172881 ], [ 120.5721921, 18.1166505 ], [ 120.5718661, 18.11595 ], [ 120.5715612, 18.1153408 ], [ 120.5712369, 18.1145558 ], [ 120.5709426, 18.1138458 ], [ 120.5706214, 18.1131005 ], [ 120.5703543, 18.112489 ], [ 120.5700183, 18.1116874 ], [ 120.5697202, 18.1109894 ], [ 120.5693985, 18.1102723 ], [ 120.5690938, 18.109554 ], [ 120.568769, 18.1088504 ], [ 120.5684434, 18.1081352 ], [ 120.5680972, 18.1075217 ], [ 120.5678273, 18.1067232 ], [ 120.5675183, 18.1059836 ], [ 120.5671512, 18.1053051 ], [ 120.5674471, 18.1045149 ], [ 120.5677101, 18.1037458 ], [ 120.5679893, 18.1029265 ], [ 120.5682329, 18.1021678 ], [ 120.5684512, 18.1014417 ], [ 120.5686816, 18.1007238 ], [ 120.5689381, 18.0999546 ], [ 120.5691595, 18.0992635 ], [ 120.5693833, 18.0985227 ], [ 120.5696164, 18.0977853 ], [ 120.5698673, 18.0970785 ], [ 120.5701128, 18.0958254 ], [ 120.5700941, 18.0948587 ], [ 120.5699038, 18.0941123 ], [ 120.5697634, 18.0933791 ], [ 120.5695778, 18.092567 ], [ 120.5693608, 18.0917857 ], [ 120.5691634, 18.0910034 ], [ 120.5689509, 18.0902347 ], [ 120.5687423, 18.0895095 ], [ 120.5684885, 18.0886865 ], [ 120.5682595, 18.0877463 ], [ 120.568071, 18.0871116 ], [ 120.5676858, 18.0864674 ], [ 120.5672637, 18.0858156 ], [ 120.5668492, 18.0851771 ], [ 120.5664341, 18.0845223 ], [ 120.5659989, 18.0838817 ], [ 120.5655933, 18.0832092 ], [ 120.5651807, 18.082537 ], [ 120.564832, 18.081868 ], [ 120.5643867, 18.0811412 ], [ 120.5640846, 18.0805182 ], [ 120.5637613, 18.0799062 ], [ 120.5635666, 18.0790126 ], [ 120.5633437, 18.0783097 ], [ 120.5630947, 18.0775536 ], [ 120.5628384, 18.0768209 ], [ 120.5625061, 18.0758916 ], [ 120.5622494, 18.0750932 ], [ 120.5620053, 18.074353 ], [ 120.5617176, 18.0735789 ], [ 120.5614665, 18.0728252 ], [ 120.5611929, 18.0720923 ], [ 120.5609474, 18.0713519 ], [ 120.5606882, 18.070566 ], [ 120.5604366, 18.0698425 ], [ 120.5599082, 18.069161 ], [ 120.5594153, 18.0686108 ], [ 120.5589044, 18.0680152 ], [ 120.558362, 18.0674065 ], [ 120.5577525, 18.0667168 ], [ 120.5572725, 18.0661555 ], [ 120.556747, 18.0655341 ], [ 120.5561638, 18.0649144 ], [ 120.5556335, 18.0642839 ], [ 120.5551133, 18.0636398 ], [ 120.5546161, 18.0629892 ], [ 120.5541404, 18.0624458 ], [ 120.553574, 18.0618922 ], [ 120.5529837, 18.0612316 ], [ 120.5524137, 18.0606427 ], [ 120.551685, 18.0601177 ], [ 120.5520473, 18.0591565 ], [ 120.5522757, 18.0585178 ], [ 120.5524162, 18.0575609 ], [ 120.5525897, 18.0567781 ], [ 120.5527882, 18.0559788 ], [ 120.5529374, 18.0551847 ], [ 120.5526064, 18.0544174 ], [ 120.5522912, 18.0536909 ], [ 120.551983, 18.0529929 ], [ 120.5516937, 18.0522755 ], [ 120.551381, 18.051593 ], [ 120.5510494, 18.050884 ], [ 120.5507316, 18.0501239 ], [ 120.5504026, 18.0493828 ], [ 120.5500665, 18.048651 ], [ 120.5497469, 18.0478743 ], [ 120.5494175, 18.047091 ], [ 120.5490739, 18.0464022 ], [ 120.5487431, 18.045642 ], [ 120.5484205, 18.044897 ], [ 120.5480884, 18.044162 ], [ 120.5477603, 18.0434137 ], [ 120.547435, 18.0426443 ], [ 120.5471023, 18.0419032 ], [ 120.5467598, 18.0411578 ], [ 120.5464348, 18.0404135 ], [ 120.5461035, 18.0396605 ], [ 120.5457923, 18.0389113 ], [ 120.5454559, 18.0381638 ], [ 120.5451246, 18.0374124 ], [ 120.5447958, 18.036647 ], [ 120.5444567, 18.0359391 ], [ 120.5441355, 18.0351647 ], [ 120.5437818, 18.0344302 ], [ 120.5434787, 18.0336546 ], [ 120.5431253, 18.0329384 ], [ 120.5427963, 18.0321819 ], [ 120.5424765, 18.0314472 ], [ 120.5421648, 18.0306758 ], [ 120.5418482, 18.0299054 ], [ 120.5414728, 18.0291838 ], [ 120.5412063, 18.0285351 ], [ 120.5409016, 18.0278292 ], [ 120.5405096, 18.0269584 ], [ 120.5402437, 18.0263305 ], [ 120.5399222, 18.0255927 ], [ 120.5395386, 18.0248521 ], [ 120.5392553, 18.0240956 ], [ 120.5389226, 18.0233214 ], [ 120.5385969, 18.0225919 ], [ 120.53825, 18.021883 ], [ 120.5379374, 18.0210926 ], [ 120.5376204, 18.0203326 ], [ 120.5372645, 18.0196091 ], [ 120.5369614, 18.0188621 ], [ 120.5366546, 18.0180929 ], [ 120.5363314, 18.0173492 ], [ 120.5360379, 18.0166396 ], [ 120.5353539, 18.0162642 ], [ 120.5347683, 18.0158612 ], [ 120.5341735, 18.0155281 ], [ 120.5336053, 18.0151527 ], [ 120.5331073, 18.0148016 ], [ 120.5325388, 18.0144583 ], [ 120.5320207, 18.0141058 ], [ 120.5313828, 18.0137357 ], [ 120.5309317, 18.0132926 ], [ 120.5303447, 18.0127824 ], [ 120.5297945, 18.0122909 ], [ 120.5292012, 18.0118389 ], [ 120.5287047, 18.0113654 ], [ 120.5281729, 18.0109093 ], [ 120.5275696, 18.0103717 ], [ 120.5271562, 18.0099533 ], [ 120.5266282, 18.0095462 ], [ 120.5260004, 18.0089906 ], [ 120.5254597, 18.0085146 ], [ 120.5247252, 18.0079171 ], [ 120.5238599, 18.0076388 ], [ 120.5230385, 18.0073667 ], [ 120.5225363, 18.0071882 ], [ 120.521885, 18.0069882 ], [ 120.5213437, 18.0068476 ], [ 120.5205776, 18.0065528 ], [ 120.5197826, 18.0062838 ], [ 120.5189732, 18.0060223 ], [ 120.5181651, 18.0057577 ], [ 120.5173845, 18.0054867 ], [ 120.5166201, 18.0052551 ], [ 120.5158069, 18.0050512 ], [ 120.51519, 18.0051555 ], [ 120.5145262, 18.0052737 ], [ 120.5138095, 18.0054026 ], [ 120.5130485, 18.0055645 ], [ 120.512841, 18.0062135 ], [ 120.5128203, 18.0062984 ] ] } },
{ "type": "Feature", "properties": { "contextFeatureId": "PHL-S-003::transmission::way::1177856402", "projectId": "PHL-S-003", "projectName": "Opus Solar Power Project", "countryCode": "PHL", "osmType": "way", "osmId": 1177856402, "highway": null, "place": null, "power": "line", "landuse": null, "name": null, "voltage": "115000", "circuits": "2", "cables": "3", "frequency": "60", "substationTag": null, "lineTag": null, "operator": "National Grid Corporation of the Philippines", "location": null }, "geometry": { "type": "LineString", "coordinates": [ [ 120.5124926, 18.0052256 ], [ 120.512069, 18.0059348 ], [ 120.5123646, 18.0061419 ] ] } },
{ "type": "Feature", "properties": { "contextFeatureId": "PHL-S-003::transmission::way::1177952473", "projectId": "PHL-S-003", "projectName": "Opus Solar Power Project", "countryCode": "PHL", "osmType": "way", "osmId": 1177952473, "highway": null, "place": null, "power": "line", "landuse": null, "name": null, "voltage": "69000", "circuits": "2", "cables": "6", "frequency": "60", "substationTag": null, "lineTag": null, "operator": null, "location": null }, "geometry": { "type": "LineString", "coordinates": [ [ 120.4849464, 18.0459176 ], [ 120.4844494, 18.0455081 ], [ 120.4841014, 18.044651 ], [ 120.4838134, 18.043836 ], [ 120.4834871, 18.0431355 ], [ 120.4831028, 18.0423993 ], [ 120.4828455, 18.041583 ], [ 120.482707, 18.0407568 ], [ 120.4826034, 18.0399581 ], [ 120.4824673, 18.0392058 ], [ 120.4822915, 18.0385078 ], [ 120.4823217, 18.0378462 ], [ 120.4822229, 18.0369195 ], [ 120.4821781, 18.0361922 ], [ 120.4823742, 18.0354826 ], [ 120.4824778, 18.0347443 ], [ 120.4826389, 18.0344598 ], [ 120.4823298, 18.0341601 ], [ 120.4818794, 18.0337913 ], [ 120.4815467, 18.0332719 ], [ 120.481447, 18.0326646 ], [ 120.4813359, 18.032026 ], [ 120.4812256, 18.0312565 ], [ 120.4811041, 18.0304553 ], [ 120.4812066, 18.0298755 ], [ 120.4815224, 18.029186 ], [ 120.4818821, 18.0287242 ], [ 120.4823207, 18.028155 ], [ 120.4830366, 18.0280393 ], [ 120.4837294, 18.0282616 ], [ 120.484287, 18.0288283 ], [ 120.4848205, 18.0292971 ], [ 120.4855804, 18.0291486 ], [ 120.4862561, 18.0286923 ], [ 120.4869133, 18.0282654 ], [ 120.4876272, 18.0279313 ], [ 120.4883691, 18.0276152 ], [ 120.4892978, 18.0274247 ], [ 120.4900136, 18.0273073 ], [ 120.4908285, 18.0271063 ], [ 120.4917504, 18.0266761 ], [ 120.4922814, 18.0264538 ], [ 120.4929564, 18.0262198 ], [ 120.4936531, 18.0258546 ], [ 120.4940004, 18.0254746 ], [ 120.4943715, 18.0256209 ], [ 120.4951786, 18.025463 ], [ 120.4959826, 18.0252799 ], [ 120.4967558, 18.0249763 ], [ 120.4974383, 18.0250203 ], [ 120.497961, 18.0248553 ], [ 120.4987968, 18.0246565 ], [ 120.4996426, 18.0248723 ], [ 120.5003481, 18.0247629 ], [ 120.5009822, 18.0246699 ], [ 120.5012356, 18.023905 ], [ 120.5014483, 18.023146 ], [ 120.5020888, 18.0226201 ], [ 120.5028722, 18.0225445 ], [ 120.5035087, 18.0220288 ], [ 120.5043704, 18.0217415 ], [ 120.5050858, 18.0216829 ], [ 120.5055471, 18.0223421 ], [ 120.5058907, 18.0230079 ], [ 120.5066377, 18.0233171 ], [ 120.5072601, 18.0238296 ], [ 120.5079813, 18.0242266 ], [ 120.5088354, 18.0242839 ], [ 120.5096971, 18.0242877 ], [ 120.5102751, 18.0237539 ], [ 120.5106394, 18.0230241 ], [ 120.5107912, 18.0222348 ], [ 120.5110661, 18.0214868 ], [ 120.5113667, 18.0207304 ], [ 120.5116335, 18.0200685 ], [ 120.5118144, 18.0193692 ], [ 120.5126368, 18.0192549 ], [ 120.5131889, 18.0188144 ], [ 120.5129935, 18.0174876 ], [ 120.5126158, 18.016753 ], [ 120.5121544, 18.0162546 ], [ 120.512532, 18.0156287 ], [ 120.5121509, 18.0150252 ], [ 120.5122177, 18.014073 ], [ 120.5124469, 18.0134213 ], [ 120.5127769, 18.0131252 ], [ 120.5129322, 18.0125037 ], [ 120.5129084, 18.0118768 ], [ 120.5127258, 18.01105 ], [ 120.5123179, 18.0103216 ], [ 120.5122048, 18.0095335 ], [ 120.5120546, 18.00854 ], [ 120.5122977, 18.0079506 ], [ 120.512698, 18.0073492 ], [ 120.5127549, 18.0065536 ] ] } },
{ "type": "Feature", "properties": { "contextFeatureId": "PHL-S-004::transmission::way::157339502", "projectId": "PHL-S-004", "projectName": "Laoag Solar Power Project", "countryCode": "PHL", "osmType": "way", "osmId": 157339502, "highway": null, "place": null, "power": "line", "landuse": null, "name": "Bolo–Balingueo", "voltage": "230000", "circuits": "2", "cables": "6", "frequency": null, "substationTag": null, "lineTag": null, "operator": "National Grid Corporation of the Philippines", "location": null }, "geometry": { "type": "LineString", "coordinates": [ [ 120.400985, 15.9575426 ], [ 120.3990981, 15.9567122 ], [ 120.3983316, 15.955916 ], [ 120.3969229, 15.9533207 ], [ 120.3955443, 15.9509791 ], [ 120.3943628, 15.9486051 ], [ 120.3930793, 15.9461164 ], [ 120.3919233, 15.9438301 ], [ 120.3906668, 15.9406244 ], [ 120.389887, 15.9376405 ], [ 120.3885352, 15.9347932 ], [ 120.3871914, 15.9314996 ], [ 120.3850132, 15.9258819 ], [ 120.3838599, 15.9228409 ], [ 120.381582, 15.9169699 ], [ 120.379013, 15.9148512 ], [ 120.3766073, 15.9128113 ], [ 120.3742628, 15.9109382 ], [ 120.3719663, 15.9090484 ], [ 120.3698612, 15.9070077 ], [ 120.3673046, 15.9045292 ], [ 120.3644674, 15.901848 ], [ 120.3621446, 15.8996244 ], [ 120.3601592, 15.897683 ], [ 120.3580349, 15.8956554 ], [ 120.3559173, 15.8936259 ], [ 120.3536785, 15.8914922 ], [ 120.3514152, 15.8893351 ], [ 120.3490393, 15.8870562 ], [ 120.3470384, 15.8851265 ], [ 120.3448497, 15.8830317 ], [ 120.3421836, 15.8817573 ], [ 120.339592, 15.8805123 ], [ 120.336846, 15.8791775 ], [ 120.3334566, 15.8775838 ], [ 120.3299994, 15.8759583 ], [ 120.3272437, 15.8746627 ], [ 120.3242924, 15.8747455 ], [ 120.3210148, 15.8748376 ], [ 120.3179305, 15.8749243 ], [ 120.3149907, 15.8749981 ], [ 120.3117721, 15.875079 ], [ 120.3089086, 15.8751479 ], [ 120.3052925, 15.8752406 ], [ 120.3014945, 15.8744563 ], [ 120.2975938, 15.8736557 ], [ 120.2942793, 15.8729754 ], [ 120.2913879, 15.8723768 ], [ 120.2884494, 15.8717586 ], [ 120.2865562, 15.8713603 ], [ 120.2847099, 15.8709763 ], [ 120.2828102, 15.8705812 ], [ 120.278288, 15.8701374 ], [ 120.2759381, 15.8700706 ], [ 120.2731708, 15.8699364 ], [ 120.2701523, 15.8698142 ], [ 120.2666888, 15.8696888 ], [ 120.2637821, 15.8695734 ], [ 120.2611131, 15.870596 ], [ 120.2584783, 15.8716054 ], [ 120.2553605, 15.8727999 ], [ 120.2526686, 15.8738786 ], [ 120.2494757, 15.875158 ], [ 120.2463911, 15.8764221 ], [ 120.2436928, 15.8783364 ], [ 120.2408497, 15.8803642 ], [ 120.2384894, 15.8820101 ], [ 120.236327, 15.8835565 ], [ 120.233833, 15.8853226 ], [ 120.2311674, 15.8872731 ], [ 120.2286883, 15.8890944 ], [ 120.2261678, 15.890926 ], [ 120.2237104, 15.8927264 ], [ 120.2209847, 15.8946854 ], [ 120.218737, 15.8963261 ], [ 120.215653, 15.8985358 ], [ 120.2125299, 15.9008537 ], [ 120.2099667, 15.902756 ], [ 120.2066247, 15.9051859 ], [ 120.2036416, 15.9074131 ], [ 120.2024673, 15.9094885 ], [ 120.2010296, 15.912068 ], [ 120.199549, 15.9146732 ], [ 120.1979987, 15.9174486 ], [ 120.1964637, 15.9201474 ], [ 120.1952398, 15.9223449 ], [ 120.1937072, 15.925104 ], [ 120.1923817, 15.9274805 ], [ 120.190767, 15.9303589 ], [ 120.1892631, 15.9330558 ], [ 120.1875483, 15.9361311 ], [ 120.1861434, 15.9386705 ], [ 120.1847272, 15.9411722 ], [ 120.1833877, 15.9435413 ], [ 120.1821396, 15.9459867 ], [ 120.180438, 15.9490532 ], [ 120.1785736, 15.9521056 ], [ 120.1765083, 15.9549063 ], [ 120.1747225, 15.9572907 ], [ 120.172764, 15.9599247 ], [ 120.1709245, 15.9623452 ], [ 120.1689933, 15.964893 ], [ 120.1673357, 15.9670746 ], [ 120.1658501, 15.9690344 ], [ 120.1634197, 15.972245 ], [ 120.1615395, 15.9747566 ], [ 120.1606115, 15.9759811 ] ] } },
{ "type": "Feature", "properties": { "contextFeatureId": "PHL-S-004::transmission::way::157355356", "projectId": "PHL-S-004", "projectName": "Laoag Solar Power Project", "countryCode": "PHL", "osmType": "way", "osmId": 157355356, "highway": null, "place": null, "power": "line", "landuse": null, "name": null, "voltage": "500000", "circuits": null, "cables": "3", "frequency": null, "substationTag": null, "lineTag": null, "operator": null, "location": null }, "geometry": { "type": "LineString", "coordinates": [ [ 120.1627914, 15.9772276 ], [ 120.1630823, 15.9768507 ], [ 120.1632132, 15.9766802 ], [ 120.1636869, 15.976095 ] ] } },
{ "type": "Feature", "properties": { "contextFeatureId": "PHL-S-004::transmission::way::247291928", "projectId": "PHL-S-004", "projectName": "Laoag Solar Power Project", "countryCode": "PHL", "osmType": "way", "osmId": 247291928, "highway": null, "place": null, "power": "line", "landuse": null, "name": "Bolo-Nagsaag", "voltage": "500000", "circuits": "2", "cables": "6", "frequency": "60", "substationTag": null, "lineTag": null, "operator": "National Grid Corporation of the Philippines", "location": null }, "geometry": { "type": "LineString", "coordinates": [ [ 120.1636869, 15.976095 ], [ 120.1651688, 15.9729469 ], [ 120.1667511, 15.9696667 ], [ 120.1683714, 15.9663455 ], [ 120.1681462, 15.9654652 ], [ 120.1707319, 15.9621335 ], [ 120.1724485, 15.9597609 ], [ 120.1743797, 15.9572234 ], [ 120.1760319, 15.9549849 ], [ 120.1783386, 15.9518799 ], [ 120.1803235, 15.9485273 ], [ 120.1815573, 15.946299 ], [ 120.1831559, 15.9433285 ], [ 120.1848451, 15.9402502 ], [ 120.1865162, 15.9372747 ], [ 120.1883999, 15.9338965 ], [ 120.1900009, 15.9309591 ], [ 120.1916043, 15.9281689 ], [ 120.193116, 15.9254754 ], [ 120.1949389, 15.9221817 ], [ 120.1961212, 15.9200795 ], [ 120.1979615, 15.9168246 ], [ 120.1995925, 15.9140079 ], [ 120.2014378, 15.9106753 ], [ 120.2034017, 15.9071982 ], [ 120.2069095, 15.9046186 ], [ 120.2098814, 15.9024106 ], [ 120.2119457, 15.9008631 ], [ 120.2154637, 15.8983157 ], [ 120.2186171, 15.8959933 ], [ 120.2209515, 15.8942639 ], [ 120.2235392, 15.8924119 ], [ 120.2263491, 15.8903541 ], [ 120.2288916, 15.8884859 ], [ 120.2315475, 15.8865539 ], [ 120.2341954, 15.8845868 ], [ 120.2358034, 15.8814346 ], [ 120.2368537, 15.879059 ], [ 120.2403304, 15.8770529 ], [ 120.2433887, 15.8766363 ], [ 120.2462873, 15.8759895 ], [ 120.2509536, 15.8741603 ], [ 120.2551945, 15.8725038 ], [ 120.2584401, 15.8712986 ], [ 120.2611438, 15.870246 ], [ 120.2637617, 15.8692509 ], [ 120.2670573, 15.8693433 ], [ 120.2701582, 15.869453 ], [ 120.2736118, 15.8696132 ], [ 120.2778299, 15.8697344 ], [ 120.2828673, 15.8702669 ], [ 120.2867426, 15.8710694 ], [ 120.2895321, 15.8716628 ], [ 120.2931801, 15.8724029 ], [ 120.2977021, 15.8733191 ], [ 120.3013233, 15.8740747 ], [ 120.3053037, 15.8749106 ], [ 120.3095308, 15.8748383 ], [ 120.3129639, 15.8747226 ], [ 120.3161826, 15.8746627 ], [ 120.3195031, 15.8746142 ], [ 120.323371, 15.8744771 ], [ 120.3272804, 15.8743316 ], [ 120.3303381, 15.8757867 ], [ 120.3336217, 15.8773187 ], [ 120.3371437, 15.878978 ], [ 120.340699, 15.8806717 ], [ 120.3442526, 15.8823421 ], [ 120.3478487, 15.8840359 ], [ 120.3512982, 15.8857975 ], [ 120.3538517, 15.8885527 ], [ 120.3568021, 15.8915348 ], [ 120.3596667, 15.8945995 ], [ 120.3622631, 15.8973649 ], [ 120.3646234, 15.8998207 ], [ 120.3674129, 15.9022764 ], [ 120.3700681, 15.9043636 ], [ 120.371892, 15.9059836 ], [ 120.3735872, 15.9078202 ], [ 120.3764226, 15.9109728 ], [ 120.3792039, 15.9141008 ], [ 120.3818132, 15.9167189 ], [ 120.3846542, 15.9183619 ], [ 120.3878406, 15.9200333 ], [ 120.3902546, 15.9213024 ], [ 120.3931401, 15.9229015 ], [ 120.3968094, 15.9249237 ], [ 120.4017876, 15.927441 ], [ 120.4061006, 15.9301647 ], [ 120.4063084, 15.9302915 ], [ 120.4098128, 15.9317376 ], [ 120.4129992, 15.9329812 ], [ 120.4163477, 15.9343652 ], [ 120.4199043, 15.9352988 ], [ 120.4236948, 15.9366234 ], [ 120.4268611, 15.9378399 ], [ 120.4298181, 15.9399656 ], [ 120.4322152, 15.9415672 ], [ 120.4341349, 15.9434512 ], [ 120.4367415, 15.9456548 ], [ 120.4392637, 15.9478498 ], [ 120.441758, 15.950201 ], [ 120.4437023, 15.9518847 ], [ 120.4460442, 15.9537857 ], [ 120.4488183, 15.9560369 ], [ 120.451549, 15.9581584 ], [ 120.4542427, 15.9604261 ], [ 120.4567064, 15.9624032 ], [ 120.4592359, 15.9645508 ], [ 120.4618211, 15.9666732 ], [ 120.46392, 15.9683697 ], [ 120.4659862, 15.9701142 ], [ 120.4703593, 15.9711721 ], [ 120.4747136, 15.9723239 ], [ 120.4795472, 15.9735545 ], [ 120.4806797, 15.9738442 ], [ 120.4836058, 15.9750821 ], [ 120.4865179, 15.9762826 ], [ 120.4891606, 15.9771484 ], [ 120.4934747, 15.9785646 ], [ 120.4976107, 15.9799058 ], [ 120.5009917, 15.9818143 ], [ 120.5036131, 15.9832774 ], [ 120.5067305, 15.985021 ], [ 120.5111008, 15.9874105 ], [ 120.5142606, 15.9891782 ], [ 120.5181714, 15.9912756 ], [ 120.5214136, 15.9931623 ], [ 120.5244386, 15.9948206 ], [ 120.5279108, 15.9967826 ], [ 120.5316385, 15.9988866 ], [ 120.5347425, 16.0017626 ], [ 120.5380261, 16.0047075 ], [ 120.540921, 16.0075047 ], [ 120.5434994, 16.0098451 ], [ 120.5467027, 16.0115013 ], [ 120.5502134, 16.0133062 ], [ 120.5530894, 16.0147938 ], [ 120.5549935, 16.0157558 ], [ 120.5576994, 16.0169718 ], [ 120.5607646, 16.018308 ], [ 120.564067, 16.0197589 ], [ 120.5671116, 16.0210878 ], [ 120.5708305, 16.0227142 ], [ 120.5739414, 16.0250378 ], [ 120.5766222, 16.0256695 ], [ 120.5793196, 16.0264133 ], [ 120.582394, 16.0281786 ], [ 120.5858085, 16.0301402 ], [ 120.5898094, 16.0325499 ], [ 120.5933472, 16.0346282 ], [ 120.5970265, 16.0367775 ], [ 120.6005135, 16.038796 ], [ 120.6038808, 16.0407732 ], [ 120.6065689, 16.0423786 ], [ 120.6095215, 16.0441449 ], [ 120.6125986, 16.0459578 ], [ 120.6155571, 16.0477293 ], [ 120.6182951, 16.049381 ], [ 120.6211704, 16.0510101 ], [ 120.6245178, 16.053031 ], [ 120.6286034, 16.055524 ], [ 120.6316203, 16.0567623 ], [ 120.6352681, 16.0581851 ], [ 120.6390962, 16.0597512 ], [ 120.6432829, 16.0599671 ], [ 120.6464293, 16.0601353 ], [ 120.6506016, 16.0614511 ] ] } },
{ "type": "Feature", "properties": { "contextFeatureId": "PHL-S-004::transmission::way::247291934", "projectId": "PHL-S-004", "projectName": "Laoag Solar Power Project", "countryCode": "PHL", "osmType": "way", "osmId": 247291934, "highway": null, "place": null, "power": "line", "landuse": null, "name": null, "voltage": "500000", "circuits": null, "cables": "3", "frequency": null, "substationTag": null, "lineTag": null, "operator": null, "location": null }, "geometry": { "type": "LineString", "coordinates": [ [ 120.1636869, 15.976095 ], [ 120.1635252, 15.9766852 ], [ 120.163468, 15.9768942 ], [ 120.1633603, 15.9770383 ], [ 120.1630692, 15.9774234 ] ] } },
{ "type": "Feature", "properties": { "contextFeatureId": "PHL-S-004::transmission::way::247291935", "projectId": "PHL-S-004", "projectName": "Laoag Solar Power Project", "countryCode": "PHL", "osmType": "way", "osmId": 247291935, "highway": null, "place": null, "power": "line", "landuse": null, "name": null, "voltage": "500000", "circuits": null, "cables": "3", "frequency": null, "substationTag": null, "lineTag": null, "operator": null, "location": null }, "geometry": { "type": "LineString", "coordinates": [ [ 120.1620532, 15.9771327 ], [ 120.1622602, 15.9768537 ], [ 120.1625361, 15.9764819 ], [ 120.1626526, 15.9763244 ], [ 120.1627197, 15.9762374 ] ] } },
{ "type": "Feature", "properties": { "contextFeatureId": "PHL-S-004::transmission::way::247294054", "projectId": "PHL-S-004", "projectName": "Laoag Solar Power Project", "countryCode": "PHL", "osmType": "way", "osmId": 247294054, "highway": null, "place": null, "power": "line", "landuse": null, "name": null, "voltage": "500000", "circuits": null, "cables": "3", "frequency": null, "substationTag": null, "lineTag": null, "operator": null, "location": null }, "geometry": { "type": "LineString", "coordinates": [ [ 120.1618319, 15.977985 ], [ 120.1621611, 15.9775371 ], [ 120.1628035, 15.9766624 ], [ 120.1629208, 15.9765023 ], [ 120.1630175, 15.9763947 ] ] } },
{ "type": "Feature", "properties": { "contextFeatureId": "PHL-S-004::transmission::way::1116730541", "projectId": "PHL-S-004", "projectName": "Laoag Solar Power Project", "countryCode": "PHL", "osmType": "way", "osmId": 1116730541, "highway": null, "place": null, "power": "line", "landuse": null, "name": null, "voltage": "69000", "circuits": null, "cables": "3", "frequency": "60", "substationTag": null, "lineTag": null, "operator": "Central Pangasinan Electric Cooperative", "location": null }, "geometry": { "type": "LineString", "coordinates": [ [ 120.3316917, 15.944879 ], [ 120.3316914, 15.9441792 ], [ 120.331657, 15.9433275 ], [ 120.3321891, 15.942724 ], [ 120.332835, 15.9420429 ], [ 120.3333435, 15.9413682 ], [ 120.3331796, 15.940528 ], [ 120.3330104, 15.9396794 ], [ 120.3328366, 15.9388544 ], [ 120.3326817, 15.9380743 ], [ 120.3325156, 15.9372557 ], [ 120.3323518, 15.936434 ], [ 120.3321773, 15.9355897 ], [ 120.3320107, 15.9347506 ], [ 120.3318471, 15.933897 ], [ 120.3316811, 15.9330669 ], [ 120.3314908, 15.9321253 ], [ 120.3313223, 15.931281 ], [ 120.331169, 15.9304865 ], [ 120.3309953, 15.9296696 ], [ 120.3306761, 15.9280506 ], [ 120.3303391, 15.9263662 ], [ 120.3301577, 15.9255307 ], [ 120.3299992, 15.9246197 ], [ 120.3310351, 15.9234154 ], [ 120.3322321, 15.9221663 ], [ 120.3327491, 15.9215864 ], [ 120.3333593, 15.920938 ], [ 120.3339186, 15.9203253 ], [ 120.3344664, 15.919693 ], [ 120.3350281, 15.9190735 ], [ 120.3355683, 15.9184765 ], [ 120.3362721, 15.9177338 ], [ 120.3368099, 15.9171431 ], [ 120.3373021, 15.9167768 ], [ 120.3381444, 15.9166002 ], [ 120.3390218, 15.9166291 ], [ 120.3398621, 15.9166596 ], [ 120.3406996, 15.9166645 ], [ 120.3415298, 15.9167275 ], [ 120.3423399, 15.9168053 ], [ 120.3438863, 15.9169257 ], [ 120.3447328, 15.9169865 ], [ 120.3455542, 15.9170792 ], [ 120.346407, 15.9172453 ], [ 120.34703, 15.9172949 ], [ 120.3475769, 15.9173005 ], [ 120.3482551, 15.9173277 ], [ 120.3493122, 15.9173342 ], [ 120.3499867, 15.9173591 ], [ 120.3505663, 15.9173187 ], [ 120.3513273, 15.9172209 ], [ 120.3519835, 15.917131 ], [ 120.3527422, 15.9170876 ], [ 120.3537189, 15.9169118 ], [ 120.3545653, 15.9168084 ], [ 120.3549133, 15.9167997 ], [ 120.3552346, 15.9167128 ], [ 120.3557817, 15.9171205 ], [ 120.3566125, 15.9177249 ], [ 120.3570682, 15.9181961 ], [ 120.3572946, 15.9186947 ], [ 120.3582192, 15.9185103 ], [ 120.3590102, 15.9185296 ], [ 120.3594924, 15.9186334 ], [ 120.3598547, 15.9187744 ], [ 120.3602957, 15.9189584 ], [ 120.3613079, 15.9192894 ], [ 120.3618344, 15.9194367 ], [ 120.3624332, 15.9195988 ], [ 120.3628553, 15.9197252 ], [ 120.3636003, 15.91994 ], [ 120.3642913, 15.920152 ], [ 120.3649819, 15.9203442 ], [ 120.3656558, 15.9204526 ], [ 120.3662645, 15.9204337 ], [ 120.3671648, 15.9203038 ], [ 120.3682049, 15.9201487 ], [ 120.3686864, 15.9201157 ], [ 120.3695843, 15.9201435 ], [ 120.3704436, 15.9201933 ], [ 120.3712136, 15.9202336 ], [ 120.3720152, 15.9202784 ], [ 120.3726804, 15.9203105 ], [ 120.373379, 15.9203453 ], [ 120.3740373, 15.920378 ], [ 120.3746397, 15.9204003 ], [ 120.3755613, 15.9204529 ], [ 120.3763944, 15.9204937 ], [ 120.3770605, 15.9205514 ], [ 120.377766, 15.9206727 ], [ 120.378603, 15.920859 ], [ 120.3796654, 15.9210991 ], [ 120.3802379, 15.9211644 ] ] } },
{ "type": "Feature", "properties": { "contextFeatureId": "PHL-S-004::transmission::way::1147688179", "projectId": "PHL-S-004", "projectName": "Laoag Solar Power Project", "countryCode": "PHL", "osmType": "way", "osmId": 1147688179, "highway": null, "place": null, "power": "line", "landuse": null, "name": "Bolo-Balaoan Transmission Line", "voltage": "500000", "circuits": null, "cables": null, "frequency": "60", "substationTag": null, "lineTag": null, "operator": "National Grid Corporation of the Philippines", "location": null }, "geometry": { "type": "LineString", "coordinates": [ [ 120.1627197, 15.9762374 ], [ 120.1632386, 15.9758124 ] ] } },
{ "type": "Feature", "properties": { "contextFeatureId": "PHL-S-004::transmission::way::1147688180", "projectId": "PHL-S-004", "projectName": "Laoag Solar Power Project", "countryCode": "PHL", "osmType": "way", "osmId": 1147688180, "highway": null, "place": null, "power": "line", "landuse": null, "name": null, "voltage": "500000", "circuits": null, "cables": null, "frequency": "60", "substationTag": null, "lineTag": null, "operator": "National Grid Corporation of the Philippines", "location": null }, "geometry": { "type": "LineString", "coordinates": [ [ 120.1632386, 15.9758124 ], [ 120.1630175, 15.9763947 ] ] } },
{ "type": "Feature", "properties": { "contextFeatureId": "PHL-S-004::transmission::way::1289893167", "projectId": "PHL-S-004", "projectName": "Laoag Solar Power Project", "countryCode": "PHL", "osmType": "way", "osmId": 1289893167, "highway": null, "place": null, "power": "line", "landuse": null, "name": "Bugallon Solar Power - Bolo Transmission Line", "voltage": "230000", "circuits": "2", "cables": "6", "frequency": "60", "substationTag": null, "lineTag": null, "operator": "PetroGreen Energy Corporation", "location": null }, "geometry": { "type": "LineString", "coordinates": [ [ 120.1606115, 15.9759811 ], [ 120.1604142, 15.9757014 ], [ 120.1593996, 15.9742944 ], [ 120.1590174, 15.973294 ], [ 120.1592156, 15.9712933 ], [ 120.1568797, 15.9683943 ], [ 120.1553646, 15.9679326 ], [ 120.1539493, 15.9673122 ], [ 120.1514718, 15.9662438 ], [ 120.1495263, 15.9642174 ], [ 120.1471552, 15.9632711 ], [ 120.1446837, 15.9617318 ], [ 120.1431477, 15.9595404 ], [ 120.141023, 15.9567687 ], [ 120.1419231, 15.9541912 ], [ 120.1421893, 15.9493295 ], [ 120.1414622, 15.9477239 ], [ 120.1395766, 15.9447673 ], [ 120.1381134, 15.9424384 ], [ 120.1369576, 15.9411893 ], [ 120.1351183, 15.939712 ], [ 120.1343467, 15.9398084 ] ] } },
{ "type": "Feature", "properties": { "contextFeatureId": "PHL-S-004::transmission::way::1329553927", "projectId": "PHL-S-004", "projectName": "Laoag Solar Power Project", "countryCode": "PHL", "osmType": "way", "osmId": 1329553927, "highway": null, "place": null, "power": "line", "landuse": null, "name": null, "voltage": "230000", "circuits": "2", "cables": "6", "frequency": "60", "substationTag": null, "lineTag": null, "operator": null, "location": null }, "geometry": { "type": "LineString", "coordinates": [ [ 120.1343467, 15.9398084 ], [ 120.1350482, 15.9393529 ], [ 120.1351951, 15.9388167 ], [ 120.1344314, 15.9379624 ], [ 120.1343463, 15.9369092 ], [ 120.134312, 15.935733 ], [ 120.1345134, 15.9335008 ], [ 120.1345384, 15.9311426 ], [ 120.1337756, 15.927736 ], [ 120.1328757, 15.9248752 ], [ 120.1330333, 15.9223202 ], [ 120.1334244, 15.9205183 ], [ 120.1353531, 15.9183758 ], [ 120.1357854, 15.9162492 ], [ 120.1362474, 15.9110516 ], [ 120.1355404, 15.9099056 ], [ 120.1347308, 15.9066155 ], [ 120.1347536, 15.9047895 ], [ 120.1356731, 15.9014884 ], [ 120.1369479, 15.899548 ], [ 120.1397687, 15.8975496 ], [ 120.1406674, 15.8959646 ], [ 120.1417146, 15.8925493 ], [ 120.1418571, 15.8907396 ], [ 120.1417799, 15.8873577 ], [ 120.1439173, 15.8850468 ], [ 120.1460079, 15.8827842 ], [ 120.1472282, 15.8807537 ], [ 120.150685, 15.8785905 ], [ 120.1523898, 15.8780311 ], [ 120.1553833, 15.8765613 ], [ 120.1573105, 15.874192 ], [ 120.1609768, 15.873161 ], [ 120.1621627, 15.8734078 ], [ 120.1662966, 15.8725961 ], [ 120.1689194, 15.8708685 ], [ 120.1713712, 15.8685376 ], [ 120.1732699, 15.8670074 ], [ 120.1751401, 15.865702 ], [ 120.1763375, 15.8643967 ], [ 120.1767651, 15.8636947 ], [ 120.1771357, 15.8616434 ], [ 120.1774493, 15.8598225 ], [ 120.177723, 15.8570855 ], [ 120.1788748, 15.8552536 ], [ 120.1796445, 15.8546283 ], [ 120.1819195, 15.8533503 ], [ 120.183516, 15.851469 ], [ 120.184166, 15.8506243 ], [ 120.1860876, 15.8489185 ], [ 120.1881985, 15.8452625 ] ] } },
{ "type": "Feature", "properties": { "contextFeatureId": "PHL-S-004::transmission::way::1329553928", "projectId": "PHL-S-004", "projectName": "Laoag Solar Power Project", "countryCode": "PHL", "osmType": "way", "osmId": 1329553928, "highway": null, "place": null, "power": "line", "landuse": null, "name": null, "voltage": "230000", "circuits": "1", "cables": "6", "frequency": "60", "substationTag": null, "lineTag": null, "operator": null, "location": null }, "geometry": { "type": "LineString", "coordinates": [ [ 120.1881985, 15.8452625 ], [ 120.1874223, 15.8447423 ] ] } },
{ "type": "Feature", "properties": { "contextFeatureId": "PHL-S-004::transmission::way::1329555793", "projectId": "PHL-S-004", "projectName": "Laoag Solar Power Project", "countryCode": "PHL", "osmType": "way", "osmId": 1329555793, "highway": null, "place": null, "power": "line", "landuse": null, "name": null, "voltage": "230000", "circuits": "2", "cables": "6", "frequency": "60", "substationTag": null, "lineTag": null, "operator": null, "location": null }, "geometry": { "type": "LineString", "coordinates": [ [ 120.2123397, 15.8414902 ], [ 120.2099922, 15.8393092 ], [ 120.2081938, 15.8390685 ], [ 120.204805, 15.840834 ], [ 120.2036414, 15.8411664 ], [ 120.2008454, 15.8414927 ], [ 120.1975544, 15.8419823 ], [ 120.1926466, 15.8437798 ], [ 120.1916951, 15.8439863 ], [ 120.1881985, 15.8452625 ] ] } },
{ "type": "Feature", "properties": { "contextFeatureId": "PHL-S-004::transmission::way::1329555794", "projectId": "PHL-S-004", "projectName": "Laoag Solar Power Project", "countryCode": "PHL", "osmType": "way", "osmId": 1329555794, "highway": null, "place": null, "power": "line", "landuse": null, "name": null, "voltage": "230000", "circuits": "1", "cables": "6", "frequency": "60", "substationTag": null, "lineTag": null, "operator": null, "location": null }, "geometry": { "type": "LineString", "coordinates": [ [ 120.2123397, 15.8414902 ], [ 120.212466, 15.8418876 ] ] } },
{ "type": "Feature", "properties": { "contextFeatureId": "PHL-S-004::transmission::way::1329797733", "projectId": "PHL-S-004", "projectName": "Laoag Solar Power Project", "countryCode": "PHL", "osmType": "way", "osmId": 1329797733, "highway": null, "place": null, "power": "line", "landuse": null, "name": null, "voltage": null, "circuits": null, "cables": null, "frequency": null, "substationTag": null, "lineTag": null, "operator": null, "location": null }, "geometry": { "type": "LineString", "coordinates": [ [ 120.2123885, 15.8419744 ], [ 120.212466, 15.8418876 ], [ 120.2125921, 15.8417463 ], [ 120.2126758, 15.8416525 ] ] } },
{ "type": "Feature", "properties": { "contextFeatureId": "PHL-S-004::transmission::way::1329797734", "projectId": "PHL-S-004", "projectName": "Laoag Solar Power Project", "countryCode": "PHL", "osmType": "way", "osmId": 1329797734, "highway": null, "place": null, "power": "line", "landuse": null, "name": null, "voltage": null, "circuits": null, "cables": null, "frequency": null, "substationTag": null, "lineTag": null, "operator": null, "location": null }, "geometry": { "type": "LineString", "coordinates": [ [ 120.212627, 15.8421181 ], [ 120.2126714, 15.8420713 ], [ 120.2128072, 15.8419284 ], [ 120.2128711, 15.8418611 ] ] } },
{ "type": "Feature", "properties": { "contextFeatureId": "PHL-S-004::transmission::way::1329797735", "projectId": "PHL-S-004", "projectName": "Laoag Solar Power Project", "countryCode": "PHL", "osmType": "way", "osmId": 1329797735, "highway": null, "place": null, "power": "line", "landuse": null, "name": null, "voltage": null, "circuits": null, "cables": null, "frequency": null, "substationTag": null, "lineTag": null, "operator": null, "location": null }, "geometry": { "type": "LineString", "coordinates": [ [ 120.2128682, 15.8423143 ], [ 120.2130391, 15.8421319 ], [ 120.2130837, 15.8420794 ] ] } },
{ "type": "Feature", "properties": { "contextFeatureId": "PHL-S-004::transmission::way::1329797736", "projectId": "PHL-S-004", "projectName": "Laoag Solar Power Project", "countryCode": "PHL", "osmType": "way", "osmId": 1329797736, "highway": null, "place": null, "power": "line", "landuse": null, "name": null, "voltage": null, "circuits": null, "cables": null, "frequency": null, "substationTag": null, "lineTag": null, "operator": null, "location": null }, "geometry": { "type": "LineString", "coordinates": [ [ 120.212466, 15.8418876 ], [ 120.2126714, 15.8420713 ], [ 120.2129038, 15.8422745 ], [ 120.2130348, 15.8423903 ] ] } },
{ "type": "Feature", "properties": { "contextFeatureId": "PHL-S-004::transmission::way::1329797737", "projectId": "PHL-S-004", "projectName": "Laoag Solar Power Project", "countryCode": "PHL", "osmType": "way", "osmId": 1329797737, "highway": null, "place": null, "power": "line", "landuse": null, "name": null, "voltage": null, "circuits": null, "cables": null, "frequency": null, "substationTag": null, "lineTag": null, "operator": null, "location": null }, "geometry": { "type": "LineString", "coordinates": [ [ 120.2125921, 15.8417463 ], [ 120.2128072, 15.8419284 ], [ 120.2130391, 15.8421319 ], [ 120.2131627, 15.8422424 ] ] } },
{ "type": "Feature", "properties": { "contextFeatureId": "PHL-S-004::transmission::way::1329797738", "projectId": "PHL-S-004", "projectName": "Laoag Solar Power Project", "countryCode": "PHL", "osmType": "way", "osmId": 1329797738, "highway": null, "place": null, "power": "line", "landuse": null, "name": null, "voltage": null, "circuits": null, "cables": null, "frequency": null, "substationTag": null, "lineTag": null, "operator": null, "location": null }, "geometry": { "type": "LineString", "coordinates": [ [ 120.1870225, 15.8451278 ], [ 120.1872277, 15.8450779 ], [ 120.1874666, 15.8450199 ], [ 120.1876946, 15.8449699 ] ] } },
{ "type": "Feature", "properties": { "contextFeatureId": "PHL-S-004::transmission::way::1329797739", "projectId": "PHL-S-004", "projectName": "Laoag Solar Power Project", "countryCode": "PHL", "osmType": "way", "osmId": 1329797739, "highway": null, "place": null, "power": "line", "landuse": null, "name": null, "voltage": null, "circuits": null, "cables": null, "frequency": null, "substationTag": null, "lineTag": null, "operator": null, "location": null }, "geometry": { "type": "LineString", "coordinates": [ [ 120.1870899, 15.8453988 ], [ 120.187534, 15.8452959 ], [ 120.1877585, 15.8452326 ] ] } },
{ "type": "Feature", "properties": { "contextFeatureId": "PHL-S-004::transmission::way::1329797740", "projectId": "PHL-S-004", "projectName": "Laoag Solar Power Project", "countryCode": "PHL", "osmType": "way", "osmId": 1329797740, "highway": null, "place": null, "power": "line", "landuse": null, "name": null, "voltage": null, "circuits": null, "cables": null, "frequency": null, "substationTag": null, "lineTag": null, "operator": null, "location": null }, "geometry": { "type": "LineString", "coordinates": [ [ 120.1871728, 15.8457146 ], [ 120.1873681, 15.8456681 ], [ 120.1876197, 15.845606 ], [ 120.1878587, 15.8455533 ] ] } },
{ "type": "Feature", "properties": { "contextFeatureId": "PHL-S-004::transmission::way::1329797741", "projectId": "PHL-S-004", "projectName": "Laoag Solar Power Project", "countryCode": "PHL", "osmType": "way", "osmId": 1329797741, "highway": null, "place": null, "power": "line", "landuse": null, "name": null, "voltage": null, "circuits": null, "cables": null, "frequency": null, "substationTag": null, "lineTag": null, "operator": null, "location": null }, "geometry": { "type": "LineString", "coordinates": [ [ 120.1871728, 15.8457146 ], [ 120.1870225, 15.8451278 ] ] } },
{ "type": "Feature", "properties": { "contextFeatureId": "PHL-S-004::transmission::way::1329797742", "projectId": "PHL-S-004", "projectName": "Laoag Solar Power Project", "countryCode": "PHL", "osmType": "way", "osmId": 1329797742, "highway": null, "place": null, "power": "line", "landuse": null, "name": null, "voltage": null, "circuits": null, "cables": null, "frequency": null, "substationTag": null, "lineTag": null, "operator": null, "location": null }, "geometry": { "type": "LineString", "coordinates": [ [ 120.1873681, 15.8456681 ], [ 120.1872917, 15.8453469 ], [ 120.1872277, 15.8450779 ] ] } },
{ "type": "Feature", "properties": { "contextFeatureId": "PHL-S-004::transmission::way::1329797743", "projectId": "PHL-S-004", "projectName": "Laoag Solar Power Project", "countryCode": "PHL", "osmType": "way", "osmId": 1329797743, "highway": null, "place": null, "power": "line", "landuse": null, "name": null, "voltage": null, "circuits": null, "cables": null, "frequency": null, "substationTag": null, "lineTag": null, "operator": null, "location": null }, "geometry": { "type": "LineString", "coordinates": [ [ 120.1876197, 15.845606 ], [ 120.187534, 15.8452959 ], [ 120.1874666, 15.8450199 ] ] } },
{ "type": "Feature", "properties": { "contextFeatureId": "PHL-S-004::transmission::way::1329797744", "projectId": "PHL-S-004", "projectName": "Laoag Solar Power Project", "countryCode": "PHL", "osmType": "way", "osmId": 1329797744, "highway": null, "place": null, "power": "line", "landuse": null, "name": null, "voltage": null, "circuits": null, "cables": null, "frequency": null, "substationTag": null, "lineTag": null, "operator": null, "location": null }, "geometry": { "type": "LineString", "coordinates": [ [ 120.1878587, 15.8455533 ], [ 120.1877585, 15.8452326 ], [ 120.1876946, 15.8449699 ] ] } },
{ "type": "Feature", "properties": { "contextFeatureId": "PHL-S-004::transmission::way::1329797745", "projectId": "PHL-S-004", "projectName": "Laoag Solar Power Project", "countryCode": "PHL", "osmType": "way", "osmId": 1329797745, "highway": null, "place": null, "power": "line", "landuse": null, "name": null, "voltage": null, "circuits": null, "cables": null, "frequency": null, "substationTag": null, "lineTag": null, "operator": null, "location": null }, "geometry": { "type": "LineString", "coordinates": [ [ 120.1876946, 15.8449699 ], [ 120.1876827, 15.8446789 ] ] } },
{ "type": "Feature", "properties": { "contextFeatureId": "PHL-S-004::transmission::way::1329797746", "projectId": "PHL-S-004", "projectName": "Laoag Solar Power Project", "countryCode": "PHL", "osmType": "way", "osmId": 1329797746, "highway": null, "place": null, "power": "line", "landuse": null, "name": null, "voltage": null, "circuits": null, "cables": null, "frequency": null, "substationTag": null, "lineTag": null, "operator": null, "location": null }, "geometry": { "type": "LineString", "coordinates": [ [ 120.1874666, 15.8450199 ], [ 120.1874223, 15.8447423 ] ] } },
{ "type": "Feature", "properties": { "contextFeatureId": "PHL-S-004::transmission::way::1347342197", "projectId": "PHL-S-004", "projectName": "Laoag Solar Power Project", "countryCode": "PHL", "osmType": "way", "osmId": 1347342197, "highway": null, "place": null, "power": "line", "landuse": null, "name": null, "voltage": "230000", "circuits": "1", "cables": "6", "frequency": "60", "substationTag": null, "lineTag": null, "operator": null, "location": null }, "geometry": { "type": "LineString", "coordinates": [ [ 120.2125921, 15.8417463 ], [ 120.2123397, 15.8414902 ] ] } },
{ "type": "Feature", "properties": { "contextFeatureId": "PHL-S-004::transmission::way::1347342198", "projectId": "PHL-S-004", "projectName": "Laoag Solar Power Project", "countryCode": "PHL", "osmType": "way", "osmId": 1347342198, "highway": null, "place": null, "power": "line", "landuse": null, "name": null, "voltage": "230000", "circuits": "1", "cables": "6", "frequency": "60", "substationTag": null, "lineTag": null, "operator": null, "location": null }, "geometry": { "type": "LineString", "coordinates": [ [ 120.1881985, 15.8452625 ], [ 120.1876827, 15.8446789 ] ] } },
{ "type": "Feature", "properties": { "contextFeatureId": "PHL-S-005::transmission::way::611680191", "projectId": "PHL-S-005", "projectName": "Calatrava Solar Power Project", "countryCode": "PHL", "osmType": "way", "osmId": 611680191, "highway": null, "place": null, "power": "line", "landuse": null, "name": null, "voltage": "69000", "circuits": null, "cables": "3", "frequency": null, "substationTag": null, "lineTag": null, "operator": "National Grid Corporation of the Philippines", "location": null }, "geometry": { "type": "LineString", "coordinates": [ [ 123.4748912, 10.5793055 ], [ 123.4746096, 10.5789048 ], [ 123.4741884, 10.5782456 ], [ 123.4737378, 10.5773808 ], [ 123.4733623, 10.5767427 ], [ 123.4730083, 10.5761758 ], [ 123.4724987, 10.5753664 ], [ 123.4721178, 10.5747784 ], [ 123.4715867, 10.5741298 ], [ 123.4707096, 10.5722709 ], [ 123.4701812, 10.5714378 ], [ 123.4697548, 10.5705782 ], [ 123.4688428, 10.5690885 ], [ 123.4679899, 10.5677385 ], [ 123.4678262, 10.5670635 ], [ 123.467263, 10.5663595 ], [ 123.4669518, 10.5659086 ], [ 123.4664583, 10.56531 ], [ 123.4659755, 10.5645876 ], [ 123.4654552, 10.5639468 ], [ 123.4650528, 10.5633747 ], [ 123.4643796, 10.5623569 ], [ 123.4637734, 10.5617267 ], [ 123.4633952, 10.5609067 ], [ 123.4630331, 10.5600603 ], [ 123.4626844, 10.5592323 ], [ 123.4623411, 10.5583727 ], [ 123.4617913, 10.5575131 ], [ 123.4612548, 10.5567089 ], [ 123.4607935, 10.5559178 ], [ 123.4603268, 10.5551479 ], [ 123.4598869, 10.5543674 ], [ 123.4594202, 10.5535763 ], [ 123.4588569, 10.5527326 ], [ 123.4585467, 10.5522342 ], [ 123.4583366, 10.5518967 ], [ 123.4578538, 10.551132 ], [ 123.4573925, 10.5503647 ], [ 123.4569097, 10.5495499 ], [ 123.4564429, 10.5488089 ], [ 123.4559897, 10.5481154 ], [ 123.4555766, 10.5474298 ], [ 123.4551555, 10.5467389 ], [ 123.4545708, 10.5459162 ], [ 123.4540504, 10.5450777 ], [ 123.4535247, 10.5442365 ], [ 123.4530151, 10.5433769 ], [ 123.4525001, 10.5425067 ], [ 123.4519502, 10.5416813 ], [ 123.4514379, 10.5408349 ], [ 123.4509122, 10.5399278 ], [ 123.4503704, 10.539105 ], [ 123.4498581, 10.5382797 ], [ 123.4493619, 10.537507 ], [ 123.4490347, 10.5369744 ], [ 123.4487316, 10.5364522 ], [ 123.4484339, 10.5359512 ], [ 123.4479296, 10.5351759 ], [ 123.4474575, 10.5344376 ], [ 123.4469774, 10.5336597 ], [ 123.4465268, 10.5328633 ], [ 123.4461594, 10.5321803 ], [ 123.445698, 10.5313681 ], [ 123.4449416, 10.5306825 ], [ 123.4444857, 10.529981 ], [ 123.4440672, 10.5292005 ], [ 123.4435791, 10.5284146 ], [ 123.4431151, 10.5276288 ], [ 123.4427234, 10.5269115 ], [ 123.4425186, 10.5265241 ], [ 123.4422835, 10.5261237 ], [ 123.4419026, 10.5254038 ], [ 123.4412359, 10.5247021 ], [ 123.4405971, 10.5240568 ], [ 123.4399091, 10.5233351 ], [ 123.4391957, 10.5228051 ], [ 123.4384446, 10.5222064 ], [ 123.4378224, 10.5216843 ], [ 123.4370284, 10.5210567 ], [ 123.4362399, 10.5204158 ], [ 123.4352135, 10.5190832 ], [ 123.434386, 10.5184461 ], [ 123.4337482, 10.517924 ], [ 123.433066, 10.5173656 ], [ 123.432702, 10.5169874 ], [ 123.4323727, 10.5164658 ] ] } },
{ "type": "Feature", "properties": { "contextFeatureId": "PHL-S-005::transmission::way::1332387138", "projectId": "PHL-S-005", "projectName": "Calatrava Solar Power Project", "countryCode": "PHL", "osmType": "way", "osmId": 1332387138, "highway": null, "place": null, "power": "cable", "landuse": null, "name": null, "voltage": "230000", "circuits": "2", "cables": "2", "frequency": "60", "substationTag": null, "lineTag": null, "operator": "National Grid Corporation of the Philippines", "location": "underwater" }, "geometry": { "type": "LineString", "coordinates": [ [ 123.6596816, 10.4097088 ], [ 123.4752242, 10.5530723 ], [ 123.4708477, 10.5535116 ] ] } },
{ "type": "Feature", "properties": { "contextFeatureId": "PHL-S-005::transmission::way::1332407593", "projectId": "PHL-S-005", "projectName": "Calatrava Solar Power Project", "countryCode": "PHL", "osmType": "way", "osmId": 1332407593, "highway": null, "place": null, "power": "cable", "landuse": null, "name": null, "voltage": "230000", "circuits": null, "cables": "1", "frequency": "60", "substationTag": null, "lineTag": null, "operator": "National Grid Corporation of the Philippines", "location": "underground" }, "geometry": { "type": "LineString", "coordinates": [ [ 123.4708477, 10.5535116 ], [ 123.4707417, 10.5533439 ] ] } },
{ "type": "Feature", "properties": { "contextFeatureId": "PHL-S-005::transmission::way::1332407594", "projectId": "PHL-S-005", "projectName": "Calatrava Solar Power Project", "countryCode": "PHL", "osmType": "way", "osmId": 1332407594, "highway": null, "place": null, "power": "cable", "landuse": null, "name": null, "voltage": "230000", "circuits": null, "cables": "1", "frequency": "60", "substationTag": null, "lineTag": null, "operator": "National Grid Corporation of the Philippines", "location": "underground" }, "geometry": { "type": "LineString", "coordinates": [ [ 123.4708477, 10.5535116 ], [ 123.4706563, 10.5534982 ] ] } },
{ "type": "Feature", "properties": { "contextFeatureId": "PHL-S-005::transmission::way::1332408415", "projectId": "PHL-S-005", "projectName": "Calatrava Solar Power Project", "countryCode": "PHL", "osmType": "way", "osmId": 1332408415, "highway": null, "place": null, "power": "line", "landuse": null, "name": null, "voltage": "230000", "circuits": "2", "cables": "6", "frequency": "60", "substationTag": null, "lineTag": null, "operator": "National Grid Corporation of the Philippines", "location": null }, "geometry": { "type": "LineString", "coordinates": [ [ 123.4706563, 10.5534982 ], [ 123.4702607, 10.552978 ], [ 123.4707417, 10.5533439 ] ] } },
{ "type": "Feature", "properties": { "contextFeatureId": "PHL-S-005::transmission::way::1332408416", "projectId": "PHL-S-005", "projectName": "Calatrava Solar Power Project", "countryCode": "PHL", "osmType": "way", "osmId": 1332408416, "highway": null, "place": null, "power": "line", "landuse": null, "name": null, "voltage": "230000", "circuits": "2", "cables": "6", "frequency": "60", "substationTag": null, "lineTag": null, "operator": "National Grid Corporation of the Philippines", "location": null }, "geometry": { "type": "LineString", "coordinates": [ [ 123.4702607, 10.552978 ], [ 123.4687913, 10.5515602 ], [ 123.4674984, 10.550175 ], [ 123.4647744, 10.5507004 ], [ 123.4628535, 10.5508365 ], [ 123.4620656, 10.5513216 ] ] } },
{ "type": "Feature", "properties": { "contextFeatureId": "PHL-S-005::transmission::way::1332482406", "projectId": "PHL-S-005", "projectName": "Calatrava Solar Power Project", "countryCode": "PHL", "osmType": "way", "osmId": 1332482406, "highway": null, "place": null, "power": "line", "landuse": null, "name": "Calatrava-Cadiz", "voltage": "230000", "circuits": "2", "cables": "6", "frequency": "60", "substationTag": null, "lineTag": null, "operator": "National Grid Corporation of the Philippines", "location": null }, "geometry": { "type": "LineString", "coordinates": [ [ 123.4606174, 10.5525216 ], [ 123.4586775, 10.5534758 ], [ 123.4580472, 10.5564697 ], [ 123.4590118, 10.5583254 ], [ 123.4605427, 10.5610866 ], [ 123.4621388, 10.5640059 ], [ 123.464566, 10.5678089 ], [ 123.4662034, 10.5704175 ], [ 123.4674094, 10.5723087 ], [ 123.4695904, 10.5756731 ], [ 123.4707322, 10.5775223 ], [ 123.4711326, 10.5799713 ], [ 123.4714928, 10.5821113 ], [ 123.4718088, 10.5842585 ], [ 123.4721339, 10.5863981 ], [ 123.4726581, 10.5900496 ], [ 123.4735337, 10.59559 ], [ 123.4738257, 10.5975132 ], [ 123.4741794, 10.5996805 ], [ 123.4748163, 10.6015654 ], [ 123.4761369, 10.6059084 ], [ 123.4771627, 10.6085789 ], [ 123.4777972, 10.6104998 ], [ 123.478326, 10.6120423 ], [ 123.4790303, 10.614411 ], [ 123.479671, 10.6165371 ], [ 123.4803772, 10.6190994 ], [ 123.4816927, 10.623895 ], [ 123.482249, 10.6257561 ], [ 123.4830199, 10.6284652 ], [ 123.4828119, 10.6302011 ], [ 123.4825827, 10.6320558 ], [ 123.4821451, 10.634642 ], [ 123.4812018, 10.6376162 ], [ 123.4802771, 10.640269 ], [ 123.4792968, 10.6431376 ], [ 123.478444, 10.6458381 ], [ 123.4772407, 10.6497059 ], [ 123.4761506, 10.6534067 ], [ 123.4752517, 10.6567013 ], [ 123.4744137, 10.6599836 ], [ 123.4733912, 10.6636494 ], [ 123.4723011, 10.6675727 ], [ 123.4712819, 10.6713289 ], [ 123.470305, 10.6749738 ], [ 123.4691867, 10.6787995 ], [ 123.467771, 10.6834182 ], [ 123.4665841, 10.6870899 ], [ 123.4657954, 10.6895188 ], [ 123.4652465, 10.6912595 ], [ 123.4644906, 10.6935111 ], [ 123.4633164, 10.6967263 ], [ 123.46253, 10.69886 ], [ 123.4620105, 10.7016129 ], [ 123.4614968, 10.7041734 ], [ 123.460241, 10.7103503 ], [ 123.4592571, 10.7148782 ], [ 123.4590747, 10.7186205 ], [ 123.4588811, 10.7215612 ], [ 123.4586773, 10.7249345 ], [ 123.458452, 10.728487 ], [ 123.4583244, 10.7308032 ], [ 123.4580594, 10.7336972 ], [ 123.4566717, 10.7378322 ], [ 123.4556463, 10.7410683 ], [ 123.4546978, 10.74659 ], [ 123.4540749, 10.7504565 ], [ 123.4534653, 10.7543695 ], [ 123.4528564, 10.7576151 ], [ 123.4515694, 10.7641671 ], [ 123.4504536, 10.7700695 ], [ 123.449724, 10.7740113 ], [ 123.4488228, 10.7790282 ], [ 123.4485123, 10.7810034 ], [ 123.4480568, 10.7836376 ], [ 123.4473426, 10.7860872 ], [ 123.4463506, 10.7894418 ], [ 123.4452631, 10.7920384 ], [ 123.4430399, 10.7974714 ], [ 123.441376, 10.8014629 ], [ 123.440082, 10.8045983 ], [ 123.4385291, 10.8085568 ], [ 123.4371611, 10.8119948 ], [ 123.4360643, 10.8147185 ], [ 123.432356, 10.8181943 ], [ 123.428284, 10.8216589 ], [ 123.4242033, 10.8250608 ], [ 123.4193392, 10.8291654 ], [ 123.4159133, 10.8303195 ], [ 123.4115105, 10.8318073 ], [ 123.4074192, 10.8331143 ], [ 123.4033704, 10.8344213 ], [ 123.3979908, 10.8362289 ], [ 123.395167, 10.8384259 ], [ 123.3910855, 10.8417245 ], [ 123.3860541, 10.8459282 ], [ 123.3809257, 10.8502485 ], [ 123.3757329, 10.8547161 ], [ 123.3706045, 10.8590573 ], [ 123.366313, 10.8625976 ], [ 123.361968, 10.8662647 ], [ 123.3572358, 10.8702413 ], [ 123.3527475, 10.8739303 ], [ 123.34756, 10.8782262 ], [ 123.3422749, 10.8823943 ], [ 123.338671, 10.886432 ], [ 123.3358746, 10.8896478 ], [ 123.3333924, 10.892332 ], [ 123.3306673, 10.8953662 ], [ 123.3267258, 10.8977886 ], [ 123.3213332, 10.900971 ], [ 123.3177219, 10.9030686 ], [ 123.3138016, 10.9051429 ], [ 123.3102825, 10.9068917 ], [ 123.3073112, 10.9083574 ] ] } },
{ "type": "Feature", "properties": { "contextFeatureId": "PHL-S-005::transmission::way::1332485657", "projectId": "PHL-S-005", "projectName": "Calatrava Solar Power Project", "countryCode": "PHL", "osmType": "way", "osmId": 1332485657, "highway": null, "place": null, "power": "line", "landuse": null, "name": null, "voltage": "138000", "circuits": "2", "cables": "6", "frequency": "60", "substationTag": null, "lineTag": null, "operator": "National Grid Corporation of the Philippines", "location": null }, "geometry": { "type": "LineString", "coordinates": [ [ 123.4604384, 10.5521634 ], [ 123.4586987, 10.5530106 ], [ 123.4575804, 10.5526979 ], [ 123.4564765, 10.5520447 ], [ 123.4553587, 10.5512853 ], [ 123.4545461, 10.5501651 ], [ 123.4538972, 10.5492673 ], [ 123.452828, 10.5478181 ], [ 123.4516409, 10.5462193 ], [ 123.4506408, 10.5448924 ], [ 123.4494293, 10.5432377 ], [ 123.4478733, 10.5412282 ], [ 123.4464586, 10.5394056 ], [ 123.4449137, 10.5373592 ], [ 123.4429948, 10.5348651 ], [ 123.4411758, 10.5325801 ], [ 123.4392562, 10.5301301 ], [ 123.4376871, 10.5281834 ], [ 123.4380794, 10.5267325 ], [ 123.4385277, 10.5250612 ], [ 123.4387518, 10.5241613 ], [ 123.4388159, 10.5232657 ], [ 123.4385595, 10.522432 ], [ 123.4380334, 10.5217498 ], [ 123.4373195, 10.5211851 ], [ 123.4367259, 10.5207414 ], [ 123.4355491, 10.5193665 ], [ 123.4348108, 10.518783 ], [ 123.4340527, 10.5181987 ], [ 123.4333276, 10.5176016 ], [ 123.4327738, 10.5171703 ], [ 123.4326397, 10.5169114 ], [ 123.4327639, 10.5164698 ], [ 123.4329997, 10.5160865 ], [ 123.4332192, 10.5157237 ], [ 123.433378, 10.5154689 ], [ 123.4332705, 10.5152324 ] ] } },
{ "type": "Feature", "properties": { "contextFeatureId": "PHL-S-005::transmission::way::1332488125", "projectId": "PHL-S-005", "projectName": "Calatrava Solar Power Project", "countryCode": "PHL", "osmType": "way", "osmId": 1332488125, "highway": null, "place": null, "power": "line", "landuse": null, "name": null, "voltage": "69000", "circuits": null, "cables": "3", "frequency": null, "substationTag": null, "lineTag": null, "operator": "National Grid Corporation of the Philippines", "location": null }, "geometry": { "type": "LineString", "coordinates": [ [ 123.459269, 10.5518437 ], [ 123.4585467, 10.5522342 ] ] } },
{ "type": "Feature", "properties": { "contextFeatureId": "PHL-S-006::transmission::way::102129496", "projectId": "PHL-S-006", "projectName": "Armenia Solar Power Project", "countryCode": "PHL", "osmType": "way", "osmId": 102129496, "highway": null, "place": null, "power": "line", "landuse": null, "name": "San Manuel-Concepcion", "voltage": "230000", "circuits": "2", "cables": "6", "frequency": "60", "substationTag": null, "lineTag": null, "operator": "National Grid Corporation of the Philippines", "location": null }, "geometry": { "type": "LineString", "coordinates": [ [ 120.6490082, 16.0639363 ], [ 120.6466108, 16.0651059 ], [ 120.6451589, 16.0646783 ], [ 120.6445471, 16.0621727 ], [ 120.643633, 16.0585217 ], [ 120.6429885, 16.0555853 ], [ 120.6420883, 16.0520024 ], [ 120.6412333, 16.0486804 ], [ 120.6403964, 16.0452366 ], [ 120.6394759, 16.0416406 ], [ 120.638594, 16.0381838 ], [ 120.6376643, 16.0346583 ], [ 120.6368386, 16.0310669 ], [ 120.6362749, 16.028691 ], [ 120.6352947, 16.0249469 ], [ 120.6344753, 16.0215748 ], [ 120.6336595, 16.0182418 ], [ 120.632773, 16.0146903 ], [ 120.6319943, 16.0115174 ], [ 120.6311828, 16.0081641 ], [ 120.6303201, 16.0047985 ], [ 120.6295175, 16.0014788 ], [ 120.6286765, 15.9980608 ], [ 120.6278234, 15.9947261 ], [ 120.627028, 15.991302 ], [ 120.6261912, 15.9879604 ], [ 120.6253329, 15.984433 ], [ 120.6244644, 15.9809886 ], [ 120.6236488, 15.9776774 ], [ 120.6227799, 15.9741502 ], [ 120.6219139, 15.9707454 ], [ 120.6211277, 15.9674869 ], [ 120.6203123, 15.9642583 ], [ 120.6195132, 15.9610522 ], [ 120.6187567, 15.9580177 ], [ 120.6178839, 15.9544966 ], [ 120.6170625, 15.9511456 ], [ 120.616268, 15.9478052 ], [ 120.6154163, 15.9444726 ], [ 120.6146051, 15.9411462 ], [ 120.6137441, 15.9377841 ], [ 120.6129325, 15.9344538 ], [ 120.6121267, 15.9311288 ], [ 120.6112872, 15.9277645 ], [ 120.6105174, 15.9245002 ], [ 120.6096859, 15.9212864 ], [ 120.6089993, 15.9183718 ], [ 120.6082697, 15.9154932 ], [ 120.6088651, 15.9121296 ], [ 120.6102062, 15.9090962 ], [ 120.6116435, 15.905786 ], [ 120.6116325, 15.9023615 ], [ 120.6124999, 15.9007756 ], [ 120.6168324, 15.8963386 ], [ 120.6186925, 15.8940518 ], [ 120.6211561, 15.8909433 ], [ 120.6216295, 15.8877419 ], [ 120.6205808, 15.8850847 ], [ 120.6193148, 15.8817413 ], [ 120.618038, 15.8784597 ], [ 120.6168042, 15.8752916 ], [ 120.6155168, 15.8720409 ], [ 120.6140469, 15.8684186 ], [ 120.6125985, 15.8645899 ], [ 120.6112574, 15.8612564 ], [ 120.6098124, 15.8575205 ], [ 120.6083315, 15.8536132 ], [ 120.6071724, 15.850714 ], [ 120.6060228, 15.8477768 ], [ 120.6048676, 15.8448442 ], [ 120.6042416, 15.8411548 ], [ 120.6037463, 15.8382188 ], [ 120.6031545, 15.8349458 ], [ 120.6025846, 15.8315179 ], [ 120.6019854, 15.8281339 ], [ 120.6013858, 15.8247896 ], [ 120.6010632, 15.8228911 ], [ 120.6008218, 15.8214606 ], [ 120.6002435, 15.8180766 ], [ 120.5997057, 15.8151366 ], [ 120.5991886, 15.8121349 ], [ 120.5986447, 15.8091923 ], [ 120.5981149, 15.8060618 ], [ 120.597585, 15.8028865 ], [ 120.5969617, 15.7995612 ], [ 120.5963635, 15.7960722 ], [ 120.5957809, 15.7926887 ], [ 120.5951905, 15.7893454 ], [ 120.5945766, 15.7859568 ], [ 120.5939915, 15.7826485 ], [ 120.5933984, 15.7792397 ], [ 120.5928472, 15.7759565 ], [ 120.5922751, 15.7730503 ], [ 120.5917918, 15.770119 ], [ 120.5912635, 15.7670649 ], [ 120.590701, 15.764092 ], [ 120.5902501, 15.7602986 ], [ 120.589796, 15.7567104 ], [ 120.5893438, 15.7531643 ], [ 120.5889039, 15.7495805 ], [ 120.5885316, 15.7465356 ], [ 120.5881743, 15.7434984 ], [ 120.5878042, 15.7403489 ], [ 120.5874287, 15.7369514 ], [ 120.5870317, 15.7335229 ], [ 120.5866133, 15.7301047 ], [ 120.5862086, 15.7267374 ], [ 120.5857979, 15.7232681 ], [ 120.5854653, 15.7204384 ], [ 120.5850361, 15.7170922 ], [ 120.5846606, 15.7136531 ], [ 120.5841671, 15.7103171 ], [ 120.5837379, 15.7069502 ], [ 120.5832503, 15.7025203 ], [ 120.5828051, 15.6998132 ], [ 120.5823947, 15.6968593 ], [ 120.5813996, 15.6939362 ], [ 120.5799512, 15.6900732 ], [ 120.5787388, 15.6868092 ], [ 120.5777303, 15.6841649 ], [ 120.576636, 15.681221 ], [ 120.575606, 15.6783907 ], [ 120.5745653, 15.6756016 ], [ 120.5735783, 15.6728642 ], [ 120.5734487, 15.6695948 ], [ 120.5734232, 15.668999 ], [ 120.5732934, 15.666036 ], [ 120.5742858, 15.6624307 ], [ 120.5753324, 15.6590903 ], [ 120.576276, 15.6556022 ], [ 120.5770592, 15.65288 ], [ 120.5780356, 15.6494759 ], [ 120.5790092, 15.6461356 ], [ 120.5799882, 15.6426573 ], [ 120.5808787, 15.6395061 ], [ 120.5818282, 15.636231 ], [ 120.5827984, 15.6329044 ], [ 120.5837004, 15.6297064 ], [ 120.584666, 15.6263277 ], [ 120.5855672, 15.6231195 ], [ 120.5865757, 15.6196943 ], [ 120.5873855, 15.6166309 ], [ 120.5883296, 15.6134484 ], [ 120.5891785, 15.6104893 ], [ 120.5896161, 15.6089888 ], [ 120.5901162, 15.6072741 ], [ 120.5912052, 15.6033888 ], [ 120.5922242, 15.5998601 ], [ 120.5929967, 15.597318 ], [ 120.5938871, 15.5940422 ], [ 120.5948849, 15.5907353 ], [ 120.5957647, 15.5873974 ], [ 120.5966445, 15.5844211 ], [ 120.5976701, 15.5809596 ], [ 120.5985756, 15.5777036 ], [ 120.5995091, 15.5745309 ], [ 120.6004532, 15.5711306 ], [ 120.6014081, 15.5678337 ], [ 120.6023415, 15.5646091 ], [ 120.6032464, 15.5614578 ], [ 120.604079, 15.558475 ], [ 120.6050449, 15.5551572 ], [ 120.6059624, 15.5517256 ], [ 120.6068571, 15.5486216 ], [ 120.6071107, 15.5477563 ], [ 120.6079741, 15.5447229 ], [ 120.6089612, 15.5413945 ], [ 120.6100652, 15.537725 ], [ 120.6110747, 15.5341588 ], [ 120.6112641, 15.5306876 ], [ 120.6113322, 15.5272433 ], [ 120.6115254, 15.5236562 ], [ 120.6116654, 15.5199988 ], [ 120.6118134, 15.5164829 ], [ 120.6119545, 15.5131118 ], [ 120.6121154, 15.5098966 ], [ 120.6122227, 15.5067435 ], [ 120.6123622, 15.5035592 ], [ 120.6124909, 15.5000855 ], [ 120.6127045, 15.496622 ], [ 120.612845, 15.4933136 ], [ 120.6129845, 15.4897983 ], [ 120.6131347, 15.4864691 ], [ 120.6132391, 15.4836324 ], [ 120.6132422, 15.4834962 ], [ 120.6133924, 15.4807201 ], [ 120.613548, 15.4769513 ], [ 120.6137197, 15.4727843 ], [ 120.6138645, 15.4693255 ], [ 120.6139933, 15.4663424 ], [ 120.6141435, 15.462718 ], [ 120.6142805, 15.4592035 ], [ 120.614508, 15.4556867 ], [ 120.6145831, 15.4521604 ], [ 120.6147655, 15.4485513 ], [ 120.6149253, 15.4450097 ], [ 120.6150503, 15.4415006 ], [ 120.6152277, 15.4381929 ], [ 120.6154256, 15.4345021 ], [ 120.6155597, 15.4312495 ], [ 120.6157206, 15.4282348 ], [ 120.6158923, 15.4247391 ], [ 120.6160746, 15.4213002 ], [ 120.6162914, 15.4179409 ], [ 120.6163965, 15.4150532 ], [ 120.6165894, 15.4109473 ], [ 120.616834, 15.407586 ], [ 120.616997, 15.4042864 ], [ 120.6171151, 15.4013385 ], [ 120.6173404, 15.3976769 ], [ 120.6174423, 15.3942997 ], [ 120.6176448, 15.390912 ], [ 120.6177942, 15.3875117 ], [ 120.6179361, 15.3842811 ], [ 120.6180809, 15.3811415 ], [ 120.6161546, 15.3782504 ] ] } },
{ "type": "Feature", "properties": { "contextFeatureId": "PHL-S-006::transmission::way::102140323", "projectId": "PHL-S-006", "projectName": "Armenia Solar Power Project", "countryCode": "PHL", "osmType": "way", "osmId": 102140323, "highway": null, "place": null, "power": "line", "landuse": null, "name": "Concepcion–Mexico", "voltage": "230000", "circuits": "2", "cables": "6", "frequency": "60", "substationTag": null, "lineTag": null, "operator": "National Grid Corporation of the Philippines", "location": null }, "geometry": { "type": "LineString", "coordinates": [ [ 120.6165817, 15.3766621 ], [ 120.6184366, 15.3744723 ], [ 120.6184511, 15.3736881 ], [ 120.6186281, 15.3701812 ], [ 120.618789, 15.3666793 ], [ 120.6190143, 15.3631153 ], [ 120.6195988, 15.359055 ], [ 120.6207256, 15.3558372 ], [ 120.6217663, 15.3524903 ], [ 120.6228553, 15.3490965 ], [ 120.6239711, 15.3456357 ], [ 120.6250654, 15.3421851 ], [ 120.6261866, 15.3385328 ], [ 120.6272404, 15.3353907 ], [ 120.6282895, 15.3320402 ], [ 120.6293838, 15.3285791 ], [ 120.6305208, 15.325097 ], [ 120.6317385, 15.3212454 ], [ 120.6326936, 15.3182316 ], [ 120.6337826, 15.3147496 ], [ 120.6348716, 15.3113503 ], [ 120.6360196, 15.3076405 ], [ 120.6370495, 15.3045257 ], [ 120.6381975, 15.3008934 ], [ 120.6391739, 15.2978509 ], [ 120.6405686, 15.2933957 ], [ 120.6418979, 15.2893603 ], [ 120.6428217, 15.2863896 ], [ 120.6438302, 15.2831606 ], [ 120.644946, 15.2796935 ], [ 120.6459974, 15.276247 ], [ 120.6471239, 15.2728937 ], [ 120.6479608, 15.2702441 ], [ 120.6485289, 15.2684381 ], [ 120.6490766, 15.2666837 ], [ 120.6502138, 15.2630404 ], [ 120.650837, 15.2610698 ], [ 120.6513618, 15.2594487 ], [ 120.6524669, 15.2559813 ], [ 120.6535183, 15.252493 ], [ 120.6546416, 15.2490058 ], [ 120.6556855, 15.2455785 ], [ 120.6568228, 15.242204 ], [ 120.6578688, 15.2387476 ], [ 120.6588934, 15.2355893 ], [ 120.6600736, 15.2319144 ], [ 120.6611358, 15.2285086 ], [ 120.6622194, 15.2250923 ], [ 120.6633012, 15.2216447 ], [ 120.6642906, 15.2184757 ], [ 120.6652949, 15.2151135 ], [ 120.6665431, 15.211458 ], [ 120.6676267, 15.2080415 ], [ 120.6687425, 15.2044178 ], [ 120.669912, 15.2008977 ], [ 120.6709848, 15.1975846 ], [ 120.6720363, 15.1942507 ], [ 120.6731092, 15.1909271 ], [ 120.6739729, 15.1879632 ], [ 120.6751638, 15.184215 ], [ 120.6762441, 15.1808941 ], [ 120.6773229, 15.1774122 ], [ 120.6784816, 15.1739951 ], [ 120.6796516, 15.170556 ], [ 120.6807014, 15.1671748 ], [ 120.6817995, 15.1637462 ], [ 120.6829153, 15.1603393 ], [ 120.684074, 15.1569116 ], [ 120.6843434, 15.156109 ], [ 120.6852043, 15.153544 ], [ 120.686289, 15.1502679 ], [ 120.6874829, 15.1467717 ], [ 120.6884238, 15.1436392 ], [ 120.6895991, 15.1401502 ], [ 120.6896614, 15.1399443 ], [ 120.6906503, 15.1366763 ], [ 120.6918311, 15.1330712 ] ] } },
{ "type": "Feature", "properties": { "contextFeatureId": "PHL-S-006::transmission::way::102369222", "projectId": "PHL-S-006", "projectName": "Armenia Solar Power Project", "countryCode": "PHL", "osmType": "way", "osmId": 102369222, "highway": null, "place": null, "power": "line", "landuse": null, "name": "Concepcion-Clark", "voltage": "230000", "circuits": "2", "cables": "6", "frequency": null, "substationTag": null, "lineTag": null, "operator": "National Grid Corporation of the Philippines", "location": null }, "geometry": { "type": "LineString", "coordinates": [ [ 120.6384788, 15.3406762 ], [ 120.6386304, 15.3431719 ], [ 120.6384005, 15.3435524 ], [ 120.6373982, 15.3452115 ], [ 120.6354885, 15.3471617 ], [ 120.6323334, 15.3485549 ], [ 120.6301134, 15.349619 ], [ 120.6278965, 15.3507607 ], [ 120.6260204, 15.3521189 ], [ 120.6242723, 15.3533843 ], [ 120.6225584, 15.3545271 ], [ 120.6208115, 15.3561524 ], [ 120.6197449, 15.3591517 ], [ 120.6194811, 15.3611442 ], [ 120.6191163, 15.3631719 ], [ 120.6189822, 15.3658721 ], [ 120.6188427, 15.3681325 ], [ 120.6187676, 15.3703723 ], [ 120.6187304, 15.3726919 ], [ 120.6186095, 15.3750043 ], [ 120.6169465, 15.376525 ] ] } },
{ "type": "Feature", "properties": { "contextFeatureId": "PHL-S-006::transmission::way::461355577", "projectId": "PHL-S-006", "projectName": "Armenia Solar Power Project", "countryCode": "PHL", "osmType": "way", "osmId": 461355577, "highway": null, "place": null, "power": "line", "landuse": null, "name": null, "voltage": "69000", "circuits": null, "cables": "3", "frequency": "60", "substationTag": null, "lineTag": null, "operator": "National Grid Corporation of the Philippines", "location": null }, "geometry": { "type": "LineString", "coordinates": [ [ 120.6166529, 15.3780516 ], [ 120.6166851, 15.3778913 ] ] } },
{ "type": "Feature", "properties": { "contextFeatureId": "PHL-S-006::transmission::way::461355581", "projectId": "PHL-S-006", "projectName": "Armenia Solar Power Project", "countryCode": "PHL", "osmType": "way", "osmId": 461355581, "highway": null, "place": null, "power": "line", "landuse": null, "name": null, "voltage": "69000", "circuits": null, "cables": "3", "frequency": "60", "substationTag": null, "lineTag": null, "operator": "National Grid Corporation of the Philippines", "location": null }, "geometry": { "type": "LineString", "coordinates": [ [ 120.6166529, 15.3780516 ], [ 120.616433, 15.3780051 ], [ 120.6165188, 15.3778551 ] ] } },
{ "type": "Feature", "properties": { "contextFeatureId": "PHL-S-006::transmission::way::461355584", "projectId": "PHL-S-006", "projectName": "Armenia Solar Power Project", "countryCode": "PHL", "osmType": "way", "osmId": 461355584, "highway": null, "place": null, "power": "line", "landuse": null, "name": null, "voltage": "6", "circuits": null, "cables": "6", "frequency": "60", "substationTag": null, "lineTag": null, "operator": "National Grid Corporation of the Philippines", "location": null }, "geometry": { "type": "LineString", "coordinates": [ [ 120.6171759, 15.3782042 ], [ 120.6166529, 15.3780516 ] ] } },
{ "type": "Feature", "properties": { "contextFeatureId": "PHL-S-006::transmission::way::461355586", "projectId": "PHL-S-006", "projectName": "Armenia Solar Power Project", "countryCode": "PHL", "osmType": "way", "osmId": 461355586, "highway": null, "place": null, "power": "line", "landuse": null, "name": null, "voltage": "230000", "circuits": null, "cables": "3", "frequency": null, "substationTag": null, "lineTag": null, "operator": "National Grid Corporation of the Philippines", "location": null }, "geometry": { "type": "LineString", "coordinates": [ [ 120.6169465, 15.376525 ], [ 120.6167628, 15.3770533 ], [ 120.6167374, 15.3771361 ], [ 120.6166579, 15.3773961 ], [ 120.6165754, 15.3776657 ], [ 120.6165546, 15.3777337 ], [ 120.6165188, 15.3778551 ] ] } },
{ "type": "Feature", "properties": { "contextFeatureId": "PHL-S-006::transmission::way::461355588", "projectId": "PHL-S-006", "projectName": "Armenia Solar Power Project", "countryCode": "PHL", "osmType": "way", "osmId": 461355588, "highway": null, "place": null, "power": "line", "landuse": null, "name": null, "voltage": "230000", "circuits": null, "cables": "3", "frequency": null, "substationTag": null, "lineTag": null, "operator": "National Grid Corporation of the Philippines", "location": null }, "geometry": { "type": "LineString", "coordinates": [ [ 120.6166851, 15.3778913 ], [ 120.6167173, 15.37778 ], [ 120.6167375, 15.3777111 ], [ 120.6168168, 15.3774409 ], [ 120.6168935, 15.3771796 ], [ 120.6169181, 15.3770959 ], [ 120.6169465, 15.376525 ] ] } },
{ "type": "Feature", "properties": { "contextFeatureId": "PHL-S-006::transmission::way::461355590", "projectId": "PHL-S-006", "projectName": "Armenia Solar Power Project", "countryCode": "PHL", "osmType": "way", "osmId": 461355590, "highway": null, "place": null, "power": "line", "landuse": null, "name": null, "voltage": "230000", "circuits": null, "cables": "3", "frequency": "60", "substationTag": null, "lineTag": null, "operator": "National Grid Corporation of the Philippines", "location": null }, "geometry": { "type": "LineString", "coordinates": [ [ 120.6160331, 15.3775851 ], [ 120.6160521, 15.3775193 ], [ 120.6161305, 15.3772475 ], [ 120.6162055, 15.3769878 ], [ 120.6162288, 15.376907 ], [ 120.6163847, 15.3763861 ], [ 120.6169506, 15.3768361 ], [ 120.6181775, 15.3775154 ] ] } },
{ "type": "Feature", "properties": { "contextFeatureId": "PHL-S-006::transmission::way::461355592", "projectId": "PHL-S-006", "projectName": "Armenia Solar Power Project", "countryCode": "PHL", "osmType": "way", "osmId": 461355592, "highway": null, "place": null, "power": "line", "landuse": null, "name": null, "voltage": "230000", "circuits": null, "cables": "3", "frequency": "60", "substationTag": null, "lineTag": null, "operator": "National Grid Corporation of the Philippines", "location": null }, "geometry": { "type": "LineString", "coordinates": [ [ 120.616581, 15.3770035 ], [ 120.6165814, 15.3768328 ], [ 120.6165817, 15.3766621 ] ] } },
{ "type": "Feature", "properties": { "contextFeatureId": "PHL-S-006::transmission::way::461355594", "projectId": "PHL-S-006", "projectName": "Armenia Solar Power Project", "countryCode": "PHL", "osmType": "way", "osmId": 461355594, "highway": null, "place": null, "power": "line", "landuse": null, "name": null, "voltage": "230000", "circuits": null, "cables": "3", "frequency": "60", "substationTag": null, "lineTag": null, "operator": "National Grid Corporation of the Philippines", "location": null }, "geometry": { "type": "LineString", "coordinates": [ [ 120.6164158, 15.3769582 ], [ 120.6165817, 15.3766621 ] ] } },
{ "type": "Feature", "properties": { "contextFeatureId": "PHL-S-006::transmission::way::461355595", "projectId": "PHL-S-006", "projectName": "Armenia Solar Power Project", "countryCode": "PHL", "osmType": "way", "osmId": 461355595, "highway": null, "place": null, "power": "line", "landuse": null, "name": null, "voltage": "230000", "circuits": null, "cables": "3", "frequency": "60", "substationTag": null, "lineTag": null, "operator": "National Grid Corporation of the Philippines", "location": null }, "geometry": { "type": "LineString", "coordinates": [ [ 120.6161546, 15.3782504 ], [ 120.6163772, 15.3776832 ] ] } },
{ "type": "Feature", "properties": { "contextFeatureId": "PHL-S-006::transmission::way::461355598", "projectId": "PHL-S-006", "projectName": "Armenia Solar Power Project", "countryCode": "PHL", "osmType": "way", "osmId": 461355598, "highway": null, "place": null, "power": "line", "landuse": null, "name": null, "voltage": "230000", "circuits": null, "cables": "3", "frequency": "60", "substationTag": null, "lineTag": null, "operator": "National Grid Corporation of the Philippines", "location": null }, "geometry": { "type": "LineString", "coordinates": [ [ 120.6161546, 15.3782504 ], [ 120.6161981, 15.3776321 ] ] } },
{ "type": "Feature", "properties": { "contextFeatureId": "PHL-S-006::transmission::way::461355601", "projectId": "PHL-S-006", "projectName": "Armenia Solar Power Project", "countryCode": "PHL", "osmType": "way", "osmId": 461355601, "highway": null, "place": null, "power": "line", "landuse": null, "name": null, "voltage": "230000", "circuits": null, "cables": "3", "frequency": "60", "substationTag": null, "lineTag": null, "operator": "National Grid Corporation of the Philippines", "location": null }, "geometry": { "type": "LineString", "coordinates": [ [ 120.6161981, 15.3776321 ], [ 120.6162194, 15.3775661 ], [ 120.6163064, 15.3772971 ], [ 120.6163897, 15.3770391 ], [ 120.6164158, 15.3769582 ] ] } },
{ "type": "Feature", "properties": { "contextFeatureId": "PHL-S-006::transmission::way::461355603", "projectId": "PHL-S-006", "projectName": "Armenia Solar Power Project", "countryCode": "PHL", "osmType": "way", "osmId": 461355603, "highway": null, "place": null, "power": "line", "landuse": null, "name": null, "voltage": "230000", "circuits": null, "cables": "3", "frequency": "60", "substationTag": null, "lineTag": "busbar", "operator": "National Grid Corporation of the Philippines", "location": null }, "geometry": { "type": "LineString", "coordinates": [ [ 120.6158014, 15.3774492 ], [ 120.6160521, 15.3775193 ], [ 120.6161407, 15.3775441 ], [ 120.6162194, 15.3775661 ], [ 120.6163974, 15.3776159 ], [ 120.616494, 15.3776429 ], [ 120.6165754, 15.3776657 ], [ 120.6167375, 15.3777111 ], [ 120.616818, 15.3777336 ] ] } },
{ "type": "Feature", "properties": { "contextFeatureId": "PHL-S-006::transmission::way::461355604", "projectId": "PHL-S-006", "projectName": "Armenia Solar Power Project", "countryCode": "PHL", "osmType": "way", "osmId": 461355604, "highway": null, "place": null, "power": "line", "landuse": null, "name": null, "voltage": "230000", "circuits": null, "cables": "3", "frequency": "60", "substationTag": null, "lineTag": "busbar", "operator": "National Grid Corporation of the Philippines", "location": null }, "geometry": { "type": "LineString", "coordinates": [ [ 120.6159631, 15.3769202 ], [ 120.6162055, 15.3769878 ], [ 120.6163135, 15.3770179 ], [ 120.6163897, 15.3770391 ], [ 120.6165563, 15.3770856 ], [ 120.6166607, 15.3771147 ], [ 120.6167374, 15.3771361 ], [ 120.6168935, 15.3771796 ], [ 120.6169791, 15.3772035 ] ] } },
{ "type": "Feature", "properties": { "contextFeatureId": "PHL-S-006::transmission::way::461355606", "projectId": "PHL-S-006", "projectName": "Armenia Solar Power Project", "countryCode": "PHL", "osmType": "way", "osmId": 461355606, "highway": null, "place": null, "power": "line", "landuse": null, "name": null, "voltage": "230000", "circuits": null, "cables": "3", "frequency": "60", "substationTag": null, "lineTag": null, "operator": "National Grid Corporation of the Philippines", "location": null }, "geometry": { "type": "LineString", "coordinates": [ [ 120.6163772, 15.3776832 ], [ 120.6163974, 15.3776159 ], [ 120.6164784, 15.3773455 ], [ 120.6165563, 15.3770856 ], [ 120.616581, 15.3770035 ] ] } },
{ "type": "Feature", "properties": { "contextFeatureId": "PHL-S-006::transmission::way::1163880278", "projectId": "PHL-S-006", "projectName": "Armenia Solar Power Project", "countryCode": "PHL", "osmType": "way", "osmId": 1163880278, "highway": null, "place": null, "power": "line", "landuse": null, "name": null, "voltage": "69000", "circuits": null, "cables": "3", "frequency": null, "substationTag": null, "lineTag": null, "operator": "Tarlac Electric Inc.", "location": null }, "geometry": { "type": "LineString", "coordinates": [ [ 120.6174066, 15.3783025 ], [ 120.617427, 15.3785334 ], [ 120.6172395, 15.3784831 ], [ 120.6170031, 15.378413 ], [ 120.6166349, 15.3783015 ], [ 120.6163556, 15.3782195 ], [ 120.6159858, 15.3780956 ], [ 120.6155162, 15.377945 ], [ 120.6151572, 15.3778274 ], [ 120.6147807, 15.377707 ], [ 120.6144309, 15.3775697 ], [ 120.6140292, 15.3774759 ], [ 120.6136764, 15.3773504 ], [ 120.6133075, 15.377233 ], [ 120.6129539, 15.3771377 ], [ 120.6127932, 15.3775066 ], [ 120.6126658, 15.3778415 ], [ 120.6125514, 15.3781539 ], [ 120.6124217, 15.3785246 ], [ 120.6122916, 15.3788728 ], [ 120.6121776, 15.3792025 ], [ 120.6120599, 15.3795433 ], [ 120.6119501, 15.3798566 ], [ 120.6118167, 15.3802439 ], [ 120.6117004, 15.3805716 ], [ 120.6115879, 15.3808824 ], [ 120.6114555, 15.3812328 ], [ 120.6113005, 15.3816308 ], [ 120.6111869, 15.3819055 ], [ 120.6110602, 15.3822205 ], [ 120.6109129, 15.3825627 ], [ 120.6107687, 15.3829028 ], [ 120.6106309, 15.3832229 ], [ 120.6104825, 15.3835618 ], [ 120.6103359, 15.3838911 ], [ 120.6101989, 15.3842101 ], [ 120.6100512, 15.3845534 ], [ 120.6099081, 15.384882 ], [ 120.6097719, 15.3852276 ], [ 120.6096288, 15.3855392 ], [ 120.6094773, 15.3858715 ], [ 120.6093433, 15.3861979 ], [ 120.6091727, 15.3865738 ], [ 120.6090342, 15.3868625 ], [ 120.6088689, 15.3872162 ], [ 120.6087319, 15.3875182 ], [ 120.6085788, 15.3878601 ], [ 120.6084288, 15.3881783 ], [ 120.608112, 15.3888414 ], [ 120.6079406, 15.3892032 ], [ 120.6077944, 15.3895016 ], [ 120.6076283, 15.3898183 ], [ 120.6074458, 15.3901647 ], [ 120.6073039, 15.3904718 ], [ 120.6071079, 15.3908122 ], [ 120.606958, 15.3910973 ], [ 120.6067705, 15.391448 ], [ 120.6066067, 15.3917367 ], [ 120.6064429, 15.3920365 ], [ 120.6062531, 15.3923788 ], [ 120.6061349, 15.3927122 ], [ 120.6059826, 15.3930503 ], [ 120.6060247, 15.3934224 ], [ 120.6061104, 15.3937776 ], [ 120.6062443, 15.3941342 ], [ 120.6063935, 15.3944842 ], [ 120.6065405, 15.3947847 ], [ 120.6067081, 15.3951237 ], [ 120.6068581, 15.3954397 ], [ 120.6070027, 15.3957439 ], [ 120.607181, 15.3960858 ], [ 120.6073371, 15.396424 ], [ 120.6074879, 15.3967592 ], [ 120.6076524, 15.3970811 ], [ 120.6078568, 15.3974865 ], [ 120.6079746, 15.3977346 ], [ 120.6081193, 15.3980484 ], [ 120.6082815, 15.3983836 ], [ 120.6084384, 15.398707 ], [ 120.6085899, 15.3990518 ], [ 120.6087162, 15.3993863 ], [ 120.6088073, 15.3997216 ], [ 120.6087808, 15.400089 ], [ 120.6087246, 15.4004648 ], [ 120.6086814, 15.4008159 ], [ 120.6086213, 15.401181 ], [ 120.6085291, 15.4014549 ], [ 120.6083726, 15.4018385 ], [ 120.608182, 15.4021302 ], [ 120.6079964, 15.4024015 ], [ 120.6077072, 15.4027389 ], [ 120.6075158, 15.4029383 ], [ 120.6072135, 15.4032125 ], [ 120.6069733, 15.4034156 ], [ 120.6067161, 15.403705 ], [ 120.606433, 15.4040018 ], [ 120.6062332, 15.4041894 ], [ 120.6059593, 15.4044781 ], [ 120.6056325, 15.4048007 ], [ 120.6053539, 15.4050687 ], [ 120.6050952, 15.4053309 ], [ 120.6048412, 15.40559 ], [ 120.6046085, 15.405813 ], [ 120.6043476, 15.406067 ], [ 120.6040782, 15.4063549 ], [ 120.6038547, 15.4065934 ], [ 120.6036183, 15.4068821 ], [ 120.603391, 15.4071834 ], [ 120.6031729, 15.4074588 ], [ 120.60298, 15.4077061 ], [ 120.6027803, 15.4079512 ], [ 120.6026134, 15.4081631 ], [ 120.6023134, 15.4085117 ], [ 120.6021053, 15.4087937 ], [ 120.6017908, 15.4091585 ] ] } },
{ "type": "Feature", "properties": { "contextFeatureId": "PHL-S-006::transmission::way::1168756142", "projectId": "PHL-S-006", "projectName": "Armenia Solar Power Project", "countryCode": "PHL", "osmType": "way", "osmId": 1168756142, "highway": null, "place": null, "power": "line", "landuse": null, "name": null, "voltage": "69000", "circuits": null, "cables": "3", "frequency": "60", "substationTag": null, "lineTag": null, "operator": "Solar Philippines", "location": null }, "geometry": { "type": "LineString", "coordinates": [ [ 120.6149779, 15.3752599 ], [ 120.6145518, 15.3759101 ], [ 120.6138571, 15.3756703 ], [ 120.6134463, 15.3755198 ], [ 120.6132462, 15.3760378 ], [ 120.6130909, 15.3764443 ], [ 120.6129346, 15.3768961 ], [ 120.6127501, 15.3773741 ], [ 120.612573, 15.3778567 ], [ 120.6123254, 15.3785434 ], [ 120.6120962, 15.3792161 ], [ 120.6118467, 15.3799236 ], [ 120.6115961, 15.3806243 ], [ 120.6113443, 15.3812797 ], [ 120.6110676, 15.3819539 ], [ 120.6107822, 15.3826321 ], [ 120.6104822, 15.3832949 ], [ 120.6101853, 15.3839558 ], [ 120.6098424, 15.3838387 ], [ 120.6096465, 15.3832934 ], [ 120.6094202, 15.3825958 ], [ 120.6091537, 15.3819275 ], [ 120.6089597, 15.3814831 ], [ 120.6087488, 15.3810438 ], [ 120.6083784, 15.3810562 ] ] } },
{ "type": "Feature", "properties": { "contextFeatureId": "SGP-S-001::transmission::way::182168448", "projectId": "SGP-S-001", "projectName": "Sembcorp Tengeh Floating Solar Farm", "countryCode": "SGP", "osmType": "way", "osmId": 182168448, "highway": null, "place": null, "power": "cable", "landuse": null, "name": null, "voltage": "230000", "circuits": null, "cables": null, "frequency": "50", "substationTag": null, "lineTag": null, "operator": null, "location": "underwater" }, "geometry": { "type": "LineString", "coordinates": [ [ 103.691603, 1.2904334 ], [ 103.6904095, 1.2999557 ] ] } },
{ "type": "Feature", "properties": { "contextFeatureId": "SGP-S-001::transmission::way::182168457", "projectId": "SGP-S-001", "projectName": "Sembcorp Tengeh Floating Solar Farm", "countryCode": "SGP", "osmType": "way", "osmId": 182168457, "highway": null, "place": null, "power": "cable", "landuse": null, "name": null, "voltage": null, "circuits": null, "cables": null, "frequency": null, "substationTag": null, "lineTag": null, "operator": null, "location": null }, "geometry": { "type": "LineString", "coordinates": [ [ 103.7189229, 1.2899049 ], [ 103.7304406, 1.3013154 ] ] } },
{ "type": "Feature", "properties": { "contextFeatureId": "SGP-S-001::transmission::way::235389889", "projectId": "SGP-S-001", "projectName": "Sembcorp Tengeh Floating Solar Farm", "countryCode": "SGP", "osmType": "way", "osmId": 235389889, "highway": null, "place": null, "power": "line", "landuse": null, "name": null, "voltage": "275000;132000", "circuits": null, "cables": "12", "frequency": "50", "substationTag": null, "lineTag": null, "operator": null, "location": null }, "geometry": { "type": "LineString", "coordinates": [ [ 103.5551613, 1.3679203 ], [ 103.554344, 1.3700971 ], [ 103.5533409, 1.3727786 ], [ 103.5522098, 1.3757284 ], [ 103.5513024, 1.3782004 ], [ 103.5508162, 1.3818333 ], [ 103.5519729, 1.3831396 ], [ 103.5545264, 1.3840996 ], [ 103.5579221, 1.3853545 ], [ 103.5599069, 1.3860785 ], [ 103.5625998, 1.3870706 ], [ 103.5650728, 1.3879715 ], [ 103.5679964, 1.3890334 ], [ 103.5678462, 1.3922618 ], [ 103.5677711, 1.3944284 ], [ 103.5676647, 1.397035 ], [ 103.5675574, 1.3996628 ], [ 103.567847, 1.4036259 ], [ 103.5636352, 1.4126941 ], [ 103.5619722, 1.4162443 ], [ 103.5592962, 1.4220578 ], [ 103.5575205, 1.4234253 ], [ 103.5556824, 1.42494 ], [ 103.5549188, 1.427383 ], [ 103.5541616, 1.4299676 ], [ 103.5534106, 1.4323969 ], [ 103.5526649, 1.4349013 ], [ 103.554344, 1.4366657 ], [ 103.5564951, 1.4390199 ], [ 103.558598, 1.4412454 ], [ 103.5607491, 1.4435675 ], [ 103.5635552, 1.4465243 ], [ 103.5661286, 1.4491451 ], [ 103.5672347, 1.4504425 ], [ 103.5691266, 1.4522722 ], [ 103.5711301, 1.4543092 ], [ 103.5732919, 1.456465 ], [ 103.5750858, 1.4582276 ], [ 103.5774783, 1.4638236 ], [ 103.5784847, 1.4670081 ], [ 103.5794309, 1.4699799 ], [ 103.5796267, 1.472184 ], [ 103.5820118, 1.4743334 ], [ 103.583701, 1.4769728 ], [ 103.5848683, 1.4794145 ], [ 103.5866139, 1.4813192 ], [ 103.5848013, 1.4832944 ] ] } },
{ "type": "Feature", "properties": { "contextFeatureId": "SGP-S-001::transmission::way::235501399", "projectId": "SGP-S-001", "projectName": "Sembcorp Tengeh Floating Solar Farm", "countryCode": "SGP", "osmType": "way", "osmId": 235501399, "highway": null, "place": null, "power": "line", "landuse": null, "name": null, "voltage": "500000", "circuits": "2", "cables": "6", "frequency": "50", "substationTag": null, "lineTag": null, "operator": "Tenaga Nasional", "location": null }, "geometry": { "type": "LineString", "coordinates": [ [ 103.4288711, 1.761617 ], [ 103.4297347, 1.761365 ], [ 103.4285492, 1.7583516 ], [ 103.4264866, 1.7565153 ], [ 103.4233595, 1.7538801 ], [ 103.4193366, 1.7505688 ], [ 103.4184198, 1.7473399 ], [ 103.4168423, 1.7421089 ], [ 103.4144852, 1.7391567 ], [ 103.4128207, 1.7369897 ], [ 103.4104872, 1.7339709 ], [ 103.4077294, 1.7303773 ], [ 103.4049498, 1.7267553 ], [ 103.4023428, 1.7233825 ], [ 103.4012322, 1.7219456 ], [ 103.4038729, 1.7185499 ], [ 103.4059382, 1.7158849 ], [ 103.4074939, 1.7138688 ], [ 103.4097778, 1.7109339 ], [ 103.4118551, 1.708614 ], [ 103.4138604, 1.7063952 ], [ 103.4161198, 1.7038954 ], [ 103.4176165, 1.7021903 ], [ 103.4205294, 1.6989409 ], [ 103.4229702, 1.6961955 ], [ 103.425234, 1.6936807 ], [ 103.4279377, 1.6906511 ], [ 103.4305394, 1.6877129 ], [ 103.4334094, 1.6845197 ], [ 103.4365985, 1.6809807 ], [ 103.439911, 1.6772782 ], [ 103.443119, 1.673699 ], [ 103.4461096, 1.6703369 ], [ 103.4454632, 1.6658998 ], [ 103.4448294, 1.6614651 ], [ 103.4441829, 1.6570447 ], [ 103.4434984, 1.6523644 ], [ 103.4428555, 1.6479688 ], [ 103.4422759, 1.6440058 ], [ 103.4416118, 1.6395927 ], [ 103.4409322, 1.6350406 ], [ 103.4402679, 1.6305914 ], [ 103.4396055, 1.6261549 ], [ 103.4389915, 1.6216954 ], [ 103.4383057, 1.6170836 ], [ 103.4409844, 1.6131046 ], [ 103.4436385, 1.6091619 ], [ 103.4462778, 1.605183 ], [ 103.4489714, 1.6011793 ], [ 103.4516315, 1.5972254 ], [ 103.4528492, 1.592721 ], [ 103.4540079, 1.5883668 ], [ 103.4552747, 1.5837712 ], [ 103.4565461, 1.5790362 ], [ 103.4578014, 1.574312 ], [ 103.4590996, 1.5696038 ], [ 103.460397, 1.5647562 ], [ 103.4616576, 1.5601123 ], [ 103.4626615, 1.5564444 ], [ 103.4637344, 1.5524547 ], [ 103.4635888, 1.5479181 ], [ 103.4634332, 1.5431133 ], [ 103.4632737, 1.5382176 ], [ 103.4631168, 1.5334048 ], [ 103.4629558, 1.528463 ], [ 103.4627559, 1.5236531 ], [ 103.4626186, 1.5186979 ], [ 103.4624354, 1.513153 ], [ 103.4622928, 1.5089786 ], [ 103.4621297, 1.5042029 ], [ 103.4619634, 1.4991835 ], [ 103.4617979, 1.4942017 ], [ 103.4616361, 1.489193 ], [ 103.4614752, 1.4843452 ], [ 103.4613043, 1.4795137 ], [ 103.4611541, 1.4747356 ], [ 103.460976, 1.4696859 ], [ 103.4608226, 1.4651368 ], [ 103.4632141, 1.4617151 ], [ 103.4653974, 1.4586262 ], [ 103.4674895, 1.455666 ], [ 103.4696138, 1.4525985 ], [ 103.470407, 1.4507696 ], [ 103.4724937, 1.4460129 ], [ 103.4743667, 1.4416318 ], [ 103.4762335, 1.4372826 ], [ 103.4781639, 1.4328313 ], [ 103.4800575, 1.4284821 ], [ 103.4816186, 1.4248623 ], [ 103.4834639, 1.4206042 ], [ 103.4853148, 1.4162926 ], [ 103.4869079, 1.4125815 ], [ 103.4880183, 1.4099913 ], [ 103.4899825, 1.4055619 ], [ 103.4904591, 1.4010568 ], [ 103.4909044, 1.3968738 ], [ 103.4913719, 1.3922085 ], [ 103.4917903, 1.3881756 ], [ 103.4922731, 1.3837727 ], [ 103.4927935, 1.3790158 ], [ 103.4931958, 1.375176 ], [ 103.4936196, 1.3711753 ], [ 103.4939361, 1.368215 ], [ 103.4971923, 1.3657695 ], [ 103.500427, 1.3633133 ], [ 103.5036511, 1.3608893 ], [ 103.5063976, 1.3588246 ], [ 103.5094661, 1.3565132 ], [ 103.5125667, 1.3541588 ], [ 103.5154957, 1.3519547 ], [ 103.5187143, 1.3495414 ], [ 103.521933, 1.3471012 ], [ 103.5251677, 1.3446557 ], [ 103.526449, 1.3410837 ], [ 103.5277695, 1.3374962 ], [ 103.5311813, 1.3365094 ], [ 103.5356061, 1.3358495 ] ] } },
{ "type": "Feature", "properties": { "contextFeatureId": "SGP-S-001::transmission::way::235850504", "projectId": "SGP-S-001", "projectName": "Sembcorp Tengeh Floating Solar Farm", "countryCode": "SGP", "osmType": "way", "osmId": 235850504, "highway": null, "place": null, "power": "line", "landuse": null, "name": null, "voltage": "275000;132000", "circuits": "4", "cables": "12", "frequency": "50", "substationTag": null, "lineTag": null, "operator": null, "location": null }, "geometry": { "type": "LineString", "coordinates": [ [ 103.5550905, 1.3670459 ], [ 103.5542153, 1.3694536 ], [ 103.5529715, 1.3727413 ], [ 103.5518281, 1.3757335 ], [ 103.5506747, 1.3788332 ], [ 103.549972, 1.3812948 ], [ 103.5507445, 1.3822923 ], [ 103.5517369, 1.3834882 ], [ 103.5523806, 1.3837242 ], [ 103.5557012, 1.3849362 ], [ 103.5574059, 1.3855508 ], [ 103.5591666, 1.3861857 ], [ 103.5616852, 1.3871062 ], [ 103.5646544, 1.3881914 ], [ 103.5676317, 1.3892747 ], [ 103.567519, 1.3918864 ], [ 103.5674171, 1.3942514 ], [ 103.5673205, 1.3965038 ], [ 103.5671757, 1.3996464 ], [ 103.5674922, 1.4035452 ], [ 103.5650728, 1.4087149 ], [ 103.5626803, 1.4138471 ], [ 103.5614688, 1.416502 ], [ 103.5590057, 1.4218269 ], [ 103.5572952, 1.4231411 ], [ 103.5553209, 1.4247169 ], [ 103.5545854, 1.4271843 ], [ 103.5538076, 1.429796 ], [ 103.5530136, 1.4324076 ], [ 103.5522237, 1.4350043 ], [ 103.550257, 1.4354462 ], [ 103.5467297, 1.4362388 ], [ 103.5446269, 1.4366981 ], [ 103.5423594, 1.4372105 ], [ 103.539285, 1.4378972 ], [ 103.536296, 1.4385496 ], [ 103.5335899, 1.439165 ], [ 103.5324357, 1.4357647 ], [ 103.5300271, 1.4356726 ], [ 103.5276668, 1.4355824 ], [ 103.5255775, 1.4332357 ], [ 103.5234986, 1.4309007 ], [ 103.5217069, 1.4289165 ], [ 103.5187779, 1.4274954 ], [ 103.5181208, 1.4271748 ], [ 103.5158543, 1.4260689 ], [ 103.5096209, 1.4229799 ], [ 103.5066329, 1.421532 ], [ 103.5037307, 1.4201055 ], [ 103.5007106, 1.4186093 ], [ 103.497784, 1.4171724 ], [ 103.4945324, 1.4155759 ], [ 103.4923962, 1.414527 ], [ 103.4901158, 1.4134074 ], [ 103.4879969, 1.412367 ], [ 103.4863876, 1.4115411 ], [ 103.4851224, 1.4108657 ], [ 103.482729, 1.409632 ], [ 103.4803802, 1.4083291 ], [ 103.477993, 1.4070688 ], [ 103.4756166, 1.4058246 ], [ 103.4732179, 1.4045641 ], [ 103.4720385, 1.4019742 ], [ 103.4731329, 1.3995019 ], [ 103.474264, 1.3970347 ], [ 103.4754066, 1.3945732 ], [ 103.4750426, 1.3918062 ], [ 103.4746671, 1.3890337 ], [ 103.4742862, 1.3860787 ], [ 103.4739215, 1.3833812 ], [ 103.4735835, 1.3806891 ], [ 103.4732187, 1.3779969 ], [ 103.4728486, 1.3752189 ], [ 103.4724409, 1.3722586 ], [ 103.4720385, 1.3691106 ], [ 103.4716094, 1.3660859 ], [ 103.4712653, 1.3635919 ] ] } },
{ "type": "Feature", "properties": { "contextFeatureId": "SGP-S-001::transmission::way::235851810", "projectId": "SGP-S-001", "projectName": "Sembcorp Tengeh Floating Solar Farm", "countryCode": "SGP", "osmType": "way", "osmId": 235851810, "highway": null, "place": null, "power": "line", "landuse": null, "name": null, "voltage": "500000", "circuits": null, "cables": "3", "frequency": "50", "substationTag": null, "lineTag": "generation", "operator": null, "location": null }, "geometry": { "type": "LineString", "coordinates": [ [ 103.5381542, 1.336552 ], [ 103.5389328, 1.3367507 ], [ 103.5414909, 1.3367076 ], [ 103.5419361, 1.3359031 ] ] } },
{ "type": "Feature", "properties": { "contextFeatureId": "SGP-S-001::transmission::way::235851811", "projectId": "SGP-S-001", "projectName": "Sembcorp Tengeh Floating Solar Farm", "countryCode": "SGP", "osmType": "way", "osmId": 235851811, "highway": null, "place": null, "power": "line", "landuse": null, "name": null, "voltage": "275000", "circuits": null, "cables": "3", "frequency": null, "substationTag": null, "lineTag": "busbar", "operator": null, "location": null }, "geometry": { "type": "LineString", "coordinates": [ [ 103.5360763, 1.3343696 ], [ 103.5360438, 1.3344472 ], [ 103.5359703, 1.334623 ], [ 103.5358953, 1.3348024 ], [ 103.535851, 1.3349086 ] ] } },
{ "type": "Feature", "properties": { "contextFeatureId": "SGP-S-001::transmission::way::235851813", "projectId": "SGP-S-001", "projectName": "Sembcorp Tengeh Floating Solar Farm", "countryCode": "SGP", "osmType": "way", "osmId": 235851813, "highway": null, "place": null, "power": "line", "landuse": null, "name": null, "voltage": "500000", "circuits": null, "cables": "3", "frequency": "50", "substationTag": null, "lineTag": "generation", "operator": null, "location": null }, "geometry": { "type": "LineString", "coordinates": [ [ 103.5413192, 1.3355009 ], [ 103.5408318, 1.3362949 ], [ 103.5389328, 1.3367507 ], [ 103.5382883, 1.3362571 ] ] } },
{ "type": "Feature", "properties": { "contextFeatureId": "SGP-S-001::transmission::way::235851817", "projectId": "SGP-S-001", "projectName": "Sembcorp Tengeh Floating Solar Farm", "countryCode": "SGP", "osmType": "way", "osmId": 235851817, "highway": null, "place": null, "power": "line", "landuse": null, "name": null, "voltage": "275000", "circuits": "2", "cables": "6", "frequency": null, "substationTag": null, "lineTag": null, "operator": null, "location": null }, "geometry": { "type": "LineString", "coordinates": [ [ 103.4715549, 1.3630771 ], [ 103.4741519, 1.3626961 ], [ 103.4769515, 1.3638601 ], [ 103.4801066, 1.3650348 ], [ 103.4833199, 1.3650026 ], [ 103.4865332, 1.3649597 ], [ 103.4902499, 1.3667453 ], [ 103.4936832, 1.368011 ], [ 103.4968535, 1.3656727 ], [ 103.5001213, 1.3632061 ], [ 103.5033399, 1.3607981 ], [ 103.5062421, 1.3586101 ], [ 103.5090798, 1.3564756 ], [ 103.5123307, 1.3540194 ], [ 103.5152428, 1.3518203 ], [ 103.5184676, 1.3493912 ], [ 103.5217077, 1.3469457 ], [ 103.5249532, 1.3444841 ], [ 103.5263203, 1.3406601 ], [ 103.5275595, 1.3372921 ], [ 103.5298857, 1.3365604 ], [ 103.5325752, 1.335462 ], [ 103.5329869, 1.3352635 ], [ 103.5333478, 1.3350894 ], [ 103.533672, 1.3349331 ], [ 103.5349234, 1.3344471 ] ] } },
{ "type": "Feature", "properties": { "contextFeatureId": "SGP-S-001::transmission::way::235851820", "projectId": "SGP-S-001", "projectName": "Sembcorp Tengeh Floating Solar Farm", "countryCode": "SGP", "osmType": "way", "osmId": 235851820, "highway": null, "place": null, "power": "line", "landuse": null, "name": null, "voltage": "275000", "circuits": null, "cables": "3", "frequency": null, "substationTag": null, "lineTag": "busbar", "operator": null, "location": null }, "geometry": { "type": "LineString", "coordinates": [ [ 103.5357464, 1.3348683 ], [ 103.5357927, 1.3347585 ], [ 103.5358694, 1.3345766 ], [ 103.5359417, 1.3344052 ], [ 103.535977, 1.3343213 ] ] } },
{ "type": "Feature", "properties": { "contextFeatureId": "SGP-S-001::transmission::way::235851821", "projectId": "SGP-S-001", "projectName": "Sembcorp Tengeh Floating Solar Farm", "countryCode": "SGP", "osmType": "way", "osmId": 235851821, "highway": null, "place": null, "power": "line", "landuse": null, "name": null, "voltage": "275000", "circuits": null, "cables": "3", "frequency": null, "substationTag": null, "lineTag": null, "operator": null, "location": null }, "geometry": { "type": "LineString", "coordinates": [ [ 103.5349234, 1.3344471 ], [ 103.5356324, 1.3342918 ], [ 103.5359417, 1.3344052 ], [ 103.5360438, 1.3344472 ], [ 103.5362069, 1.3345141 ] ] } },
{ "type": "Feature", "properties": { "contextFeatureId": "SGP-S-001::transmission::way::235851823", "projectId": "SGP-S-001", "projectName": "Sembcorp Tengeh Floating Solar Farm", "countryCode": "SGP", "osmType": "way", "osmId": 235851823, "highway": null, "place": null, "power": "line", "landuse": null, "name": null, "voltage": "500000", "circuits": null, "cables": "3", "frequency": "50", "substationTag": null, "lineTag": "generation", "operator": null, "location": null }, "geometry": { "type": "LineString", "coordinates": [ [ 103.5405467, 1.3350182 ], [ 103.5400755, 1.3358444 ], [ 103.5391903, 1.3363378 ], [ 103.5384385, 1.3359085 ] ] } },
{ "type": "Feature", "properties": { "contextFeatureId": "SGP-S-001::transmission::way::235851824", "projectId": "SGP-S-001", "projectName": "Sembcorp Tengeh Floating Solar Farm", "countryCode": "SGP", "osmType": "way", "osmId": 235851824, "highway": null, "place": null, "power": "line", "landuse": null, "name": null, "voltage": "275000", "circuits": null, "cables": "3", "frequency": null, "substationTag": null, "lineTag": null, "operator": null, "location": null }, "geometry": { "type": "LineString", "coordinates": [ [ 103.5364759, 1.3350507 ], [ 103.5358953, 1.3348024 ], [ 103.5357927, 1.3347585 ], [ 103.5355479, 1.3346538 ] ] } },
{ "type": "Feature", "properties": { "contextFeatureId": "SGP-S-001::transmission::way::235851830", "projectId": "SGP-S-001", "projectName": "Sembcorp Tengeh Floating Solar Farm", "countryCode": "SGP", "osmType": "way", "osmId": 235851830, "highway": null, "place": null, "power": "line", "landuse": null, "name": null, "voltage": "275000", "circuits": null, "cables": "3", "frequency": null, "substationTag": null, "lineTag": null, "operator": null, "location": null }, "geometry": { "type": "LineString", "coordinates": [ [ 103.5361425, 1.3347018 ], [ 103.5359703, 1.334623 ], [ 103.5358694, 1.3345766 ], [ 103.5355559, 1.3344613 ], [ 103.5349234, 1.3344471 ] ] } },
{ "type": "Feature", "properties": { "contextFeatureId": "SGP-S-001::transmission::way::235895175", "projectId": "SGP-S-001", "projectName": "Sembcorp Tengeh Floating Solar Farm", "countryCode": "SGP", "osmType": "way", "osmId": 235895175, "highway": null, "place": null, "power": "line", "landuse": null, "name": null, "voltage": "132000", "circuits": null, "cables": "3", "frequency": "50", "substationTag": null, "lineTag": null, "operator": null, "location": null }, "geometry": { "type": "LineString", "coordinates": [ [ 103.5570618, 1.3657508 ], [ 103.5565871, 1.3656382 ], [ 103.5556752, 1.3655067 ] ] } },
{ "type": "Feature", "properties": { "contextFeatureId": "SGP-S-001::transmission::way::235895176", "projectId": "SGP-S-001", "projectName": "Sembcorp Tengeh Floating Solar Farm", "countryCode": "SGP", "osmType": "way", "osmId": 235895176, "highway": null, "place": null, "power": "line", "landuse": null, "name": null, "voltage": "132000", "circuits": null, "cables": "3", "frequency": "50", "substationTag": null, "lineTag": null, "operator": null, "location": null }, "geometry": { "type": "LineString", "coordinates": [ [ 103.5569438, 1.365976 ], [ 103.5565281, 1.3658688 ], [ 103.5556752, 1.3655067 ] ] } },
{ "type": "Feature", "properties": { "contextFeatureId": "SGP-S-001::transmission::way::235895177", "projectId": "SGP-S-001", "projectName": "Sembcorp Tengeh Floating Solar Farm", "countryCode": "SGP", "osmType": "way", "osmId": 235895177, "highway": null, "place": null, "power": "line", "landuse": null, "name": null, "voltage": "132000", "circuits": null, "cables": "3", "frequency": "50", "substationTag": null, "lineTag": null, "operator": null, "location": null }, "geometry": { "type": "LineString", "coordinates": [ [ 103.5556752, 1.3655067 ], [ 103.5565549, 1.3657561 ], [ 103.5570212, 1.3658688 ] ] } },
{ "type": "Feature", "properties": { "contextFeatureId": "SGP-S-001::transmission::way::235895180", "projectId": "SGP-S-001", "projectName": "Sembcorp Tengeh Floating Solar Farm", "countryCode": "SGP", "osmType": "way", "osmId": 235895180, "highway": null, "place": null, "power": "line", "landuse": null, "name": null, "voltage": "132000", "circuits": null, "cables": "3", "frequency": "50", "substationTag": null, "lineTag": null, "operator": null, "location": null }, "geometry": { "type": "LineString", "coordinates": [ [ 103.5556752, 1.3655067 ], [ 103.5564932, 1.3659733 ], [ 103.5569234, 1.3660916 ] ] } },
{ "type": "Feature", "properties": { "contextFeatureId": "SGP-S-001::transmission::way::235895181", "projectId": "SGP-S-001", "projectName": "Sembcorp Tengeh Floating Solar Farm", "countryCode": "SGP", "osmType": "way", "osmId": 235895181, "highway": null, "place": null, "power": "line", "landuse": null, "name": null, "voltage": "275000", "circuits": null, "cables": null, "frequency": null, "substationTag": null, "lineTag": null, "operator": null, "location": null }, "geometry": { "type": "LineString", "coordinates": [ [ 103.5560426, 1.3681373 ], [ 103.5569787, 1.3680032 ] ] } },
{ "type": "Feature", "properties": { "contextFeatureId": "SGP-S-001::transmission::way::235895182", "projectId": "SGP-S-001", "projectName": "Sembcorp Tengeh Floating Solar Farm", "countryCode": "SGP", "osmType": "way", "osmId": 235895182, "highway": null, "place": null, "power": "line", "landuse": null, "name": null, "voltage": "132000", "circuits": null, "cables": "3", "frequency": "50", "substationTag": null, "lineTag": null, "operator": null, "location": null }, "geometry": { "type": "LineString", "coordinates": [ [ 103.5559641, 1.365898 ], [ 103.5564712, 1.366098 ], [ 103.5568928, 1.3662093 ] ] } },
{ "type": "Feature", "properties": { "contextFeatureId": "SGP-S-001::transmission::way::235895183", "projectId": "SGP-S-001", "projectName": "Sembcorp Tengeh Floating Solar Farm", "countryCode": "SGP", "osmType": "way", "osmId": 235895183, "highway": null, "place": null, "power": "line", "landuse": null, "name": null, "voltage": "132000", "circuits": null, "cables": "3", "frequency": "50", "substationTag": null, "lineTag": null, "operator": null, "location": null }, "geometry": { "type": "LineString", "coordinates": [ [ 103.5568901, 1.3664426 ], [ 103.5564165, 1.3663302 ], [ 103.5559641, 1.365898 ] ] } },
{ "type": "Feature", "properties": { "contextFeatureId": "SGP-S-001::transmission::way::235895184", "projectId": "SGP-S-001", "projectName": "Sembcorp Tengeh Floating Solar Farm", "countryCode": "SGP", "osmType": "way", "osmId": 235895184, "highway": null, "place": null, "power": "line", "landuse": null, "name": null, "voltage": "132000", "circuits": null, "cables": "3", "frequency": "50", "substationTag": null, "lineTag": null, "operator": null, "location": null }, "geometry": { "type": "LineString", "coordinates": [ [ 103.5559641, 1.365898 ], [ 103.5564406, 1.3662123 ], [ 103.5569139, 1.3663407 ] ] } },
{ "type": "Feature", "properties": { "contextFeatureId": "SGP-S-001::transmission::way::553263243", "projectId": "SGP-S-001", "projectName": "Sembcorp Tengeh Floating Solar Farm", "countryCode": "SGP", "osmType": "way", "osmId": 553263243, "highway": null, "place": null, "power": "line", "landuse": null, "name": null, "voltage": "275000", "circuits": null, "cables": null, "frequency": null, "substationTag": null, "lineTag": null, "operator": null, "location": null }, "geometry": { "type": "LineString", "coordinates": [ [ 103.5560533, 1.3673382 ], [ 103.5569787, 1.3680032 ] ] } },
{ "type": "Feature", "properties": { "contextFeatureId": "SGP-S-001::transmission::way::553263244", "projectId": "SGP-S-001", "projectName": "Sembcorp Tengeh Floating Solar Farm", "countryCode": "SGP", "osmType": "way", "osmId": 553263244, "highway": null, "place": null, "power": "line", "landuse": null, "name": null, "voltage": "275000", "circuits": null, "cables": null, "frequency": null, "substationTag": null, "lineTag": null, "operator": null, "location": null }, "geometry": { "type": "LineString", "coordinates": [ [ 103.5551613, 1.3679203 ], [ 103.5560426, 1.3681373 ] ] } },
{ "type": "Feature", "properties": { "contextFeatureId": "SGP-S-001::transmission::way::553263245", "projectId": "SGP-S-001", "projectName": "Sembcorp Tengeh Floating Solar Farm", "countryCode": "SGP", "osmType": "way", "osmId": 553263245, "highway": null, "place": null, "power": "line", "landuse": null, "name": null, "voltage": "132000", "circuits": null, "cables": "6", "frequency": "50", "substationTag": null, "lineTag": null, "operator": null, "location": null }, "geometry": { "type": "LineString", "coordinates": [ [ 103.5559641, 1.365898 ], [ 103.5551613, 1.3679203 ] ] } },
{ "type": "Feature", "properties": { "contextFeatureId": "SGP-S-001::transmission::way::553263246", "projectId": "SGP-S-001", "projectName": "Sembcorp Tengeh Floating Solar Farm", "countryCode": "SGP", "osmType": "way", "osmId": 553263246, "highway": null, "place": null, "power": "line", "landuse": null, "name": null, "voltage": "275000", "circuits": null, "cables": null, "frequency": null, "substationTag": null, "lineTag": null, "operator": null, "location": null }, "geometry": { "type": "LineString", "coordinates": [ [ 103.5550905, 1.3670459 ], [ 103.5560533, 1.3673382 ] ] } },
{ "type": "Feature", "properties": { "contextFeatureId": "SGP-S-001::transmission::way::553263247", "projectId": "SGP-S-001", "projectName": "Sembcorp Tengeh Floating Solar Farm", "countryCode": "SGP", "osmType": "way", "osmId": 553263247, "highway": null, "place": null, "power": "line", "landuse": null, "name": null, "voltage": "132000", "circuits": null, "cables": "6", "frequency": "50", "substationTag": null, "lineTag": null, "operator": null, "location": null }, "geometry": { "type": "LineString", "coordinates": [ [ 103.5556752, 1.3655067 ], [ 103.5550905, 1.3670459 ] ] } },
{ "type": "Feature", "properties": { "contextFeatureId": "SGP-S-001::transmission::way::755469306", "projectId": "SGP-S-001", "projectName": "Sembcorp Tengeh Floating Solar Farm", "countryCode": "SGP", "osmType": "way", "osmId": 755469306, "highway": null, "place": null, "power": "line", "landuse": null, "name": null, "voltage": "500000", "circuits": null, "cables": "3", "frequency": "50", "substationTag": null, "lineTag": "bay", "operator": null, "location": null }, "geometry": { "type": "LineString", "coordinates": [ [ 103.5361944, 1.3361248 ], [ 103.5356061, 1.3358495 ] ] } },
{ "type": "Feature", "properties": { "contextFeatureId": "SGP-S-001::transmission::way::755469307", "projectId": "SGP-S-001", "projectName": "Sembcorp Tengeh Floating Solar Farm", "countryCode": "SGP", "osmType": "way", "osmId": 755469307, "highway": null, "place": null, "power": "line", "landuse": null, "name": null, "voltage": "500000", "circuits": null, "cables": "3", "frequency": "50", "substationTag": null, "lineTag": "bay", "operator": null, "location": null }, "geometry": { "type": "LineString", "coordinates": [ [ 103.5360533, 1.3364466 ], [ 103.5356061, 1.3358495 ] ] } },
{ "type": "Feature", "properties": { "contextFeatureId": "SGP-S-001::transmission::way::848514268", "projectId": "SGP-S-001", "projectName": "Sembcorp Tengeh Floating Solar Farm", "countryCode": "SGP", "osmType": "way", "osmId": 848514268, "highway": null, "place": null, "power": "line", "landuse": null, "name": null, "voltage": "500000", "circuits": null, "cables": "3", "frequency": "50", "substationTag": null, "lineTag": null, "operator": null, "location": null }, "geometry": { "type": "LineString", "coordinates": [ [ 103.5384385, 1.3359085 ], [ 103.5364759, 1.3350507 ] ] } },
{ "type": "Feature", "properties": { "contextFeatureId": "SGP-S-001::transmission::way::848514269", "projectId": "SGP-S-001", "projectName": "Sembcorp Tengeh Floating Solar Farm", "countryCode": "SGP", "osmType": "way", "osmId": 848514269, "highway": null, "place": null, "power": "line", "landuse": null, "name": null, "voltage": "500000", "circuits": null, "cables": "3", "frequency": "50", "substationTag": null, "lineTag": "bay", "operator": null, "location": null }, "geometry": { "type": "LineString", "coordinates": [ [ 103.5382883, 1.3362571 ], [ 103.5364764, 1.3354816 ], [ 103.5358448, 1.335387 ] ] } },
{ "type": "Feature", "properties": { "contextFeatureId": "SGP-S-001::transmission::way::848514270", "projectId": "SGP-S-001", "projectName": "Sembcorp Tengeh Floating Solar Farm", "countryCode": "SGP", "osmType": "way", "osmId": 848514270, "highway": null, "place": null, "power": "line", "landuse": null, "name": null, "voltage": "500000", "circuits": null, "cables": "3", "frequency": "50", "substationTag": null, "lineTag": "bay", "operator": null, "location": null }, "geometry": { "type": "LineString", "coordinates": [ [ 103.5358448, 1.335387 ], [ 103.5363525, 1.335764 ], [ 103.5381542, 1.336552 ] ] } },
{ "type": "Feature", "properties": { "contextFeatureId": "SGP-S-001::transmission::way::1125327086", "projectId": "SGP-S-001", "projectName": "Sembcorp Tengeh Floating Solar Farm", "countryCode": "SGP", "osmType": "way", "osmId": 1125327086, "highway": null, "place": null, "power": "line", "landuse": null, "name": null, "voltage": "275000;132000", "circuits": "4", "cables": "12", "frequency": "50", "substationTag": null, "lineTag": null, "operator": null, "location": null }, "geometry": { "type": "LineString", "coordinates": [ [ 103.6070824, 1.4818545 ], [ 103.6071467, 1.4809804 ], [ 103.6079755, 1.4800594 ], [ 103.608351, 1.4791946 ], [ 103.6067793, 1.478468 ], [ 103.6053953, 1.4778325 ], [ 103.6034507, 1.4761862 ], [ 103.6024368, 1.474757 ], [ 103.601608, 1.4735907 ], [ 103.6024556, 1.4729767 ], [ 103.6020827, 1.471156 ], [ 103.6017582, 1.4695982 ], [ 103.6019942, 1.4679733 ], [ 103.6022504, 1.4663216 ], [ 103.6024609, 1.4652464 ], [ 103.6027868, 1.4633802 ], [ 103.6031556, 1.4613102 ], [ 103.6032414, 1.4603985 ], [ 103.6033809, 1.4587817 ], [ 103.6035284, 1.4572533 ], [ 103.603676, 1.4555668 ], [ 103.6037993, 1.4543172 ], [ 103.6038476, 1.4537434 ], [ 103.6039254, 1.4531428 ], [ 103.605186, 1.452561 ], [ 103.6067712, 1.4517163 ], [ 103.6080359, 1.4515796 ], [ 103.6095098, 1.4513852 ], [ 103.6109903, 1.4516801 ], [ 103.6119546, 1.4505473 ], [ 103.6127982, 1.4501022 ], [ 103.6137879, 1.4495766 ], [ 103.6145885, 1.4491758 ], [ 103.6159296, 1.4493822 ], [ 103.6162113, 1.447697 ], [ 103.6159497, 1.4463684 ], [ 103.6156802, 1.4449526 ], [ 103.6148581, 1.4436709 ], [ 103.6140735, 1.4424013 ], [ 103.6132394, 1.4410687 ], [ 103.6145094, 1.4401771 ], [ 103.615534, 1.4394465 ], [ 103.6166069, 1.4386876 ], [ 103.6177884, 1.4378712 ], [ 103.618805, 1.4371485 ], [ 103.6198188, 1.4364527 ], [ 103.6193535, 1.4352662 ], [ 103.6187848, 1.4333705 ], [ 103.6182216, 1.4316249 ], [ 103.6176006, 1.429819 ], [ 103.6172345, 1.4287585 ], [ 103.616804, 1.4275211 ], [ 103.6163253, 1.4261536 ], [ 103.6172023, 1.4256253 ], [ 103.6190088, 1.4248451 ], [ 103.620645, 1.4244241 ], [ 103.6209333, 1.424349 ], [ 103.6210795, 1.4243141 ], [ 103.6209923, 1.4229681 ], [ 103.6222664, 1.4225055 ], [ 103.6234666, 1.4220712 ], [ 103.6233339, 1.4209061 ], [ 103.6229785, 1.4192718 ], [ 103.6220813, 1.4180437 ], [ 103.6211023, 1.4166977 ], [ 103.6202064, 1.4154696 ], [ 103.6191912, 1.4140739 ], [ 103.6184388, 1.4130282 ], [ 103.6177106, 1.4126568 ], [ 103.6171916, 1.4123779 ], [ 103.6166847, 1.4121138 ], [ 103.6175618, 1.4103173 ], [ 103.6185984, 1.4085208 ], [ 103.6194956, 1.4085221 ], [ 103.6191657, 1.4070875 ], [ 103.6196458, 1.4056879 ], [ 103.6208662, 1.4054371 ], [ 103.6225842, 1.4050081 ], [ 103.6217608, 1.4039476 ], [ 103.6237684, 1.4025721 ], [ 103.6230536, 1.4015049 ], [ 103.6223549, 1.4005034 ], [ 103.6216508, 1.3994764 ], [ 103.6206892, 1.3980552 ], [ 103.6196016, 1.3964665 ], [ 103.6200012, 1.395768 ] ] } },
{ "type": "Feature", "properties": { "contextFeatureId": "SGP-S-001::transmission::way::1288755631", "projectId": "SGP-S-001", "projectName": "Sembcorp Tengeh Floating Solar Farm", "countryCode": "SGP", "osmType": "way", "osmId": 1288755631, "highway": null, "place": null, "power": "line", "landuse": null, "name": null, "voltage": "500000", "circuits": "2", "cables": "6", "frequency": "50", "substationTag": null, "lineTag": null, "operator": null, "location": null }, "geometry": { "type": "LineString", "coordinates": [ [ 103.4900737, 1.4013252 ], [ 103.4905028, 1.3972388 ], [ 103.4915113, 1.3883525 ], [ 103.4919083, 1.3842929 ], [ 103.4923482, 1.3803029 ], [ 103.4926379, 1.3778038 ], [ 103.4898376, 1.3765489 ], [ 103.4868979, 1.3751974 ], [ 103.4878206, 1.3713147 ], [ 103.4887969, 1.3674534 ], [ 103.4893709, 1.3648685 ], [ 103.4903473, 1.3609482 ], [ 103.4920169, 1.3573618 ], [ 103.4936933, 1.3537941 ], [ 103.4955642, 1.3497719 ], [ 103.4972486, 1.3460903 ], [ 103.4993783, 1.3415103 ], [ 103.5048017, 1.3296474 ], [ 103.5083744, 1.3282772 ], [ 103.5119699, 1.3269928 ], [ 103.515383, 1.3257767 ], [ 103.518371, 1.3264538 ], [ 103.5216781, 1.3271966 ], [ 103.5248874, 1.3279259 ], [ 103.5251597, 1.330771 ], [ 103.5254695, 1.3341175 ], [ 103.5252763, 1.3364061 ], [ 103.5256505, 1.3375498 ], [ 103.5274368, 1.3369169 ], [ 103.5304248, 1.3359194 ], [ 103.5329501, 1.3348924 ], [ 103.5333726, 1.3355306 ], [ 103.5358448, 1.335387 ] ] } },
{ "type": "Feature", "properties": { "contextFeatureId": "VNM-S-001::transmission::way::549039425", "projectId": "VNM-S-001", "projectName": "Trungnam Solar Farm (Thuan Bac)", "countryCode": "VNM", "osmType": "way", "osmId": 549039425, "highway": null, "place": null, "power": "line", "landuse": null, "name": null, "voltage": "220000", "circuits": "2", "cables": "6", "frequency": "50", "substationTag": null, "lineTag": null, "operator": null, "location": null }, "geometry": { "type": "LineString", "coordinates": [ [ 108.9616084, 11.68147 ], [ 108.9578962, 11.6823736 ], [ 108.9536154, 11.6835424 ], [ 108.9498711, 11.6845747 ], [ 108.9465585, 11.6854809 ], [ 108.9439568, 11.6872171 ], [ 108.9396465, 11.6901011 ], [ 108.9330536, 11.6945242 ], [ 108.930763, 11.6960476 ], [ 108.9295346, 11.6968697 ], [ 108.9280996, 11.6996485 ], [ 108.9260825, 11.7034726 ], [ 108.9232126, 11.708862 ], [ 108.9215845, 11.7118404 ], [ 108.9207101, 11.7134976 ], [ 108.9212224, 11.715076 ], [ 108.922078, 11.7242549 ], [ 108.9226225, 11.7287615 ], [ 108.9236605, 11.7368134 ], [ 108.9240172, 11.7394867 ], [ 108.9243981, 11.7426276 ], [ 108.9246824, 11.7446522 ], [ 108.922939, 11.7472573 ], [ 108.9200449, 11.7517609 ], [ 108.9169899, 11.7564955 ], [ 108.9150909, 11.7593788 ], [ 108.9143613, 11.7604895 ], [ 108.9102253, 11.7666367 ], [ 108.9077604, 11.7702866 ], [ 108.9061189, 11.7727286 ], [ 108.9047831, 11.7746979 ], [ 108.9023289, 11.7783792 ], [ 108.9013526, 11.7797788 ], [ 108.8988125, 11.7835571 ], [ 108.8986382, 11.7888111 ], [ 108.8985229, 11.7924344 ], [ 108.8983968, 11.7960157 ], [ 108.8982144, 11.8000879 ], [ 108.898091, 11.8038844 ], [ 108.8979998, 11.8062211 ], [ 108.8978711, 11.8097996 ], [ 108.897745, 11.8123883 ], [ 108.8963127, 11.8160796 ], [ 108.8947919, 11.8200123 ], [ 108.8933811, 11.8236852 ], [ 108.8926274, 11.8267988 ], [ 108.8916886, 11.8308941 ], [ 108.8909751, 11.8339026 ], [ 108.8903743, 11.8363651 ] ] } },
{ "type": "Feature", "properties": { "contextFeatureId": "VNM-S-001::transmission::way::931979268", "projectId": "VNM-S-001", "projectName": "Trungnam Solar Farm (Thuan Bac)", "countryCode": "VNM", "osmType": "way", "osmId": 931979268, "highway": null, "place": null, "power": "line", "landuse": null, "name": null, "voltage": "220000", "circuits": null, "cables": "6", "frequency": "50", "substationTag": null, "lineTag": null, "operator": null, "location": null }, "geometry": { "type": "LineString", "coordinates": [ [ 109.0268022, 11.6864816 ], [ 109.0266144, 11.6867101 ], [ 109.0239268, 11.6879551 ], [ 109.021647, 11.6880707 ], [ 109.0186804, 11.6882441 ], [ 109.0159875, 11.6883859 ], [ 109.0130961, 11.6885488 ], [ 109.0105534, 11.6886748 ], [ 109.009982, 11.6924492 ], [ 109.0093973, 11.6962183 ], [ 109.0088435, 11.7001042 ], [ 109.0084344, 11.703231 ] ] } },
{ "type": "Feature", "properties": { "contextFeatureId": "VNM-S-001::transmission::way::1273527188", "projectId": "VNM-S-001", "projectName": "Trungnam Solar Farm (Thuan Bac)", "countryCode": "VNM", "osmType": "way", "osmId": 1273527188, "highway": null, "place": null, "power": "line", "landuse": null, "name": null, "voltage": "110000", "circuits": null, "cables": null, "frequency": "50", "substationTag": null, "lineTag": null, "operator": null, "location": null }, "geometry": { "type": "LineString", "coordinates": [ [ 109.0634251, 11.7406435 ], [ 109.0639374, 11.7417531 ], [ 109.0646674, 11.7433342 ], [ 109.0709393, 11.7567328 ], [ 109.0715972, 11.7581247 ], [ 109.0720564, 11.7601876 ], [ 109.0726089, 11.7627662 ], [ 109.0748244, 11.7735636 ] ] } },
{ "type": "Feature", "properties": { "contextFeatureId": "VNM-S-001::transmission::way::1273527189", "projectId": "VNM-S-001", "projectName": "Trungnam Solar Farm (Thuan Bac)", "countryCode": "VNM", "osmType": "way", "osmId": 1273527189, "highway": null, "place": null, "power": "line", "landuse": null, "name": null, "voltage": "110000", "circuits": "1", "cables": "3", "frequency": "50", "substationTag": null, "lineTag": null, "operator": null, "location": null }, "geometry": { "type": "LineString", "coordinates": [ [ 109.063177, 11.7405608 ], [ 109.0634251, 11.7406435 ] ] } },
{ "type": "Feature", "properties": { "contextFeatureId": "VNM-S-001::transmission::way::1273527190", "projectId": "VNM-S-001", "projectName": "Trungnam Solar Farm (Thuan Bac)", "countryCode": "VNM", "osmType": "way", "osmId": 1273527190, "highway": null, "place": null, "power": "line", "landuse": null, "name": null, "voltage": "110000", "circuits": "1", "cables": "3", "frequency": "50", "substationTag": null, "lineTag": null, "operator": null, "location": null }, "geometry": { "type": "LineString", "coordinates": [ [ 109.0632212, 11.7407525 ], [ 109.0634251, 11.7406435 ] ] } },
{ "type": "Feature", "properties": { "contextFeatureId": "VNM-S-001::transmission::way::1273527192", "projectId": "VNM-S-001", "projectName": "Trungnam Solar Farm (Thuan Bac)", "countryCode": "VNM", "osmType": "way", "osmId": 1273527192, "highway": null, "place": null, "power": "line", "landuse": null, "name": null, "voltage": "110000", "circuits": null, "cables": null, "frequency": "50", "substationTag": null, "lineTag": null, "operator": null, "location": null }, "geometry": { "type": "LineString", "coordinates": [ [ 109.0638435, 11.7344308 ], [ 109.0635578, 11.7345286 ], [ 109.0622737, 11.7340159 ], [ 109.0617587, 11.7312551 ], [ 109.059035, 11.7312498 ] ] } },
{ "type": "Feature", "properties": { "contextFeatureId": "VNM-S-001::transmission::way::1273527193", "projectId": "VNM-S-001", "projectName": "Trungnam Solar Farm (Thuan Bac)", "countryCode": "VNM", "osmType": "way", "osmId": 1273527193, "highway": null, "place": null, "power": "line", "landuse": null, "name": null, "voltage": "110000", "circuits": "1", "cables": "3", "frequency": "50", "substationTag": null, "lineTag": null, "operator": null, "location": null }, "geometry": { "type": "LineString", "coordinates": [ [ 109.0640279, 11.7342102 ], [ 109.0638435, 11.7344308 ] ] } },
{ "type": "Feature", "properties": { "contextFeatureId": "VNM-S-001::transmission::way::1273527194", "projectId": "VNM-S-001", "projectName": "Trungnam Solar Farm (Thuan Bac)", "countryCode": "VNM", "osmType": "way", "osmId": 1273527194, "highway": null, "place": null, "power": "line", "landuse": null, "name": null, "voltage": "110000", "circuits": "1", "cables": "3", "frequency": "50", "substationTag": null, "lineTag": null, "operator": null, "location": null }, "geometry": { "type": "LineString", "coordinates": [ [ 109.0638187, 11.7342036 ], [ 109.0638435, 11.7344308 ] ] } },
{ "type": "Feature", "properties": { "contextFeatureId": "VNM-S-001::transmission::way::1273527196", "projectId": "VNM-S-001", "projectName": "Trungnam Solar Farm (Thuan Bac)", "countryCode": "VNM", "osmType": "way", "osmId": 1273527196, "highway": null, "place": null, "power": "line", "landuse": null, "name": null, "voltage": "110000", "circuits": "1", "cables": "3", "frequency": "50", "substationTag": null, "lineTag": null, "operator": null, "location": null }, "geometry": { "type": "LineString", "coordinates": [ [ 109.0517132, 11.6428331 ], [ 109.0515147, 11.6429277 ] ] } },
{ "type": "Feature", "properties": { "contextFeatureId": "VNM-S-001::transmission::way::1273527197", "projectId": "VNM-S-001", "projectName": "Trungnam Solar Farm (Thuan Bac)", "countryCode": "VNM", "osmType": "way", "osmId": 1273527197, "highway": null, "place": null, "power": "line", "landuse": null, "name": null, "voltage": "110000", "circuits": "1", "cables": "3", "frequency": "50", "substationTag": null, "lineTag": null, "operator": null, "location": null }, "geometry": { "type": "LineString", "coordinates": [ [ 109.0512156, 11.6425823 ], [ 109.0515147, 11.6429277 ] ] } },
{ "type": "Feature", "properties": { "contextFeatureId": "VNM-S-001::transmission::way::1273527198", "projectId": "VNM-S-001", "projectName": "Trungnam Solar Farm (Thuan Bac)", "countryCode": "VNM", "osmType": "way", "osmId": 1273527198, "highway": null, "place": null, "power": "line", "landuse": null, "name": null, "voltage": "110000", "circuits": "1", "cables": "3", "frequency": "50", "substationTag": null, "lineTag": null, "operator": null, "location": null }, "geometry": { "type": "LineString", "coordinates": [ [ 109.051398, 11.6424811 ], [ 109.0517132, 11.6428331 ] ] } },
{ "type": "Feature", "properties": { "contextFeatureId": "VNM-S-001::transmission::way::1273527200", "projectId": "VNM-S-001", "projectName": "Trungnam Solar Farm (Thuan Bac)", "countryCode": "VNM", "osmType": "way", "osmId": 1273527200, "highway": null, "place": null, "power": "line", "landuse": null, "name": null, "voltage": "110000", "circuits": "2", "cables": "6", "frequency": "50", "substationTag": null, "lineTag": null, "operator": null, "location": null }, "geometry": { "type": "LineString", "coordinates": [ [ 109.0594795, 11.6679076 ], [ 109.0605538, 11.6679739 ] ] } },
{ "type": "Feature", "properties": { "contextFeatureId": "VNM-S-001::transmission::way::1273527201", "projectId": "VNM-S-001", "projectName": "Trungnam Solar Farm (Thuan Bac)", "countryCode": "VNM", "osmType": "way", "osmId": 1273527201, "highway": null, "place": null, "power": "line", "landuse": null, "name": null, "voltage": "110000", "circuits": "2", "cables": "6", "frequency": "50", "substationTag": null, "lineTag": null, "operator": null, "location": null }, "geometry": { "type": "LineString", "coordinates": [ [ 109.0605538, 11.6679739 ], [ 109.0605511, 11.6675241 ], [ 109.060417, 11.6652565 ], [ 109.0602896, 11.6630237 ], [ 109.0601555, 11.6606897 ], [ 109.0600173, 11.6585646 ], [ 109.0590457, 11.6565472 ], [ 109.0580422, 11.6544713 ], [ 109.0569858, 11.652329 ], [ 109.0559719, 11.6502143 ], [ 109.0549546, 11.6481357 ], [ 109.0539488, 11.6460946 ], [ 109.0530751, 11.6443181 ], [ 109.0517132, 11.6428331 ] ] } },
{ "type": "Feature", "properties": { "contextFeatureId": "VNM-S-001::transmission::way::1273527202", "projectId": "VNM-S-001", "projectName": "Trungnam Solar Farm (Thuan Bac)", "countryCode": "VNM", "osmType": "way", "osmId": 1273527202, "highway": null, "place": null, "power": "line", "landuse": null, "name": null, "voltage": "110000", "circuits": "2", "cables": "6", "frequency": "50", "substationTag": null, "lineTag": null, "operator": null, "location": null }, "geometry": { "type": "LineString", "coordinates": [ [ 109.0605538, 11.6679739 ], [ 109.0606865, 11.6697719 ], [ 109.0608247, 11.672136 ], [ 109.0609615, 11.6743747 ], [ 109.0610956, 11.6766323 ], [ 109.0612203, 11.6787869 ], [ 109.0609668, 11.6809434 ], [ 109.0606926, 11.6832476 ], [ 109.0604203, 11.6855584 ], [ 109.0601454, 11.6878803 ], [ 109.0598778, 11.6901483 ], [ 109.059615, 11.6924118 ], [ 109.0593421, 11.6946903 ], [ 109.0590799, 11.6969353 ], [ 109.0570816, 11.6977679 ], [ 109.0557265, 11.6983451 ] ] } },
{ "type": "Feature", "properties": { "contextFeatureId": "VNM-S-001::transmission::way::1273527203", "projectId": "VNM-S-001", "projectName": "Trungnam Solar Farm (Thuan Bac)", "countryCode": "VNM", "osmType": "way", "osmId": 1273527203, "highway": null, "place": null, "power": "line", "landuse": null, "name": null, "voltage": "110000", "circuits": "1", "cables": "3", "frequency": "50", "substationTag": null, "lineTag": null, "operator": null, "location": null }, "geometry": { "type": "LineString", "coordinates": [ [ 109.0593367, 11.6677671 ], [ 109.0594795, 11.6679076 ] ] } },
{ "type": "Feature", "properties": { "contextFeatureId": "VNM-S-001::transmission::way::1273527204", "projectId": "VNM-S-001", "projectName": "Trungnam Solar Farm (Thuan Bac)", "countryCode": "VNM", "osmType": "way", "osmId": 1273527204, "highway": null, "place": null, "power": "line", "landuse": null, "name": null, "voltage": "110000", "circuits": "1", "cables": "3", "frequency": "50", "substationTag": null, "lineTag": null, "operator": null, "location": null }, "geometry": { "type": "LineString", "coordinates": [ [ 109.0592938, 11.6679601 ], [ 109.0594795, 11.6679076 ] ] } },
{ "type": "Feature", "properties": { "contextFeatureId": "VNM-S-001::transmission::way::1273527206", "projectId": "VNM-S-001", "projectName": "Trungnam Solar Farm (Thuan Bac)", "countryCode": "VNM", "osmType": "way", "osmId": 1273527206, "highway": null, "place": null, "power": "line", "landuse": null, "name": null, "voltage": "110000", "circuits": null, "cables": null, "frequency": "50", "substationTag": null, "lineTag": null, "operator": null, "location": null }, "geometry": { "type": "LineString", "coordinates": [ [ 108.9568689, 11.6097635 ], [ 108.9967427, 11.6347431 ], [ 109.0164435, 11.6470666 ], [ 109.0290391, 11.6646563 ], [ 109.0345336, 11.6807555 ], [ 109.0332328, 11.6817419 ], [ 109.0317911, 11.6828753 ], [ 109.0299675, 11.6841863 ], [ 109.0275693, 11.6846666 ], [ 109.0270221, 11.6850396 ] ] } },
{ "type": "Feature", "properties": { "contextFeatureId": "VNM-S-001::transmission::way::1273527207", "projectId": "VNM-S-001", "projectName": "Trungnam Solar Farm (Thuan Bac)", "countryCode": "VNM", "osmType": "way", "osmId": 1273527207, "highway": null, "place": null, "power": "line", "landuse": null, "name": null, "voltage": "110000", "circuits": "2", "cables": "6", "frequency": "50", "substationTag": null, "lineTag": null, "operator": null, "location": null }, "geometry": { "type": "LineString", "coordinates": [ [ 109.0290626, 11.6979373 ], [ 109.0304084, 11.6967055 ], [ 109.0283659, 11.694293 ], [ 109.0266509, 11.6922435 ], [ 109.0253082, 11.6906132 ], [ 109.0270101, 11.6889572 ], [ 109.0292135, 11.687045 ], [ 109.0283954, 11.6853758 ], [ 109.0277624, 11.6851026 ], [ 109.0274245, 11.6853758 ] ] } },
{ "type": "Feature", "properties": { "contextFeatureId": "VNM-S-001::transmission::way::1273527208", "projectId": "VNM-S-001", "projectName": "Trungnam Solar Farm (Thuan Bac)", "countryCode": "VNM", "osmType": "way", "osmId": 1273527208, "highway": null, "place": null, "power": "line", "landuse": null, "name": null, "voltage": "110000", "circuits": "1", "cables": "3", "frequency": "50", "substationTag": null, "lineTag": null, "operator": null, "location": null }, "geometry": { "type": "LineString", "coordinates": [ [ 109.0293027, 11.6980903 ], [ 109.0290626, 11.6979373 ] ] } },
{ "type": "Feature", "properties": { "contextFeatureId": "VNM-S-001::transmission::way::1273527209", "projectId": "VNM-S-001", "projectName": "Trungnam Solar Farm (Thuan Bac)", "countryCode": "VNM", "osmType": "way", "osmId": 1273527209, "highway": null, "place": null, "power": "line", "landuse": null, "name": null, "voltage": "110000", "circuits": "1", "cables": "3", "frequency": "50", "substationTag": null, "lineTag": null, "operator": null, "location": null }, "geometry": { "type": "LineString", "coordinates": [ [ 109.0291585, 11.6982164 ], [ 109.0290626, 11.6979373 ] ] } },
{ "type": "Feature", "properties": { "contextFeatureId": "VNM-S-001::transmission::way::1273527211", "projectId": "VNM-S-001", "projectName": "Trungnam Solar Farm (Thuan Bac)", "countryCode": "VNM", "osmType": "way", "osmId": 1273527211, "highway": null, "place": null, "power": "line", "landuse": null, "name": null, "voltage": "220000", "circuits": "1", "cables": "3", "frequency": "50", "substationTag": null, "lineTag": null, "operator": null, "location": null }, "geometry": { "type": "LineString", "coordinates": [ [ 109.0288514, 11.6985112 ], [ 109.0286583, 11.6982302 ], [ 109.0291813, 11.6958821 ], [ 109.026145, 11.6929614 ], [ 109.024934, 11.690587 ], [ 109.0260954, 11.6882703 ], [ 109.0267754, 11.6869465 ], [ 109.0270543, 11.6867824 ] ] } },
{ "type": "Feature", "properties": { "contextFeatureId": "VNM-S-001::transmission::way::1273527213", "projectId": "VNM-S-001", "projectName": "Trungnam Solar Farm (Thuan Bac)", "countryCode": "VNM", "osmType": "way", "osmId": 1273527213, "highway": null, "place": null, "power": "line", "landuse": null, "name": null, "voltage": "220000", "circuits": "2", "cables": "6", "frequency": "50", "substationTag": null, "lineTag": null, "operator": null, "location": null }, "geometry": { "type": "LineString", "coordinates": [ [ 109.0040058, 11.6845514 ], [ 109.0037298, 11.68484 ] ] } },
{ "type": "Feature", "properties": { "contextFeatureId": "VNM-S-001::transmission::way::1273527221", "projectId": "VNM-S-001", "projectName": "Trungnam Solar Farm (Thuan Bac)", "countryCode": "VNM", "osmType": "way", "osmId": 1273527221, "highway": null, "place": null, "power": "line", "landuse": null, "name": null, "voltage": "220000", "circuits": "2", "cables": "6", "frequency": "50", "substationTag": null, "lineTag": null, "operator": null, "location": null }, "geometry": { "type": "LineString", "coordinates": [ [ 108.8790661, 11.6358517 ], [ 108.8811019, 11.6374201 ], [ 108.8840041, 11.6397582 ], [ 108.886359, 11.6415735 ], [ 108.8893604, 11.6439457 ], [ 108.8914713, 11.6456086 ], [ 108.8941509, 11.6477154 ], [ 108.8956127, 11.6491839 ], [ 108.8970771, 11.6506156 ], [ 108.8985899, 11.6520946 ], [ 108.9002582, 11.6536944 ], [ 108.9017281, 11.6551523 ], [ 108.9021572, 11.6573221 ], [ 108.9025086, 11.6592555 ], [ 108.9057595, 11.6610601 ], [ 108.9087126, 11.6627518 ], [ 108.9121404, 11.6646878 ], [ 108.9153028, 11.6664872 ], [ 108.9185294, 11.6683364 ], [ 108.9217508, 11.67012 ], [ 108.9245215, 11.6717617 ], [ 108.9273754, 11.6733299 ], [ 108.9304036, 11.675011 ], [ 108.9330724, 11.6765502 ], [ 108.9353201, 11.677811 ], [ 108.9382008, 11.6779371 ], [ 108.9412692, 11.6780501 ], [ 108.9445737, 11.6781683 ], [ 108.9470547, 11.6782655 ], [ 108.9505282, 11.6784021 ], [ 108.9532855, 11.6784966 ], [ 108.9564238, 11.6786185 ], [ 108.9594385, 11.6787356 ], [ 108.9627296, 11.6788591 ], [ 108.965916, 11.6789668 ], [ 108.9688638, 11.6790876 ], [ 108.9720744, 11.6792216 ], [ 108.9754513, 11.6793503 ], [ 108.9788014, 11.6794842 ], [ 108.9824679, 11.6796235 ], [ 108.9861265, 11.6797837 ], [ 108.9897501, 11.6799124 ], [ 108.9934999, 11.6800542 ], [ 108.9967078, 11.6801961 ], [ 108.9995107, 11.680309 ], [ 109.001922, 11.6823473 ], [ 109.0048805, 11.6848268 ], [ 109.0074366, 11.687028 ], [ 109.0088153, 11.6882099 ], [ 109.0120098, 11.6880234 ], [ 109.0152526, 11.6878501 ], [ 109.0184015, 11.6876872 ], [ 109.0208879, 11.6875533 ], [ 109.0235513, 11.6874272 ], [ 109.0259412, 11.6859589 ], [ 109.0262148, 11.685712 ] ] } },
{ "type": "Feature", "properties": { "contextFeatureId": "VNM-S-001::transmission::way::1318441707", "projectId": "VNM-S-001", "projectName": "Trungnam Solar Farm (Thuan Bac)", "countryCode": "VNM", "osmType": "way", "osmId": 1318441707, "highway": null, "place": null, "power": "line", "landuse": null, "name": null, "voltage": "220000", "circuits": "2", "cables": "6", "frequency": "50", "substationTag": null, "lineTag": null, "operator": null, "location": null }, "geometry": { "type": "LineString", "coordinates": [ [ 109.0265205, 11.6860719 ], [ 109.0262121, 11.6862846 ], [ 109.0235567, 11.687682 ], [ 109.0208048, 11.6878186 ], [ 109.0166634, 11.6880444 ], [ 109.0127501, 11.6882493 ], [ 109.0087147, 11.6884621 ], [ 109.0053311, 11.6856385 ], [ 109.0040058, 11.6845514 ], [ 109.0018362, 11.6827229 ], [ 108.9992425, 11.6805638 ], [ 108.9958146, 11.6804325 ], [ 108.9916652, 11.6802565 ], [ 108.9876419, 11.6800963 ], [ 108.9835194, 11.6799413 ], [ 108.9798608, 11.6797916 ], [ 108.9759582, 11.6796418 ], [ 108.9723051, 11.6795026 ], [ 108.968845, 11.6793582 ], [ 108.9662272, 11.68007 ], [ 108.9620161, 11.6812625 ], [ 108.9616084, 11.68147 ] ] } },
{ "type": "Feature", "properties": { "contextFeatureId": "VNM-S-001::transmission::way::1320783797", "projectId": "VNM-S-001", "projectName": "Trungnam Solar Farm (Thuan Bac)", "countryCode": "VNM", "osmType": "way", "osmId": 1320783797, "highway": null, "place": null, "power": "line", "landuse": null, "name": null, "voltage": "110000", "circuits": null, "cables": null, "frequency": "50", "substationTag": null, "lineTag": null, "operator": null, "location": null }, "geometry": { "type": "LineString", "coordinates": [ [ 109.0634251, 11.7406435 ], [ 109.059035, 11.7312498 ], [ 109.0587392, 11.7289349 ], [ 109.0553033, 11.7007148 ], [ 109.0362784, 11.6842989 ], [ 109.0343832, 11.6826635 ] ] } },
{ "type": "Feature", "properties": { "contextFeatureId": "VNM-S-001::transmission::way::1320783798", "projectId": "VNM-S-001", "projectName": "Trungnam Solar Farm (Thuan Bac)", "countryCode": "VNM", "osmType": "way", "osmId": 1320783798, "highway": null, "place": null, "power": "line", "landuse": null, "name": null, "voltage": null, "circuits": null, "cables": null, "frequency": null, "substationTag": null, "lineTag": null, "operator": null, "location": null }, "geometry": { "type": "LineString", "coordinates": [ [ 108.9406872, 11.602893 ], [ 108.9410466, 11.6034185 ], [ 108.9423394, 11.6039492 ], [ 108.9440118, 11.6047019 ], [ 108.9464946, 11.6050329 ], [ 108.9521901, 11.6068883 ], [ 108.9568689, 11.6097635 ] ] } },
{ "type": "Feature", "properties": { "contextFeatureId": "VNM-S-001::transmission::way::1320783799", "projectId": "VNM-S-001", "projectName": "Trungnam Solar Farm (Thuan Bac)", "countryCode": "VNM", "osmType": "way", "osmId": 1320783799, "highway": null, "place": null, "power": "line", "landuse": null, "name": null, "voltage": "110000", "circuits": null, "cables": null, "frequency": null, "substationTag": null, "lineTag": null, "operator": null, "location": null }, "geometry": { "type": "LineString", "coordinates": [ [ 109.0313405, 11.6809526 ], [ 109.027226, 11.6841833 ], [ 109.0266976, 11.6846929 ] ] } },
{ "type": "Feature", "properties": { "contextFeatureId": "VNM-S-001::transmission::way::1466077628", "projectId": "VNM-S-001", "projectName": "Trungnam Solar Farm (Thuan Bac)", "countryCode": "VNM", "osmType": "way", "osmId": 1466077628, "highway": null, "place": null, "power": "line", "landuse": null, "name": null, "voltage": "220000", "circuits": "1", "cables": "3", "frequency": "50", "substationTag": null, "lineTag": null, "operator": null, "location": null }, "geometry": { "type": "LineString", "coordinates": [ [ 108.9616084, 11.68147 ], [ 108.9619354, 11.6819599 ] ] } },
{ "type": "Feature", "properties": { "contextFeatureId": "VNM-S-001::transmission::way::1466077629", "projectId": "VNM-S-001", "projectName": "Trungnam Solar Farm (Thuan Bac)", "countryCode": "VNM", "osmType": "way", "osmId": 1466077629, "highway": null, "place": null, "power": "line", "landuse": null, "name": null, "voltage": "220000", "circuits": "1", "cables": "3", "frequency": "50", "substationTag": null, "lineTag": null, "operator": null, "location": null }, "geometry": { "type": "LineString", "coordinates": [ [ 108.9616084, 11.68147 ], [ 108.9620785, 11.6819578 ] ] } },
{ "type": "Feature", "properties": { "contextFeatureId": "VNM-S-002::transmission::way::1051605922", "projectId": "VNM-S-002", "projectName": "Dau Tieng Solar Power Complex", "countryCode": "VNM", "osmType": "way", "osmId": 1051605922, "highway": null, "place": null, "power": "line", "landuse": null, "name": null, "voltage": "220000", "circuits": "4", "cables": "12", "frequency": "50", "substationTag": null, "lineTag": null, "operator": null, "location": null }, "geometry": { "type": "LineString", "coordinates": [ [ 106.2104745, 11.4601577 ], [ 106.2082125, 11.4608747 ], [ 106.2043821, 11.4620905 ], [ 106.2022481, 11.4627678 ] ] } },
{ "type": "Feature", "properties": { "contextFeatureId": "VNM-S-002::transmission::way::1051605924", "projectId": "VNM-S-002", "projectName": "Dau Tieng Solar Power Complex", "countryCode": "VNM", "osmType": "way", "osmId": 1051605924, "highway": null, "place": null, "power": "line", "landuse": null, "name": null, "voltage": "220000", "circuits": "2", "cables": "6", "frequency": "50", "substationTag": null, "lineTag": null, "operator": null, "location": null }, "geometry": { "type": "LineString", "coordinates": [ [ 106.5867972, 11.7328903 ], [ 106.5871024, 11.7331026 ], [ 106.5873704, 11.7344066 ], [ 106.585526, 11.7366737 ], [ 106.5833849, 11.7393056 ], [ 106.5806548, 11.7375846 ], [ 106.5778523, 11.735818 ], [ 106.5748308, 11.7339134 ], [ 106.5725763, 11.7324922 ], [ 106.5700191, 11.7308802 ], [ 106.567179, 11.7290898 ], [ 106.5644504, 11.7294554 ], [ 106.5614063, 11.7298633 ], [ 106.5587012, 11.7302258 ], [ 106.5558455, 11.7306084 ], [ 106.5522528, 11.7310898 ], [ 106.5491867, 11.7315007 ], [ 106.5467327, 11.7297379 ], [ 106.5439546, 11.7277423 ], [ 106.5415903, 11.7260439 ], [ 106.5393894, 11.7244629 ], [ 106.5363287, 11.7222643 ], [ 106.5341106, 11.7206709 ], [ 106.5300728, 11.7177703 ], [ 106.5267462, 11.7153806 ], [ 106.5243489, 11.7136585 ], [ 106.5216393, 11.7117119 ], [ 106.5189482, 11.7097787 ], [ 106.5164103, 11.7079555 ], [ 106.5135011, 11.7058656 ], [ 106.5109065, 11.7040016 ], [ 106.5106462, 11.7013129 ], [ 106.5103848, 11.6986133 ], [ 106.5101246, 11.6959255 ], [ 106.5098432, 11.6930192 ], [ 106.50954, 11.6898875 ], [ 106.5092013, 11.6863883 ], [ 106.5088682, 11.6829481 ], [ 106.5085992, 11.6801691 ], [ 106.5070244, 11.6780296 ], [ 106.5054022, 11.6758256 ], [ 106.5037785, 11.6736196 ], [ 106.5021724, 11.6714375 ], [ 106.5004123, 11.669046 ], [ 106.4986793, 11.6666914 ], [ 106.497011, 11.6644247 ], [ 106.4952324, 11.6620081 ], [ 106.4930387, 11.6590274 ], [ 106.4913488, 11.6567313 ], [ 106.4896815, 11.6544659 ], [ 106.4881834, 11.6524304 ], [ 106.4864115, 11.6509059 ], [ 106.4850876, 11.6497667 ], [ 106.4817319, 11.6468796 ], [ 106.4797472, 11.6451719 ], [ 106.4773936, 11.6431468 ], [ 106.4754009, 11.6414323 ], [ 106.4733282, 11.6396489 ], [ 106.4712726, 11.6378801 ], [ 106.4692041, 11.6361003 ], [ 106.4667811, 11.6340154 ], [ 106.4648692, 11.6323704 ], [ 106.4632165, 11.6309484 ], [ 106.4599614, 11.6281475 ], [ 106.4572378, 11.6258039 ], [ 106.4547992, 11.6237055 ], [ 106.4512128, 11.6206195 ], [ 106.4476375, 11.617543 ], [ 106.4455539, 11.6157501 ], [ 106.4431947, 11.61372 ], [ 106.4415414, 11.6122973 ], [ 106.4398022, 11.6108007 ], [ 106.4373756, 11.610383 ], [ 106.4348472, 11.6099478 ], [ 106.4319399, 11.6094474 ], [ 106.4288379, 11.6089134 ], [ 106.4258586, 11.6084006 ], [ 106.4229311, 11.6078967 ], [ 106.4198301, 11.6073629 ], [ 106.4175631, 11.6069727 ], [ 106.4148347, 11.6071976 ], [ 106.4120893, 11.6074239 ], [ 106.408451, 11.6077237 ], [ 106.4053181, 11.6079819 ], [ 106.4021272, 11.6082449 ], [ 106.3988797, 11.6085126 ], [ 106.3963611, 11.6087202 ], [ 106.3934461, 11.6089604 ], [ 106.3905304, 11.6092007 ], [ 106.3877927, 11.6094263 ], [ 106.3849616, 11.6096597 ], [ 106.3826072, 11.6098537 ], [ 106.3805085, 11.6079935 ], [ 106.3784708, 11.6061874 ], [ 106.3764565, 11.604402 ], [ 106.3743477, 11.6025329 ], [ 106.3719837, 11.6004376 ], [ 106.3692375, 11.5980034 ], [ 106.3668018, 11.5958445 ], [ 106.3648517, 11.5941159 ], [ 106.3627285, 11.5922339 ], [ 106.3605483, 11.5903014 ], [ 106.3584448, 11.5884369 ], [ 106.3562592, 11.5864995 ], [ 106.3542212, 11.584693 ], [ 106.3521727, 11.5828772 ], [ 106.3506404, 11.581519 ], [ 106.3482322, 11.5802984 ], [ 106.3457878, 11.5790594 ], [ 106.3434208, 11.5778597 ], [ 106.3410592, 11.5766628 ], [ 106.3386147, 11.5754238 ], [ 106.3354349, 11.573812 ], [ 106.3319232, 11.5720321 ], [ 106.3288375, 11.5704681 ], [ 106.3258891, 11.5689736 ], [ 106.3234065, 11.5677153 ], [ 106.321762, 11.5654451 ], [ 106.3200629, 11.5630996 ], [ 106.3183001, 11.5606661 ], [ 106.3164897, 11.5581669 ], [ 106.314806, 11.5558426 ], [ 106.313159, 11.5535688 ], [ 106.3111559, 11.5508035 ], [ 106.3091622, 11.5480511 ], [ 106.3074552, 11.5456945 ], [ 106.3060591, 11.5437671 ], [ 106.3038914, 11.5424593 ], [ 106.3013893, 11.5409497 ], [ 106.299046, 11.5395359 ], [ 106.2967127, 11.5381281 ], [ 106.2943478, 11.5367013 ], [ 106.2920033, 11.5352867 ], [ 106.2895003, 11.5337766 ], [ 106.2870451, 11.5322952 ], [ 106.2845334, 11.5307798 ], [ 106.282032, 11.5292706 ], [ 106.2798221, 11.5279372 ], [ 106.2789004, 11.52524 ], [ 106.277965, 11.5225027 ], [ 106.2752237, 11.5220025 ], [ 106.2717493, 11.5213684 ], [ 106.268731, 11.5208176 ], [ 106.2661424, 11.5203452 ], [ 106.2639709, 11.5191588 ], [ 106.2614667, 11.5177905 ], [ 106.2589223, 11.5164004 ], [ 106.2554789, 11.514519 ], [ 106.2520414, 11.5126409 ], [ 106.2495567, 11.5112833 ], [ 106.2470695, 11.5099244 ], [ 106.2447059, 11.5086329 ], [ 106.2423067, 11.5073221 ], [ 106.239859, 11.5059847 ], [ 106.2374041, 11.5046433 ], [ 106.2349856, 11.5033219 ], [ 106.2327275, 11.5020881 ], [ 106.2308085, 11.5010396 ], [ 106.2288193, 11.4999527 ], [ 106.2279002, 11.497959 ], [ 106.2268244, 11.4956256 ], [ 106.2256972, 11.4931804 ], [ 106.2245957, 11.4907909 ], [ 106.2233739, 11.4881408 ], [ 106.222243, 11.4856876 ], [ 106.2209851, 11.4829589 ], [ 106.2201193, 11.4810806 ], [ 106.2185399, 11.4776545 ], [ 106.2141379, 11.4681051 ], [ 106.2122212, 11.4639471 ], [ 106.2110506, 11.4614075 ], [ 106.2104745, 11.4601577 ] ] } },
{ "type": "Feature", "properties": { "contextFeatureId": "VNM-S-002::transmission::way::1192103385", "projectId": "VNM-S-002", "projectName": "Dau Tieng Solar Power Complex", "countryCode": "VNM", "osmType": "way", "osmId": 1192103385, "highway": null, "place": null, "power": "line", "landuse": null, "name": "Đường dây 110kV Dầu Tiếng - Tây Ninh 1", "voltage": "110000", "circuits": null, "cables": null, "frequency": "50", "substationTag": null, "lineTag": null, "operator": null, "location": null }, "geometry": { "type": "LineString", "coordinates": [ [ 106.2239487, 11.5167457 ], [ 106.2236309, 11.5167462 ], [ 106.2210935, 11.5167501 ], [ 106.2181431, 11.5167547 ], [ 106.2154555, 11.5167589 ], [ 106.2134308, 11.5149854 ], [ 106.2114619, 11.5132609 ], [ 106.2098443, 11.5118441 ] ] } },
{ "type": "Feature", "properties": { "contextFeatureId": "VNM-S-002::transmission::way::1192103386", "projectId": "VNM-S-002", "projectName": "Dau Tieng Solar Power Complex", "countryCode": "VNM", "osmType": "way", "osmId": 1192103386, "highway": null, "place": null, "power": "line", "landuse": null, "name": "Đường dây 110kV Dầu Tiếng - Tây Ninh 1", "voltage": "110000", "circuits": null, "cables": null, "frequency": "50", "substationTag": null, "lineTag": null, "operator": null, "location": null }, "geometry": { "type": "LineString", "coordinates": [ [ 106.2120303, 11.518822 ], [ 106.2110728, 11.5167063 ], [ 106.2105062, 11.5144639 ], [ 106.2098443, 11.5118441 ], [ 106.2086159, 11.5099412 ], [ 106.2073016, 11.5079542 ], [ 106.2059659, 11.5059042 ], [ 106.2051344, 11.5043587 ] ] } },
{ "type": "Feature", "properties": { "contextFeatureId": "VNM-S-002::transmission::way::1192103431", "projectId": "VNM-S-002", "projectName": "Dau Tieng Solar Power Complex", "countryCode": "VNM", "osmType": "way", "osmId": 1192103431, "highway": null, "place": null, "power": "line", "landuse": null, "name": null, "voltage": null, "circuits": null, "cables": null, "frequency": null, "substationTag": null, "lineTag": "busbar", "operator": null, "location": null }, "geometry": { "type": "LineString", "coordinates": [ [ 106.1989692, 11.4635074 ], [ 106.1987918, 11.4635545 ], [ 106.198703, 11.4632328 ] ] } },
{ "type": "Feature", "properties": { "contextFeatureId": "VNM-S-002::transmission::way::1192103432", "projectId": "VNM-S-002", "projectName": "Dau Tieng Solar Power Complex", "countryCode": "VNM", "osmType": "way", "osmId": 1192103432, "highway": null, "place": null, "power": "line", "landuse": null, "name": null, "voltage": "220000", "circuits": null, "cables": null, "frequency": "50", "substationTag": null, "lineTag": null, "operator": null, "location": null }, "geometry": { "type": "LineString", "coordinates": [ [ 106.1996788, 11.4630595 ], [ 106.2022481, 11.4627678 ] ] } },
{ "type": "Feature", "properties": { "contextFeatureId": "VNM-S-002::transmission::way::1192103433", "projectId": "VNM-S-002", "projectName": "Dau Tieng Solar Power Complex", "countryCode": "VNM", "osmType": "way", "osmId": 1192103433, "highway": null, "place": null, "power": "line", "landuse": null, "name": null, "voltage": "220000", "circuits": null, "cables": null, "frequency": "50", "substationTag": null, "lineTag": null, "operator": null, "location": null }, "geometry": { "type": "LineString", "coordinates": [ [ 106.1993703, 11.4630332 ], [ 106.1996788, 11.4630595 ], [ 106.1994749, 11.4634722 ] ] } },
{ "type": "Feature", "properties": { "contextFeatureId": "VNM-S-002::transmission::way::1192103434", "projectId": "VNM-S-002", "projectName": "Dau Tieng Solar Power Complex", "countryCode": "VNM", "osmType": "way", "osmId": 1192103434, "highway": null, "place": null, "power": "line", "landuse": null, "name": null, "voltage": "220000", "circuits": null, "cables": null, "frequency": "50", "substationTag": null, "lineTag": null, "operator": null, "location": null }, "geometry": { "type": "LineString", "coordinates": [ [ 106.2000972, 11.4639059 ], [ 106.1996169, 11.4639158 ] ] } },
{ "type": "Feature", "properties": { "contextFeatureId": "VNM-S-002::transmission::way::1192103435", "projectId": "VNM-S-002", "projectName": "Dau Tieng Solar Power Complex", "countryCode": "VNM", "osmType": "way", "osmId": 1192103435, "highway": null, "place": null, "power": "line", "landuse": null, "name": null, "voltage": "220000", "circuits": null, "cables": null, "frequency": "50", "substationTag": null, "lineTag": null, "operator": null, "location": null }, "geometry": { "type": "LineString", "coordinates": [ [ 106.1997083, 11.4642056 ], [ 106.2000972, 11.4639059 ], [ 106.2022481, 11.4627678 ] ] } },
{ "type": "Feature", "properties": { "contextFeatureId": "VNM-S-002::transmission::way::1192103439", "projectId": "VNM-S-002", "projectName": "Dau Tieng Solar Power Complex", "countryCode": "VNM", "osmType": "way", "osmId": 1192103439, "highway": null, "place": null, "power": "line", "landuse": null, "name": null, "voltage": null, "circuits": null, "cables": null, "frequency": null, "substationTag": null, "lineTag": "busbar", "operator": null, "location": null }, "geometry": { "type": "LineString", "coordinates": [ [ 106.198703, 11.4632328 ], [ 106.1988734, 11.4631819 ], [ 106.1990356, 11.4631333 ], [ 106.199189, 11.4630874 ], [ 106.1993703, 11.4630332 ] ] } },
{ "type": "Feature", "properties": { "contextFeatureId": "VNM-S-002::transmission::way::1192103440", "projectId": "VNM-S-002", "projectName": "Dau Tieng Solar Power Complex", "countryCode": "VNM", "osmType": "way", "osmId": 1192103440, "highway": null, "place": null, "power": "line", "landuse": null, "name": null, "voltage": null, "circuits": null, "cables": null, "frequency": null, "substationTag": null, "lineTag": "busbar", "operator": null, "location": null }, "geometry": { "type": "LineString", "coordinates": [ [ 106.1990007, 11.4636145 ], [ 106.1991628, 11.4635659 ], [ 106.1993162, 11.4635198 ], [ 106.1994749, 11.4634722 ] ] } },
{ "type": "Feature", "properties": { "contextFeatureId": "VNM-S-002::transmission::way::1192103441", "projectId": "VNM-S-002", "projectName": "Dau Tieng Solar Power Complex", "countryCode": "VNM", "osmType": "way", "osmId": 1192103441, "highway": null, "place": null, "power": "line", "landuse": null, "name": null, "voltage": null, "circuits": null, "cables": null, "frequency": null, "substationTag": null, "lineTag": "busbar", "operator": null, "location": null }, "geometry": { "type": "LineString", "coordinates": [ [ 106.1996169, 11.4639158 ], [ 106.1994478, 11.4639672 ], [ 106.1992946, 11.4640138 ], [ 106.1991328, 11.464063 ], [ 106.198952, 11.4641179 ], [ 106.1989165, 11.464006 ], [ 106.1990996, 11.4639503 ] ] } },
{ "type": "Feature", "properties": { "contextFeatureId": "VNM-S-002::transmission::way::1192103442", "projectId": "VNM-S-002", "projectName": "Dau Tieng Solar Power Complex", "countryCode": "VNM", "osmType": "way", "osmId": 1192103442, "highway": null, "place": null, "power": "line", "landuse": null, "name": null, "voltage": null, "circuits": null, "cables": null, "frequency": null, "substationTag": null, "lineTag": "busbar", "operator": null, "location": null }, "geometry": { "type": "LineString", "coordinates": [ [ 106.1990324, 11.4644106 ], [ 106.1992183, 11.4643542 ], [ 106.1993803, 11.4643051 ], [ 106.1995335, 11.4642586 ], [ 106.1997083, 11.4642056 ] ] } },
{ "type": "Feature", "properties": { "contextFeatureId": "VNM-S-002::transmission::way::1192103444", "projectId": "VNM-S-002", "projectName": "Dau Tieng Solar Power Complex", "countryCode": "VNM", "osmType": "way", "osmId": 1192103444, "highway": null, "place": null, "power": "line", "landuse": null, "name": null, "voltage": null, "circuits": null, "cables": null, "frequency": null, "substationTag": null, "lineTag": "busbar", "operator": null, "location": null }, "geometry": { "type": "LineString", "coordinates": [ [ 106.1988734, 11.4631819 ], [ 106.1989692, 11.4635074 ], [ 106.1990007, 11.4636145 ], [ 106.1990996, 11.4639503 ], [ 106.1991328, 11.464063 ], [ 106.1992183, 11.4643542 ] ] } },
{ "type": "Feature", "properties": { "contextFeatureId": "VNM-S-002::transmission::way::1192103445", "projectId": "VNM-S-002", "projectName": "Dau Tieng Solar Power Complex", "countryCode": "VNM", "osmType": "way", "osmId": 1192103445, "highway": null, "place": null, "power": "line", "landuse": null, "name": null, "voltage": null, "circuits": null, "cables": null, "frequency": null, "substationTag": null, "lineTag": "busbar", "operator": null, "location": null }, "geometry": { "type": "LineString", "coordinates": [ [ 106.199189, 11.4630874 ], [ 106.1993162, 11.4635198 ], [ 106.1994478, 11.4639672 ], [ 106.1995335, 11.4642586 ] ] } },
{ "type": "Feature", "properties": { "contextFeatureId": "VNM-S-002::transmission::way::1192103446", "projectId": "VNM-S-002", "projectName": "Dau Tieng Solar Power Complex", "countryCode": "VNM", "osmType": "way", "osmId": 1192103446, "highway": null, "place": null, "power": "line", "landuse": null, "name": null, "voltage": null, "circuits": null, "cables": null, "frequency": null, "substationTag": null, "lineTag": "busbar", "operator": null, "location": null }, "geometry": { "type": "LineString", "coordinates": [ [ 106.1990356, 11.4631333 ], [ 106.1991628, 11.4635659 ], [ 106.1992946, 11.4640138 ], [ 106.1993803, 11.4643051 ] ] } },
{ "type": "Feature", "properties": { "contextFeatureId": "VNM-S-002::transmission::way::1192103448", "projectId": "VNM-S-002", "projectName": "Dau Tieng Solar Power Complex", "countryCode": "VNM", "osmType": "way", "osmId": 1192103448, "highway": null, "place": null, "power": "line", "landuse": null, "name": "Đường dây 110kV Tây Ninh 1 - Tân Hưng", "voltage": "110000", "circuits": null, "cables": null, "frequency": "50", "substationTag": null, "lineTag": null, "operator": null, "location": null }, "geometry": { "type": "LineString", "coordinates": [ [ 106.1641368, 11.5003452 ], [ 106.1618113, 11.501273 ], [ 106.1614385, 11.5026535 ], [ 106.1610316, 11.5041599 ], [ 106.1606154, 11.5057006 ], [ 106.160205, 11.5072202 ], [ 106.1598677, 11.5084689 ], [ 106.1595161, 11.5097707 ], [ 106.1592691, 11.5106853 ], [ 106.1589452, 11.5118843 ], [ 106.1586178, 11.5130964 ], [ 106.1582772, 11.5143573 ], [ 106.1579577, 11.5155402 ], [ 106.157628, 11.5167608 ], [ 106.1573081, 11.5179451 ], [ 106.1570052, 11.5190665 ], [ 106.1566995, 11.5201983 ], [ 106.1563698, 11.5214186 ], [ 106.1560504, 11.5226012 ], [ 106.1557516, 11.5237072 ], [ 106.1554483, 11.5248302 ], [ 106.1551456, 11.5259506 ], [ 106.1548237, 11.5271424 ], [ 106.1544936, 11.5283646 ], [ 106.154161, 11.5295959 ], [ 106.1540115, 11.5301493 ], [ 106.1543894, 11.531042 ], [ 106.1547052, 11.531788 ], [ 106.1550109, 11.5325103 ], [ 106.1553886, 11.5334026 ], [ 106.155728, 11.5342044 ], [ 106.1560884, 11.5350559 ], [ 106.1564795, 11.5359798 ], [ 106.1568428, 11.5368381 ], [ 106.1572023, 11.5376874 ], [ 106.1574689, 11.5383172 ] ] } },
{ "type": "Feature", "properties": { "contextFeatureId": "VNM-S-002::transmission::way::1192103449", "projectId": "VNM-S-002", "projectName": "Dau Tieng Solar Power Complex", "countryCode": "VNM", "osmType": "way", "osmId": 1192103449, "highway": null, "place": null, "power": "line", "landuse": null, "name": null, "voltage": null, "circuits": null, "cables": null, "frequency": null, "substationTag": null, "lineTag": "busbar", "operator": null, "location": null }, "geometry": { "type": "LineString", "coordinates": [ [ 106.1643373, 11.500586 ], [ 106.1643313, 11.5005098 ], [ 106.1643166, 11.5003208 ] ] } },
{ "type": "Feature", "properties": { "contextFeatureId": "VNM-S-002::transmission::way::1192103450", "projectId": "VNM-S-002", "projectName": "Dau Tieng Solar Power Complex", "countryCode": "VNM", "osmType": "way", "osmId": 1192103450, "highway": null, "place": null, "power": "line", "landuse": null, "name": null, "voltage": null, "circuits": null, "cables": null, "frequency": null, "substationTag": null, "lineTag": "busbar", "operator": null, "location": null }, "geometry": { "type": "LineString", "coordinates": [ [ 106.1644882, 11.5005739 ], [ 106.164482, 11.5004995 ], [ 106.1644654, 11.5003007 ], [ 106.164456, 11.5001875 ] ] } },
{ "type": "Feature", "properties": { "contextFeatureId": "VNM-S-002::transmission::way::1192103453", "projectId": "VNM-S-002", "projectName": "Dau Tieng Solar Power Complex", "countryCode": "VNM", "osmType": "way", "osmId": 1192103453, "highway": null, "place": null, "power": "line", "landuse": null, "name": "Đường dây 110kV Tân Châu 1 - Tây Ninh 1", "voltage": "110000", "circuits": null, "cables": null, "frequency": "50", "substationTag": null, "lineTag": null, "operator": null, "location": null }, "geometry": { "type": "LineString", "coordinates": [ [ 106.1647403, 11.5002348 ], [ 106.167208, 11.5007316 ], [ 106.1689675, 11.5006843 ], [ 106.171124, 11.5013729 ], [ 106.1735706, 11.5016267 ], [ 106.1762327, 11.5019028 ], [ 106.1788597, 11.5021753 ], [ 106.1813333, 11.5024318 ], [ 106.1837534, 11.5026828 ], [ 106.1861729, 11.5029338 ], [ 106.1875855, 11.5030803 ], [ 106.1940094, 11.5037466 ], [ 106.1953497, 11.5038856 ], [ 106.1972857, 11.5023463 ], [ 106.1987346, 11.5011942 ], [ 106.2006731, 11.5021527 ], [ 106.2028898, 11.5032488 ], [ 106.2048902, 11.504238 ], [ 106.2051344, 11.5043587 ], [ 106.2073982, 11.5011732 ], [ 106.2056416, 11.4995143 ], [ 106.2038469, 11.4978194 ], [ 106.2045621, 11.4963771 ], [ 106.2056734, 11.4941359 ], [ 106.2068205, 11.4918223 ], [ 106.207822, 11.4898027 ], [ 106.2091699, 11.4878918 ], [ 106.2106946, 11.48573 ], [ 106.2119003, 11.4840207 ], [ 106.2131136, 11.4823005 ], [ 106.2143752, 11.4805119 ], [ 106.2157237, 11.4786 ], [ 106.2180243, 11.4775601 ], [ 106.2200301, 11.4766535 ], [ 106.2216177, 11.4759358 ], [ 106.2238187, 11.474941 ], [ 106.2257552, 11.4735373 ], [ 106.2274894, 11.4738102 ], [ 106.2299985, 11.474205 ], [ 106.2306207, 11.4767284 ], [ 106.2312524, 11.4769094 ], [ 106.2383141, 11.4789323 ], [ 106.2396866, 11.4793255 ], [ 106.2411711, 11.4812271 ], [ 106.2426907, 11.4831736 ], [ 106.2434281, 11.4829635 ], [ 106.2490234, 11.4813692 ], [ 106.2507534, 11.4808763 ], [ 106.2526095, 11.4792361 ], [ 106.2543146, 11.4776901 ], [ 106.2559086, 11.4762448 ], [ 106.2580871, 11.4758846 ], [ 106.2600419, 11.4755613 ], [ 106.2602511, 11.4752932 ] ] } },
{ "type": "Feature", "properties": { "contextFeatureId": "VNM-S-002::transmission::way::1192307490", "projectId": "VNM-S-002", "projectName": "Dau Tieng Solar Power Complex", "countryCode": "VNM", "osmType": "way", "osmId": 1192307490, "highway": null, "place": null, "power": "line", "landuse": null, "name": null, "voltage": "110000", "circuits": "1", "cables": "3", "frequency": "50", "substationTag": null, "lineTag": null, "operator": null, "location": null }, "geometry": { "type": "LineString", "coordinates": [ [ 106.240384, 11.3489927 ], [ 106.2778544, 11.3392677 ], [ 106.280475, 11.3386155 ], [ 106.2950876, 11.33481 ], [ 106.3146061, 11.329779 ], [ 106.3353886, 11.318386 ], [ 106.3372427, 11.3185946 ], [ 106.3390769, 11.3188011 ], [ 106.3404397, 11.3189545 ], [ 106.3418485, 11.319113 ], [ 106.3447946, 11.3194446 ], [ 106.3463825, 11.3196234 ], [ 106.3478693, 11.3197907 ], [ 106.3497487, 11.3200022 ], [ 106.3511788, 11.3201632 ], [ 106.3528408, 11.3203503 ], [ 106.3542237, 11.3205059 ], [ 106.3556057, 11.3206614 ], [ 106.3570378, 11.3208226 ], [ 106.3586179, 11.3210005 ], [ 106.360199, 11.3211784 ], [ 106.3617214, 11.3213498 ], [ 106.3631773, 11.3215136 ], [ 106.3646566, 11.3216802 ], [ 106.3668092, 11.3219224 ], [ 106.3684284, 11.3221047 ], [ 106.3700425, 11.3222864 ], [ 106.3716756, 11.3224702 ], [ 106.3728871, 11.3226065 ], [ 106.3733289, 11.3235474 ], [ 106.3738163, 11.3245852 ], [ 106.3743907, 11.3258086 ], [ 106.3749983, 11.3271023 ], [ 106.3756309, 11.3284495 ], [ 106.3762166, 11.3296968 ], [ 106.3768563, 11.3310589 ], [ 106.3773964, 11.3322092 ], [ 106.3778811, 11.3332412 ], [ 106.3784548, 11.3344629 ], [ 106.3789745, 11.3355697 ], [ 106.3795578, 11.3368117 ], [ 106.3800734, 11.3379098 ], [ 106.3806319, 11.3390991 ], [ 106.3812081, 11.340326 ], [ 106.3817713, 11.3415253 ], [ 106.3823443, 11.3427455 ], [ 106.3829207, 11.3439728 ], [ 106.3834989, 11.3452041 ], [ 106.3840821, 11.346446 ], [ 106.3846604, 11.3476773 ], [ 106.3852358, 11.3489025 ], [ 106.385853, 11.3502168 ], [ 106.3864715, 11.3515338 ], [ 106.3871061, 11.3528852 ], [ 106.3878497, 11.3544684 ], [ 106.388639, 11.3561491 ], [ 106.3893235, 11.3576067 ], [ 106.3902412, 11.3589069 ], [ 106.3911285, 11.360164 ], [ 106.3920058, 11.3614069 ], [ 106.3929111, 11.3626894 ], [ 106.3937737, 11.3639115 ], [ 106.3946641, 11.3651729 ], [ 106.3955039, 11.3663627 ], [ 106.396349, 11.3675599 ], [ 106.3972305, 11.3688088 ], [ 106.3980883, 11.370024 ], [ 106.3989961, 11.3713101 ], [ 106.3998463, 11.3725146 ], [ 106.4007045, 11.3737304 ], [ 106.4015219, 11.3748884 ], [ 106.4023752, 11.3760973 ], [ 106.403288, 11.3773905 ], [ 106.404151, 11.378613 ], [ 106.4050148, 11.3798367 ], [ 106.4058556, 11.3810278 ], [ 106.4067066, 11.3822334 ], [ 106.4075652, 11.3834496 ], [ 106.4084094, 11.3846457 ], [ 106.40924, 11.3858223 ], [ 106.4103298, 11.3873661 ], [ 106.4112439, 11.388661 ], [ 106.4113975, 11.3903285 ], [ 106.4115529, 11.3920137 ], [ 106.4117055, 11.39367 ], [ 106.4118571, 11.3953149 ], [ 106.4120091, 11.3969636 ], [ 106.4121566, 11.3985643 ], [ 106.4123085, 11.400212 ], [ 106.41245, 11.4017474 ], [ 106.4125997, 11.4033713 ], [ 106.4127435, 11.4049313 ], [ 106.4129161, 11.4068047 ], [ 106.4130673, 11.4084452 ], [ 106.4132069, 11.4099596 ], [ 106.413347, 11.4114797 ], [ 106.4134993, 11.4131316 ], [ 106.4136555, 11.4148262 ], [ 106.4138133, 11.4165387 ], [ 106.414092, 11.4195623 ], [ 106.4142437, 11.4212077 ], [ 106.4143937, 11.4228348 ], [ 106.4145405, 11.4244278 ], [ 106.4157115, 11.4253961 ], [ 106.4166492, 11.4261715 ], [ 106.417896, 11.4272026 ], [ 106.4188728, 11.4280103 ], [ 106.4199141, 11.4288714 ], [ 106.4210299, 11.4297941 ], [ 106.4220298, 11.430621 ], [ 106.4231562, 11.4315524 ], [ 106.42414, 11.432366 ], [ 106.4250397, 11.43311 ], [ 106.4262813, 11.4341367 ], [ 106.4274785, 11.4351266 ], [ 106.4283317, 11.4358321 ], [ 106.4293768, 11.4366964 ], [ 106.4303674, 11.4375154 ], [ 106.4314552, 11.438415 ], [ 106.4324983, 11.4392775 ], [ 106.4336225, 11.4402071 ], [ 106.4347455, 11.4411357 ], [ 106.4360161, 11.4421864 ], [ 106.437361, 11.4432984 ], [ 106.4389196, 11.4435928 ], [ 106.4402337, 11.443841 ], [ 106.4415778, 11.4440948 ], [ 106.4429506, 11.4443541 ], [ 106.444274, 11.4446041 ], [ 106.4456499, 11.444864 ], [ 106.4470303, 11.4451247 ], [ 106.4483483, 11.4453736 ], [ 106.4496015, 11.4456103 ], [ 106.4508722, 11.4458503 ], [ 106.4522535, 11.4461112 ], [ 106.4535861, 11.4463629 ], [ 106.4551305, 11.4466546 ], [ 106.4564478, 11.4469034 ], [ 106.4577503, 11.4471494 ], [ 106.4589424, 11.4473746 ], [ 106.4601606, 11.4476047 ], [ 106.4614747, 11.4478528 ], [ 106.4628218, 11.4481073 ], [ 106.464142, 11.4483566 ], [ 106.4655333, 11.4486194 ], [ 106.4669818, 11.448893 ], [ 106.4682834, 11.4491388 ], [ 106.4696874, 11.449404 ], [ 106.4710862, 11.4496682 ], [ 106.4724799, 11.4499314 ], [ 106.4739499, 11.4502091 ], [ 106.4754508, 11.4504925 ], [ 106.4769901, 11.4507833 ], [ 106.4784649, 11.4510618 ], [ 106.4797127, 11.4501109 ], [ 106.4807984, 11.4492836 ], [ 106.4817106, 11.4485884 ], [ 106.4827057, 11.4478301 ], [ 106.4836747, 11.4470917 ], [ 106.4846646, 11.4463373 ], [ 106.4856467, 11.4455889 ], [ 106.4865972, 11.4448646 ], [ 106.4875302, 11.4441536 ], [ 106.4884439, 11.4434573 ], [ 106.4893613, 11.4427581 ], [ 106.4902372, 11.4420907 ], [ 106.4911238, 11.441415 ], [ 106.4920133, 11.4407371 ], [ 106.4927996, 11.4401379 ], [ 106.4937004, 11.4394515 ], [ 106.4945992, 11.4387665 ], [ 106.4955976, 11.4380056 ], [ 106.496505, 11.4373141 ], [ 106.4974533, 11.4365915 ], [ 106.4984186, 11.4358558 ], [ 106.4993439, 11.4351507 ], [ 106.5003196, 11.4344071 ], [ 106.5012582, 11.4336918 ], [ 106.5022484, 11.4329371 ], [ 106.5033111, 11.4321273 ], [ 106.5043712, 11.4313194 ], [ 106.5054539, 11.4304943 ], [ 106.506528, 11.4296757 ], [ 106.5076048, 11.4288551 ], [ 106.5087458, 11.4279855 ], [ 106.509726, 11.4272385 ], [ 106.5110444, 11.4273293 ], [ 106.5124379, 11.4274254 ], [ 106.5139058, 11.4275266 ], [ 106.5153557, 11.4276265 ], [ 106.5167564, 11.4277231 ], [ 106.5181621, 11.42782 ], [ 106.519617, 11.4279203 ], [ 106.5210906, 11.4280219 ], [ 106.5225455, 11.4282445 ], [ 106.5238826, 11.428449 ], [ 106.5254397, 11.4286872 ], [ 106.526848, 11.4289026 ], [ 106.5282878, 11.4291229 ], [ 106.5296498, 11.4293312 ], [ 106.5311739, 11.4295643 ], [ 106.5325681, 11.4297776 ], [ 106.5339238, 11.429985 ], [ 106.5353245, 11.4301993 ], [ 106.5367559, 11.4304182 ], [ 106.5381256, 11.4306278 ], [ 106.5394921, 11.4308368 ], [ 106.5409412, 11.4310584 ], [ 106.5422988, 11.4312661 ], [ 106.5438431, 11.4310926 ], [ 106.5454357, 11.4309136 ], [ 106.546504, 11.4307936 ], [ 106.5479112, 11.4306355 ], [ 106.5492367, 11.4304866 ], [ 106.5506521, 11.4303275 ], [ 106.5520828, 11.4301668 ], [ 106.5535107, 11.4300063 ], [ 106.5549732, 11.429842 ], [ 106.5564711, 11.4296737 ], [ 106.5578871, 11.4295146 ], [ 106.5593974, 11.4293449 ], [ 106.560854, 11.4291812 ], [ 106.5622012, 11.4290299 ], [ 106.5637073, 11.4288606 ], [ 106.5651563, 11.4286978 ], [ 106.5663946, 11.4285587 ], [ 106.5680419, 11.4283736 ], [ 106.5694851, 11.4282114 ], [ 106.5710113, 11.4280399 ], [ 106.5724161, 11.4278821 ], [ 106.5738263, 11.4277237 ], [ 106.5752841, 11.4275599 ], [ 106.5767213, 11.4273984 ], [ 106.5781962, 11.4272326 ], [ 106.579657, 11.4270685 ], [ 106.5811749, 11.4268979 ], [ 106.5824661, 11.4267529 ], [ 106.5838301, 11.4265996 ], [ 106.5853251, 11.4268246 ], [ 106.5867806, 11.4270436 ], [ 106.588254, 11.4272653 ], [ 106.5896516, 11.4274757 ], [ 106.591014, 11.4276807 ], [ 106.5924731, 11.4279003 ], [ 106.5938575, 11.4281086 ], [ 106.5952611, 11.4283198 ], [ 106.5966717, 11.4285321 ], [ 106.5982366, 11.4287676 ], [ 106.5995258, 11.4289616 ], [ 106.6009424, 11.4291748 ], [ 106.6023521, 11.4293869 ], [ 106.6037635, 11.4295993 ], [ 106.605168, 11.4298107 ], [ 106.6065914, 11.4300249 ], [ 106.607954, 11.4302299 ], [ 106.6093443, 11.4304391 ], [ 106.6107025, 11.4306435 ], [ 106.6121751, 11.4308651 ], [ 106.6137807, 11.4311068 ], [ 106.6159088, 11.431427 ], [ 106.6173577, 11.431645 ], [ 106.6188186, 11.4318649 ], [ 106.6201683, 11.432068 ], [ 106.6216163, 11.4322859 ], [ 106.6231589, 11.432518 ], [ 106.6246671, 11.432745 ], [ 106.6261337, 11.4329657 ], [ 106.6275568, 11.4331798 ], [ 106.6291003, 11.4334121 ], [ 106.6304617, 11.433617 ], [ 106.6318646, 11.4338281 ], [ 106.6333666, 11.4340541 ], [ 106.6348279, 11.434274 ], [ 106.636464, 11.4345202 ], [ 106.6378569, 11.4356161 ] ] } },
{ "type": "Feature", "properties": { "contextFeatureId": "VNM-S-002::transmission::way::1197858373", "projectId": "VNM-S-002", "projectName": "Dau Tieng Solar Power Complex", "countryCode": "VNM", "osmType": "way", "osmId": 1197858373, "highway": null, "place": null, "power": "line", "landuse": null, "name": "Đường dây 110kV Nhà máy Xi măng Tây Ninh - Tân Hưng", "voltage": "110000", "circuits": null, "cables": null, "frequency": "50", "substationTag": null, "lineTag": null, "operator": null, "location": null }, "geometry": { "type": "LineString", "coordinates": [ [ 106.1591615, 11.5499989 ], [ 106.1589599, 11.5488247 ], [ 106.1587409, 11.5475495 ], [ 106.1585628, 11.5462569 ], [ 106.1584046, 11.5451085 ], [ 106.1582482, 11.5439735 ], [ 106.158089, 11.5428178 ], [ 106.1579411, 11.5417446 ], [ 106.1577866, 11.5406235 ], [ 106.1576279, 11.5394714 ], [ 106.1574689, 11.5383172 ], [ 106.1598604, 11.5378241 ], [ 106.1622264, 11.5373362 ], [ 106.1646501, 11.5368364 ], [ 106.1671612, 11.5363187 ], [ 106.1695539, 11.5358253 ], [ 106.1719228, 11.5353368 ], [ 106.1744988, 11.5348057 ], [ 106.176981, 11.5342938 ], [ 106.1794074, 11.5337935 ], [ 106.1819321, 11.5332729 ], [ 106.1836472, 11.5329192 ], [ 106.1865312, 11.5337745 ], [ 106.1896157, 11.5346893 ], [ 106.1931151, 11.5357271 ], [ 106.1963933, 11.5366993 ], [ 106.199641, 11.5376625 ], [ 106.2029564, 11.5386457 ], [ 106.2054841, 11.5412252 ], [ 106.2076386, 11.5433612 ], [ 106.2097237, 11.5454284 ], [ 106.2116329, 11.5473211 ], [ 106.2135071, 11.5491793 ], [ 106.2153581, 11.5510247 ], [ 106.2173389, 11.5529997 ], [ 106.2190245, 11.5546803 ], [ 106.2207184, 11.556369 ], [ 106.2225663, 11.5582115 ], [ 106.2243743, 11.560014 ], [ 106.2261556, 11.56179 ], [ 106.2279583, 11.5635873 ], [ 106.2293569, 11.5649816 ], [ 106.2306356, 11.5662564 ], [ 106.2324994, 11.5681146 ], [ 106.2343605, 11.56997 ], [ 106.2361789, 11.5717829 ], [ 106.2380349, 11.5736549 ], [ 106.2399434, 11.5755799 ], [ 106.2419467, 11.5774999 ], [ 106.2436893, 11.5792718 ], [ 106.2456033, 11.5812181 ], [ 106.2473999, 11.5830448 ], [ 106.2492506, 11.5849266 ], [ 106.2511214, 11.5868289 ], [ 106.2529009, 11.5886383 ], [ 106.2541303, 11.5898884 ], [ 106.2561809, 11.5901747 ], [ 106.2586413, 11.5905182 ], [ 106.2615388, 11.5909227 ], [ 106.2644574, 11.5913302 ], [ 106.2674835, 11.5917527 ], [ 106.2704952, 11.5921731 ], [ 106.2734123, 11.5925804 ], [ 106.276403, 11.592998 ], [ 106.2794192, 11.5934191 ], [ 106.2823641, 11.5938302 ], [ 106.2856506, 11.594289 ], [ 106.288706, 11.5947156 ], [ 106.2916959, 11.595133 ], [ 106.2947054, 11.5955532 ], [ 106.2974633, 11.5959382 ], [ 106.300267, 11.5963297 ], [ 106.3025429, 11.5970118 ], [ 106.3049314, 11.5980187 ], [ 106.3074197, 11.5990676 ], [ 106.3098608, 11.6000967 ], [ 106.3123188, 11.6011329 ], [ 106.3146176, 11.602102 ], [ 106.3169319, 11.6030776 ], [ 106.3195076, 11.6041634 ], [ 106.3224866, 11.6054192 ], [ 106.3249018, 11.6064373 ], [ 106.327383, 11.6074833 ], [ 106.3297523, 11.608482 ], [ 106.3320498, 11.6094505 ], [ 106.3345828, 11.6105183 ], [ 106.3369301, 11.6115078 ], [ 106.3393738, 11.6125379 ], [ 106.3417838, 11.6135538 ], [ 106.3441784, 11.6145632 ], [ 106.3465703, 11.6155715 ], [ 106.3490767, 11.616628 ], [ 106.3513554, 11.6175886 ], [ 106.3530797, 11.6183154 ], [ 106.3552198, 11.6188001 ], [ 106.3574127, 11.6192967 ], [ 106.3590514, 11.6196679 ], [ 106.3608021, 11.6200644 ], [ 106.3626359, 11.6204797 ], [ 106.3644258, 11.6208851 ], [ 106.3661549, 11.6212767 ], [ 106.3679225, 11.621677 ], [ 106.3696489, 11.622068 ], [ 106.3713745, 11.6224588 ], [ 106.3731002, 11.6228496 ], [ 106.3747851, 11.6232312 ], [ 106.3762999, 11.6235743 ], [ 106.377872, 11.6239304 ], [ 106.3794037, 11.6242773 ], [ 106.3809323, 11.6246234 ], [ 106.3824981, 11.6249781 ], [ 106.3841772, 11.6249831 ], [ 106.385867, 11.6249882 ], [ 106.3876694, 11.6249936 ], [ 106.3894611, 11.624999 ], [ 106.3912152, 11.6250043 ], [ 106.3929695, 11.6250096 ], [ 106.3932605, 11.6250104 ] ] } },
{ "type": "Feature", "properties": { "contextFeatureId": "VNM-S-002::transmission::way::1197924251", "projectId": "VNM-S-002", "projectName": "Dau Tieng Solar Power Complex", "countryCode": "VNM", "osmType": "way", "osmId": 1197924251, "highway": null, "place": null, "power": "line", "landuse": null, "name": "Đường dây 110kV Tây Ninh 1 - Tân Hưng", "voltage": "110000", "circuits": null, "cables": null, "frequency": "50", "substationTag": null, "lineTag": null, "operator": null, "location": null }, "geometry": { "type": "LineString", "coordinates": [ [ 106.1641422, 11.5006291 ], [ 106.1618113, 11.501273 ] ] } },
{ "type": "Feature", "properties": { "contextFeatureId": "VNM-S-002::transmission::way::1197924252", "projectId": "VNM-S-002", "projectName": "Dau Tieng Solar Power Complex", "countryCode": "VNM", "osmType": "way", "osmId": 1197924252, "highway": null, "place": null, "power": "line", "landuse": null, "name": null, "voltage": null, "circuits": null, "cables": null, "frequency": null, "substationTag": null, "lineTag": "busbar", "operator": null, "location": null }, "geometry": { "type": "LineString", "coordinates": [ [ 106.1647403, 11.5002348 ], [ 106.1645552, 11.500227 ], [ 106.1644654, 11.5003007 ], [ 106.1643166, 11.5003208 ], [ 106.1641368, 11.5003452 ] ] } },
{ "type": "Feature", "properties": { "contextFeatureId": "VNM-S-002::transmission::way::1197924253", "projectId": "VNM-S-002", "projectName": "Dau Tieng Solar Power Complex", "countryCode": "VNM", "osmType": "way", "osmId": 1197924253, "highway": null, "place": null, "power": "line", "landuse": null, "name": null, "voltage": null, "circuits": null, "cables": null, "frequency": null, "substationTag": null, "lineTag": "busbar", "operator": null, "location": null }, "geometry": { "type": "LineString", "coordinates": [ [ 106.1647403, 11.5002348 ], [ 106.1645821, 11.500495 ], [ 106.164482, 11.5004995 ], [ 106.1643313, 11.5005098 ], [ 106.1641422, 11.5006291 ] ] } },
{ "type": "Feature", "properties": { "contextFeatureId": "VNM-S-002::transmission::way::1320783747", "projectId": "VNM-S-002", "projectName": "Dau Tieng Solar Power Complex", "countryCode": "VNM", "osmType": "way", "osmId": 1320783747, "highway": null, "place": null, "power": "line", "landuse": null, "name": null, "voltage": "220000", "circuits": "2", "cables": "6", "frequency": "50", "substationTag": null, "lineTag": null, "operator": null, "location": null }, "geometry": { "type": "LineString", "coordinates": [ [ 106.2104745, 11.4601577 ], [ 106.2098946, 11.4588998 ], [ 106.2087196, 11.4563505 ], [ 106.2075784, 11.4538748 ], [ 106.2063888, 11.451294 ], [ 106.2052483, 11.4488197 ], [ 106.2040825, 11.4462904 ], [ 106.2029398, 11.4438113 ], [ 106.2018074, 11.4413545 ], [ 106.2008076, 11.4391854 ], [ 106.1996483, 11.4366701 ], [ 106.1996959, 11.4344787 ], [ 106.1997606, 11.4314996 ], [ 106.1998177, 11.4288689 ], [ 106.1998837, 11.4258334 ], [ 106.199951, 11.4227306 ], [ 106.200022, 11.4194634 ], [ 106.2000803, 11.4167768 ], [ 106.2001306, 11.4144602 ], [ 106.2001934, 11.4115676 ], [ 106.200086, 11.4087045 ], [ 106.1999832, 11.4059662 ], [ 106.1998845, 11.4033385 ], [ 106.1998343, 11.3994475 ], [ 106.1996912, 11.395742 ], [ 106.1995551, 11.3922189 ], [ 106.1995294, 11.3887013 ], [ 106.1994965, 11.3841986 ], [ 106.1994508, 11.3813271 ], [ 106.1993109, 11.3788199 ], [ 106.1990789, 11.3746612 ], [ 106.1988433, 11.3704396 ], [ 106.1986774, 11.366987 ], [ 106.1985534, 11.3644054 ], [ 106.1984389, 11.3620219 ], [ 106.1983038, 11.3592108 ], [ 106.1981855, 11.3567473 ], [ 106.1954355, 11.3563649 ], [ 106.1928909, 11.3559202 ], [ 106.1897105, 11.3553613 ], [ 106.187044, 11.354871 ], [ 106.1844871, 11.3544397 ], [ 106.1815102, 11.353903 ], [ 106.1786635, 11.3533932 ], [ 106.1762772, 11.3529687 ], [ 106.1735757, 11.3524797 ], [ 106.1705941, 11.3519678 ], [ 106.167896, 11.3514748 ], [ 106.1652309, 11.3509965 ], [ 106.1623383, 11.3504887 ], [ 106.1592428, 11.3499298 ], [ 106.1562105, 11.3494085 ], [ 106.1546662, 11.3475816 ], [ 106.1531766, 11.346268 ] ] } },
{ "type": "Feature", "properties": { "contextFeatureId": "VNM-S-002::transmission::way::1320783751", "projectId": "VNM-S-002", "projectName": "Dau Tieng Solar Power Complex", "countryCode": "VNM", "osmType": "way", "osmId": 1320783751, "highway": null, "place": null, "power": "line", "landuse": null, "name": null, "voltage": "110000", "circuits": null, "cables": "3", "frequency": "50", "substationTag": null, "lineTag": null, "operator": null, "location": null }, "geometry": { "type": "LineString", "coordinates": [ [ 106.2295935, 11.3516672 ], [ 106.2341425, 11.3504864 ], [ 106.2410492, 11.3486272 ], [ 106.3145363, 11.3296502 ], [ 106.3302836, 11.3209554 ], [ 106.3353479, 11.318204 ], [ 106.3372481, 11.3184187 ], [ 106.3390033, 11.3186171 ], [ 106.3403679, 11.3187713 ], [ 106.3421182, 11.3189691 ], [ 106.344788, 11.3192708 ], [ 106.3465031, 11.3194646 ], [ 106.3478175, 11.3196132 ], [ 106.3496948, 11.3198253 ], [ 106.3510156, 11.3199746 ], [ 106.352471, 11.3201391 ], [ 106.3539943, 11.3203112 ], [ 106.3553821, 11.320468 ], [ 106.3569492, 11.3206451 ], [ 106.3586866, 11.3208415 ], [ 106.3602805, 11.3210216 ], [ 106.3616499, 11.3211764 ], [ 106.3628238, 11.321309 ], [ 106.3647941, 11.3215317 ], [ 106.3669728, 11.3217779 ], [ 106.3685945, 11.3219612 ], [ 106.3707257, 11.322202 ] ] } },
{ "type": "Feature", "properties": { "contextFeatureId": "VNM-S-003::transmission::way::1051117552", "projectId": "VNM-S-003", "projectName": "Xuan Thien Ea Sup Solar Power Complex", "countryCode": "VNM", "osmType": "way", "osmId": 1051117552, "highway": null, "place": null, "power": "line", "landuse": null, "name": null, "voltage": "500000", "circuits": "1", "cables": "3", "frequency": "50", "substationTag": null, "lineTag": null, "operator": null, "location": null }, "geometry": { "type": "LineString", "coordinates": [ [ 107.9888114, 13.0940628 ], [ 107.988802, 13.0968007 ], [ 107.9869728, 13.1005678 ] ] } },
{ "type": "Feature", "properties": { "contextFeatureId": "VNM-S-003::transmission::way::1051117553", "projectId": "VNM-S-003", "projectName": "Xuan Thien Ea Sup Solar Power Complex", "countryCode": "VNM", "osmType": "way", "osmId": 1051117553, "highway": null, "place": null, "power": "line", "landuse": null, "name": null, "voltage": "500000", "circuits": "2", "cables": "6", "frequency": "50", "substationTag": null, "lineTag": null, "operator": null, "location": null }, "geometry": { "type": "LineString", "coordinates": [ [ 107.9909961, 12.9484022 ], [ 107.9909277, 12.9520278 ], [ 107.990866, 12.9553723 ], [ 107.9907507, 12.9619371 ], [ 107.990638, 12.9665675 ], [ 107.9905575, 12.9706699 ], [ 107.9904918, 12.973873 ], [ 107.9904033, 12.9779727 ], [ 107.9903108, 12.9824342 ], [ 107.990237, 12.9870329 ], [ 107.9901713, 12.9901156 ], [ 107.9900801, 12.9942581 ], [ 107.9899997, 12.9988042 ], [ 107.9900506, 13.0052895 ], [ 107.9901203, 13.0120738 ], [ 107.9901686, 13.0171789 ], [ 107.9902022, 13.0208349 ], [ 107.9902343, 13.0269772 ], [ 107.9903054, 13.0303365 ], [ 107.9903255, 13.0343855 ], [ 107.9903617, 13.0388904 ], [ 107.99041, 13.0427825 ], [ 107.9904382, 13.0458985 ], [ 107.9903322, 13.0492118 ], [ 107.9901686, 13.0541972 ], [ 107.9899728, 13.0599194 ], [ 107.9897958, 13.0656218 ], [ 107.9896282, 13.0707676 ], [ 107.9894565, 13.0752236 ], [ 107.9893385, 13.0788447 ], [ 107.9892057, 13.0823352 ], [ 107.9890408, 13.087461 ], [ 107.9889455, 13.0904981 ], [ 107.9888114, 13.0940628 ] ] } },
{ "type": "Feature", "properties": { "contextFeatureId": "VNM-S-003::transmission::way::1051117554", "projectId": "VNM-S-003", "projectName": "Xuan Thien Ea Sup Solar Power Complex", "countryCode": "VNM", "osmType": "way", "osmId": 1051117554, "highway": null, "place": null, "power": "line", "landuse": null, "name": null, "voltage": "500000", "circuits": "1", "cables": "3", "frequency": "50", "substationTag": null, "lineTag": null, "operator": null, "location": null }, "geometry": { "type": "LineString", "coordinates": [ [ 107.9888114, 13.0940628 ], [ 107.9886331, 13.0967667 ], [ 107.9869728, 13.1005678 ] ] } },
{ "type": "Feature", "properties": { "contextFeatureId": "VNM-S-003::transmission::way::1051117556", "projectId": "VNM-S-003", "projectName": "Xuan Thien Ea Sup Solar Power Complex", "countryCode": "VNM", "osmType": "way", "osmId": 1051117556, "highway": null, "place": null, "power": "line", "landuse": null, "name": null, "voltage": "500000", "circuits": "2", "cables": "6", "frequency": "50", "substationTag": null, "lineTag": null, "operator": null, "location": null }, "geometry": { "type": "LineString", "coordinates": [ [ 107.9869728, 13.1005678 ], [ 107.9854211, 13.1038711 ], [ 107.9831158, 13.1087497 ], [ 107.9806401, 13.1140095 ], [ 107.9785734, 13.1185574 ], [ 107.9765135, 13.1228271 ], [ 107.9746869, 13.1267113 ], [ 107.9726605, 13.1310618 ], [ 107.9709801, 13.1346703 ], [ 107.9699247, 13.1369049 ], [ 107.9678057, 13.1414824 ], [ 107.9658611, 13.1456119 ], [ 107.964174, 13.1491602 ], [ 107.9631776, 13.1513137 ], [ 107.9614475, 13.1549441 ], [ 107.9594359, 13.1592092 ], [ 107.9574698, 13.1633867 ], [ 107.9559772, 13.1665952 ], [ 107.954286, 13.1702124 ] ] } },
{ "type": "Feature", "properties": { "contextFeatureId": "VNM-S-003::transmission::way::1308751335", "projectId": "VNM-S-003", "projectName": "Xuan Thien Ea Sup Solar Power Complex", "countryCode": "VNM", "osmType": "way", "osmId": 1308751335, "highway": null, "place": null, "power": "line", "landuse": null, "name": null, "voltage": "110000", "circuits": "1", "cables": "3", "frequency": "50", "substationTag": null, "lineTag": null, "operator": null, "location": null }, "geometry": { "type": "LineString", "coordinates": [ [ 107.8696851, 13.1016539 ], [ 107.8669492, 13.1034092 ], [ 107.8641852, 13.1051824 ], [ 107.8610981, 13.107163 ], [ 107.8575634, 13.108011 ], [ 107.8541279, 13.1088353 ], [ 107.8504322, 13.1097219 ], [ 107.8479602, 13.1114637 ], [ 107.8453428, 13.1133079 ], [ 107.8428748, 13.1150468 ], [ 107.8402632, 13.116887 ], [ 107.8383855, 13.1204136 ], [ 107.8369028, 13.1231982 ], [ 107.8351704, 13.1264519 ], [ 107.8336247, 13.1293549 ], [ 107.832048, 13.132316 ], [ 107.8305431, 13.1351422 ], [ 107.8287986, 13.1384185 ], [ 107.8271176, 13.1415754 ], [ 107.8253772, 13.1448437 ], [ 107.8239928, 13.1474436 ], [ 107.8226191, 13.1500234 ], [ 107.8213996, 13.1533378 ], [ 107.8201544, 13.1567221 ], [ 107.8188722, 13.1602066 ], [ 107.8174827, 13.1639829 ], [ 107.8163933, 13.1669437 ], [ 107.8152272, 13.1701129 ], [ 107.8140277, 13.1733727 ], [ 107.8127754, 13.1767759 ], [ 107.8100122, 13.178779 ], [ 107.8072304, 13.1807957 ], [ 107.8044249, 13.1828294 ], [ 107.8016299, 13.1848555 ], [ 107.7988769, 13.1868512 ], [ 107.7960697, 13.1888861 ], [ 107.7937307, 13.1905817 ], [ 107.7908724, 13.1926536 ], [ 107.7878711, 13.1948292 ], [ 107.7848902, 13.19699 ], [ 107.781833, 13.1992061 ], [ 107.7786859, 13.2014873 ], [ 107.7757561, 13.2036109 ], [ 107.7727566, 13.2057851 ], [ 107.7700371, 13.2077563 ], [ 107.7678591, 13.209335 ], [ 107.7658175, 13.211552 ], [ 107.763453, 13.2141197 ], [ 107.760888, 13.216905 ], [ 107.7583825, 13.2196257 ], [ 107.7560977, 13.2221067 ], [ 107.7545531, 13.2240937 ], [ 107.7522646, 13.2270377 ], [ 107.7501395, 13.2297715 ], [ 107.748165, 13.2323114 ], [ 107.7457481, 13.2354205 ], [ 107.7437675, 13.2379683 ], [ 107.7411685, 13.2390959 ], [ 107.7383776, 13.2403069 ], [ 107.7360445, 13.2421154 ], [ 107.733578, 13.2440272 ], [ 107.7305833, 13.2463485 ], [ 107.7278729, 13.2484493 ], [ 107.7252413, 13.2504892 ], [ 107.7222386, 13.2528165 ], [ 107.7193969, 13.2550191 ], [ 107.7183012, 13.258014 ], [ 107.7168844, 13.261886 ], [ 107.7155837, 13.265441 ], [ 107.7144699, 13.2684847 ], [ 107.7131416, 13.2721149 ], [ 107.7119172, 13.2754612 ], [ 107.7108708, 13.2783208 ], [ 107.7098764, 13.2810383 ], [ 107.7090222, 13.2833728 ], [ 107.7066541, 13.2855436 ], [ 107.7039606, 13.2880127 ], [ 107.701458, 13.2903068 ], [ 107.6993045, 13.2922809 ], [ 107.7007234, 13.2950217 ], [ 107.7021842, 13.297929 ], [ 107.6999697, 13.2998743 ], [ 107.697722, 13.3018398 ], [ 107.6954931, 13.3037844 ], [ 107.6932025, 13.3057943 ], [ 107.6926432, 13.3075849 ], [ 107.6909702, 13.3077558 ], [ 107.6893193, 13.3079244 ], [ 107.6861989, 13.3082431 ], [ 107.6827693, 13.3085933 ], [ 107.6797219, 13.3089046 ], [ 107.6770663, 13.3091758 ], [ 107.6763823, 13.3089891 ] ] } },
{ "type": "Feature", "properties": { "contextFeatureId": "VNM-S-004::transmission::way::480825553", "projectId": "VNM-S-004", "projectName": "Hoa Hoi Solar Power Plant", "countryCode": "VNM", "osmType": "way", "osmId": 480825553, "highway": null, "place": null, "power": "line", "landuse": null, "name": null, "voltage": "220000", "circuits": "2", "cables": "6", "frequency": "50", "substationTag": null, "lineTag": null, "operator": null, "location": null }, "geometry": { "type": "LineString", "coordinates": [ [ 109.2040426, 13.0875081 ], [ 109.2034806, 13.0874806 ], [ 109.2025587, 13.0865969 ], [ 109.2003739, 13.0843665 ], [ 109.1984287, 13.0823835 ], [ 109.1966772, 13.0806214 ], [ 109.1963799, 13.0786998 ], [ 109.1959948, 13.076324 ], [ 109.1955691, 13.0736981 ], [ 109.1951097, 13.071013 ], [ 109.1947381, 13.0687359 ], [ 109.193549, 13.0655966 ], [ 109.1920956, 13.061556 ], [ 109.1912383, 13.0591204 ], [ 109.1924326, 13.0552488 ], [ 109.1936909, 13.0511698 ], [ 109.1944273, 13.0482935 ], [ 109.1947178, 13.0472996 ], [ 109.1955782, 13.0439408 ], [ 109.1970203, 13.0382277 ], [ 109.1976824, 13.0359437 ], [ 109.1978378, 13.0323432 ], [ 109.198054, 13.0271037 ], [ 109.1983072, 13.0221754 ], [ 109.1983836, 13.0200301 ] ] } },
{ "type": "Feature", "properties": { "contextFeatureId": "VNM-S-004::transmission::way::480830660", "projectId": "VNM-S-004", "projectName": "Hoa Hoi Solar Power Plant", "countryCode": "VNM", "osmType": "way", "osmId": 480830660, "highway": null, "place": null, "power": "line", "landuse": null, "name": null, "voltage": "220000", "circuits": null, "cables": "6", "frequency": "50", "substationTag": null, "lineTag": null, "operator": null, "location": null }, "geometry": { "type": "LineString", "coordinates": [ [ 109.1983836, 13.0200301 ], [ 109.2005379, 13.0167212 ], [ 109.2035758, 13.0119417 ], [ 109.2062459, 13.00766 ], [ 109.2077266, 13.004835 ], [ 109.2090258, 13.0022892 ], [ 109.2100221, 12.9988851 ], [ 109.2106705, 12.9968383 ], [ 109.2117783, 12.9931198 ], [ 109.2111163, 12.9895723 ], [ 109.2123997, 12.9874267 ], [ 109.2137236, 12.9852679 ], [ 109.2150812, 12.9830762 ], [ 109.2164794, 12.9807528 ], [ 109.2177897, 12.9785808 ], [ 109.2203902, 12.9778963 ], [ 109.2232203, 12.9771657 ], [ 109.2259153, 12.9764482 ], [ 109.2283672, 12.9757703 ], [ 109.2299477, 12.9763232 ], [ 109.2328994, 12.9772578 ], [ 109.2358376, 12.9782451 ], [ 109.2383502, 12.9790218 ], [ 109.2411938, 12.9799367 ], [ 109.2459557, 12.9802394 ], [ 109.2487453, 12.9798116 ], [ 109.2516876, 12.9793397 ], [ 109.254692, 12.9788574 ], [ 109.2577158, 12.9791038 ], [ 109.2608879, 12.9793237 ], [ 109.2638302, 12.9795357 ], [ 109.2673922, 12.9797916 ], [ 109.2699857, 12.9799835 ], [ 109.271386, 12.980388 ], [ 109.2723945, 12.9806793 ], [ 109.2746022, 12.9813071 ], [ 109.2771875, 12.9820509 ], [ 109.2802078, 12.9829186 ], [ 109.2830229, 12.9837064 ], [ 109.2854112, 12.9844221 ], [ 109.2887652, 12.9854004 ], [ 109.2914025, 12.9861696 ], [ 109.2959493, 12.9874971 ], [ 109.2991337, 12.9884288 ], [ 109.3009811, 12.9872105 ], [ 109.3034075, 12.9858794 ], [ 109.3060105, 12.9843622 ], [ 109.3085057, 12.9828529 ], [ 109.3114526, 12.9811355 ], [ 109.3143565, 12.9794367 ], [ 109.3169166, 12.9779195 ] ] } },
{ "type": "Feature", "properties": { "contextFeatureId": "VNM-S-004::transmission::way::549197474", "projectId": "VNM-S-004", "projectName": "Hoa Hoi Solar Power Plant", "countryCode": "VNM", "osmType": "way", "osmId": 549197474, "highway": null, "place": null, "power": "line", "landuse": null, "name": null, "voltage": "220000", "circuits": "2", "cables": "6", "frequency": "50", "substationTag": null, "lineTag": null, "operator": null, "location": null }, "geometry": { "type": "LineString", "coordinates": [ [ 109.0988132, 13.0706361 ], [ 109.0961748, 13.0693881 ], [ 109.0932405, 13.0697069 ], [ 109.0902176, 13.0700544 ], [ 109.0861139, 13.0704646 ], [ 109.0836409, 13.070752 ], [ 109.0825787, 13.0709009 ], [ 109.0780511, 13.0713999 ], [ 109.0745616, 13.0718415 ], [ 109.0713108, 13.0722046 ], [ 109.0665928, 13.0726932 ], [ 109.0624621, 13.07233 ], [ 109.0615663, 13.0722673 ], [ 109.054555, 13.0716533 ], [ 109.0520525, 13.0714078 ], [ 109.0496868, 13.0712222 ], [ 109.0479353, 13.0710472 ], [ 109.0426192, 13.0705847 ], [ 109.0368739, 13.0711674 ], [ 109.0344934, 13.0713829 ], [ 109.0314397, 13.0716546 ], [ 109.0271187, 13.0720217 ], [ 109.023601, 13.0723392 ], [ 109.0203461, 13.0726383 ], [ 109.0165602, 13.0729845 ], [ 109.013131, 13.0732941 ], [ 109.0096159, 13.0736024 ], [ 109.0063342, 13.0739003 ], [ 109.0032738, 13.0741798 ], [ 109.0001571, 13.0744463 ], [ 108.9966542, 13.0762752 ], [ 108.9940336, 13.0776233 ], [ 108.991161, 13.0791073 ], [ 108.9881462, 13.0806461 ], [ 108.985979, 13.0817852 ], [ 108.9830554, 13.0832953 ], [ 108.9798769, 13.0849308 ], [ 108.9771035, 13.0863415 ], [ 108.9741585, 13.0878568 ], [ 108.9715835, 13.0891709 ], [ 108.9693627, 13.0902995 ], [ 108.9663747, 13.0918566 ], [ 108.9636093, 13.0932804 ], [ 108.9607152, 13.094793 ], [ 108.9577514, 13.0962978 ], [ 108.9536825, 13.0984374 ], [ 108.9503887, 13.1001302 ], [ 108.9482108, 13.0994562 ], [ 108.943938, 13.0981448 ], [ 108.9404163, 13.0970711 ], [ 108.9367524, 13.0959242 ], [ 108.9330402, 13.0947904 ], [ 108.9292583, 13.0936435 ], [ 108.9254254, 13.0924914 ], [ 108.9227834, 13.0916763 ], [ 108.9202648, 13.0909161 ], [ 108.9191276, 13.0892911 ], [ 108.9168262, 13.0859758 ], [ 108.9144954, 13.0826056 ], [ 108.9116214, 13.0764633 ], [ 108.9108583, 13.0750316 ], [ 108.9110649, 13.0731765 ], [ 108.9112526, 13.0716272 ], [ 108.9118749, 13.0662907 ], [ 108.9121056, 13.0651476 ], [ 108.9122504, 13.0648994 ] ] } },
{ "type": "Feature", "properties": { "contextFeatureId": "VNM-S-004::transmission::way::549221603", "projectId": "VNM-S-004", "projectName": "Hoa Hoi Solar Power Plant", "countryCode": "VNM", "osmType": "way", "osmId": 549221603, "highway": null, "place": null, "power": "line", "landuse": null, "name": null, "voltage": "220000", "circuits": null, "cables": "3", "frequency": "50", "substationTag": null, "lineTag": null, "operator": null, "location": null }, "geometry": { "type": "LineString", "coordinates": [ [ 109.2042571, 13.0882944 ], [ 109.2036054, 13.0884499 ], [ 109.2046715, 13.0901754 ], [ 109.2055003, 13.0905804 ], [ 109.2077386, 13.0917116 ], [ 109.2101111, 13.0929512 ], [ 109.2135912, 13.0947695 ], [ 109.2157343, 13.0978078 ], [ 109.2174348, 13.1002582 ], [ 109.2191219, 13.1027269 ], [ 109.2207353, 13.1050402 ], [ 109.2223352, 13.1073834 ], [ 109.224025, 13.1098129 ], [ 109.2261225, 13.1129254 ], [ 109.2295048, 13.1135171 ], [ 109.2326403, 13.1140618 ], [ 109.2359112, 13.114609 ], [ 109.2387101, 13.1151093 ], [ 109.2416015, 13.1155847 ], [ 109.2445359, 13.1160941 ], [ 109.2474273, 13.1165774 ], [ 109.250536, 13.1171181 ], [ 109.2528668, 13.117489 ], [ 109.2542455, 13.1196193 ], [ 109.2558333, 13.1220421 ], [ 109.2574239, 13.1244296 ], [ 109.2589474, 13.1267831 ], [ 109.2601544, 13.1285986 ], [ 109.2609537, 13.1308593 ], [ 109.2619152, 13.133602 ], [ 109.2629009, 13.136325 ], [ 109.2638773, 13.1390624 ], [ 109.2647812, 13.1416535 ], [ 109.2657575, 13.1445084 ], [ 109.266471, 13.1464908 ], [ 109.2673641, 13.1490035 ], [ 109.2685497, 13.1522788 ], [ 109.269526, 13.1550865 ], [ 109.2705399, 13.1579621 ], [ 109.2713928, 13.1605112 ], [ 109.2721438, 13.1625431 ], [ 109.2731282, 13.1654343 ], [ 109.2724241, 13.1681256 ], [ 109.2716865, 13.171133 ], [ 109.2706445, 13.1754134 ], [ 109.2696989, 13.1791248 ], [ 109.2690915, 13.1815088 ], [ 109.2682117, 13.1847132 ], [ 109.2672716, 13.1886108 ], [ 109.2667741, 13.1907144 ], [ 109.2656542, 13.1948012 ], [ 109.2641267, 13.1996897 ], [ 109.2633757, 13.2017122 ], [ 109.2625147, 13.2043666 ], [ 109.2612527, 13.2078814 ], [ 109.2606412, 13.2104182 ], [ 109.2598513, 13.2132709 ], [ 109.2589983, 13.2161955 ], [ 109.2582741, 13.2188797 ], [ 109.2573166, 13.2220862 ], [ 109.2563108, 13.2256451 ], [ 109.2557904, 13.2275538 ], [ 109.2550179, 13.2304024 ], [ 109.2541328, 13.2334364 ], [ 109.2530197, 13.2372771 ], [ 109.2521051, 13.2406243 ], [ 109.251295, 13.2434572 ], [ 109.2504287, 13.2465001 ], [ 109.2496857, 13.2491357 ], [ 109.249443, 13.2517257 ], [ 109.2492056, 13.2548834 ], [ 109.2489347, 13.2587329 ], [ 109.2484331, 13.263735 ], [ 109.2482963, 13.2661812 ], [ 109.2454022, 13.2693896 ], [ 109.243463, 13.2715016 ], [ 109.2409283, 13.2742453 ], [ 109.2399976, 13.2753078 ], [ 109.2345044, 13.2781075 ], [ 109.2302155, 13.2803878 ], [ 109.228617, 13.2812075 ], [ 109.2253688, 13.2847264 ], [ 109.2225498, 13.2876762 ], [ 109.2197308, 13.2906259 ], [ 109.216767, 13.2937087 ], [ 109.2126806, 13.2980392 ], [ 109.2105898, 13.3002475 ], [ 109.2091039, 13.3037453 ], [ 109.2085004, 13.3052292 ], [ 109.2075817, 13.3114297 ], [ 109.2072505, 13.3139484 ], [ 109.2074946, 13.3163523 ], [ 109.2073148, 13.3179288 ], [ 109.2069983, 13.3199973 ], [ 109.2064029, 13.3238745 ], [ 109.2062393, 13.3296452 ], [ 109.2061387, 13.3315974 ], [ 109.2019129, 13.3374566 ], [ 109.2012195, 13.3399112 ], [ 109.2014918, 13.3408964 ], [ 109.2020081, 13.3429856 ], [ 109.2036711, 13.3474183 ], [ 109.2054547, 13.3522854 ], [ 109.2068146, 13.3559586 ], [ 109.2071928, 13.3569972 ], [ 109.2052013, 13.3625048 ], [ 109.203836, 13.3664361 ], [ 109.20325, 13.368148 ], [ 109.2024158, 13.3706414 ], [ 109.2024815, 13.3747996 ], [ 109.2025271, 13.377045 ], [ 109.2025526, 13.3800707 ], [ 109.2025888, 13.3828953 ], [ 109.2027135, 13.3876887 ], [ 109.2027363, 13.3892752 ], [ 109.2027752, 13.393617 ], [ 109.202794, 13.3977892 ], [ 109.2028436, 13.4010481 ], [ 109.2028852, 13.4033167 ], [ 109.2029858, 13.4077385 ], [ 109.2030206, 13.4107697 ], [ 109.203085, 13.4144954 ], [ 109.2027216, 13.4163165 ], [ 109.2022951, 13.418598 ], [ 109.201705, 13.4216258 ], [ 109.2006019, 13.4273647 ], [ 109.2000943, 13.429943 ], [ 109.1997068, 13.4321396 ], [ 109.1998523, 13.4342436 ], [ 109.2000045, 13.4362263 ], [ 109.2004276, 13.4426308 ], [ 109.2005745, 13.4446187 ], [ 109.2008668, 13.4484586 ], [ 109.2009969, 13.4501412 ], [ 109.2007421, 13.4519425 ], [ 109.2005758, 13.4537177 ], [ 109.2004336, 13.4551576 ], [ 109.1998643, 13.4600141 ] ] } },
{ "type": "Feature", "properties": { "contextFeatureId": "VNM-S-004::transmission::way::1273140680", "projectId": "VNM-S-004", "projectName": "Hoa Hoi Solar Power Plant", "countryCode": "VNM", "osmType": "way", "osmId": 1273140680, "highway": null, "place": null, "power": "line", "landuse": null, "name": null, "voltage": "110000", "circuits": null, "cables": "6", "frequency": "50", "substationTag": null, "lineTag": null, "operator": null, "location": null }, "geometry": { "type": "LineString", "coordinates": [ [ 109.0770641, 13.0077513 ], [ 109.0773645, 13.0096003 ], [ 109.0779331, 13.0135177 ], [ 109.0782429, 13.0155352 ], [ 109.0788786, 13.0200169 ], [ 109.0834001, 13.0239309 ], [ 109.085218, 13.0255321 ], [ 109.086889, 13.0269694 ], [ 109.0896504, 13.0293957 ], [ 109.0927832, 13.0320448 ], [ 109.094135, 13.0332253 ], [ 109.0957893, 13.0340536 ], [ 109.0979424, 13.0351309 ], [ 109.0999038, 13.0361173 ], [ 109.1023781, 13.0373631 ], [ 109.1042691, 13.0383188 ], [ 109.10593, 13.0401525 ], [ 109.1078411, 13.0423775 ], [ 109.1097817, 13.0445849 ], [ 109.1121554, 13.0472769 ], [ 109.1145071, 13.0499362 ], [ 109.1162465, 13.0518802 ], [ 109.1179624, 13.053853 ], [ 109.11961, 13.055697 ], [ 109.1209591, 13.0572412 ], [ 109.1228621, 13.0593589 ], [ 109.1244359, 13.0611781 ], [ 109.1278826, 13.0650522 ], [ 109.1293866, 13.0667401 ], [ 109.1315766, 13.0692529 ], [ 109.1346525, 13.0727533 ], [ 109.1372466, 13.0756497 ], [ 109.1421197, 13.0812326 ], [ 109.145443, 13.0817656 ], [ 109.1476411, 13.0818244 ], [ 109.1483693, 13.0816709 ], [ 109.150279, 13.0814926 ], [ 109.1538276, 13.0816036 ], [ 109.1571777, 13.0816925 ], [ 109.161956, 13.0817081 ], [ 109.1664051, 13.0817108 ], [ 109.1697901, 13.0817526 ], [ 109.172302, 13.0817787 ], [ 109.1745094, 13.0817513 ], [ 109.1761342, 13.0817434 ], [ 109.177205, 13.0817186 ], [ 109.1789559, 13.0816807 ], [ 109.1818312, 13.0816128 ], [ 109.1836148, 13.0815932 ], [ 109.1867101, 13.08152 ], [ 109.1915495, 13.0814273 ], [ 109.193936, 13.0813829 ], [ 109.195713, 13.0819694 ], [ 109.1979399, 13.0827094 ], [ 109.1984166, 13.082633 ], [ 109.1994935, 13.0824018 ], [ 109.2000085, 13.0827244 ], [ 109.1999723, 13.0832365 ], [ 109.2018646, 13.0849804 ], [ 109.2033975, 13.086433 ], [ 109.2048351, 13.0862357 ], [ 109.2051892, 13.0869281 ], [ 109.204925, 13.0870887 ] ] } },
{ "type": "Feature", "properties": { "contextFeatureId": "VNM-S-004::transmission::way::1273140681", "projectId": "VNM-S-004", "projectName": "Hoa Hoi Solar Power Plant", "countryCode": "VNM", "osmType": "way", "osmId": 1273140681, "highway": null, "place": null, "power": "line", "landuse": null, "name": null, "voltage": "110000", "circuits": "1", "cables": "3", "frequency": "50", "substationTag": null, "lineTag": null, "operator": null, "location": null }, "geometry": { "type": "LineString", "coordinates": [ [ 109.0892078, 13.0030393 ], [ 109.0892943, 13.0032942 ], [ 109.0896906, 13.0043826 ] ] } },
{ "type": "Feature", "properties": { "contextFeatureId": "VNM-S-004::transmission::way::1273140683", "projectId": "VNM-S-004", "projectName": "Hoa Hoi Solar Power Plant", "countryCode": "VNM", "osmType": "way", "osmId": 1273140683, "highway": null, "place": null, "power": "line", "landuse": null, "name": null, "voltage": "110000", "circuits": "1", "cables": "3", "frequency": "50", "substationTag": null, "lineTag": null, "operator": null, "location": null }, "geometry": { "type": "LineString", "coordinates": [ [ 109.200152, 13.0824749 ], [ 109.1990308, 13.0813607 ], [ 109.197681, 13.079993 ] ] } },
{ "type": "Feature", "properties": { "contextFeatureId": "VNM-S-004::transmission::way::1273140684", "projectId": "VNM-S-004", "projectName": "Hoa Hoi Solar Power Plant", "countryCode": "VNM", "osmType": "way", "osmId": 1273140684, "highway": null, "place": null, "power": "line", "landuse": null, "name": null, "voltage": "110000", "circuits": "2", "cables": "6", "frequency": "50", "substationTag": null, "lineTag": null, "operator": null, "location": null }, "geometry": { "type": "LineString", "coordinates": [ [ 109.2049585, 13.0871945 ], [ 109.2053461, 13.0870169 ], [ 109.2054319, 13.0867282 ], [ 109.2047279, 13.0847858 ], [ 109.202743, 13.0850157 ], [ 109.2013389, 13.0836271 ], [ 109.200152, 13.0824749 ] ] } },
{ "type": "Feature", "properties": { "contextFeatureId": "VNM-S-004::transmission::way::1273140690", "projectId": "VNM-S-004", "projectName": "Hoa Hoi Solar Power Plant", "countryCode": "VNM", "osmType": "way", "osmId": 1273140690, "highway": null, "place": null, "power": "line", "landuse": null, "name": null, "voltage": "110000", "circuits": "2", "cables": "6", "frequency": "50", "substationTag": null, "lineTag": null, "operator": null, "location": null }, "geometry": { "type": "LineString", "coordinates": [ [ 109.2052013, 13.0879274 ], [ 109.2055412, 13.0879078 ], [ 109.2068548, 13.0882944 ], [ 109.2084501, 13.0887536 ], [ 109.208556, 13.0913739 ], [ 109.2105731, 13.0925796 ], [ 109.2134558, 13.094409 ], [ 109.2157068, 13.0974682 ], [ 109.2172551, 13.0997063 ], [ 109.2188939, 13.1020817 ], [ 109.2205757, 13.1045366 ], [ 109.2222883, 13.1070125 ], [ 109.2231868, 13.1083056 ], [ 109.2240056, 13.1094851 ], [ 109.2261215, 13.1126593 ], [ 109.2275367, 13.1126433 ], [ 109.2324357, 13.1125979 ], [ 109.2349074, 13.1125682 ], [ 109.236681, 13.1140526 ], [ 109.2378699, 13.1125747 ], [ 109.2394906, 13.1125721 ], [ 109.2412066, 13.1125689 ], [ 109.2442889, 13.113825 ], [ 109.2469545, 13.1149114 ], [ 109.2489427, 13.1157232 ], [ 109.2507717, 13.1164706 ], [ 109.2529788, 13.1173774 ], [ 109.2545754, 13.1196049 ], [ 109.2563228, 13.1220408 ], [ 109.2578997, 13.1242557 ], [ 109.2599291, 13.1270901 ], [ 109.2611562, 13.1279651 ], [ 109.2634246, 13.1295703 ], [ 109.2650896, 13.1307744 ], [ 109.2669149, 13.1320622 ], [ 109.2694341, 13.1338704 ], [ 109.2710314, 13.1350327 ], [ 109.2729069, 13.1363773 ], [ 109.2736995, 13.1369415 ] ] } },
{ "type": "Feature", "properties": { "contextFeatureId": "VNM-S-004::transmission::way::1273140691", "projectId": "VNM-S-004", "projectName": "Hoa Hoi Solar Power Plant", "countryCode": "VNM", "osmType": "way", "osmId": 1273140691, "highway": null, "place": null, "power": "line", "landuse": null, "name": null, "voltage": "110000", "circuits": "2", "cables": "6", "frequency": "50", "substationTag": null, "lineTag": null, "operator": null, "location": null }, "geometry": { "type": "LineString", "coordinates": [ [ 109.2051691, 13.0877393 ], [ 109.2055278, 13.087736 ], [ 109.2069514, 13.0881462 ], [ 109.2086902, 13.0886452 ], [ 109.2098308, 13.0899194 ], [ 109.2114615, 13.0917691 ], [ 109.2135711, 13.0943286 ], [ 109.2155392, 13.0969679 ], [ 109.2167254, 13.0987045 ], [ 109.2183575, 13.101072 ], [ 109.2195974, 13.1028673 ], [ 109.2207701, 13.1045771 ], [ 109.2222695, 13.1067264 ], [ 109.2239628, 13.1092137 ], [ 109.2262083, 13.112512 ], [ 109.227591, 13.1125094 ], [ 109.232478, 13.112467 ], [ 109.2362492, 13.1124187 ], [ 109.2387222, 13.1123938 ], [ 109.2412408, 13.1123749 ], [ 109.2435964, 13.113361 ], [ 109.2463738, 13.1145059 ], [ 109.2486202, 13.1154384 ], [ 109.2512213, 13.116516 ], [ 109.2530666, 13.1172846 ], [ 109.2540671, 13.1186724 ], [ 109.2555785, 13.1207562 ], [ 109.2571181, 13.1228904 ], [ 109.258205, 13.1243629 ], [ 109.2602219, 13.1270896 ], [ 109.2616142, 13.1281055 ], [ 109.2637847, 13.1296512 ], [ 109.2660706, 13.1312746 ], [ 109.2677779, 13.1324971 ], [ 109.2698083, 13.1339468 ], [ 109.2717087, 13.1353534 ], [ 109.2736184, 13.1367214 ], [ 109.2745484, 13.1373607 ] ] } },
{ "type": "Feature", "properties": { "contextFeatureId": "VNM-S-004::transmission::way::1273140697", "projectId": "VNM-S-004", "projectName": "Hoa Hoi Solar Power Plant", "countryCode": "VNM", "osmType": "way", "osmId": 1273140697, "highway": null, "place": null, "power": "line", "landuse": null, "name": null, "voltage": "110000", "circuits": "1", "cables": "3", "frequency": "50", "substationTag": null, "lineTag": null, "operator": null, "location": null }, "geometry": { "type": "LineString", "coordinates": [ [ 109.0961212, 13.0690694 ], [ 109.0934229, 13.0693803 ], [ 109.090282, 13.0697461 ], [ 109.0862104, 13.070215 ], [ 109.0839875, 13.0704783 ], [ 109.0827329, 13.0706292 ], [ 109.0780753, 13.0712196 ], [ 109.0737462, 13.0716625 ], [ 109.0709075, 13.0719904 ], [ 109.0667014, 13.0724868 ], [ 109.0615234, 13.0720152 ], [ 109.0561871, 13.0715005 ], [ 109.0521008, 13.0711622 ], [ 109.0497257, 13.0709858 ], [ 109.0483229, 13.0708539 ], [ 109.0426889, 13.0703796 ], [ 109.0366942, 13.0708944 ], [ 109.0259895, 13.0718428 ], [ 109.023774, 13.0720335 ], [ 109.0166326, 13.0726906 ], [ 109.015097, 13.0728242 ], [ 109.013713, 13.0729427 ], [ 109.0105923, 13.0732536 ], [ 109.0098184, 13.0733803 ] ] } },
{ "type": "Feature", "properties": { "contextFeatureId": "VNM-S-004::transmission::way::1273140702", "projectId": "VNM-S-004", "projectName": "Hoa Hoi Solar Power Plant", "countryCode": "VNM", "osmType": "way", "osmId": 1273140702, "highway": null, "place": null, "power": "line", "landuse": null, "name": null, "voltage": "220000", "circuits": "4", "cables": "12", "frequency": "50", "substationTag": null, "lineTag": null, "operator": null, "location": null }, "geometry": { "type": "LineString", "coordinates": [ [ 109.0988101, 13.0695945 ], [ 109.0988132, 13.0706361 ] ] } },
{ "type": "Feature", "properties": { "contextFeatureId": "VNM-S-004::transmission::way::1273140703", "projectId": "VNM-S-004", "projectName": "Hoa Hoi Solar Power Plant", "countryCode": "VNM", "osmType": "way", "osmId": 1273140703, "highway": null, "place": null, "power": "line", "landuse": null, "name": null, "voltage": "220000", "circuits": "2", "cables": "6", "frequency": "50", "substationTag": null, "lineTag": null, "operator": null, "location": null }, "geometry": { "type": "LineString", "coordinates": [ [ 109.2041284, 13.0878373 ], [ 109.2036738, 13.0879534 ], [ 109.2015803, 13.0868327 ], [ 109.1984126, 13.0851163 ], [ 109.195269, 13.0833946 ], [ 109.192847, 13.0820831 ], [ 109.1869354, 13.0821902 ], [ 109.183588, 13.0822816 ], [ 109.1815428, 13.0823221 ], [ 109.1764399, 13.0824488 ], [ 109.1743827, 13.082488 ], [ 109.1735552, 13.082471 ], [ 109.1707563, 13.0824423 ], [ 109.1663119, 13.0824436 ], [ 109.1603601, 13.0824305 ], [ 109.1574016, 13.0824358 ], [ 109.1532227, 13.0823966 ], [ 109.1516671, 13.0824122 ], [ 109.1506961, 13.0824122 ], [ 109.1490814, 13.0823574 ], [ 109.1470134, 13.0823103 ], [ 109.1451976, 13.0822607 ], [ 109.1396964, 13.0821732 ], [ 109.1374004, 13.082117 ], [ 109.1342247, 13.0820569 ], [ 109.130204, 13.0819707 ], [ 109.1256899, 13.0818832 ], [ 109.1224149, 13.0818166 ], [ 109.1198051, 13.080573 ], [ 109.1165489, 13.079042 ], [ 109.1137165, 13.0776939 ], [ 109.1112328, 13.0765234 ], [ 109.1082126, 13.0750969 ], [ 109.1054633, 13.0737801 ], [ 109.102309, 13.0723091 ], [ 109.0988132, 13.0706361 ] ] } },
{ "type": "Feature", "properties": { "contextFeatureId": "VNM-S-004::transmission::way::1273140704", "projectId": "VNM-S-004", "projectName": "Hoa Hoi Solar Power Plant", "countryCode": "VNM", "osmType": "way", "osmId": 1273140704, "highway": null, "place": null, "power": "line", "landuse": null, "name": null, "voltage": "220000", "circuits": "2", "cables": "6", "frequency": "50", "substationTag": null, "lineTag": null, "operator": null, "location": null }, "geometry": { "type": "LineString", "coordinates": [ [ 109.0977775, 13.0688394 ], [ 109.0981583, 13.0691072 ], [ 109.0988101, 13.0695945 ] ] } },
{ "type": "Feature", "properties": { "contextFeatureId": "VNM-S-004::transmission::way::1273140705", "projectId": "VNM-S-004", "projectName": "Hoa Hoi Solar Power Plant", "countryCode": "VNM", "osmType": "way", "osmId": 1273140705, "highway": null, "place": null, "power": "line", "landuse": null, "name": null, "voltage": "220000", "circuits": "2", "cables": "6", "frequency": "50", "substationTag": null, "lineTag": null, "operator": null, "location": null }, "geometry": { "type": "LineString", "coordinates": [ [ 109.0976366, 13.0691203 ], [ 109.0980296, 13.0693385 ], [ 109.0988101, 13.0695945 ] ] } },
{ "type": "Feature", "properties": { "contextFeatureId": "VNM-S-004::transmission::way::1273140707", "projectId": "VNM-S-004", "projectName": "Hoa Hoi Solar Power Plant", "countryCode": "VNM", "osmType": "way", "osmId": 1273140707, "highway": null, "place": null, "power": "line", "landuse": null, "name": null, "voltage": "220000", "circuits": "1", "cables": "3", "frequency": "50", "substationTag": null, "lineTag": null, "operator": null, "location": null }, "geometry": { "type": "LineString", "coordinates": [ [ 109.2042021, 13.0881076 ], [ 109.2035919, 13.0881965 ], [ 109.2020651, 13.0872866 ], [ 109.1998174, 13.0860614 ], [ 109.1974336, 13.0847662 ], [ 109.1948842, 13.0833835 ], [ 109.1927974, 13.0822463 ], [ 109.1904612, 13.0823188 ], [ 109.1864714, 13.0824749 ], [ 109.1830033, 13.082569 ], [ 109.1810158, 13.0826369 ], [ 109.1761489, 13.0827865 ], [ 109.1744699, 13.0828538 ], [ 109.1736934, 13.0828538 ], [ 109.1697049, 13.0828146 ], [ 109.160566, 13.0827382 ], [ 109.1571991, 13.0827153 ], [ 109.1526085, 13.0826689 ], [ 109.1506881, 13.0826826 ], [ 109.1472749, 13.082633 ], [ 109.1454792, 13.082603 ], [ 109.1409932, 13.0825729 ], [ 109.1378658, 13.0825324 ], [ 109.1337412, 13.08249 ], [ 109.1297145, 13.0824593 ], [ 109.125364, 13.0824175 ], [ 109.1224068, 13.0823913 ], [ 109.1190729, 13.0807924 ], [ 109.1158609, 13.079204 ], [ 109.11259, 13.0776259 ], [ 109.1091567, 13.0759538 ], [ 109.1066408, 13.0747219 ], [ 109.1029635, 13.0729296 ], [ 109.0990274, 13.0710394 ] ] } },
{ "type": "Feature", "properties": { "contextFeatureId": "VNM-S-004::transmission::way::1273140708", "projectId": "VNM-S-004", "projectName": "Hoa Hoi Solar Power Plant", "countryCode": "VNM", "osmType": "way", "osmId": 1273140708, "highway": null, "place": null, "power": "line", "landuse": null, "name": null, "voltage": "110000", "circuits": "1", "cables": "3", "frequency": "50", "substationTag": null, "lineTag": null, "operator": null, "location": null }, "geometry": { "type": "LineString", "coordinates": [ [ 109.200152, 13.0824749 ], [ 109.1993661, 13.08265 ], [ 109.1978171, 13.0829687 ], [ 109.195784, 13.0823175 ], [ 109.194046, 13.0817604 ], [ 109.1916776, 13.0818074 ], [ 109.186568, 13.0819289 ], [ 109.1840467, 13.0819785 ], [ 109.1816582, 13.0819968 ], [ 109.1769536, 13.0820961 ], [ 109.1761033, 13.0821105 ], [ 109.1743532, 13.0821458 ], [ 109.1717072, 13.0821458 ], [ 109.1704854, 13.082164 ], [ 109.1662435, 13.0821026 ], [ 109.1606565, 13.0821288 ], [ 109.1573533, 13.0821222 ], [ 109.1526166, 13.0821066 ], [ 109.1507229, 13.0821092 ], [ 109.1490224, 13.0820347 ], [ 109.1469839, 13.0819629 ] ] } },
{ "type": "Feature", "properties": { "contextFeatureId": "VNM-S-004::transmission::way::1320783758", "projectId": "VNM-S-004", "projectName": "Hoa Hoi Solar Power Plant", "countryCode": "VNM", "osmType": "way", "osmId": 1320783758, "highway": null, "place": null, "power": "line", "landuse": null, "name": null, "voltage": "110000", "circuits": null, "cables": "6", "frequency": "50", "substationTag": null, "lineTag": null, "operator": null, "location": null }, "geometry": { "type": "LineString", "coordinates": [ [ 109.0896906, 13.0043826 ], [ 109.0880974, 13.0043539 ], [ 109.0854487, 13.004333 ], [ 109.0843865, 13.0043265 ], [ 109.0809573, 13.0059128 ], [ 109.0791911, 13.0067478 ], [ 109.0770641, 13.0077513 ] ] } },
{ "type": "Feature", "properties": { "contextFeatureId": "VNM-S-004::transmission::way::1320783759", "projectId": "VNM-S-004", "projectName": "Hoa Hoi Solar Power Plant", "countryCode": "VNM", "osmType": "way", "osmId": 1320783759, "highway": null, "place": null, "power": "line", "landuse": null, "name": null, "voltage": "110000", "circuits": null, "cables": "6", "frequency": "50", "substationTag": null, "lineTag": null, "operator": null, "location": null }, "geometry": { "type": "LineString", "coordinates": [ [ 109.0943617, 12.9683776 ], [ 109.0940371, 12.9683776 ], [ 109.0938976, 12.9665871 ], [ 109.0930098, 12.9665035 ], [ 109.0893459, 12.9673059 ], [ 109.0859395, 12.9680822 ], [ 109.0822113, 12.968903 ], [ 109.0741378, 12.9707692 ], [ 109.0739823, 12.9717015 ], [ 109.0738186, 12.9726825 ], [ 109.0733952, 12.9752206 ], [ 109.0730647, 12.977202 ], [ 109.072817, 12.9786866 ], [ 109.0731668, 12.9813495 ], [ 109.0740895, 12.9876458 ], [ 109.0750605, 12.9908578 ], [ 109.0754574, 12.997031 ], [ 109.0770641, 13.0077513 ] ] } },
{ "type": "Feature", "properties": { "contextFeatureId": "VNM-S-004::transmission::way::1394569812", "projectId": "VNM-S-004", "projectName": "Hoa Hoi Solar Power Plant", "countryCode": "VNM", "osmType": "way", "osmId": 1394569812, "highway": null, "place": null, "power": "line", "landuse": null, "name": null, "voltage": "110000", "circuits": null, "cables": "3", "frequency": null, "substationTag": null, "lineTag": null, "operator": null, "location": null }, "geometry": { "type": "LineString", "coordinates": [ [ 109.3509554, 12.9605063 ], [ 109.3497362, 12.9610742 ], [ 109.3478913, 12.9616365 ], [ 109.346225, 12.962141 ], [ 109.3445666, 12.9626431 ], [ 109.3429536, 12.9631448 ], [ 109.3415479, 12.9639851 ], [ 109.3389425, 12.9655123 ], [ 109.3374046, 12.9664256 ], [ 109.3359879, 12.9672459 ], [ 109.3345283, 12.9681004 ], [ 109.3330193, 12.9689894 ], [ 109.3303561, 12.9705498 ], [ 109.3290223, 12.9713252 ], [ 109.3276241, 12.9721523 ], [ 109.3263162, 12.9729232 ], [ 109.3248595, 12.9737767 ], [ 109.323384, 12.9746183 ], [ 109.3217706, 12.9755748 ], [ 109.3203179, 12.976434 ], [ 109.3190062, 12.9772036 ], [ 109.3176277, 12.9779981 ], [ 109.3161419, 12.9788229 ], [ 109.3148961, 12.9795834 ], [ 109.313685, 12.9803029 ], [ 109.3120518, 12.9812797 ], [ 109.3109009, 12.9819305 ], [ 109.3092745, 12.9828892 ], [ 109.3079439, 12.9836802 ], [ 109.3059193, 12.9848805 ], [ 109.3037062, 12.9862047 ], [ 109.3020265, 12.9872367 ], [ 109.3001429, 12.9883178 ], [ 109.298064, 12.9895359 ], [ 109.2956328, 12.9919702 ], [ 109.2938729, 12.9938469 ], [ 109.292489, 12.9953151 ], [ 109.2905149, 12.9956036 ], [ 109.2891726, 12.9958309 ], [ 109.2878013, 12.9960391 ], [ 109.2860378, 12.9963263 ], [ 109.2848847, 12.9969181 ], [ 109.2835559, 12.9975985 ], [ 109.2824728, 12.9981815 ], [ 109.2806703, 12.9980688 ], [ 109.2790146, 12.9979902 ], [ 109.2772449, 12.9978938 ], [ 109.2754099, 12.9977936 ], [ 109.2735874, 12.9976962 ], [ 109.2719425, 12.9976052 ], [ 109.2701226, 12.9975029 ], [ 109.268468, 12.9974309 ], [ 109.2667182, 12.9973173 ], [ 109.265135, 12.9972486 ], [ 109.2633839, 12.997137 ], [ 109.2616927, 12.9970375 ], [ 109.2597, 12.9969404 ], [ 109.2580146, 12.9968458 ], [ 109.2563224, 12.9967859 ], [ 109.2542405, 12.9966635 ], [ 109.2532483, 12.9957291 ], [ 109.2513463, 12.9955572 ], [ 109.2489173, 12.9953593 ], [ 109.2460853, 12.9951161 ], [ 109.2443703, 12.9949493 ], [ 109.242591, 12.9948271 ], [ 109.2410015, 12.9946887 ], [ 109.2394087, 12.9945583 ], [ 109.2364359, 12.9952995 ], [ 109.2348517, 12.9956922 ], [ 109.2330552, 12.9961768 ], [ 109.2312778, 12.9966224 ], [ 109.2294637, 12.9970388 ], [ 109.2278097, 12.9974676 ], [ 109.2261264, 12.9978866 ], [ 109.2244947, 12.9982899 ], [ 109.222724, 12.9987173 ], [ 109.2207519, 12.9992286 ], [ 109.2188016, 12.9997071 ], [ 109.2173719, 13.0000834 ], [ 109.215919, 13.0004326 ], [ 109.2141591, 13.00088 ], [ 109.2125, 13.0012768 ], [ 109.2115382, 13.0003206 ], [ 109.2105569, 12.999368 ] ] } },
{ "type": "Feature", "properties": { "contextFeatureId": "VNM-S-004::transmission::way::1394569815", "projectId": "VNM-S-004", "projectName": "Hoa Hoi Solar Power Plant", "countryCode": "VNM", "osmType": "way", "osmId": 1394569815, "highway": null, "place": null, "power": "line", "landuse": null, "name": null, "voltage": "110000", "circuits": null, "cables": "6", "frequency": null, "substationTag": null, "lineTag": null, "operator": null, "location": null }, "geometry": { "type": "LineString", "coordinates": [ [ 109.2105569, 12.999368 ], [ 109.2099431, 12.998301 ], [ 109.2090927, 12.996761 ], [ 109.2085009, 12.9956576 ] ] } },
{ "type": "Feature", "properties": { "contextFeatureId": "VNM-S-004::transmission::way::1394569816", "projectId": "VNM-S-004", "projectName": "Hoa Hoi Solar Power Plant", "countryCode": "VNM", "osmType": "way", "osmId": 1394569816, "highway": null, "place": null, "power": "line", "landuse": null, "name": null, "voltage": "110000", "circuits": null, "cables": "3", "frequency": null, "substationTag": null, "lineTag": null, "operator": null, "location": null }, "geometry": { "type": "LineString", "coordinates": [ [ 109.2105569, 12.999368 ], [ 109.2096669, 13.0013095 ], [ 109.2087701, 13.0032652 ], [ 109.2080186, 13.0048965 ], [ 109.2063819, 13.0082135 ], [ 109.2036048, 13.0128321 ] ] } },
{ "type": "Feature", "properties": { "contextFeatureId": "VNM-S-004::transmission::way::1394569817", "projectId": "VNM-S-004", "projectName": "Hoa Hoi Solar Power Plant", "countryCode": "VNM", "osmType": "way", "osmId": 1394569817, "highway": null, "place": null, "power": "line", "landuse": null, "name": null, "voltage": "110000", "circuits": null, "cables": "3", "frequency": null, "substationTag": null, "lineTag": null, "operator": null, "location": null }, "geometry": { "type": "LineString", "coordinates": [ [ 109.2085009, 12.9956576 ], [ 109.2070134, 12.9948459 ], [ 109.2054143, 12.9940499 ], [ 109.2038562, 12.9932544 ], [ 109.2023529, 12.9924765 ], [ 109.2007425, 12.9916579 ], [ 109.1994241, 12.9909846 ], [ 109.1979713, 12.9903198 ] ] } },
{ "type": "Feature", "properties": { "contextFeatureId": "VNM-S-004::transmission::way::1394569818", "projectId": "VNM-S-004", "projectName": "Hoa Hoi Solar Power Plant", "countryCode": "VNM", "osmType": "way", "osmId": 1394569818, "highway": null, "place": null, "power": "line", "landuse": null, "name": null, "voltage": "110000", "circuits": null, "cables": "3", "frequency": null, "substationTag": null, "lineTag": null, "operator": null, "location": null }, "geometry": { "type": "LineString", "coordinates": [ [ 109.2085009, 12.9956576 ], [ 109.2069459, 12.9949328 ], [ 109.2053481, 12.9941433 ], [ 109.2038192, 12.9933365 ], [ 109.2023023, 12.9925635 ], [ 109.2006877, 12.9917436 ], [ 109.1993913, 12.9910827 ], [ 109.1979713, 12.9903198 ] ] } },
{ "type": "Feature", "properties": { "contextFeatureId": "VNM-S-004::transmission::way::1394569819", "projectId": "VNM-S-004", "projectName": "Hoa Hoi Solar Power Plant", "countryCode": "VNM", "osmType": "way", "osmId": 1394569819, "highway": null, "place": null, "power": "line", "landuse": null, "name": null, "voltage": "110000", "circuits": null, "cables": "3", "frequency": null, "substationTag": null, "lineTag": null, "operator": null, "location": null }, "geometry": { "type": "LineString", "coordinates": [ [ 109.1979713, 12.9903198 ], [ 109.1964201, 12.9895732 ], [ 109.1946938, 12.9887424 ], [ 109.1935853, 12.9881825 ], [ 109.1921689, 12.9874747 ], [ 109.1907, 12.9867375 ], [ 109.1897536, 12.9862634 ], [ 109.1882507, 12.9854858 ], [ 109.1868849, 12.9847171 ] ] } },
{ "type": "Feature", "properties": { "contextFeatureId": "VNM-S-004::transmission::way::1394569820", "projectId": "VNM-S-004", "projectName": "Hoa Hoi Solar Power Plant", "countryCode": "VNM", "osmType": "way", "osmId": 1394569820, "highway": null, "place": null, "power": "line", "landuse": null, "name": null, "voltage": "110000", "circuits": null, "cables": "3", "frequency": null, "substationTag": null, "lineTag": null, "operator": null, "location": null }, "geometry": { "type": "LineString", "coordinates": [ [ 109.1979713, 12.9903198 ], [ 109.1964749, 12.9894794 ], [ 109.1947575, 12.9886659 ], [ 109.1936411, 12.9881067 ], [ 109.1922482, 12.9873886 ], [ 109.1907401, 12.9866526 ], [ 109.1898331, 12.9861982 ], [ 109.1882984, 12.9854024 ], [ 109.1868849, 12.9847171 ] ] } },
{ "type": "Feature", "properties": { "contextFeatureId": "VNM-S-004::transmission::way::1394569821", "projectId": "VNM-S-004", "projectName": "Hoa Hoi Solar Power Plant", "countryCode": "VNM", "osmType": "way", "osmId": 1394569821, "highway": null, "place": null, "power": "line", "landuse": null, "name": null, "voltage": "110000", "circuits": null, "cables": "3", "frequency": null, "substationTag": null, "lineTag": null, "operator": null, "location": null }, "geometry": { "type": "LineString", "coordinates": [ [ 109.1868849, 12.9847171 ], [ 109.1855766, 12.9840161 ], [ 109.1835707, 12.9830057 ], [ 109.1821216, 12.9821567 ], [ 109.1806794, 12.981519 ], [ 109.1794896, 12.9809054 ], [ 109.1777739, 12.9800272 ], [ 109.1764373, 12.9793554 ], [ 109.1751285, 12.9786285 ], [ 109.173805, 12.977953 ], [ 109.1724201, 12.9772528 ], [ 109.1712079, 12.9766498 ], [ 109.1699678, 12.9760346 ], [ 109.1681477, 12.9751456 ] ] } },
{ "type": "Feature", "properties": { "contextFeatureId": "VNM-S-004::transmission::way::1394569822", "projectId": "VNM-S-004", "projectName": "Hoa Hoi Solar Power Plant", "countryCode": "VNM", "osmType": "way", "osmId": 1394569822, "highway": null, "place": null, "power": "line", "landuse": null, "name": null, "voltage": "110000", "circuits": null, "cables": "3", "frequency": null, "substationTag": null, "lineTag": null, "operator": null, "location": null }, "geometry": { "type": "LineString", "coordinates": [ [ 109.1868849, 12.9847171 ], [ 109.1855353, 12.9841059 ], [ 109.1835095, 12.9830897 ], [ 109.1820702, 12.9822331 ], [ 109.1806299, 12.9815948 ], [ 109.1794369, 12.9810066 ], [ 109.1777267, 12.9801183 ], [ 109.176393, 12.979438 ], [ 109.1750681, 12.9787219 ], [ 109.1737511, 12.9780539 ], [ 109.1723567, 12.9773615 ], [ 109.1711195, 12.9767261 ], [ 109.1699103, 12.9761096 ], [ 109.1681477, 12.9751456 ] ] } },
{ "type": "Feature", "properties": { "contextFeatureId": "VNM-S-004::transmission::way::1394569823", "projectId": "VNM-S-004", "projectName": "Hoa Hoi Solar Power Plant", "countryCode": "VNM", "osmType": "way", "osmId": 1394569823, "highway": null, "place": null, "power": "line", "landuse": null, "name": null, "voltage": "110000", "circuits": null, "cables": "6", "frequency": null, "substationTag": null, "lineTag": null, "operator": null, "location": null }, "geometry": { "type": "LineString", "coordinates": [ [ 109.1681477, 12.9751456 ], [ 109.1658578, 12.9739681 ] ] } },
{ "type": "Feature", "properties": { "contextFeatureId": "VNM-S-004::transmission::way::1394569824", "projectId": "VNM-S-004", "projectName": "Hoa Hoi Solar Power Plant", "countryCode": "VNM", "osmType": "way", "osmId": 1394569824, "highway": null, "place": null, "power": "line", "landuse": null, "name": null, "voltage": "110000", "circuits": null, "cables": "3", "frequency": null, "substationTag": null, "lineTag": null, "operator": null, "location": null }, "geometry": { "type": "LineString", "coordinates": [ [ 109.1658578, 12.9739681 ], [ 109.1642465, 12.974443 ], [ 109.1624974, 12.9749114 ], [ 109.1612551, 12.9752207 ], [ 109.1593742, 12.9757341 ], [ 109.1576742, 12.9761346 ] ] } },
{ "type": "Feature", "properties": { "contextFeatureId": "VNM-S-004::transmission::way::1394569825", "projectId": "VNM-S-004", "projectName": "Hoa Hoi Solar Power Plant", "countryCode": "VNM", "osmType": "way", "osmId": 1394569825, "highway": null, "place": null, "power": "line", "landuse": null, "name": null, "voltage": null, "circuits": null, "cables": null, "frequency": null, "substationTag": null, "lineTag": null, "operator": null, "location": null }, "geometry": { "type": "LineString", "coordinates": [ [ 109.1658578, 12.9739681 ], [ 109.164218, 12.9743414 ], [ 109.1624578, 12.9748244 ], [ 109.1612256, 12.9751392 ], [ 109.1593429, 12.975647 ], [ 109.1576742, 12.9761346 ] ] } },
{ "type": "Feature", "properties": { "contextFeatureId": "VNM-S-004::transmission::way::1394569826", "projectId": "VNM-S-004", "projectName": "Hoa Hoi Solar Power Plant", "countryCode": "VNM", "osmType": "way", "osmId": 1394569826, "highway": null, "place": null, "power": "line", "landuse": null, "name": null, "voltage": "110000", "circuits": null, "cables": "6", "frequency": null, "substationTag": null, "lineTag": null, "operator": null, "location": null }, "geometry": { "type": "LineString", "coordinates": [ [ 109.1576742, 12.9761346 ], [ 109.1558728, 12.9766121 ], [ 109.1539021, 12.9771165 ], [ 109.1507978, 12.9779391 ], [ 109.1480695, 12.9786643 ] ] } },
{ "type": "Feature", "properties": { "contextFeatureId": "VNM-S-004::transmission::way::1394569827", "projectId": "VNM-S-004", "projectName": "Hoa Hoi Solar Power Plant", "countryCode": "VNM", "osmType": "way", "osmId": 1394569827, "highway": null, "place": null, "power": "line", "landuse": null, "name": null, "voltage": "110000", "circuits": null, "cables": "3", "frequency": null, "substationTag": null, "lineTag": null, "operator": null, "location": null }, "geometry": { "type": "LineString", "coordinates": [ [ 109.1480695, 12.9786643 ], [ 109.1463655, 12.9791647 ], [ 109.1448515, 12.9795622 ], [ 109.1433438, 12.9799678 ], [ 109.1417935, 12.9803656 ], [ 109.1401817, 12.980746 ] ] } },
{ "type": "Feature", "properties": { "contextFeatureId": "VNM-S-004::transmission::way::1394569828", "projectId": "VNM-S-004", "projectName": "Hoa Hoi Solar Power Plant", "countryCode": "VNM", "osmType": "way", "osmId": 1394569828, "highway": null, "place": null, "power": "line", "landuse": null, "name": null, "voltage": "110000", "circuits": null, "cables": "3", "frequency": null, "substationTag": null, "lineTag": null, "operator": null, "location": null }, "geometry": { "type": "LineString", "coordinates": [ [ 109.1480695, 12.9786643 ], [ 109.1463383, 12.9790665 ], [ 109.1448243, 12.9794711 ], [ 109.1433159, 12.9798727 ], [ 109.1417625, 12.9802756 ], [ 109.1401817, 12.980746 ] ] } },
{ "type": "Feature", "properties": { "contextFeatureId": "VNM-S-004::transmission::way::1394569829", "projectId": "VNM-S-004", "projectName": "Hoa Hoi Solar Power Plant", "countryCode": "VNM", "osmType": "way", "osmId": 1394569829, "highway": null, "place": null, "power": "line", "landuse": null, "name": null, "voltage": "110000", "circuits": null, "cables": "3", "frequency": null, "substationTag": null, "lineTag": null, "operator": null, "location": null }, "geometry": { "type": "LineString", "coordinates": [ [ 109.1401817, 12.980746 ], [ 109.1387407, 12.981179 ], [ 109.1370349, 12.9815783 ] ] } },
{ "type": "Feature", "properties": { "contextFeatureId": "VNM-S-004::transmission::way::1394569830", "projectId": "VNM-S-004", "projectName": "Hoa Hoi Solar Power Plant", "countryCode": "VNM", "osmType": "way", "osmId": 1394569830, "highway": null, "place": null, "power": "line", "landuse": null, "name": null, "voltage": "110000", "circuits": null, "cables": "3", "frequency": null, "substationTag": null, "lineTag": null, "operator": null, "location": null }, "geometry": { "type": "LineString", "coordinates": [ [ 109.1401817, 12.980746 ], [ 109.1387113, 12.9810911 ], [ 109.1370349, 12.9815783 ] ] } },
{ "type": "Feature", "properties": { "contextFeatureId": "VNM-S-004::transmission::way::1394576947", "projectId": "VNM-S-004", "projectName": "Hoa Hoi Solar Power Plant", "countryCode": "VNM", "osmType": "way", "osmId": 1394576947, "highway": null, "place": null, "power": "line", "landuse": null, "name": null, "voltage": "110000", "circuits": null, "cables": "3", "frequency": null, "substationTag": null, "lineTag": null, "operator": null, "location": null }, "geometry": { "type": "LineString", "coordinates": [ [ 109.1370349, 12.9815783 ], [ 109.1356993, 12.9818658 ], [ 109.1341667, 12.9822743 ], [ 109.1326249, 12.9826877 ], [ 109.1310954, 12.983086 ], [ 109.1295268, 12.9835036 ], [ 109.1280939, 12.9838195 ], [ 109.1265461, 12.9842731 ], [ 109.124864, 12.9847397 ], [ 109.1221241, 12.9854568 ], [ 109.120124, 12.9860231 ] ] } },
{ "type": "Feature", "properties": { "contextFeatureId": "VNM-S-004::transmission::way::1394576948", "projectId": "VNM-S-004", "projectName": "Hoa Hoi Solar Power Plant", "countryCode": "VNM", "osmType": "way", "osmId": 1394576948, "highway": null, "place": null, "power": "line", "landuse": null, "name": null, "voltage": null, "circuits": null, "cables": null, "frequency": null, "substationTag": null, "lineTag": null, "operator": null, "location": null }, "geometry": { "type": "LineString", "coordinates": [ [ 109.1370349, 12.9815783 ], [ 109.1357119, 12.9819444 ], [ 109.1341907, 12.9823374 ], [ 109.1326544, 12.9827742 ], [ 109.1311267, 12.9831796 ], [ 109.1295687, 12.9835948 ], [ 109.1281095, 12.9839036 ], [ 109.1265743, 12.9843805 ], [ 109.1248969, 12.9848301 ], [ 109.1221371, 12.9855194 ], [ 109.120124, 12.9860231 ] ] } },
{ "type": "Feature", "properties": { "contextFeatureId": "VNM-S-004::transmission::way::1394576949", "projectId": "VNM-S-004", "projectName": "Hoa Hoi Solar Power Plant", "countryCode": "VNM", "osmType": "way", "osmId": 1394576949, "highway": null, "place": null, "power": "line", "landuse": null, "name": null, "voltage": "110000", "circuits": null, "cables": "3", "frequency": null, "substationTag": null, "lineTag": null, "operator": null, "location": null }, "geometry": { "type": "LineString", "coordinates": [ [ 109.120124, 12.9860231 ], [ 109.1183335, 12.9852444 ], [ 109.1171044, 12.9847363 ], [ 109.1158955, 12.9842846 ], [ 109.1144737, 12.9837063 ], [ 109.1130405, 12.9830888 ], [ 109.1113984, 12.9824198 ], [ 109.1097597, 12.9817524 ], [ 109.1084137, 12.9812214 ], [ 109.1069734, 12.9806453 ], [ 109.1056209, 12.9800721 ], [ 109.1042093, 12.9794917 ], [ 109.1027461, 12.9788924 ], [ 109.1012295, 12.9782989 ], [ 109.0997708, 12.977704 ], [ 109.0982873, 12.9770723 ], [ 109.0968484, 12.9765176 ], [ 109.0951967, 12.9758383 ], [ 109.0936256, 12.9752405 ] ] } },
{ "type": "Feature", "properties": { "contextFeatureId": "VNM-S-004::transmission::way::1394576950", "projectId": "VNM-S-004", "projectName": "Hoa Hoi Solar Power Plant", "countryCode": "VNM", "osmType": "way", "osmId": 1394576950, "highway": null, "place": null, "power": "line", "landuse": null, "name": null, "voltage": "110000", "circuits": null, "cables": "3", "frequency": null, "substationTag": null, "lineTag": null, "operator": null, "location": null }, "geometry": { "type": "LineString", "coordinates": [ [ 109.120124, 12.9860231 ], [ 109.1182963, 12.9853251 ], [ 109.1170609, 12.9848318 ], [ 109.1158599, 12.9843574 ], [ 109.1144464, 12.9837738 ], [ 109.1130041, 12.9831585 ], [ 109.1113664, 12.9824896 ], [ 109.1097205, 12.9818379 ], [ 109.1083829, 12.9812948 ], [ 109.1069402, 12.9807277 ], [ 109.1055862, 12.9801622 ], [ 109.1041581, 12.9795892 ], [ 109.1027118, 12.9789807 ], [ 109.1011997, 12.9783818 ], [ 109.0997367, 12.9777825 ], [ 109.098231, 12.9771672 ], [ 109.0968045, 12.9765956 ], [ 109.0951704, 12.975914 ], [ 109.0936256, 12.9752405 ] ] } },
{ "type": "Feature", "properties": { "contextFeatureId": "VNM-S-004::transmission::way::1394576951", "projectId": "VNM-S-004", "projectName": "Hoa Hoi Solar Power Plant", "countryCode": "VNM", "osmType": "way", "osmId": 1394576951, "highway": null, "place": null, "power": "line", "landuse": null, "name": null, "voltage": "110000", "circuits": null, "cables": "3", "frequency": null, "substationTag": null, "lineTag": null, "operator": null, "location": null }, "geometry": { "type": "LineString", "coordinates": [ [ 109.0936256, 12.9752405 ], [ 109.0922566, 12.9749853 ], [ 109.0909086, 12.9747652 ], [ 109.0895049, 12.9745511 ], [ 109.0880895, 12.9743285 ], [ 109.0865331, 12.9740904 ], [ 109.0851719, 12.9738865 ], [ 109.0835676, 12.9736448 ], [ 109.08209, 12.9734222 ], [ 109.0803568, 12.9731282 ], [ 109.0786524, 12.9728994 ] ] } },
{ "type": "Feature", "properties": { "contextFeatureId": "VNM-S-004::transmission::way::1394576952", "projectId": "VNM-S-004", "projectName": "Hoa Hoi Solar Power Plant", "countryCode": "VNM", "osmType": "way", "osmId": 1394576952, "highway": null, "place": null, "power": "line", "landuse": null, "name": null, "voltage": "110000", "circuits": null, "cables": "3", "frequency": null, "substationTag": null, "lineTag": null, "operator": null, "location": null }, "geometry": { "type": "LineString", "coordinates": [ [ 109.0936256, 12.9752405 ], [ 109.09225, 12.9750821 ], [ 109.0908859, 12.9748584 ], [ 109.089489, 12.9746397 ], [ 109.0880688, 12.9744212 ], [ 109.0865237, 12.9741721 ], [ 109.085155, 12.9739719 ], [ 109.0835398, 12.9737374 ], [ 109.0820645, 12.9735233 ], [ 109.0803663, 12.9732257 ], [ 109.0786524, 12.9728994 ] ] } },
{ "type": "Feature", "properties": { "contextFeatureId": "VNM-S-004::transmission::way::1394576953", "projectId": "VNM-S-004", "projectName": "Hoa Hoi Solar Power Plant", "countryCode": "VNM", "osmType": "way", "osmId": 1394576953, "highway": null, "place": null, "power": "line", "landuse": null, "name": null, "voltage": "110000", "circuits": null, "cables": "6", "frequency": null, "substationTag": null, "lineTag": null, "operator": null, "location": null }, "geometry": { "type": "LineString", "coordinates": [ [ 109.0786524, 12.9728994 ], [ 109.0744544, 12.9722762 ] ] } },
{ "type": "Feature", "properties": { "contextFeatureId": "VNM-S-004::transmission::way::1395462618", "projectId": "VNM-S-004", "projectName": "Hoa Hoi Solar Power Plant", "countryCode": "VNM", "osmType": "way", "osmId": 1395462618, "highway": null, "place": null, "power": "line", "landuse": null, "name": null, "voltage": "110000", "circuits": null, "cables": "3", "frequency": null, "substationTag": null, "lineTag": null, "operator": null, "location": null }, "geometry": { "type": "LineString", "coordinates": [ [ 109.2064922, 13.0082757 ], [ 109.2036048, 13.0128321 ] ] } },
{ "type": "Feature", "properties": { "contextFeatureId": "VNM-S-004::transmission::way::1395462619", "projectId": "VNM-S-004", "projectName": "Hoa Hoi Solar Power Plant", "countryCode": "VNM", "osmType": "way", "osmId": 1395462619, "highway": null, "place": null, "power": "line", "landuse": null, "name": null, "voltage": "110000", "circuits": null, "cables": "3", "frequency": null, "substationTag": null, "lineTag": null, "operator": null, "location": null }, "geometry": { "type": "LineString", "coordinates": [ [ 109.2036048, 13.0128321 ], [ 109.2015249, 13.0159771 ], [ 109.2015735, 13.0176947 ] ] } },
{ "type": "Feature", "properties": { "contextFeatureId": "VNM-S-004::transmission::way::1395462620", "projectId": "VNM-S-004", "projectName": "Hoa Hoi Solar Power Plant", "countryCode": "VNM", "osmType": "way", "osmId": 1395462620, "highway": null, "place": null, "power": "line", "landuse": null, "name": null, "voltage": "110000", "circuits": null, "cables": "3", "frequency": null, "substationTag": null, "lineTag": null, "operator": null, "location": null }, "geometry": { "type": "LineString", "coordinates": [ [ 109.2036048, 13.0128321 ], [ 109.2016291, 13.0160492 ], [ 109.2015735, 13.0176947 ] ] } },
{ "type": "Feature", "properties": { "contextFeatureId": "VNM-S-004::transmission::way::1395462621", "projectId": "VNM-S-004", "projectName": "Hoa Hoi Solar Power Plant", "countryCode": "VNM", "osmType": "way", "osmId": 1395462621, "highway": null, "place": null, "power": "line", "landuse": null, "name": null, "voltage": "110000", "circuits": null, "cables": "3", "frequency": null, "substationTag": null, "lineTag": null, "operator": null, "location": null }, "geometry": { "type": "LineString", "coordinates": [ [ 109.2015735, 13.0176947 ], [ 109.2030246, 13.0185432 ], [ 109.2038885, 13.0190828 ], [ 109.2047721, 13.019587 ], [ 109.2059338, 13.0202942 ], [ 109.2075287, 13.0212407 ], [ 109.2083854, 13.0217492 ], [ 109.2092743, 13.0222889 ], [ 109.2105526, 13.0230924 ], [ 109.2120432, 13.0245723 ], [ 109.2133381, 13.0259428 ], [ 109.2148703, 13.0259823 ], [ 109.2164311, 13.0260309 ], [ 109.2173713, 13.0260925 ], [ 109.2183713, 13.0261121 ], [ 109.2210378, 13.0261892 ], [ 109.2219207, 13.0273442 ], [ 109.2227826, 13.0284718 ], [ 109.2237192, 13.0297705 ], [ 109.2247345, 13.0310409 ], [ 109.2255885, 13.032209 ], [ 109.2263978, 13.0333048 ], [ 109.2277729, 13.0341581 ], [ 109.22913, 13.0350571 ], [ 109.2304026, 13.035876 ], [ 109.2314846, 13.0365714 ], [ 109.233639, 13.0379533 ], [ 109.2344956, 13.0384996 ], [ 109.2360311, 13.0394678 ], [ 109.2370003, 13.040099 ], [ 109.2381077, 13.0408266 ], [ 109.2395135, 13.041704 ], [ 109.2403768, 13.0425617 ], [ 109.2416623, 13.0438324 ], [ 109.2429619, 13.0451106 ], [ 109.2439216, 13.0460494 ], [ 109.2450695, 13.04721 ], [ 109.246292, 13.0484217 ], [ 109.2477633, 13.0498429 ], [ 109.2489253, 13.0509963 ], [ 109.2502122, 13.052287 ], [ 109.2513496, 13.0534115 ], [ 109.2528017, 13.0542122 ], [ 109.2541698, 13.054967 ], [ 109.2552959, 13.0556032 ], [ 109.2571932, 13.0566488 ], [ 109.2582902, 13.0580866 ], [ 109.2592468, 13.0593181 ], [ 109.2604645, 13.0609099 ], [ 109.2627226, 13.0637824 ], [ 109.2634996, 13.0648119 ], [ 109.2648322, 13.0659742 ], [ 109.2661055, 13.0670379 ], [ 109.2673713, 13.0681236 ], [ 109.2686749, 13.0692246 ], [ 109.2700214, 13.0703593 ], [ 109.2712499, 13.0714198 ], [ 109.2726552, 13.0725846 ], [ 109.2739436, 13.0736779 ], [ 109.2752199, 13.0747494 ], [ 109.2762209, 13.0755873 ], [ 109.2777331, 13.0768665 ], [ 109.2791893, 13.0780982 ], [ 109.2804967, 13.0791989 ], [ 109.2817731, 13.0802722 ], [ 109.2829785, 13.0813011 ], [ 109.2843524, 13.0824486 ], [ 109.2859567, 13.0838033 ], [ 109.2866791, 13.0853027 ], [ 109.28733, 13.086629 ], [ 109.2880427, 13.0881077 ], [ 109.2886175, 13.0892694 ], [ 109.2893235, 13.0907219 ], [ 109.2899736, 13.0911047 ] ] } },
{ "type": "Feature", "properties": { "contextFeatureId": "VNM-W-001::transmission::way::1462548662", "projectId": "VNM-W-001", "projectName": "Dien Bien 1 Wind Power Plant", "countryCode": "VNM", "osmType": "way", "osmId": 1462548662, "highway": null, "place": null, "power": "line", "landuse": null, "name": null, "voltage": null, "circuits": null, "cables": null, "frequency": null, "substationTag": null, "lineTag": null, "operator": null, "location": null }, "geometry": { "type": "LineString", "coordinates": [ [ 103.020809, 21.5740666 ], [ 103.0211962, 21.568579 ], [ 103.0199821, 21.5655497 ], [ 103.0171271, 21.558462 ], [ 103.0158331, 21.555215 ], [ 103.0150389, 21.5532391 ], [ 103.0149425, 21.5508175 ], [ 103.0148069, 21.5476819 ], [ 103.0146524, 21.5437767 ], [ 103.0145226, 21.5404905 ], [ 103.0134648, 21.5379477 ], [ 103.0126001, 21.5358922 ], [ 103.0130623, 21.534734 ], [ 103.0138099, 21.5329539 ], [ 103.0136724, 21.5300271 ], [ 103.0134987, 21.5263153 ], [ 103.0139652, 21.5237043 ], [ 103.0144466, 21.5208497 ], [ 103.0147383, 21.5192659 ], [ 103.0153704, 21.514452 ], [ 103.0161825, 21.5095923 ], [ 103.016771, 21.5054641 ], [ 103.0170554, 21.5035417 ], [ 103.0175489, 21.500537 ], [ 103.0203706, 21.4958153 ], [ 103.0217117, 21.4934045 ], [ 103.0217814, 21.4906443 ], [ 103.0262822, 21.4847892 ], [ 103.0254078, 21.4820537 ], [ 103.0243349, 21.4788639 ], [ 103.0243403, 21.4737621 ], [ 103.0242383, 21.4690546 ], [ 103.0241632, 21.4642071 ], [ 103.0241096, 21.4601482 ], [ 103.0251557, 21.4561491 ], [ 103.0262822, 21.4515558 ], [ 103.0272746, 21.4474816 ], [ 103.0281275, 21.4439116 ], [ 103.0294847, 21.4388286 ], [ 103.0335081, 21.4353333 ], [ 103.0354607, 21.4335656 ], [ 103.0405033, 21.4292512 ], [ 103.0427295, 21.4272838 ], [ 103.0454492, 21.4249817 ], [ 103.050288, 21.4204972 ], [ 103.0485284, 21.4175259 ], [ 103.0461842, 21.4138053 ], [ 103.0460769, 21.4113682 ], [ 103.0478257, 21.4100597 ], [ 103.0505294, 21.4100797 ], [ 103.0523694, 21.4067734 ], [ 103.0531686, 21.406309 ], [ 103.0538446, 21.4056347 ], [ 103.0537909, 21.3985675 ], [ 103.052997, 21.396215 ] ] } },
{ "type": "Feature", "properties": { "contextFeatureId": "VNM-W-001::transmission::way::1462548663", "projectId": "VNM-W-001", "projectName": "Dien Bien 1 Wind Power Plant", "countryCode": "VNM", "osmType": "way", "osmId": 1462548663, "highway": null, "place": null, "power": "line", "landuse": null, "name": null, "voltage": null, "circuits": null, "cables": null, "frequency": null, "substationTag": null, "lineTag": null, "operator": null, "location": null }, "geometry": { "type": "LineString", "coordinates": [ [ 103.0363405, 21.4075576 ], [ 103.0370325, 21.407178 ], [ 103.0393821, 21.406259 ], [ 103.0468306, 21.3983727 ] ] } },
{ "type": "Feature", "properties": { "contextFeatureId": "VNM-W-001::transmission::way::1462548664", "projectId": "VNM-W-001", "projectName": "Dien Bien 1 Wind Power Plant", "countryCode": "VNM", "osmType": "way", "osmId": 1462548664, "highway": null, "place": null, "power": "line", "landuse": null, "name": null, "voltage": null, "circuits": null, "cables": null, "frequency": null, "substationTag": null, "lineTag": null, "operator": null, "location": null }, "geometry": { "type": "LineString", "coordinates": [ [ 103.0125305, 21.2771329 ], [ 103.0127397, 21.2768005 ], [ 103.0130401, 21.2779977 ], [ 103.0142337, 21.2799622 ], [ 103.0155185, 21.2820416 ], [ 103.0166772, 21.2838786 ], [ 103.0178654, 21.2858555 ], [ 103.0178171, 21.2873625 ], [ 103.0177367, 21.2900216 ], [ 103.0176911, 21.2916861 ], [ 103.0176482, 21.2939203 ], [ 103.0176133, 21.2963094 ], [ 103.0175382, 21.2987634 ], [ 103.0174684, 21.30111 ], [ 103.0174014, 21.3035065 ], [ 103.0173504, 21.3060954 ], [ 103.01727, 21.3085917 ], [ 103.0172083, 21.3110631 ], [ 103.0171815, 21.3126198 ], [ 103.0166021, 21.3148537 ], [ 103.0159128, 21.3174424 ], [ 103.0153173, 21.3197337 ], [ 103.0147728, 21.3217451 ], [ 103.0141935, 21.3239188 ], [ 103.0135927, 21.3262 ], [ 103.0129972, 21.3283912 ], [ 103.0129865, 21.3306499 ], [ 103.0129194, 21.3328435 ], [ 103.0128443, 21.335172 ], [ 103.0128068, 21.3375455 ], [ 103.0127585, 21.339839 ], [ 103.0126941, 21.3421424 ], [ 103.0126244, 21.3443808 ], [ 103.0126136, 21.3460546 ], [ 103.0125385, 21.348333 ], [ 103.0124903, 21.3506662 ], [ 103.0124366, 21.3525049 ], [ 103.0133057, 21.3544534 ], [ 103.0141962, 21.3565717 ], [ 103.0151939, 21.3587749 ], [ 103.0160254, 21.3606085 ], [ 103.0170071, 21.3628366 ], [ 103.0179191, 21.3649498 ], [ 103.0196303, 21.36477 ], [ 103.0229992, 21.3636909 ], [ 103.0300668, 21.3627392 ], [ 103.0336449, 21.3628541 ], [ 103.0338836, 21.365954 ], [ 103.033905, 21.3695209 ], [ 103.0350423, 21.3738171 ], [ 103.0363566, 21.3749261 ], [ 103.0365121, 21.3759201 ], [ 103.0385292, 21.3766694 ], [ 103.0406481, 21.3776635 ], [ 103.0405408, 21.3822292 ], [ 103.0437326, 21.3902862 ], [ 103.043974, 21.3925788 ], [ 103.0434215, 21.3948165 ], [ 103.0405918, 21.4030626 ], [ 103.0400178, 21.404531 ], [ 103.0364639, 21.4070306 ], [ 103.0360401, 21.4074876 ] ] } }
]
}
