{
"type": "FeatureCollection",
"name": "context_settlements",
"crs": { "type": "name", "properties": { "name": "urn:ogc:def:crs:OGC:1.3:CRS84" } },
"features": [
{ "type": "Feature", "properties": { "contextFeatureId": "IDN-W-001::settlements::node::1256313302", "projectId": "IDN-W-001", "projectName": "Sidrap I Wind Power Plant", "countryCode": "IDN", "osmType": "node", "osmId": 1256313302, "highway": null, "place": "city", "power": null, "landuse": null, "name": "Pare Pare", "voltage": null, "circuits": null, "cables": null, "frequency": null, "substationTag": null, "lineTag": null, "operator": null, "location": null }, "geometry": { "type": "Point", "coordinates": [ 119.6236101, -4.0057055 ] } },
{ "type": "Feature", "properties": { "contextFeatureId": "IDN-W-001::settlements::node::1271818461", "projectId": "IDN-W-001", "projectName": "Sidrap I Wind Power Plant", "countryCode": "IDN", "osmType": "node", "osmId": 1271818461, "highway": null, "place": "village", "power": null, "landuse": null, "name": "Wiringtasi", "voltage": null, "circuits": null, "cables": null, "frequency": null, "substationTag": null, "lineTag": null, "operator": null, "location": null }, "geometry": { "type": "Point", "coordinates": [ 119.5853718, -3.9928625 ] } },
{ "type": "Feature", "properties": { "contextFeatureId": "IDN-W-001::settlements::node::1271818487", "projectId": "IDN-W-001", "projectName": "Sidrap I Wind Power Plant", "countryCode": "IDN", "osmType": "node", "osmId": 1271818487, "highway": null, "place": "village", "power": null, "landuse": null, "name": "Lautang Benteng", "voltage": null, "circuits": null, "cables": null, "frequency": null, "substationTag": null, "lineTag": null, "operator": null, "location": null }, "geometry": { "type": "Point", "coordinates": [ 119.8236437, -3.9435304 ] } },
{ "type": "Feature", "properties": { "contextFeatureId": "IDN-W-001::settlements::node::1271818523", "projectId": "IDN-W-001", "projectName": "Sidrap I Wind Power Plant", "countryCode": "IDN", "osmType": "node", "osmId": 1271818523, "highway": null, "place": "village", "power": null, "landuse": null, "name": "Wattang Soreang", "voltage": null, "circuits": null, "cables": null, "frequency": null, "substationTag": null, "lineTag": null, "operator": null, "location": null }, "geometry": { "type": "Point", "coordinates": [ 119.6357042, -3.9834026 ] } },
{ "type": "Feature", "properties": { "contextFeatureId": "IDN-W-001::settlements::node::1271818600", "projectId": "IDN-W-001", "projectName": "Sidrap I Wind Power Plant", "countryCode": "IDN", "osmType": "node", "osmId": 1271818600, "highway": null, "place": "village", "power": null, "landuse": null, "name": "Lapadde", "voltage": null, "circuits": null, "cables": null, "frequency": null, "substationTag": null, "lineTag": null, "operator": null, "location": null }, "geometry": { "type": "Point", "coordinates": [ 119.658803, -3.9889825 ] } },
{ "type": "Feature", "properties": { "contextFeatureId": "IDN-W-001::settlements::node::1271818616", "projectId": "IDN-W-001", "projectName": "Sidrap I Wind Power Plant", "countryCode": "IDN", "osmType": "node", "osmId": 1271818616, "highway": null, "place": "village", "power": null, "landuse": null, "name": "Cenrana", "voltage": null, "circuits": null, "cables": null, "frequency": null, "substationTag": null, "lineTag": null, "operator": null, "location": null }, "geometry": { "type": "Point", "coordinates": [ 119.7606161, -4.097589 ] } },
{ "type": "Feature", "properties": { "contextFeatureId": "IDN-W-001::settlements::node::1271818627", "projectId": "IDN-W-001", "projectName": "Sidrap I Wind Power Plant", "countryCode": "IDN", "osmType": "node", "osmId": 1271818627, "highway": null, "place": "village", "power": null, "landuse": null, "name": "Ujung Labuang", "voltage": null, "circuits": null, "cables": null, "frequency": null, "substationTag": null, "lineTag": null, "operator": null, "location": null }, "geometry": { "type": "Point", "coordinates": [ 119.5965391, -4.0142454 ] } },
{ "type": "Feature", "properties": { "contextFeatureId": "IDN-W-001::settlements::node::1271818660", "projectId": "IDN-W-001", "projectName": "Sidrap I Wind Power Plant", "countryCode": "IDN", "osmType": "node", "osmId": 1271818660, "highway": null, "place": "village", "power": null, "landuse": null, "name": "Lise", "voltage": null, "circuits": null, "cables": null, "frequency": null, "substationTag": null, "lineTag": null, "operator": null, "location": null }, "geometry": { "type": "Point", "coordinates": [ 119.8409924, -4.0234766 ] } },
{ "type": "Feature", "properties": { "contextFeatureId": "IDN-W-001::settlements::node::1271818678", "projectId": "IDN-W-001", "projectName": "Sidrap I Wind Power Plant", "countryCode": "IDN", "osmType": "node", "osmId": 1271818678, "highway": null, "place": "village", "power": null, "landuse": null, "name": "Cappagalung", "voltage": null, "circuits": null, "cables": null, "frequency": null, "substationTag": null, "lineTag": null, "operator": null, "location": null }, "geometry": { "type": "Point", "coordinates": [ 119.6293171, -4.0334661 ] } },
{ "type": "Feature", "properties": { "contextFeatureId": "IDN-W-001::settlements::node::1271818746", "projectId": "IDN-W-001", "projectName": "Sidrap I Wind Power Plant", "countryCode": "IDN", "osmType": "node", "osmId": 1271818746, "highway": null, "place": "village", "power": null, "landuse": null, "name": "Bukit Harapan", "voltage": null, "circuits": null, "cables": null, "frequency": null, "substationTag": null, "lineTag": null, "operator": null, "location": null }, "geometry": { "type": "Point", "coordinates": [ 119.6507761, -3.9705394 ] } },
{ "type": "Feature", "properties": { "contextFeatureId": "IDN-W-001::settlements::node::1271818888", "projectId": "IDN-W-001", "projectName": "Sidrap I Wind Power Plant", "countryCode": "IDN", "osmType": "node", "osmId": 1271818888, "highway": null, "place": "village", "power": null, "landuse": null, "name": "Upt Massepe", "voltage": null, "circuits": null, "cables": null, "frequency": null, "substationTag": null, "lineTag": null, "operator": null, "location": null }, "geometry": { "type": "Point", "coordinates": [ 119.7533534, -4.0325404 ] } },
{ "type": "Feature", "properties": { "contextFeatureId": "IDN-W-001::settlements::node::1271818939", "projectId": "IDN-W-001", "projectName": "Sidrap I Wind Power Plant", "countryCode": "IDN", "osmType": "node", "osmId": 1271818939, "highway": null, "place": "village", "power": null, "landuse": null, "name": "Pajalele", "voltage": null, "circuits": null, "cables": null, "frequency": null, "substationTag": null, "lineTag": null, "operator": null, "location": null }, "geometry": { "type": "Point", "coordinates": [ 119.77501, -4.0284295 ] } },
{ "type": "Feature", "properties": { "contextFeatureId": "IDN-W-001::settlements::node::1271818969", "projectId": "IDN-W-001", "projectName": "Sidrap I Wind Power Plant", "countryCode": "IDN", "osmType": "node", "osmId": 1271818969, "highway": null, "place": "village", "power": null, "landuse": null, "name": "Mattirotasi", "voltage": null, "circuits": null, "cables": null, "frequency": null, "substationTag": null, "lineTag": null, "operator": null, "location": null }, "geometry": { "type": "Point", "coordinates": [ 119.7023453, -3.9913827 ] } },
{ "type": "Feature", "properties": { "contextFeatureId": "IDN-W-001::settlements::node::1271818978", "projectId": "IDN-W-001", "projectName": "Sidrap I Wind Power Plant", "countryCode": "IDN", "osmType": "node", "osmId": 1271818978, "highway": null, "place": "village", "power": null, "landuse": null, "name": "Wattang Bacukiki", "voltage": null, "circuits": null, "cables": null, "frequency": null, "substationTag": null, "lineTag": null, "operator": null, "location": null }, "geometry": { "type": "Point", "coordinates": [ 119.6783574, -4.0626197 ] } },
{ "type": "Feature", "properties": { "contextFeatureId": "IDN-W-001::settlements::node::1271819027", "projectId": "IDN-W-001", "projectName": "Sidrap I Wind Power Plant", "countryCode": "IDN", "osmType": "node", "osmId": 1271819027, "highway": null, "place": "village", "power": null, "landuse": null, "name": "Pannanrang", "voltage": null, "circuits": null, "cables": null, "frequency": null, "substationTag": null, "lineTag": null, "operator": null, "location": null }, "geometry": { "type": "Point", "coordinates": [ 119.6397447, -3.8894527 ] } },
{ "type": "Feature", "properties": { "contextFeatureId": "IDN-W-001::settlements::node::1271819047", "projectId": "IDN-W-001", "projectName": "Sidrap I Wind Power Plant", "countryCode": "IDN", "osmType": "node", "osmId": 1271819047, "highway": null, "place": "village", "power": null, "landuse": null, "name": "Tanete", "voltage": null, "circuits": null, "cables": null, "frequency": null, "substationTag": null, "lineTag": null, "operator": null, "location": null }, "geometry": { "type": "Point", "coordinates": [ 119.7848438, -3.9443472 ] } },
{ "type": "Feature", "properties": { "contextFeatureId": "IDN-W-001::settlements::node::1271819134", "projectId": "IDN-W-001", "projectName": "Sidrap I Wind Power Plant", "countryCode": "IDN", "osmType": "node", "osmId": 1271819134, "highway": null, "place": "village", "power": null, "landuse": null, "name": "Lemoe", "voltage": null, "circuits": null, "cables": null, "frequency": null, "substationTag": null, "lineTag": null, "operator": null, "location": null }, "geometry": { "type": "Point", "coordinates": [ 119.6770096, -4.030275 ] } },
{ "type": "Feature", "properties": { "contextFeatureId": "IDN-W-001::settlements::node::1271819416", "projectId": "IDN-W-001", "projectName": "Sidrap I Wind Power Plant", "countryCode": "IDN", "osmType": "node", "osmId": 1271819416, "highway": null, "place": "village", "power": null, "landuse": null, "name": "Ciro-Ciroe", "voltage": null, "circuits": null, "cables": null, "frequency": null, "substationTag": null, "lineTag": null, "operator": null, "location": null }, "geometry": { "type": "Point", "coordinates": [ 119.748733, -3.8895036 ] } },
{ "type": "Feature", "properties": { "contextFeatureId": "IDN-W-001::settlements::node::1271819450", "projectId": "IDN-W-001", "projectName": "Sidrap I Wind Power Plant", "countryCode": "IDN", "osmType": "node", "osmId": 1271819450, "highway": null, "place": "village", "power": null, "landuse": null, "name": "Sumpang Minangae", "voltage": null, "circuits": null, "cables": null, "frequency": null, "substationTag": null, "lineTag": null, "operator": null, "location": null }, "geometry": { "type": "Point", "coordinates": [ 119.6331159, -4.0408084 ] } },
{ "type": "Feature", "properties": { "contextFeatureId": "IDN-W-001::settlements::node::1271819464", "projectId": "IDN-W-001", "projectName": "Sidrap I Wind Power Plant", "countryCode": "IDN", "osmType": "node", "osmId": 1271819464, "highway": null, "place": "village", "power": null, "landuse": null, "name": "Arateng", "voltage": null, "circuits": null, "cables": null, "frequency": null, "substationTag": null, "lineTag": null, "operator": null, "location": null }, "geometry": { "type": "Point", "coordinates": [ 119.801085, -3.9768171 ] } },
{ "type": "Feature", "properties": { "contextFeatureId": "IDN-W-001::settlements::node::1271819503", "projectId": "IDN-W-001", "projectName": "Sidrap I Wind Power Plant", "countryCode": "IDN", "osmType": "node", "osmId": 1271819503, "highway": null, "place": "village", "power": null, "landuse": null, "name": "Polewali", "voltage": null, "circuits": null, "cables": null, "frequency": null, "substationTag": null, "lineTag": null, "operator": null, "location": null }, "geometry": { "type": "Point", "coordinates": [ 119.8027479, -4.0261728 ] } },
{ "type": "Feature", "properties": { "contextFeatureId": "IDN-W-001::settlements::node::1271819512", "projectId": "IDN-W-001", "projectName": "Sidrap I Wind Power Plant", "countryCode": "IDN", "osmType": "node", "osmId": 1271819512, "highway": null, "place": "village", "power": null, "landuse": null, "name": "Lero", "voltage": null, "circuits": null, "cables": null, "frequency": null, "substationTag": null, "lineTag": null, "operator": null, "location": null }, "geometry": { "type": "Point", "coordinates": [ 119.5887734, -4.0264336 ] } },
{ "type": "Feature", "properties": { "contextFeatureId": "IDN-W-001::settlements::node::1271819520", "projectId": "IDN-W-001", "projectName": "Sidrap I Wind Power Plant", "countryCode": "IDN", "osmType": "node", "osmId": 1271819520, "highway": null, "place": "village", "power": null, "landuse": null, "name": "Bangkai", "voltage": null, "circuits": null, "cables": null, "frequency": null, "substationTag": null, "lineTag": null, "operator": null, "location": null }, "geometry": { "type": "Point", "coordinates": [ 119.7291748, -3.8901581 ] } },
{ "type": "Feature", "properties": { "contextFeatureId": "IDN-W-001::settlements::node::1271819534", "projectId": "IDN-W-001", "projectName": "Sidrap I Wind Power Plant", "countryCode": "IDN", "osmType": "node", "osmId": 1271819534, "highway": null, "place": "village", "power": null, "landuse": null, "name": "Bumi Harapan", "voltage": null, "circuits": null, "cables": null, "frequency": null, "substationTag": null, "lineTag": null, "operator": null, "location": null }, "geometry": { "type": "Point", "coordinates": [ 119.6423279, -4.0294244 ] } },
{ "type": "Feature", "properties": { "contextFeatureId": "IDN-W-001::settlements::node::1271819557", "projectId": "IDN-W-001", "projectName": "Sidrap I Wind Power Plant", "countryCode": "IDN", "osmType": "node", "osmId": 1271819557, "highway": null, "place": "village", "power": null, "landuse": null, "name": "Lakessi", "voltage": null, "circuits": null, "cables": null, "frequency": null, "substationTag": null, "lineTag": null, "operator": null, "location": null }, "geometry": { "type": "Point", "coordinates": [ 119.6318462, -4.003271 ] } },
{ "type": "Feature", "properties": { "contextFeatureId": "IDN-W-001::settlements::node::1271819585", "projectId": "IDN-W-001", "projectName": "Sidrap I Wind Power Plant", "countryCode": "IDN", "osmType": "node", "osmId": 1271819585, "highway": null, "place": "village", "power": null, "landuse": null, "name": "Mallusetasi", "voltage": null, "circuits": null, "cables": null, "frequency": null, "substationTag": null, "lineTag": null, "operator": null, "location": null }, "geometry": { "type": "Point", "coordinates": [ 119.6241451, -4.0184466 ] } },
{ "type": "Feature", "properties": { "contextFeatureId": "IDN-W-001::settlements::node::1271819603", "projectId": "IDN-W-001", "projectName": "Sidrap I Wind Power Plant", "countryCode": "IDN", "osmType": "node", "osmId": 1271819603, "highway": null, "place": "village", "power": null, "landuse": null, "name": "Ujung Labuang", "voltage": null, "circuits": null, "cables": null, "frequency": null, "substationTag": null, "lineTag": null, "operator": null, "location": null }, "geometry": { "type": "Point", "coordinates": [ 119.6070692, -3.9992663 ] } },
{ "type": "Feature", "properties": { "contextFeatureId": "IDN-W-001::settlements::node::1271819605", "projectId": "IDN-W-001", "projectName": "Sidrap I Wind Power Plant", "countryCode": "IDN", "osmType": "node", "osmId": 1271819605, "highway": null, "place": "village", "power": null, "landuse": null, "name": "Carawali", "voltage": null, "circuits": null, "cables": null, "frequency": null, "substationTag": null, "lineTag": null, "operator": null, "location": null }, "geometry": { "type": "Point", "coordinates": [ 119.7729487, -3.887681 ] } },
{ "type": "Feature", "properties": { "contextFeatureId": "IDN-W-001::settlements::node::1271819644", "projectId": "IDN-W-001", "projectName": "Sidrap I Wind Power Plant", "countryCode": "IDN", "osmType": "node", "osmId": 1271819644, "highway": null, "place": "village", "power": null, "landuse": null, "name": "Lumpue", "voltage": null, "circuits": null, "cables": null, "frequency": null, "substationTag": null, "lineTag": null, "operator": null, "location": null }, "geometry": { "type": "Point", "coordinates": [ 119.6358441, -4.0588791 ] } },
{ "type": "Feature", "properties": { "contextFeatureId": "IDN-W-001::settlements::node::1271819696", "projectId": "IDN-W-001", "projectName": "Sidrap I Wind Power Plant", "countryCode": "IDN", "osmType": "node", "osmId": 1271819696, "highway": null, "place": "village", "power": null, "landuse": null, "name": "Tiro Sompe", "voltage": null, "circuits": null, "cables": null, "frequency": null, "substationTag": null, "lineTag": null, "operator": null, "location": null }, "geometry": { "type": "Point", "coordinates": [ 119.6319597, -4.0272013 ] } },
{ "type": "Feature", "properties": { "contextFeatureId": "IDN-W-001::settlements::node::1271819707", "projectId": "IDN-W-001", "projectName": "Sidrap I Wind Power Plant", "countryCode": "IDN", "osmType": "node", "osmId": 1271819707, "highway": null, "place": "village", "power": null, "landuse": null, "name": "Majelling Watang", "voltage": null, "circuits": null, "cables": null, "frequency": null, "substationTag": null, "lineTag": null, "operator": null, "location": null }, "geometry": { "type": "Point", "coordinates": [ 119.7757572, -3.9107248 ] } },
{ "type": "Feature", "properties": { "contextFeatureId": "IDN-W-001::settlements::node::1271819721", "projectId": "IDN-W-001", "projectName": "Sidrap I Wind Power Plant", "countryCode": "IDN", "osmType": "node", "osmId": 1271819721, "highway": null, "place": "village", "power": null, "landuse": null, "name": "Maritengngae", "voltage": null, "circuits": null, "cables": null, "frequency": null, "substationTag": null, "lineTag": null, "operator": null, "location": null }, "geometry": { "type": "Point", "coordinates": [ 119.5908549, -3.9454794 ] } },
{ "type": "Feature", "properties": { "contextFeatureId": "IDN-W-001::settlements::node::1271819726", "projectId": "IDN-W-001", "projectName": "Sidrap I Wind Power Plant", "countryCode": "IDN", "osmType": "node", "osmId": 1271819726, "highway": null, "place": "village", "power": null, "landuse": null, "name": "Ujung Sabbang", "voltage": null, "circuits": null, "cables": null, "frequency": null, "substationTag": null, "lineTag": null, "operator": null, "location": null }, "geometry": { "type": "Point", "coordinates": [ 119.6233666, -4.0086818 ] } },
{ "type": "Feature", "properties": { "contextFeatureId": "IDN-W-001::settlements::node::1271819745", "projectId": "IDN-W-001", "projectName": "Sidrap I Wind Power Plant", "countryCode": "IDN", "osmType": "node", "osmId": 1271819745, "highway": null, "place": "village", "power": null, "landuse": null, "name": "Lawawoi", "voltage": null, "circuits": null, "cables": null, "frequency": null, "substationTag": null, "lineTag": null, "operator": null, "location": null }, "geometry": { "type": "Point", "coordinates": [ 119.710845, -3.9116736 ] } },
{ "type": "Feature", "properties": { "contextFeatureId": "IDN-W-001::settlements::node::1271819760", "projectId": "IDN-W-001", "projectName": "Sidrap I Wind Power Plant", "countryCode": "IDN", "osmType": "node", "osmId": 1271819760, "highway": null, "place": "village", "power": null, "landuse": null, "name": "Makkawaru", "voltage": null, "circuits": null, "cables": null, "frequency": null, "substationTag": null, "lineTag": null, "operator": null, "location": null }, "geometry": { "type": "Point", "coordinates": [ 119.6602442, -3.9175355 ] } },
{ "type": "Feature", "properties": { "contextFeatureId": "IDN-W-001::settlements::node::1271819762", "projectId": "IDN-W-001", "projectName": "Sidrap I Wind Power Plant", "countryCode": "IDN", "osmType": "node", "osmId": 1271819762, "highway": null, "place": "village", "power": null, "landuse": null, "name": "Massepe", "voltage": null, "circuits": null, "cables": null, "frequency": null, "substationTag": null, "lineTag": null, "operator": null, "location": null }, "geometry": { "type": "Point", "coordinates": [ 119.755035, -4.0348815 ] } },
{ "type": "Feature", "properties": { "contextFeatureId": "IDN-W-001::settlements::node::1271819801", "projectId": "IDN-W-001", "projectName": "Sidrap I Wind Power Plant", "countryCode": "IDN", "osmType": "node", "osmId": 1271819801, "highway": null, "place": "village", "power": null, "landuse": null, "name": "Wattang Pulu", "voltage": null, "circuits": null, "cables": null, "frequency": null, "substationTag": null, "lineTag": null, "operator": null, "location": null }, "geometry": { "type": "Point", "coordinates": [ 119.630475, -3.9142111 ] } },
{ "type": "Feature", "properties": { "contextFeatureId": "IDN-W-001::settlements::node::1271819931", "projectId": "IDN-W-001", "projectName": "Sidrap I Wind Power Plant", "countryCode": "IDN", "osmType": "node", "osmId": 1271819931, "highway": null, "place": "village", "power": null, "landuse": null, "name": "Watang Suppa", "voltage": null, "circuits": null, "cables": null, "frequency": null, "substationTag": null, "lineTag": null, "operator": null, "location": null }, "geometry": { "type": "Point", "coordinates": [ 119.6169428, -3.9516159 ] } },
{ "type": "Feature", "properties": { "contextFeatureId": "IDN-W-001::settlements::node::1271819936", "projectId": "IDN-W-001", "projectName": "Sidrap I Wind Power Plant", "countryCode": "IDN", "osmType": "node", "osmId": 1271819936, "highway": null, "place": "village", "power": null, "landuse": null, "name": "Ujung Baru", "voltage": null, "circuits": null, "cables": null, "frequency": null, "substationTag": null, "lineTag": null, "operator": null, "location": null }, "geometry": { "type": "Point", "coordinates": [ 119.6372879, -4.0020543 ] } },
{ "type": "Feature", "properties": { "contextFeatureId": "IDN-W-001::settlements::node::1271819949", "projectId": "IDN-W-001", "projectName": "Sidrap I Wind Power Plant", "countryCode": "IDN", "osmType": "node", "osmId": 1271819949, "highway": null, "place": "village", "power": null, "landuse": null, "name": "Bojo Baru", "voltage": null, "circuits": null, "cables": null, "frequency": null, "substationTag": null, "lineTag": null, "operator": null, "location": null }, "geometry": { "type": "Point", "coordinates": [ 119.6714779, -4.0827644 ] } },
{ "type": "Feature", "properties": { "contextFeatureId": "IDN-W-001::settlements::node::1271819969", "projectId": "IDN-W-001", "projectName": "Sidrap I Wind Power Plant", "countryCode": "IDN", "osmType": "node", "osmId": 1271819969, "highway": null, "place": "village", "power": null, "landuse": null, "name": "Corawali", "voltage": null, "circuits": null, "cables": null, "frequency": null, "substationTag": null, "lineTag": null, "operator": null, "location": null }, "geometry": { "type": "Point", "coordinates": [ 119.7804165, -4.0557824 ] } },
{ "type": "Feature", "properties": { "contextFeatureId": "IDN-W-001::settlements::node::1271819996", "projectId": "IDN-W-001", "projectName": "Sidrap I Wind Power Plant", "countryCode": "IDN", "osmType": "node", "osmId": 1271819996, "highway": null, "place": "village", "power": null, "landuse": null, "name": "Lompoe", "voltage": null, "circuits": null, "cables": null, "frequency": null, "substationTag": null, "lineTag": null, "operator": null, "location": null }, "geometry": { "type": "Point", "coordinates": [ 119.6534936, -4.0128918 ] } },
{ "type": "Feature", "properties": { "contextFeatureId": "IDN-W-001::settlements::node::1271820029", "projectId": "IDN-W-001", "projectName": "Sidrap I Wind Power Plant", "countryCode": "IDN", "osmType": "node", "osmId": 1271820029, "highway": null, "place": "village", "power": null, "landuse": null, "name": "Alitta", "voltage": null, "circuits": null, "cables": null, "frequency": null, "substationTag": null, "lineTag": null, "operator": null, "location": null }, "geometry": { "type": "Point", "coordinates": [ 119.688972, -3.8906128 ] } },
{ "type": "Feature", "properties": { "contextFeatureId": "IDN-W-001::settlements::node::1271820082", "projectId": "IDN-W-001", "projectName": "Sidrap I Wind Power Plant", "countryCode": "IDN", "osmType": "node", "osmId": 1271820082, "highway": null, "place": "village", "power": null, "landuse": null, "name": "Majjelling", "voltage": null, "circuits": null, "cables": null, "frequency": null, "substationTag": null, "lineTag": null, "operator": null, "location": null }, "geometry": { "type": "Point", "coordinates": [ 119.7984396, -3.9158746 ] } },
{ "type": "Feature", "properties": { "contextFeatureId": "IDN-W-001::settlements::node::1271820092", "projectId": "IDN-W-001", "projectName": "Sidrap I Wind Power Plant", "countryCode": "IDN", "osmType": "node", "osmId": 1271820092, "highway": null, "place": "village", "power": null, "landuse": null, "name": "Polewali", "voltage": null, "circuits": null, "cables": null, "frequency": null, "substationTag": null, "lineTag": null, "operator": null, "location": null }, "geometry": { "type": "Point", "coordinates": [ 119.600341, -3.921397 ] } },
{ "type": "Feature", "properties": { "contextFeatureId": "IDN-W-001::settlements::node::1271820098", "projectId": "IDN-W-001", "projectName": "Sidrap I Wind Power Plant", "countryCode": "IDN", "osmType": "node", "osmId": 1271820098, "highway": null, "place": "village", "power": null, "landuse": null, "name": "Ujung Lare", "voltage": null, "circuits": null, "cables": null, "frequency": null, "substationTag": null, "lineTag": null, "operator": null, "location": null }, "geometry": { "type": "Point", "coordinates": [ 119.6398883, -4.0031876 ] } },
{ "type": "Feature", "properties": { "contextFeatureId": "IDN-W-001::settlements::node::1271820197", "projectId": "IDN-W-001", "projectName": "Sidrap I Wind Power Plant", "countryCode": "IDN", "osmType": "node", "osmId": 1271820197, "highway": null, "place": "village", "power": null, "landuse": null, "name": "Allakuang", "voltage": null, "circuits": null, "cables": null, "frequency": null, "substationTag": null, "lineTag": null, "operator": null, "location": null }, "geometry": { "type": "Point", "coordinates": [ 119.7914502, -3.9659291 ] } },
{ "type": "Feature", "properties": { "contextFeatureId": "IDN-W-001::settlements::node::1271820201", "projectId": "IDN-W-001", "projectName": "Sidrap I Wind Power Plant", "countryCode": "IDN", "osmType": "node", "osmId": 1271820201, "highway": null, "place": "village", "power": null, "landuse": null, "name": "Upt Massepe", "voltage": null, "circuits": null, "cables": null, "frequency": null, "substationTag": null, "lineTag": null, "operator": null, "location": null }, "geometry": { "type": "Point", "coordinates": [ 119.7495375, -4.0243044 ] } },
{ "type": "Feature", "properties": { "contextFeatureId": "IDN-W-001::settlements::node::1271820318", "projectId": "IDN-W-001", "projectName": "Sidrap I Wind Power Plant", "countryCode": "IDN", "osmType": "node", "osmId": 1271820318, "highway": null, "place": "village", "power": null, "landuse": null, "name": "Uluale", "voltage": null, "circuits": null, "cables": null, "frequency": null, "substationTag": null, "lineTag": null, "operator": null, "location": null }, "geometry": { "type": "Point", "coordinates": [ 119.734146, -3.9318812 ] } },
{ "type": "Feature", "properties": { "contextFeatureId": "IDN-W-001::settlements::node::1271820339", "projectId": "IDN-W-001", "projectName": "Sidrap I Wind Power Plant", "countryCode": "IDN", "osmType": "node", "osmId": 1271820339, "highway": null, "place": "village", "power": null, "landuse": null, "name": "Bukit Indah", "voltage": null, "circuits": null, "cables": null, "frequency": null, "substationTag": null, "lineTag": null, "operator": null, "location": null }, "geometry": { "type": "Point", "coordinates": [ 119.6444259, -3.9926451 ] } },
{ "type": "Feature", "properties": { "contextFeatureId": "IDN-W-001::settlements::node::1271820346", "projectId": "IDN-W-001", "projectName": "Sidrap I Wind Power Plant", "countryCode": "IDN", "osmType": "node", "osmId": 1271820346, "highway": null, "place": "village", "power": null, "landuse": null, "name": "Wala", "voltage": null, "circuits": null, "cables": null, "frequency": null, "substationTag": null, "lineTag": null, "operator": null, "location": null }, "geometry": { "type": "Point", "coordinates": [ 119.8264416, -3.9236196 ] } },
{ "type": "Feature", "properties": { "contextFeatureId": "IDN-W-001::settlements::node::1271820366", "projectId": "IDN-W-001", "projectName": "Sidrap I Wind Power Plant", "countryCode": "IDN", "osmType": "node", "osmId": 1271820366, "highway": null, "place": "village", "power": null, "landuse": null, "name": "Lakessi", "voltage": null, "circuits": null, "cables": null, "frequency": null, "substationTag": null, "lineTag": null, "operator": null, "location": null }, "geometry": { "type": "Point", "coordinates": [ 119.7774602, -3.9247093 ] } },
{ "type": "Feature", "properties": { "contextFeatureId": "IDN-W-001::settlements::node::1271820406", "projectId": "IDN-W-001", "projectName": "Sidrap I Wind Power Plant", "countryCode": "IDN", "osmType": "node", "osmId": 1271820406, "highway": null, "place": "village", "power": null, "landuse": null, "name": "Rijang Pittu", "voltage": null, "circuits": null, "cables": null, "frequency": null, "substationTag": null, "lineTag": null, "operator": null, "location": null }, "geometry": { "type": "Point", "coordinates": [ 119.7965782, -3.9340304 ] } },
{ "type": "Feature", "properties": { "contextFeatureId": "IDN-W-001::settlements::node::1271820425", "projectId": "IDN-W-001", "projectName": "Sidrap I Wind Power Plant", "countryCode": "IDN", "osmType": "node", "osmId": 1271820425, "highway": null, "place": "village", "power": null, "landuse": null, "name": "Ujung Bulu", "voltage": null, "circuits": null, "cables": null, "frequency": null, "substationTag": null, "lineTag": null, "operator": null, "location": null }, "geometry": { "type": "Point", "coordinates": [ 119.6348139, -4.0105726 ] } },
{ "type": "Feature", "properties": { "contextFeatureId": "IDN-W-001::settlements::node::1271820435", "projectId": "IDN-W-001", "projectName": "Sidrap I Wind Power Plant", "countryCode": "IDN", "osmType": "node", "osmId": 1271820435, "highway": null, "place": "village", "power": null, "landuse": null, "name": "Arawa", "voltage": null, "circuits": null, "cables": null, "frequency": null, "substationTag": null, "lineTag": null, "operator": null, "location": null }, "geometry": { "type": "Point", "coordinates": [ 119.7478111, -3.9337247 ] } },
{ "type": "Feature", "properties": { "contextFeatureId": "IDN-W-001::settlements::node::1271820467", "projectId": "IDN-W-001", "projectName": "Sidrap I Wind Power Plant", "countryCode": "IDN", "osmType": "node", "osmId": 1271820467, "highway": null, "place": "village", "power": null, "landuse": null, "name": "Buae", "voltage": null, "circuits": null, "cables": null, "frequency": null, "substationTag": null, "lineTag": null, "operator": null, "location": null }, "geometry": { "type": "Point", "coordinates": [ 119.7438535, -3.9874433 ] } },
{ "type": "Feature", "properties": { "contextFeatureId": "IDN-W-001::settlements::node::1271820471", "projectId": "IDN-W-001", "projectName": "Sidrap I Wind Power Plant", "countryCode": "IDN", "osmType": "node", "osmId": 1271820471, "highway": null, "place": "village", "power": null, "landuse": null, "name": "Tellumpanua", "voltage": null, "circuits": null, "cables": null, "frequency": null, "substationTag": null, "lineTag": null, "operator": null, "location": null }, "geometry": { "type": "Point", "coordinates": [ 119.6364535, -3.9467633 ] } },
{ "type": "Feature", "properties": { "contextFeatureId": "IDN-W-001::settlements::node::1271820496", "projectId": "IDN-W-001", "projectName": "Sidrap I Wind Power Plant", "countryCode": "IDN", "osmType": "node", "osmId": 1271820496, "highway": null, "place": "village", "power": null, "landuse": null, "name": "Sereang", "voltage": null, "circuits": null, "cables": null, "frequency": null, "substationTag": null, "lineTag": null, "operator": null, "location": null }, "geometry": { "type": "Point", "coordinates": [ 119.8011344, -3.9056584 ] } },
{ "type": "Feature", "properties": { "contextFeatureId": "IDN-W-001::settlements::node::1271820507", "projectId": "IDN-W-001", "projectName": "Sidrap I Wind Power Plant", "countryCode": "IDN", "osmType": "node", "osmId": 1271820507, "highway": null, "place": "village", "power": null, "landuse": null, "name": "Kampung Pisang", "voltage": null, "circuits": null, "cables": null, "frequency": null, "substationTag": null, "lineTag": null, "operator": null, "location": null }, "geometry": { "type": "Point", "coordinates": [ 119.6276242, -4.0071872 ] } },
{ "type": "Feature", "properties": { "contextFeatureId": "IDN-W-001::settlements::node::1271820512", "projectId": "IDN-W-001", "projectName": "Sidrap I Wind Power Plant", "countryCode": "IDN", "osmType": "node", "osmId": 1271820512, "highway": null, "place": "village", "power": null, "landuse": null, "name": "Takkalasi", "voltage": null, "circuits": null, "cables": null, "frequency": null, "substationTag": null, "lineTag": null, "operator": null, "location": null }, "geometry": { "type": "Point", "coordinates": [ 119.7695242, -3.9616121 ] } },
{ "type": "Feature", "properties": { "contextFeatureId": "IDN-W-001::settlements::node::1271820523", "projectId": "IDN-W-001", "projectName": "Sidrap I Wind Power Plant", "countryCode": "IDN", "osmType": "node", "osmId": 1271820523, "highway": null, "place": "village", "power": null, "landuse": null, "name": "Kampung Baru", "voltage": null, "circuits": null, "cables": null, "frequency": null, "substationTag": null, "lineTag": null, "operator": null, "location": null }, "geometry": { "type": "Point", "coordinates": [ 119.6306388, -4.0211748 ] } },
{ "type": "Feature", "properties": { "contextFeatureId": "IDN-W-001::settlements::node::1271820539", "projectId": "IDN-W-001", "projectName": "Sidrap I Wind Power Plant", "countryCode": "IDN", "osmType": "node", "osmId": 1271820539, "highway": null, "place": "village", "power": null, "landuse": null, "name": "Teteaji", "voltage": null, "circuits": null, "cables": null, "frequency": null, "substationTag": null, "lineTag": null, "operator": null, "location": null }, "geometry": { "type": "Point", "coordinates": [ 119.7941468, -4.0158656 ] } },
{ "type": "Feature", "properties": { "contextFeatureId": "IDN-W-001::settlements::node::1271820796", "projectId": "IDN-W-001", "projectName": "Sidrap I Wind Power Plant", "countryCode": "IDN", "osmType": "node", "osmId": 1271820796, "highway": null, "place": "village", "power": null, "landuse": null, "name": "Bojo", "voltage": null, "circuits": null, "cables": null, "frequency": null, "substationTag": null, "lineTag": null, "operator": null, "location": null }, "geometry": { "type": "Point", "coordinates": [ 119.6586301, -4.0936224 ] } },
{ "type": "Feature", "properties": { "contextFeatureId": "IDN-W-001::settlements::node::1271820921", "projectId": "IDN-W-001", "projectName": "Sidrap I Wind Power Plant", "countryCode": "IDN", "osmType": "node", "osmId": 1271820921, "highway": null, "place": "village", "power": null, "landuse": null, "name": "Labukkang", "voltage": null, "circuits": null, "cables": null, "frequency": null, "substationTag": null, "lineTag": null, "operator": null, "location": null }, "geometry": { "type": "Point", "coordinates": [ 119.62859, -4.017221 ] } },
{ "type": "Feature", "properties": { "contextFeatureId": "IDN-W-001::settlements::node::1271821022", "projectId": "IDN-W-001", "projectName": "Sidrap I Wind Power Plant", "countryCode": "IDN", "osmType": "node", "osmId": 1271821022, "highway": null, "place": "village", "power": null, "landuse": null, "name": "Bilokka", "voltage": null, "circuits": null, "cables": null, "frequency": null, "substationTag": null, "lineTag": null, "operator": null, "location": null }, "geometry": { "type": "Point", "coordinates": [ 119.7938141, -4.0718089 ] } },
{ "type": "Feature", "properties": { "contextFeatureId": "IDN-W-001::settlements::node::1271821030", "projectId": "IDN-W-001", "projectName": "Sidrap I Wind Power Plant", "countryCode": "IDN", "osmType": "node", "osmId": 1271821030, "highway": null, "place": "village", "power": null, "landuse": null, "name": "Teppo", "voltage": null, "circuits": null, "cables": null, "frequency": null, "substationTag": null, "lineTag": null, "operator": null, "location": null }, "geometry": { "type": "Point", "coordinates": [ 119.7220848, -4.0439623 ] } },
{ "type": "Feature", "properties": { "contextFeatureId": "IDN-W-001::settlements::node::1271821221", "projectId": "IDN-W-001", "projectName": "Sidrap I Wind Power Plant", "countryCode": "IDN", "osmType": "node", "osmId": 1271821221, "highway": null, "place": "village", "power": null, "landuse": null, "name": "Benteng", "voltage": null, "circuits": null, "cables": null, "frequency": null, "substationTag": null, "lineTag": null, "operator": null, "location": null }, "geometry": { "type": "Point", "coordinates": [ 119.7493205, -3.8654369 ] } },
{ "type": "Feature", "properties": { "contextFeatureId": "IDN-W-001::settlements::node::1276479962", "projectId": "IDN-W-001", "projectName": "Sidrap I Wind Power Plant", "countryCode": "IDN", "osmType": "node", "osmId": 1276479962, "highway": null, "place": "village", "power": null, "landuse": null, "name": "Lainungan", "voltage": null, "circuits": null, "cables": null, "frequency": null, "substationTag": null, "lineTag": null, "operator": null, "location": null }, "geometry": { "type": "Point", "coordinates": [ 119.6876519, -3.9424096 ] } },
{ "type": "Feature", "properties": { "contextFeatureId": "IDN-W-001::settlements::node::2833618552", "projectId": "IDN-W-001", "projectName": "Sidrap I Wind Power Plant", "countryCode": "IDN", "osmType": "node", "osmId": 2833618552, "highway": null, "place": "town", "power": null, "landuse": null, "name": "Pangkajene", "voltage": null, "circuits": null, "cables": null, "frequency": null, "substationTag": null, "lineTag": null, "operator": null, "location": null }, "geometry": { "type": "Point", "coordinates": [ 119.8021777, -3.9257728 ] } },
{ "type": "Feature", "properties": { "contextFeatureId": "IDN-W-001::settlements::node::12535369399", "projectId": "IDN-W-001", "projectName": "Sidrap I Wind Power Plant", "countryCode": "IDN", "osmType": "node", "osmId": 12535369399, "highway": null, "place": "village", "power": null, "landuse": null, "name": "Galung Maloang", "voltage": null, "circuits": null, "cables": null, "frequency": null, "substationTag": null, "lineTag": null, "operator": null, "location": null }, "geometry": { "type": "Point", "coordinates": [ 119.6722954, -4.0034711 ] } },
{ "type": "Feature", "properties": { "contextFeatureId": "MYS-S-001::settlements::node::197010379", "projectId": "MYS-S-001", "projectName": "TNB Sepang Solar", "countryCode": "MYS", "osmType": "node", "osmId": 197010379, "highway": null, "place": "suburb", "power": null, "landuse": null, "name": "Teluk Datok", "voltage": null, "circuits": null, "cables": null, "frequency": null, "substationTag": null, "lineTag": null, "operator": null, "location": null }, "geometry": { "type": "Point", "coordinates": [ 101.5184631, 2.8180275 ] } },
{ "type": "Feature", "properties": { "contextFeatureId": "MYS-S-001::settlements::node::197013994", "projectId": "MYS-S-001", "projectName": "TNB Sepang Solar", "countryCode": "MYS", "osmType": "node", "osmId": 197013994, "highway": null, "place": "city", "power": null, "landuse": null, "name": "Banting", "voltage": null, "circuits": null, "cables": null, "frequency": null, "substationTag": null, "lineTag": null, "operator": null, "location": null }, "geometry": { "type": "Point", "coordinates": [ 101.4956767, 2.8027574 ] } },
{ "type": "Feature", "properties": { "contextFeatureId": "MYS-S-001::settlements::node::254072927", "projectId": "MYS-S-001", "projectName": "TNB Sepang Solar", "countryCode": "MYS", "osmType": "node", "osmId": 254072927, "highway": null, "place": "hamlet", "power": null, "landuse": null, "name": "Kanchong Laut", "voltage": null, "circuits": null, "cables": null, "frequency": null, "substationTag": null, "lineTag": null, "operator": null, "location": null }, "geometry": { "type": "Point", "coordinates": [ 101.4577546, 2.7228045 ] } },
{ "type": "Feature", "properties": { "contextFeatureId": "MYS-S-001::settlements::node::254072933", "projectId": "MYS-S-001", "projectName": "TNB Sepang Solar", "countryCode": "MYS", "osmType": "node", "osmId": 254072933, "highway": null, "place": "hamlet", "power": null, "landuse": null, "name": "Simpang Morib", "voltage": null, "circuits": null, "cables": null, "frequency": null, "substationTag": null, "lineTag": null, "operator": null, "location": null }, "geometry": { "type": "Point", "coordinates": [ 101.461057, 2.7835566 ] } },
{ "type": "Feature", "properties": { "contextFeatureId": "MYS-S-001::settlements::node::254073185", "projectId": "MYS-S-001", "projectName": "TNB Sepang Solar", "countryCode": "MYS", "osmType": "node", "osmId": 254073185, "highway": null, "place": "suburb", "power": null, "landuse": null, "name": "Morib", "voltage": null, "circuits": null, "cables": null, "frequency": null, "substationTag": null, "lineTag": null, "operator": null, "location": null }, "geometry": { "type": "Point", "coordinates": [ 101.4430226, 2.7497966 ] } },
{ "type": "Feature", "properties": { "contextFeatureId": "MYS-S-001::settlements::node::254073394", "projectId": "MYS-S-001", "projectName": "TNB Sepang Solar", "countryCode": "MYS", "osmType": "node", "osmId": 254073394, "highway": null, "place": "village", "power": null, "landuse": null, "name": "Tanjung Sepat", "voltage": null, "circuits": null, "cables": null, "frequency": null, "substationTag": null, "lineTag": null, "operator": null, "location": null }, "geometry": { "type": "Point", "coordinates": [ 101.562905, 2.659941 ] } },
{ "type": "Feature", "properties": { "contextFeatureId": "MYS-S-001::settlements::node::254074005", "projectId": "MYS-S-001", "projectName": "TNB Sepang Solar", "countryCode": "MYS", "osmType": "node", "osmId": 254074005, "highway": null, "place": "village", "power": null, "landuse": null, "name": "Kanchong Darat", "voltage": null, "circuits": null, "cables": null, "frequency": null, "substationTag": null, "lineTag": null, "operator": null, "location": null }, "geometry": { "type": "Point", "coordinates": [ 101.4835291, 2.7877844 ] } },
{ "type": "Feature", "properties": { "contextFeatureId": "MYS-S-001::settlements::node::7428358492", "projectId": "MYS-S-001", "projectName": "TNB Sepang Solar", "countryCode": "MYS", "osmType": "node", "osmId": 7428358492, "highway": null, "place": "neighbourhood", "power": null, "landuse": null, "name": "Taman Baiduri", "voltage": null, "circuits": null, "cables": null, "frequency": null, "substationTag": null, "lineTag": null, "operator": null, "location": null }, "geometry": { "type": "Point", "coordinates": [ 101.491659, 2.8006981 ] } },
{ "type": "Feature", "properties": { "contextFeatureId": "MYS-S-001::settlements::node::7709396622", "projectId": "MYS-S-001", "projectName": "TNB Sepang Solar", "countryCode": "MYS", "osmType": "node", "osmId": 7709396622, "highway": null, "place": "neighbourhood", "power": null, "landuse": null, "name": "Taman Delima", "voltage": null, "circuits": null, "cables": null, "frequency": null, "substationTag": null, "lineTag": null, "operator": null, "location": null }, "geometry": { "type": "Point", "coordinates": [ 101.5003081, 2.8152313 ] } },
{ "type": "Feature", "properties": { "contextFeatureId": "MYS-S-001::settlements::node::7978199693", "projectId": "MYS-S-001", "projectName": "TNB Sepang Solar", "countryCode": "MYS", "osmType": "node", "osmId": 7978199693, "highway": null, "place": "neighbourhood", "power": null, "landuse": null, "name": "Taman Angkasa", "voltage": null, "circuits": null, "cables": null, "frequency": null, "substationTag": null, "lineTag": null, "operator": null, "location": null }, "geometry": { "type": "Point", "coordinates": [ 101.5626546, 2.8286477 ] } },
{ "type": "Feature", "properties": { "contextFeatureId": "MYS-S-001::settlements::node::7978227834", "projectId": "MYS-S-001", "projectName": "TNB Sepang Solar", "countryCode": "MYS", "osmType": "node", "osmId": 7978227834, "highway": null, "place": "neighbourhood", "power": null, "landuse": null, "name": "Taman Bakti", "voltage": null, "circuits": null, "cables": null, "frequency": null, "substationTag": null, "lineTag": null, "operator": null, "location": null }, "geometry": { "type": "Point", "coordinates": [ 101.5346103, 2.8315976 ] } },
{ "type": "Feature", "properties": { "contextFeatureId": "MYS-S-001::settlements::node::9318855743", "projectId": "MYS-S-001", "projectName": "TNB Sepang Solar", "countryCode": "MYS", "osmType": "node", "osmId": 9318855743, "highway": null, "place": "neighbourhood", "power": null, "landuse": null, "name": "Taman Mutiara", "voltage": null, "circuits": null, "cables": null, "frequency": null, "substationTag": null, "lineTag": null, "operator": null, "location": null }, "geometry": { "type": "Point", "coordinates": [ 101.5652022, 2.6606227 ] } },
{ "type": "Feature", "properties": { "contextFeatureId": "MYS-S-001::settlements::node::9318855744", "projectId": "MYS-S-001", "projectName": "TNB Sepang Solar", "countryCode": "MYS", "osmType": "node", "osmId": 9318855744, "highway": null, "place": "neighbourhood", "power": null, "landuse": null, "name": null, "voltage": null, "circuits": null, "cables": null, "frequency": null, "substationTag": null, "lineTag": null, "operator": null, "location": null }, "geometry": { "type": "Point", "coordinates": [ 101.5645468, 2.6579574 ] } },
{ "type": "Feature", "properties": { "contextFeatureId": "MYS-S-001::settlements::node::9321723623", "projectId": "MYS-S-001", "projectName": "TNB Sepang Solar", "countryCode": "MYS", "osmType": "node", "osmId": 9321723623, "highway": null, "place": "neighbourhood", "power": null, "landuse": null, "name": "Taman Pelangi", "voltage": null, "circuits": null, "cables": null, "frequency": null, "substationTag": null, "lineTag": null, "operator": null, "location": null }, "geometry": { "type": "Point", "coordinates": [ 101.5520961, 2.6608198 ] } },
{ "type": "Feature", "properties": { "contextFeatureId": "MYS-S-001::settlements::node::9774569513", "projectId": "MYS-S-001", "projectName": "TNB Sepang Solar", "countryCode": "MYS", "osmType": "node", "osmId": 9774569513, "highway": null, "place": "village", "power": null, "landuse": null, "name": "Sungai Raba", "voltage": null, "circuits": null, "cables": null, "frequency": null, "substationTag": null, "lineTag": null, "operator": null, "location": null }, "geometry": { "type": "Point", "coordinates": [ 101.4487976, 2.8191981 ] } },
{ "type": "Feature", "properties": { "contextFeatureId": "MYS-S-001::settlements::node::9774673321", "projectId": "MYS-S-001", "projectName": "TNB Sepang Solar", "countryCode": "MYS", "osmType": "node", "osmId": 9774673321, "highway": null, "place": "village", "power": null, "landuse": null, "name": "Kampung Batu Laut", "voltage": null, "circuits": null, "cables": null, "frequency": null, "substationTag": null, "lineTag": null, "operator": null, "location": null }, "geometry": { "type": "Point", "coordinates": [ 101.5193014, 2.6828441 ] } },
{ "type": "Feature", "properties": { "contextFeatureId": "MYS-S-001::settlements::node::9895133932", "projectId": "MYS-S-001", "projectName": "TNB Sepang Solar", "countryCode": "MYS", "osmType": "node", "osmId": 9895133932, "highway": null, "place": "neighbourhood", "power": null, "landuse": null, "name": "Taman Cempaka", "voltage": null, "circuits": null, "cables": null, "frequency": null, "substationTag": null, "lineTag": null, "operator": null, "location": null }, "geometry": { "type": "Point", "coordinates": [ 101.4968415, 2.7994917 ] } },
{ "type": "Feature", "properties": { "contextFeatureId": "MYS-S-001::settlements::node::9895147785", "projectId": "MYS-S-001", "projectName": "TNB Sepang Solar", "countryCode": "MYS", "osmType": "node", "osmId": 9895147785, "highway": null, "place": "hamlet", "power": null, "landuse": null, "name": "Kampung Sungai Lang", "voltage": null, "circuits": null, "cables": null, "frequency": null, "substationTag": null, "lineTag": null, "operator": null, "location": null }, "geometry": { "type": "Point", "coordinates": [ 101.5119951, 2.7922842 ] } },
{ "type": "Feature", "properties": { "contextFeatureId": "MYS-S-001::settlements::node::11017984174", "projectId": "MYS-S-001", "projectName": "TNB Sepang Solar", "countryCode": "MYS", "osmType": "node", "osmId": 11017984174, "highway": null, "place": "hamlet", "power": null, "landuse": null, "name": "Tongkah", "voltage": null, "circuits": null, "cables": null, "frequency": null, "substationTag": null, "lineTag": null, "operator": null, "location": null }, "geometry": { "type": "Point", "coordinates": [ 101.4481168, 2.7609386 ] } },
{ "type": "Feature", "properties": { "contextFeatureId": "MYS-S-001::settlements::node::11017984306", "projectId": "MYS-S-001", "projectName": "TNB Sepang Solar", "countryCode": "MYS", "osmType": "node", "osmId": 11017984306, "highway": null, "place": "neighbourhood", "power": null, "landuse": null, "name": "Taman Seri Telok Datok", "voltage": null, "circuits": null, "cables": null, "frequency": null, "substationTag": null, "lineTag": null, "operator": null, "location": null }, "geometry": { "type": "Point", "coordinates": [ 101.5198624, 2.8168578 ] } },
{ "type": "Feature", "properties": { "contextFeatureId": "MYS-S-001::settlements::node::11018071461", "projectId": "MYS-S-001", "projectName": "TNB Sepang Solar", "countryCode": "MYS", "osmType": "node", "osmId": 11018071461, "highway": null, "place": "hamlet", "power": null, "landuse": null, "name": "Kampung Tali Air", "voltage": null, "circuits": null, "cables": null, "frequency": null, "substationTag": null, "lineTag": null, "operator": null, "location": null }, "geometry": { "type": "Point", "coordinates": [ 101.4566078, 2.7533375 ] } },
{ "type": "Feature", "properties": { "contextFeatureId": "MYS-S-001::settlements::node::12174518230", "projectId": "MYS-S-001", "projectName": "TNB Sepang Solar", "countryCode": "MYS", "osmType": "node", "osmId": 12174518230, "highway": null, "place": "village", "power": null, "landuse": null, "name": "Kampung Kelanang", "voltage": null, "circuits": null, "cables": null, "frequency": null, "substationTag": null, "lineTag": null, "operator": null, "location": null }, "geometry": { "type": "Point", "coordinates": [ 101.4412875, 2.7959281 ] } },
{ "type": "Feature", "properties": { "contextFeatureId": "MYS-S-001::settlements::node::12846814867", "projectId": "MYS-S-001", "projectName": "TNB Sepang Solar", "countryCode": "MYS", "osmType": "node", "osmId": 12846814867, "highway": null, "place": "hamlet", "power": null, "landuse": null, "name": "Kampung Seri Jugra", "voltage": null, "circuits": null, "cables": null, "frequency": null, "substationTag": null, "lineTag": null, "operator": null, "location": null }, "geometry": { "type": "Point", "coordinates": [ 101.4492667, 2.8119445 ] } },
{ "type": "Feature", "properties": { "contextFeatureId": "MYS-S-002::settlements::node::254072815", "projectId": "MYS-S-002", "projectName": "Gurun Quantum Solar PV Park", "countryCode": "MYS", "osmType": "node", "osmId": 254072815, "highway": null, "place": "village", "power": null, "landuse": null, "name": "Padang Lembu", "voltage": null, "circuits": null, "cables": null, "frequency": null, "substationTag": null, "lineTag": null, "operator": null, "location": null }, "geometry": { "type": "Point", "coordinates": [ 100.5379401, 5.8431721 ] } },
{ "type": "Feature", "properties": { "contextFeatureId": "MYS-S-002::settlements::node::254074119", "projectId": "MYS-S-002", "projectName": "Gurun Quantum Solar PV Park", "countryCode": "MYS", "osmType": "node", "osmId": 254074119, "highway": null, "place": "town", "power": null, "landuse": null, "name": "Guar Chempedak", "voltage": null, "circuits": null, "cables": null, "frequency": null, "substationTag": null, "lineTag": null, "operator": null, "location": null }, "geometry": { "type": "Point", "coordinates": [ 100.4582892, 5.8585298 ] } },
{ "type": "Feature", "properties": { "contextFeatureId": "MYS-S-002::settlements::node::254074330", "projectId": "MYS-S-002", "projectName": "Gurun Quantum Solar PV Park", "countryCode": "MYS", "osmType": "node", "osmId": 254074330, "highway": null, "place": "town", "power": null, "landuse": null, "name": "Gurun", "voltage": null, "circuits": null, "cables": null, "frequency": null, "substationTag": null, "lineTag": null, "operator": null, "location": null }, "geometry": { "type": "Point", "coordinates": [ 100.4772408, 5.8202038 ] } },
{ "type": "Feature", "properties": { "contextFeatureId": "MYS-S-002::settlements::node::2550917321", "projectId": "MYS-S-002", "projectName": "Gurun Quantum Solar PV Park", "countryCode": "MYS", "osmType": "node", "osmId": 2550917321, "highway": null, "place": "village", "power": null, "landuse": null, "name": "Kampung Batu 16", "voltage": null, "circuits": null, "cables": null, "frequency": null, "substationTag": null, "lineTag": null, "operator": null, "location": null }, "geometry": { "type": "Point", "coordinates": [ 100.4369804, 5.8984532 ] } },
{ "type": "Feature", "properties": { "contextFeatureId": "MYS-S-002::settlements::node::2550917322", "projectId": "MYS-S-002", "projectName": "Gurun Quantum Solar PV Park", "countryCode": "MYS", "osmType": "node", "osmId": 2550917322, "highway": null, "place": "village", "power": null, "landuse": null, "name": "Kampung Batu 17", "voltage": null, "circuits": null, "cables": null, "frequency": null, "substationTag": null, "lineTag": null, "operator": null, "location": null }, "geometry": { "type": "Point", "coordinates": [ 100.4441957, 5.8872786 ] } },
{ "type": "Feature", "properties": { "contextFeatureId": "MYS-S-002::settlements::node::2550917323", "projectId": "MYS-S-002", "projectName": "Gurun Quantum Solar PV Park", "countryCode": "MYS", "osmType": "node", "osmId": 2550917323, "highway": null, "place": "village", "power": null, "landuse": null, "name": "Kampung Batu 18", "voltage": null, "circuits": null, "cables": null, "frequency": null, "substationTag": null, "lineTag": null, "operator": null, "location": null }, "geometry": { "type": "Point", "coordinates": [ 100.4540671, 5.8719037 ] } },
{ "type": "Feature", "properties": { "contextFeatureId": "MYS-S-002::settlements::node::2586824729", "projectId": "MYS-S-002", "projectName": "Gurun Quantum Solar PV Park", "countryCode": "MYS", "osmType": "node", "osmId": 2586824729, "highway": null, "place": "village", "power": null, "landuse": null, "name": "Kampung Titi Batu", "voltage": null, "circuits": null, "cables": null, "frequency": null, "substationTag": null, "lineTag": null, "operator": null, "location": null }, "geometry": { "type": "Point", "coordinates": [ 100.4408475, 5.8637949 ] } },
{ "type": "Feature", "properties": { "contextFeatureId": "MYS-S-002::settlements::node::2589199598", "projectId": "MYS-S-002", "projectName": "Gurun Quantum Solar PV Park", "countryCode": "MYS", "osmType": "node", "osmId": 2589199598, "highway": null, "place": "neighbourhood", "power": null, "landuse": null, "name": "Taman Sri Utama", "voltage": null, "circuits": null, "cables": null, "frequency": null, "substationTag": null, "lineTag": null, "operator": null, "location": null }, "geometry": { "type": "Point", "coordinates": [ 100.4782449, 5.800196 ] } },
{ "type": "Feature", "properties": { "contextFeatureId": "MYS-S-002::settlements::node::2675174920", "projectId": "MYS-S-002", "projectName": "Gurun Quantum Solar PV Park", "countryCode": "MYS", "osmType": "node", "osmId": 2675174920, "highway": null, "place": "village", "power": null, "landuse": null, "name": "Teroi", "voltage": null, "circuits": null, "cables": null, "frequency": null, "substationTag": null, "lineTag": null, "operator": null, "location": null }, "geometry": { "type": "Point", "coordinates": [ 100.4351834, 5.8485123 ] } },
{ "type": "Feature", "properties": { "contextFeatureId": "MYS-S-002::settlements::node::3266368012", "projectId": "MYS-S-002", "projectName": "Gurun Quantum Solar PV Park", "countryCode": "MYS", "osmType": "node", "osmId": 3266368012, "highway": null, "place": "village", "power": null, "landuse": null, "name": "Kampong Sungai Baru", "voltage": null, "circuits": null, "cables": null, "frequency": null, "substationTag": null, "lineTag": null, "operator": null, "location": null }, "geometry": { "type": "Point", "coordinates": [ 100.4621048, 5.8824575 ] } },
{ "type": "Feature", "properties": { "contextFeatureId": "MYS-S-002::settlements::node::3269930310", "projectId": "MYS-S-002", "projectName": "Gurun Quantum Solar PV Park", "countryCode": "MYS", "osmType": "node", "osmId": 3269930310, "highway": null, "place": "town", "power": null, "landuse": null, "name": "Jeniang", "voltage": null, "circuits": null, "cables": null, "frequency": null, "substationTag": null, "lineTag": null, "operator": null, "location": null }, "geometry": { "type": "Point", "coordinates": [ 100.6294418, 5.814609 ] } },
{ "type": "Feature", "properties": { "contextFeatureId": "MYS-S-002::settlements::node::3316833922", "projectId": "MYS-S-002", "projectName": "Gurun Quantum Solar PV Park", "countryCode": "MYS", "osmType": "node", "osmId": 3316833922, "highway": null, "place": "village", "power": null, "landuse": null, "name": "Kampung Titi Teras", "voltage": null, "circuits": null, "cables": null, "frequency": null, "substationTag": null, "lineTag": null, "operator": null, "location": null }, "geometry": { "type": "Point", "coordinates": [ 100.4535245, 5.8399967 ] } },
{ "type": "Feature", "properties": { "contextFeatureId": "MYS-S-002::settlements::node::3337653152", "projectId": "MYS-S-002", "projectName": "Gurun Quantum Solar PV Park", "countryCode": "MYS", "osmType": "node", "osmId": 3337653152, "highway": null, "place": "village", "power": null, "landuse": null, "name": "Kampong Banggol Lalang", "voltage": null, "circuits": null, "cables": null, "frequency": null, "substationTag": null, "lineTag": null, "operator": null, "location": null }, "geometry": { "type": "Point", "coordinates": [ 100.4708088, 5.8525713 ] } },
{ "type": "Feature", "properties": { "contextFeatureId": "MYS-S-002::settlements::node::3337653158", "projectId": "MYS-S-002", "projectName": "Gurun Quantum Solar PV Park", "countryCode": "MYS", "osmType": "node", "osmId": 3337653158, "highway": null, "place": "hamlet", "power": null, "landuse": null, "name": "Kampung Guar Jumaat", "voltage": null, "circuits": null, "cables": null, "frequency": null, "substationTag": null, "lineTag": null, "operator": null, "location": null }, "geometry": { "type": "Point", "coordinates": [ 100.4816296, 5.8328461 ] } },
{ "type": "Feature", "properties": { "contextFeatureId": "MYS-S-002::settlements::node::3341955860", "projectId": "MYS-S-002", "projectName": "Gurun Quantum Solar PV Park", "countryCode": "MYS", "osmType": "node", "osmId": 3341955860, "highway": null, "place": "neighbourhood", "power": null, "landuse": null, "name": "Taman Pulasan", "voltage": null, "circuits": null, "cables": null, "frequency": null, "substationTag": null, "lineTag": null, "operator": null, "location": null }, "geometry": { "type": "Point", "coordinates": [ 100.4419871, 5.8506198 ] } },
{ "type": "Feature", "properties": { "contextFeatureId": "MYS-S-002::settlements::node::3670657364", "projectId": "MYS-S-002", "projectName": "Gurun Quantum Solar PV Park", "countryCode": "MYS", "osmType": "node", "osmId": 3670657364, "highway": null, "place": "village", "power": null, "landuse": null, "name": "Kampung Sungai Badak", "voltage": null, "circuits": null, "cables": null, "frequency": null, "substationTag": null, "lineTag": null, "operator": null, "location": null }, "geometry": { "type": "Point", "coordinates": [ 100.4711715, 5.8267696 ] } },
{ "type": "Feature", "properties": { "contextFeatureId": "MYS-S-002::settlements::node::3720184937", "projectId": "MYS-S-002", "projectName": "Gurun Quantum Solar PV Park", "countryCode": "MYS", "osmType": "node", "osmId": 3720184937, "highway": null, "place": "village", "power": null, "landuse": null, "name": "Kampong Kalai", "voltage": null, "circuits": null, "cables": null, "frequency": null, "substationTag": null, "lineTag": null, "operator": null, "location": null }, "geometry": { "type": "Point", "coordinates": [ 100.6150973, 5.8342206 ] } },
{ "type": "Feature", "properties": { "contextFeatureId": "MYS-S-002::settlements::node::3720184939", "projectId": "MYS-S-002", "projectName": "Gurun Quantum Solar PV Park", "countryCode": "MYS", "osmType": "node", "osmId": 3720184939, "highway": null, "place": "hamlet", "power": null, "landuse": null, "name": "Kampung Batu Dua", "voltage": null, "circuits": null, "cables": null, "frequency": null, "substationTag": null, "lineTag": null, "operator": null, "location": null }, "geometry": { "type": "Point", "coordinates": [ 100.505815, 5.816266 ] } },
{ "type": "Feature", "properties": { "contextFeatureId": "MYS-S-002::settlements::node::3721036336", "projectId": "MYS-S-002", "projectName": "Gurun Quantum Solar PV Park", "countryCode": "MYS", "osmType": "node", "osmId": 3721036336, "highway": null, "place": "village", "power": null, "landuse": null, "name": "Kampung Batu Lapan", "voltage": null, "circuits": null, "cables": null, "frequency": null, "substationTag": null, "lineTag": null, "operator": null, "location": null }, "geometry": { "type": "Point", "coordinates": [ 100.57831, 5.804686 ] } },
{ "type": "Feature", "properties": { "contextFeatureId": "MYS-S-002::settlements::node::3942277493", "projectId": "MYS-S-002", "projectName": "Gurun Quantum Solar PV Park", "countryCode": "MYS", "osmType": "node", "osmId": 3942277493, "highway": null, "place": "village", "power": null, "landuse": null, "name": "Bukit Jenun", "voltage": null, "circuits": null, "cables": null, "frequency": null, "substationTag": null, "lineTag": null, "operator": null, "location": null }, "geometry": { "type": "Point", "coordinates": [ 100.4764077, 5.9031458 ] } },
{ "type": "Feature", "properties": { "contextFeatureId": "MYS-S-002::settlements::node::3942277502", "projectId": "MYS-S-002", "projectName": "Gurun Quantum Solar PV Park", "countryCode": "MYS", "osmType": "node", "osmId": 3942277502, "highway": null, "place": "village", "power": null, "landuse": null, "name": "Kampung Ayer Puteh", "voltage": null, "circuits": null, "cables": null, "frequency": null, "substationTag": null, "lineTag": null, "operator": null, "location": null }, "geometry": { "type": "Point", "coordinates": [ 100.4776667, 5.951245 ] } },
{ "type": "Feature", "properties": { "contextFeatureId": "MYS-S-002::settlements::node::3944699325", "projectId": "MYS-S-002", "projectName": "Gurun Quantum Solar PV Park", "countryCode": "MYS", "osmType": "node", "osmId": 3944699325, "highway": null, "place": "hamlet", "power": null, "landuse": null, "name": "Kampong Teroi Bukit", "voltage": null, "circuits": null, "cables": null, "frequency": null, "substationTag": null, "lineTag": null, "operator": null, "location": null }, "geometry": { "type": "Point", "coordinates": [ 100.4404232, 5.8411421 ] } },
{ "type": "Feature", "properties": { "contextFeatureId": "MYS-S-002::settlements::node::3944699346", "projectId": "MYS-S-002", "projectName": "Gurun Quantum Solar PV Park", "countryCode": "MYS", "osmType": "node", "osmId": 3944699346, "highway": null, "place": "neighbourhood", "power": null, "landuse": null, "name": "Taman Jerai Maju", "voltage": null, "circuits": null, "cables": null, "frequency": null, "substationTag": null, "lineTag": null, "operator": null, "location": null }, "geometry": { "type": "Point", "coordinates": [ 100.4828167, 5.8159017 ] } },
{ "type": "Feature", "properties": { "contextFeatureId": "MYS-S-002::settlements::node::3944699347", "projectId": "MYS-S-002", "projectName": "Gurun Quantum Solar PV Park", "countryCode": "MYS", "osmType": "node", "osmId": 3944699347, "highway": null, "place": "neighbourhood", "power": null, "landuse": null, "name": "Taman Pulasan 2", "voltage": null, "circuits": null, "cables": null, "frequency": null, "substationTag": null, "lineTag": null, "operator": null, "location": null }, "geometry": { "type": "Point", "coordinates": [ 100.442644, 5.8515541 ] } },
{ "type": "Feature", "properties": { "contextFeatureId": "MYS-S-002::settlements::node::3944699350", "projectId": "MYS-S-002", "projectName": "Gurun Quantum Solar PV Park", "countryCode": "MYS", "osmType": "node", "osmId": 3944699350, "highway": null, "place": "neighbourhood", "power": null, "landuse": null, "name": "Taman Suria", "voltage": null, "circuits": null, "cables": null, "frequency": null, "substationTag": null, "lineTag": null, "operator": null, "location": null }, "geometry": { "type": "Point", "coordinates": [ 100.4768862, 5.8117356 ] } },
{ "type": "Feature", "properties": { "contextFeatureId": "MYS-S-002::settlements::node::3957164394", "projectId": "MYS-S-002", "projectName": "Gurun Quantum Solar PV Park", "countryCode": "MYS", "osmType": "node", "osmId": 3957164394, "highway": null, "place": "village", "power": null, "landuse": null, "name": "Kampung Pokok Tai", "voltage": null, "circuits": null, "cables": null, "frequency": null, "substationTag": null, "lineTag": null, "operator": null, "location": null }, "geometry": { "type": "Point", "coordinates": [ 100.505228, 5.872207 ] } },
{ "type": "Feature", "properties": { "contextFeatureId": "MYS-S-002::settlements::node::3957164395", "projectId": "MYS-S-002", "projectName": "Gurun Quantum Solar PV Park", "countryCode": "MYS", "osmType": "node", "osmId": 3957164395, "highway": null, "place": "village", "power": null, "landuse": null, "name": "Kampung Kelang Besar", "voltage": null, "circuits": null, "cables": null, "frequency": null, "substationTag": null, "lineTag": null, "operator": null, "location": null }, "geometry": { "type": "Point", "coordinates": [ 100.4920091, 5.9039978 ] } },
{ "type": "Feature", "properties": { "contextFeatureId": "MYS-S-002::settlements::node::3957164396", "projectId": "MYS-S-002", "projectName": "Gurun Quantum Solar PV Park", "countryCode": "MYS", "osmType": "node", "osmId": 3957164396, "highway": null, "place": "village", "power": null, "landuse": null, "name": "Kelang Kechil", "voltage": null, "circuits": null, "cables": null, "frequency": null, "substationTag": null, "lineTag": null, "operator": null, "location": null }, "geometry": { "type": "Point", "coordinates": [ 100.478363, 5.935974 ] } },
{ "type": "Feature", "properties": { "contextFeatureId": "MYS-S-002::settlements::node::3994061957", "projectId": "MYS-S-002", "projectName": "Gurun Quantum Solar PV Park", "countryCode": "MYS", "osmType": "node", "osmId": 3994061957, "highway": null, "place": "hamlet", "power": null, "landuse": null, "name": "Kampung Sungai Belida", "voltage": null, "circuits": null, "cables": null, "frequency": null, "substationTag": null, "lineTag": null, "operator": null, "location": null }, "geometry": { "type": "Point", "coordinates": [ 100.4621628, 5.8516861 ] } },
{ "type": "Feature", "properties": { "contextFeatureId": "MYS-S-002::settlements::node::3994061962", "projectId": "MYS-S-002", "projectName": "Gurun Quantum Solar PV Park", "countryCode": "MYS", "osmType": "node", "osmId": 3994061962, "highway": null, "place": "neighbourhood", "power": null, "landuse": null, "name": "Taman Gurun Jaya", "voltage": null, "circuits": null, "cables": null, "frequency": null, "substationTag": null, "lineTag": null, "operator": null, "location": null }, "geometry": { "type": "Point", "coordinates": [ 100.4729254, 5.8145841 ] } },
{ "type": "Feature", "properties": { "contextFeatureId": "MYS-S-002::settlements::node::4947196475", "projectId": "MYS-S-002", "projectName": "Gurun Quantum Solar PV Park", "countryCode": "MYS", "osmType": "node", "osmId": 4947196475, "highway": null, "place": "hamlet", "power": null, "landuse": null, "name": "Kampung Jelatang", "voltage": null, "circuits": null, "cables": null, "frequency": null, "substationTag": null, "lineTag": null, "operator": null, "location": null }, "geometry": { "type": "Point", "coordinates": [ 100.4725081, 5.8326897 ] } },
{ "type": "Feature", "properties": { "contextFeatureId": "MYS-S-002::settlements::node::4950630477", "projectId": "MYS-S-002", "projectName": "Gurun Quantum Solar PV Park", "countryCode": "MYS", "osmType": "node", "osmId": 4950630477, "highway": null, "place": "neighbourhood", "power": null, "landuse": null, "name": "Taman Desa Aman", "voltage": null, "circuits": null, "cables": null, "frequency": null, "substationTag": null, "lineTag": null, "operator": null, "location": null }, "geometry": { "type": "Point", "coordinates": [ 100.4671866, 5.8561437 ] } },
{ "type": "Feature", "properties": { "contextFeatureId": "MYS-S-002::settlements::node::4950630478", "projectId": "MYS-S-002", "projectName": "Gurun Quantum Solar PV Park", "countryCode": "MYS", "osmType": "node", "osmId": 4950630478, "highway": null, "place": "neighbourhood", "power": null, "landuse": null, "name": "Taman Desa Permai", "voltage": null, "circuits": null, "cables": null, "frequency": null, "substationTag": null, "lineTag": null, "operator": null, "location": null }, "geometry": { "type": "Point", "coordinates": [ 100.4676211, 5.8549884 ] } },
{ "type": "Feature", "properties": { "contextFeatureId": "MYS-S-002::settlements::node::5339362992", "projectId": "MYS-S-002", "projectName": "Gurun Quantum Solar PV Park", "countryCode": "MYS", "osmType": "node", "osmId": 5339362992, "highway": null, "place": "hamlet", "power": null, "landuse": null, "name": "Kampung Panjang", "voltage": null, "circuits": null, "cables": null, "frequency": null, "substationTag": null, "lineTag": null, "operator": null, "location": null }, "geometry": { "type": "Point", "coordinates": [ 100.4828721, 5.7813167 ] } },
{ "type": "Feature", "properties": { "contextFeatureId": "MYS-S-002::settlements::node::5339362993", "projectId": "MYS-S-002", "projectName": "Gurun Quantum Solar PV Park", "countryCode": "MYS", "osmType": "node", "osmId": 5339362993, "highway": null, "place": "neighbourhood", "power": null, "landuse": null, "name": "Taman Murni", "voltage": null, "circuits": null, "cables": null, "frequency": null, "substationTag": null, "lineTag": null, "operator": null, "location": null }, "geometry": { "type": "Point", "coordinates": [ 100.4789776, 5.7909395 ] } },
{ "type": "Feature", "properties": { "contextFeatureId": "MYS-S-002::settlements::node::5339362994", "projectId": "MYS-S-002", "projectName": "Gurun Quantum Solar PV Park", "countryCode": "MYS", "osmType": "node", "osmId": 5339362994, "highway": null, "place": "neighbourhood", "power": null, "landuse": null, "name": "Taman Sri Utama Indah", "voltage": null, "circuits": null, "cables": null, "frequency": null, "substationTag": null, "lineTag": null, "operator": null, "location": null }, "geometry": { "type": "Point", "coordinates": [ 100.4763544, 5.7961484 ] } },
{ "type": "Feature", "properties": { "contextFeatureId": "MYS-S-002::settlements::node::5339362995", "projectId": "MYS-S-002", "projectName": "Gurun Quantum Solar PV Park", "countryCode": "MYS", "osmType": "node", "osmId": 5339362995, "highway": null, "place": "neighbourhood", "power": null, "landuse": null, "name": "Kampung Baru Risda", "voltage": null, "circuits": null, "cables": null, "frequency": null, "substationTag": null, "lineTag": null, "operator": null, "location": null }, "geometry": { "type": "Point", "coordinates": [ 100.4813915, 5.8004394 ] } },
{ "type": "Feature", "properties": { "contextFeatureId": "MYS-S-002::settlements::node::5339362997", "projectId": "MYS-S-002", "projectName": "Gurun Quantum Solar PV Park", "countryCode": "MYS", "osmType": "node", "osmId": 5339362997, "highway": null, "place": "neighbourhood", "power": null, "landuse": null, "name": "Taman Lindungan Jerai", "voltage": null, "circuits": null, "cables": null, "frequency": null, "substationTag": null, "lineTag": null, "operator": null, "location": null }, "geometry": { "type": "Point", "coordinates": [ 100.4750776, 5.825856 ] } },
{ "type": "Feature", "properties": { "contextFeatureId": "MYS-S-002::settlements::node::5854060087", "projectId": "MYS-S-002", "projectName": "Gurun Quantum Solar PV Park", "countryCode": "MYS", "osmType": "node", "osmId": 5854060087, "highway": null, "place": "neighbourhood", "power": null, "landuse": null, "name": "Taman Desa Jaya Indah", "voltage": null, "circuits": null, "cables": null, "frequency": null, "substationTag": null, "lineTag": null, "operator": null, "location": null }, "geometry": { "type": "Point", "coordinates": [ 100.4710168, 5.8569068 ] } },
{ "type": "Feature", "properties": { "contextFeatureId": "MYS-S-002::settlements::node::5984733447", "projectId": "MYS-S-002", "projectName": "Gurun Quantum Solar PV Park", "countryCode": "MYS", "osmType": "node", "osmId": 5984733447, "highway": null, "place": "hamlet", "power": null, "landuse": null, "name": "Kampung Pulau Chengai", "voltage": null, "circuits": null, "cables": null, "frequency": null, "substationTag": null, "lineTag": null, "operator": null, "location": null }, "geometry": { "type": "Point", "coordinates": [ 100.479117, 5.8227901 ] } },
{ "type": "Feature", "properties": { "contextFeatureId": "MYS-S-002::settlements::node::6154766956", "projectId": "MYS-S-002", "projectName": "Gurun Quantum Solar PV Park", "countryCode": "MYS", "osmType": "node", "osmId": 6154766956, "highway": null, "place": "neighbourhood", "power": null, "landuse": null, "name": "Taman Guar Indah", "voltage": null, "circuits": null, "cables": null, "frequency": null, "substationTag": null, "lineTag": null, "operator": null, "location": null }, "geometry": { "type": "Point", "coordinates": [ 100.4611382, 5.855498 ] } },
{ "type": "Feature", "properties": { "contextFeatureId": "MYS-S-002::settlements::node::6169637963", "projectId": "MYS-S-002", "projectName": "Gurun Quantum Solar PV Park", "countryCode": "MYS", "osmType": "node", "osmId": 6169637963, "highway": null, "place": "village", "power": null, "landuse": null, "name": "Kampung Sawa Kecil", "voltage": null, "circuits": null, "cables": null, "frequency": null, "substationTag": null, "lineTag": null, "operator": null, "location": null }, "geometry": { "type": "Point", "coordinates": [ 100.5408078, 5.959698 ] } },
{ "type": "Feature", "properties": { "contextFeatureId": "MYS-S-002::settlements::node::6169638785", "projectId": "MYS-S-002", "projectName": "Gurun Quantum Solar PV Park", "countryCode": "MYS", "osmType": "node", "osmId": 6169638785, "highway": null, "place": "village", "power": null, "landuse": null, "name": "Kampung Padang Pusing", "voltage": null, "circuits": null, "cables": null, "frequency": null, "substationTag": null, "lineTag": null, "operator": null, "location": null }, "geometry": { "type": "Point", "coordinates": [ 100.5272654, 5.9641451 ] } },
{ "type": "Feature", "properties": { "contextFeatureId": "MYS-S-002::settlements::node::6446991923", "projectId": "MYS-S-002", "projectName": "Gurun Quantum Solar PV Park", "countryCode": "MYS", "osmType": "node", "osmId": 6446991923, "highway": null, "place": "neighbourhood", "power": null, "landuse": null, "name": "Taman Jerai Emas", "voltage": null, "circuits": null, "cables": null, "frequency": null, "substationTag": null, "lineTag": null, "operator": null, "location": null }, "geometry": { "type": "Point", "coordinates": [ 100.482631, 5.8239646 ] } },
{ "type": "Feature", "properties": { "contextFeatureId": "MYS-S-002::settlements::node::6446991924", "projectId": "MYS-S-002", "projectName": "Gurun Quantum Solar PV Park", "countryCode": "MYS", "osmType": "node", "osmId": 6446991924, "highway": null, "place": "neighbourhood", "power": null, "landuse": null, "name": "Taman Jerai Bayu", "voltage": null, "circuits": null, "cables": null, "frequency": null, "substationTag": null, "lineTag": null, "operator": null, "location": null }, "geometry": { "type": "Point", "coordinates": [ 100.4831671, 5.8220769 ] } },
{ "type": "Feature", "properties": { "contextFeatureId": "MYS-S-002::settlements::node::6448080107", "projectId": "MYS-S-002", "projectName": "Gurun Quantum Solar PV Park", "countryCode": "MYS", "osmType": "node", "osmId": 6448080107, "highway": null, "place": "neighbourhood", "power": null, "landuse": null, "name": "Taman Jeniang Indah", "voltage": null, "circuits": null, "cables": null, "frequency": null, "substationTag": null, "lineTag": null, "operator": null, "location": null }, "geometry": { "type": "Point", "coordinates": [ 100.6203047, 5.8068207 ] } },
{ "type": "Feature", "properties": { "contextFeatureId": "MYS-S-002::settlements::node::6448080108", "projectId": "MYS-S-002", "projectName": "Gurun Quantum Solar PV Park", "countryCode": "MYS", "osmType": "node", "osmId": 6448080108, "highway": null, "place": "neighbourhood", "power": null, "landuse": null, "name": "Taman Jiwa Murni", "voltage": null, "circuits": null, "cables": null, "frequency": null, "substationTag": null, "lineTag": null, "operator": null, "location": null }, "geometry": { "type": "Point", "coordinates": [ 100.6189513, 5.8061072 ] } },
{ "type": "Feature", "properties": { "contextFeatureId": "MYS-S-002::settlements::node::6448080129", "projectId": "MYS-S-002", "projectName": "Gurun Quantum Solar PV Park", "countryCode": "MYS", "osmType": "node", "osmId": 6448080129, "highway": null, "place": "hamlet", "power": null, "landuse": null, "name": "Kampung Batu 9", "voltage": null, "circuits": null, "cables": null, "frequency": null, "substationTag": null, "lineTag": null, "operator": null, "location": null }, "geometry": { "type": "Point", "coordinates": [ 100.5959862, 5.7980004 ] } },
{ "type": "Feature", "properties": { "contextFeatureId": "MYS-S-002::settlements::node::7220439372", "projectId": "MYS-S-002", "projectName": "Gurun Quantum Solar PV Park", "countryCode": "MYS", "osmType": "node", "osmId": 7220439372, "highway": null, "place": "hamlet", "power": null, "landuse": null, "name": "Kampung Berona Kiri", "voltage": null, "circuits": null, "cables": null, "frequency": null, "substationTag": null, "lineTag": null, "operator": null, "location": null }, "geometry": { "type": "Point", "coordinates": [ 100.6172669, 5.8289006 ] } },
{ "type": "Feature", "properties": { "contextFeatureId": "MYS-S-002::settlements::node::7220439377", "projectId": "MYS-S-002", "projectName": "Gurun Quantum Solar PV Park", "countryCode": "MYS", "osmType": "node", "osmId": 7220439377, "highway": null, "place": "neighbourhood", "power": null, "landuse": null, "name": "Taman Cempedak Indah", "voltage": null, "circuits": null, "cables": null, "frequency": null, "substationTag": null, "lineTag": null, "operator": null, "location": null }, "geometry": { "type": "Point", "coordinates": [ 100.6254959, 5.8172132 ] } },
{ "type": "Feature", "properties": { "contextFeatureId": "MYS-S-002::settlements::node::7220440797", "projectId": "MYS-S-002", "projectName": "Gurun Quantum Solar PV Park", "countryCode": "MYS", "osmType": "node", "osmId": 7220440797, "highway": null, "place": "neighbourhood", "power": null, "landuse": null, "name": "Kampung Bukit Cham", "voltage": null, "circuits": null, "cables": null, "frequency": null, "substationTag": null, "lineTag": null, "operator": null, "location": null }, "geometry": { "type": "Point", "coordinates": [ 100.6262094, 5.8807868 ] } },
{ "type": "Feature", "properties": { "contextFeatureId": "MYS-S-002::settlements::node::7220440798", "projectId": "MYS-S-002", "projectName": "Gurun Quantum Solar PV Park", "countryCode": "MYS", "osmType": "node", "osmId": 7220440798, "highway": null, "place": "village", "power": null, "landuse": null, "name": "Kampung Kuala Ruman", "voltage": null, "circuits": null, "cables": null, "frequency": null, "substationTag": null, "lineTag": null, "operator": null, "location": null }, "geometry": { "type": "Point", "coordinates": [ 100.6281996, 5.8717792 ] } },
{ "type": "Feature", "properties": { "contextFeatureId": "MYS-S-002::settlements::node::9687120068", "projectId": "MYS-S-002", "projectName": "Gurun Quantum Solar PV Park", "countryCode": "MYS", "osmType": "node", "osmId": 9687120068, "highway": null, "place": "village", "power": null, "landuse": null, "name": "Kampung Sungai Jagong", "voltage": null, "circuits": null, "cables": null, "frequency": null, "substationTag": null, "lineTag": null, "operator": null, "location": null }, "geometry": { "type": "Point", "coordinates": [ 100.5337, 5.9279353 ] } },
{ "type": "Feature", "properties": { "contextFeatureId": "MYS-S-002::settlements::node::9706208195", "projectId": "MYS-S-002", "projectName": "Gurun Quantum Solar PV Park", "countryCode": "MYS", "osmType": "node", "osmId": 9706208195, "highway": null, "place": "hamlet", "power": null, "landuse": null, "name": "Kampung Baloh", "voltage": null, "circuits": null, "cables": null, "frequency": null, "substationTag": null, "lineTag": null, "operator": null, "location": null }, "geometry": { "type": "Point", "coordinates": [ 100.5207181, 5.8922061 ] } },
{ "type": "Feature", "properties": { "contextFeatureId": "MYS-S-002::settlements::node::9706208196", "projectId": "MYS-S-002", "projectName": "Gurun Quantum Solar PV Park", "countryCode": "MYS", "osmType": "node", "osmId": 9706208196, "highway": null, "place": "hamlet", "power": null, "landuse": null, "name": "Lubuk Reba", "voltage": null, "circuits": null, "cables": null, "frequency": null, "substationTag": null, "lineTag": null, "operator": null, "location": null }, "geometry": { "type": "Point", "coordinates": [ 100.5547285, 5.8782894 ] } },
{ "type": "Feature", "properties": { "contextFeatureId": "MYS-S-002::settlements::node::9776117947", "projectId": "MYS-S-002", "projectName": "Gurun Quantum Solar PV Park", "countryCode": "MYS", "osmType": "node", "osmId": 9776117947, "highway": null, "place": "hamlet", "power": null, "landuse": null, "name": "Paya Mak Insun", "voltage": null, "circuits": null, "cables": null, "frequency": null, "substationTag": null, "lineTag": null, "operator": null, "location": null }, "geometry": { "type": "Point", "coordinates": [ 100.5351377, 5.9133152 ] } },
{ "type": "Feature", "properties": { "contextFeatureId": "MYS-S-002::settlements::node::11027590086", "projectId": "MYS-S-002", "projectName": "Gurun Quantum Solar PV Park", "countryCode": "MYS", "osmType": "node", "osmId": 11027590086, "highway": null, "place": "village", "power": null, "landuse": null, "name": "Kampung Tanjung Setul", "voltage": null, "circuits": null, "cables": null, "frequency": null, "substationTag": null, "lineTag": null, "operator": null, "location": null }, "geometry": { "type": "Point", "coordinates": [ 100.4743526, 5.9119293 ] } },
{ "type": "Feature", "properties": { "contextFeatureId": "MYS-S-002::settlements::node::11027590087", "projectId": "MYS-S-002", "projectName": "Gurun Quantum Solar PV Park", "countryCode": "MYS", "osmType": "node", "osmId": 11027590087, "highway": null, "place": "village", "power": null, "landuse": null, "name": "Kampung Bukit Genting", "voltage": null, "circuits": null, "cables": null, "frequency": null, "substationTag": null, "lineTag": null, "operator": null, "location": null }, "geometry": { "type": "Point", "coordinates": [ 100.4995182, 5.910576 ] } },
{ "type": "Feature", "properties": { "contextFeatureId": "MYS-S-002::settlements::node::11027590088", "projectId": "MYS-S-002", "projectName": "Gurun Quantum Solar PV Park", "countryCode": "MYS", "osmType": "node", "osmId": 11027590088, "highway": null, "place": "village", "power": null, "landuse": null, "name": "Kampung Paya Mak Insun Whatt", "voltage": null, "circuits": null, "cables": null, "frequency": null, "substationTag": null, "lineTag": null, "operator": null, "location": null }, "geometry": { "type": "Point", "coordinates": [ 100.5280875, 5.9099988 ] } },
{ "type": "Feature", "properties": { "contextFeatureId": "MYS-S-002::settlements::node::11027631199", "projectId": "MYS-S-002", "projectName": "Gurun Quantum Solar PV Park", "countryCode": "MYS", "osmType": "node", "osmId": 11027631199, "highway": null, "place": "village", "power": null, "landuse": null, "name": "Kampung Bukit Jagong", "voltage": null, "circuits": null, "cables": null, "frequency": null, "substationTag": null, "lineTag": null, "operator": null, "location": null }, "geometry": { "type": "Point", "coordinates": [ 100.5544175, 5.9290349 ] } },
{ "type": "Feature", "properties": { "contextFeatureId": "MYS-S-002::settlements::node::11271619765", "projectId": "MYS-S-002", "projectName": "Gurun Quantum Solar PV Park", "countryCode": "MYS", "osmType": "node", "osmId": 11271619765, "highway": null, "place": "village", "power": null, "landuse": null, "name": "Kampung Bukit Pinang", "voltage": null, "circuits": null, "cables": null, "frequency": null, "substationTag": null, "lineTag": null, "operator": null, "location": null }, "geometry": { "type": "Point", "coordinates": [ 100.4636418, 5.9346156 ] } },
{ "type": "Feature", "properties": { "contextFeatureId": "MYS-S-002::settlements::node::11299421208", "projectId": "MYS-S-002", "projectName": "Gurun Quantum Solar PV Park", "countryCode": "MYS", "osmType": "node", "osmId": 11299421208, "highway": null, "place": "village", "power": null, "landuse": null, "name": "Kampung Chelong", "voltage": null, "circuits": null, "cables": null, "frequency": null, "substationTag": null, "lineTag": null, "operator": null, "location": null }, "geometry": { "type": "Point", "coordinates": [ 100.5340503, 5.9622538 ] } },
{ "type": "Feature", "properties": { "contextFeatureId": "MYS-S-002::settlements::node::11299421212", "projectId": "MYS-S-002", "projectName": "Gurun Quantum Solar PV Park", "countryCode": "MYS", "osmType": "node", "osmId": 11299421212, "highway": null, "place": "village", "power": null, "landuse": null, "name": "Kampung Bukit Murai", "voltage": null, "circuits": null, "cables": null, "frequency": null, "substationTag": null, "lineTag": null, "operator": null, "location": null }, "geometry": { "type": "Point", "coordinates": [ 100.5217108, 5.9502998 ] } },
{ "type": "Feature", "properties": { "contextFeatureId": "MYS-S-002::settlements::node::11299421213", "projectId": "MYS-S-002", "projectName": "Gurun Quantum Solar PV Park", "countryCode": "MYS", "osmType": "node", "osmId": 11299421213, "highway": null, "place": "village", "power": null, "landuse": null, "name": "Kampung Batu Lada", "voltage": null, "circuits": null, "cables": null, "frequency": null, "substationTag": null, "lineTag": null, "operator": null, "location": null }, "geometry": { "type": "Point", "coordinates": [ 100.5180173, 5.9597903 ] } },
{ "type": "Feature", "properties": { "contextFeatureId": "MYS-S-002::settlements::node::11299421214", "projectId": "MYS-S-002", "projectName": "Gurun Quantum Solar PV Park", "countryCode": "MYS", "osmType": "node", "osmId": 11299421214, "highway": null, "place": "village", "power": null, "landuse": null, "name": "Kampung Kuala Rimau", "voltage": null, "circuits": null, "cables": null, "frequency": null, "substationTag": null, "lineTag": null, "operator": null, "location": null }, "geometry": { "type": "Point", "coordinates": [ 100.5168781, 5.9449803 ] } },
{ "type": "Feature", "properties": { "contextFeatureId": "MYS-S-002::settlements::node::11299421215", "projectId": "MYS-S-002", "projectName": "Gurun Quantum Solar PV Park", "countryCode": "MYS", "osmType": "node", "osmId": 11299421215, "highway": null, "place": "village", "power": null, "landuse": null, "name": "Kampung Padang Panjang", "voltage": null, "circuits": null, "cables": null, "frequency": null, "substationTag": null, "lineTag": null, "operator": null, "location": null }, "geometry": { "type": "Point", "coordinates": [ 100.526148, 5.9392716 ] } },
{ "type": "Feature", "properties": { "contextFeatureId": "MYS-S-002::settlements::node::11299432826", "projectId": "MYS-S-002", "projectName": "Gurun Quantum Solar PV Park", "countryCode": "MYS", "osmType": "node", "osmId": 11299432826, "highway": null, "place": "village", "power": null, "landuse": null, "name": "Kampung Padang Tok Sedau", "voltage": null, "circuits": null, "cables": null, "frequency": null, "substationTag": null, "lineTag": null, "operator": null, "location": null }, "geometry": { "type": "Point", "coordinates": [ 100.5636884, 5.9669197 ] } },
{ "type": "Feature", "properties": { "contextFeatureId": "MYS-S-002::settlements::node::11299432828", "projectId": "MYS-S-002", "projectName": "Gurun Quantum Solar PV Park", "countryCode": "MYS", "osmType": "node", "osmId": 11299432828, "highway": null, "place": "village", "power": null, "landuse": null, "name": "Kampung Whatt", "voltage": null, "circuits": null, "cables": null, "frequency": null, "substationTag": null, "lineTag": null, "operator": null, "location": null }, "geometry": { "type": "Point", "coordinates": [ 100.5821596, 5.9603075 ] } },
{ "type": "Feature", "properties": { "contextFeatureId": "MYS-S-002::settlements::node::11299432833", "projectId": "MYS-S-002", "projectName": "Gurun Quantum Solar PV Park", "countryCode": "MYS", "osmType": "node", "osmId": 11299432833, "highway": null, "place": "village", "power": null, "landuse": null, "name": "Kampung Bukit Tegor", "voltage": null, "circuits": null, "cables": null, "frequency": null, "substationTag": null, "lineTag": null, "operator": null, "location": null }, "geometry": { "type": "Point", "coordinates": [ 100.579188, 5.9318968 ] } },
{ "type": "Feature", "properties": { "contextFeatureId": "MYS-S-002::settlements::node::12976915061", "projectId": "MYS-S-002", "projectName": "Gurun Quantum Solar PV Park", "countryCode": "MYS", "osmType": "node", "osmId": 12976915061, "highway": null, "place": "neighbourhood", "power": null, "landuse": null, "name": "Taman Jerai Indah 2", "voltage": null, "circuits": null, "cables": null, "frequency": null, "substationTag": null, "lineTag": null, "operator": null, "location": null }, "geometry": { "type": "Point", "coordinates": [ 100.4736628, 5.8200843 ] } },
{ "type": "Feature", "properties": { "contextFeatureId": "MYS-S-002::settlements::node::12976915062", "projectId": "MYS-S-002", "projectName": "Gurun Quantum Solar PV Park", "countryCode": "MYS", "osmType": "node", "osmId": 12976915062, "highway": null, "place": "neighbourhood", "power": null, "landuse": null, "name": "Taman Gurun Indah", "voltage": null, "circuits": null, "cables": null, "frequency": null, "substationTag": null, "lineTag": null, "operator": null, "location": null }, "geometry": { "type": "Point", "coordinates": [ 100.4722989, 5.8196574 ] } },
{ "type": "Feature", "properties": { "contextFeatureId": "PHL-S-001::settlements::node::27175814", "projectId": "PHL-S-001", "projectName": "Olongapo Solar Power Project", "countryCode": "PHL", "osmType": "node", "osmId": 27175814, "highway": null, "place": "city", "power": null, "landuse": null, "name": "Olongapo", "voltage": null, "circuits": null, "cables": null, "frequency": null, "substationTag": null, "lineTag": null, "operator": null, "location": null }, "geometry": { "type": "Point", "coordinates": [ 120.2843587, 14.8388848 ] } },
{ "type": "Feature", "properties": { "contextFeatureId": "PHL-S-001::settlements::node::198498553", "projectId": "PHL-S-001", "projectName": "Olongapo Solar Power Project", "countryCode": "PHL", "osmType": "node", "osmId": 198498553, "highway": null, "place": "town", "power": null, "landuse": null, "name": "Subic", "voltage": null, "circuits": null, "cables": null, "frequency": null, "substationTag": null, "lineTag": null, "operator": null, "location": null }, "geometry": { "type": "Point", "coordinates": [ 120.2344695, 14.8774796 ] } },
{ "type": "Feature", "properties": { "contextFeatureId": "PHL-S-001::settlements::node::1182982193", "projectId": "PHL-S-001", "projectName": "Olongapo Solar Power Project", "countryCode": "PHL", "osmType": "node", "osmId": 1182982193, "highway": null, "place": "neighbourhood", "power": null, "landuse": null, "name": "Holy Spirit Subdivision", "voltage": null, "circuits": null, "cables": null, "frequency": null, "substationTag": null, "lineTag": null, "operator": null, "location": null }, "geometry": { "type": "Point", "coordinates": [ 120.3052523, 14.8564597 ] } },
{ "type": "Feature", "properties": { "contextFeatureId": "PHL-S-001::settlements::node::1192573865", "projectId": "PHL-S-001", "projectName": "Olongapo Solar Power Project", "countryCode": "PHL", "osmType": "node", "osmId": 1192573865, "highway": null, "place": "neighbourhood", "power": null, "landuse": null, "name": "Banicain", "voltage": null, "circuits": null, "cables": null, "frequency": null, "substationTag": null, "lineTag": null, "operator": null, "location": null }, "geometry": { "type": "Point", "coordinates": [ 120.2756149, 14.8284955 ] } },
{ "type": "Feature", "properties": { "contextFeatureId": "PHL-S-001::settlements::node::1192573866", "projectId": "PHL-S-001", "projectName": "Olongapo Solar Power Project", "countryCode": "PHL", "osmType": "node", "osmId": 1192573866, "highway": null, "place": "neighbourhood", "power": null, "landuse": null, "name": "New Kalalake", "voltage": null, "circuits": null, "cables": null, "frequency": null, "substationTag": null, "lineTag": null, "operator": null, "location": null }, "geometry": { "type": "Point", "coordinates": [ 120.2888472, 14.8310589 ] } },
{ "type": "Feature", "properties": { "contextFeatureId": "PHL-S-001::settlements::node::1604796049", "projectId": "PHL-S-001", "projectName": "Olongapo Solar Power Project", "countryCode": "PHL", "osmType": "node", "osmId": 1604796049, "highway": null, "place": "neighbourhood", "power": null, "landuse": null, "name": "Triboa", "voltage": null, "circuits": null, "cables": null, "frequency": null, "substationTag": null, "lineTag": null, "operator": null, "location": null }, "geometry": { "type": "Point", "coordinates": [ 120.2703503, 14.7849239 ] } },
{ "type": "Feature", "properties": { "contextFeatureId": "PHL-S-001::settlements::node::1699642530", "projectId": "PHL-S-001", "projectName": "Olongapo Solar Power Project", "countryCode": "PHL", "osmType": "node", "osmId": 1699642530, "highway": null, "place": "neighbourhood", "power": null, "landuse": null, "name": "Roosevelt Park Village", "voltage": null, "circuits": null, "cables": null, "frequency": null, "substationTag": null, "lineTag": null, "operator": null, "location": null }, "geometry": { "type": "Point", "coordinates": [ 120.3743216, 14.8519964 ] } },
{ "type": "Feature", "properties": { "contextFeatureId": "PHL-S-001::settlements::node::2285388899", "projectId": "PHL-S-001", "projectName": "Olongapo Solar Power Project", "countryCode": "PHL", "osmType": "node", "osmId": 2285388899, "highway": null, "place": "neighbourhood", "power": null, "landuse": null, "name": "Edgewater", "voltage": null, "circuits": null, "cables": null, "frequency": null, "substationTag": null, "lineTag": null, "operator": null, "location": null }, "geometry": { "type": "Point", "coordinates": [ 120.2663351, 14.786474 ] } },
{ "type": "Feature", "properties": { "contextFeatureId": "PHL-S-001::settlements::node::2791889733", "projectId": "PHL-S-001", "projectName": "Olongapo Solar Power Project", "countryCode": "PHL", "osmType": "node", "osmId": 2791889733, "highway": null, "place": "neighbourhood", "power": null, "landuse": null, "name": "Marian Hills", "voltage": null, "circuits": null, "cables": null, "frequency": null, "substationTag": null, "lineTag": null, "operator": null, "location": null }, "geometry": { "type": "Point", "coordinates": [ 120.2649152, 14.8630393 ] } },
{ "type": "Feature", "properties": { "contextFeatureId": "PHL-S-001::settlements::node::2888325139", "projectId": "PHL-S-001", "projectName": "Olongapo Solar Power Project", "countryCode": "PHL", "osmType": "node", "osmId": 2888325139, "highway": null, "place": "neighbourhood", "power": null, "landuse": null, "name": "Fiesta Communities", "voltage": null, "circuits": null, "cables": null, "frequency": null, "substationTag": null, "lineTag": null, "operator": null, "location": null }, "geometry": { "type": "Point", "coordinates": [ 120.2452322, 14.8876232 ] } },
{ "type": "Feature", "properties": { "contextFeatureId": "PHL-S-001::settlements::node::3316958055", "projectId": "PHL-S-001", "projectName": "Olongapo Solar Power Project", "countryCode": "PHL", "osmType": "node", "osmId": 3316958055, "highway": null, "place": "neighbourhood", "power": null, "landuse": null, "name": "Olongapo Port", "voltage": null, "circuits": null, "cables": null, "frequency": null, "substationTag": null, "lineTag": null, "operator": null, "location": null }, "geometry": { "type": "Point", "coordinates": [ 120.2963537, 14.8181465 ] } },
{ "type": "Feature", "properties": { "contextFeatureId": "PHL-S-001::settlements::node::3316958056", "projectId": "PHL-S-001", "projectName": "Olongapo Solar Power Project", "countryCode": "PHL", "osmType": "node", "osmId": 3316958056, "highway": null, "place": "neighbourhood", "power": null, "landuse": null, "name": "Subic Bay Gateway Park", "voltage": null, "circuits": null, "cables": null, "frequency": null, "substationTag": null, "lineTag": null, "operator": null, "location": null }, "geometry": { "type": "Point", "coordinates": [ 120.2962935, 14.8290006 ] } },
{ "type": "Feature", "properties": { "contextFeatureId": "PHL-S-001::settlements::node::3317820488", "projectId": "PHL-S-001", "projectName": "Olongapo Solar Power Project", "countryCode": "PHL", "osmType": "node", "osmId": 3317820488, "highway": null, "place": "neighbourhood", "power": null, "landuse": null, "name": "Forest View Leisure Resisdences", "voltage": null, "circuits": null, "cables": null, "frequency": null, "substationTag": null, "lineTag": null, "operator": null, "location": null }, "geometry": { "type": "Point", "coordinates": [ 120.3208317, 14.801977 ] } },
{ "type": "Feature", "properties": { "contextFeatureId": "PHL-S-001::settlements::node::3318234542", "projectId": "PHL-S-001", "projectName": "Olongapo Solar Power Project", "countryCode": "PHL", "osmType": "node", "osmId": 3318234542, "highway": null, "place": "neighbourhood", "power": null, "landuse": null, "name": "Subic Techno Park", "voltage": null, "circuits": null, "cables": null, "frequency": null, "substationTag": null, "lineTag": null, "operator": null, "location": null }, "geometry": { "type": "Point", "coordinates": [ 120.302064, 14.7925698 ] } },
{ "type": "Feature", "properties": { "contextFeatureId": "PHL-S-001::settlements::node::3412738509", "projectId": "PHL-S-001", "projectName": "Olongapo Solar Power Project", "countryCode": "PHL", "osmType": "node", "osmId": 3412738509, "highway": null, "place": "neighbourhood", "power": null, "landuse": null, "name": "Subic Homes", "voltage": null, "circuits": null, "cables": null, "frequency": null, "substationTag": null, "lineTag": null, "operator": null, "location": null }, "geometry": { "type": "Point", "coordinates": [ 120.328267, 14.8001979 ] } },
{ "type": "Feature", "properties": { "contextFeatureId": "PHL-S-001::settlements::node::3412738510", "projectId": "PHL-S-001", "projectName": "Olongapo Solar Power Project", "countryCode": "PHL", "osmType": "node", "osmId": 3412738510, "highway": null, "place": "neighbourhood", "power": null, "landuse": null, "name": "The Village Club", "voltage": null, "circuits": null, "cables": null, "frequency": null, "substationTag": null, "lineTag": null, "operator": null, "location": null }, "geometry": { "type": "Point", "coordinates": [ 120.3181626, 14.8014903 ] } },
{ "type": "Feature", "properties": { "contextFeatureId": "PHL-S-001::settlements::node::3853946037", "projectId": "PHL-S-001", "projectName": "Olongapo Solar Power Project", "countryCode": "PHL", "osmType": "node", "osmId": 3853946037, "highway": null, "place": "neighbourhood", "power": null, "landuse": null, "name": "Maligaya Village", "voltage": null, "circuits": null, "cables": null, "frequency": null, "substationTag": null, "lineTag": null, "operator": null, "location": null }, "geometry": { "type": "Point", "coordinates": [ 120.2361811, 14.8662193 ] } },
{ "type": "Feature", "properties": { "contextFeatureId": "PHL-S-001::settlements::node::4907215921", "projectId": "PHL-S-001", "projectName": "Olongapo Solar Power Project", "countryCode": "PHL", "osmType": "node", "osmId": 4907215921, "highway": null, "place": "neighbourhood", "power": null, "landuse": null, "name": "Saint James", "voltage": null, "circuits": null, "cables": null, "frequency": null, "substationTag": null, "lineTag": null, "operator": null, "location": null }, "geometry": { "type": "Point", "coordinates": [ 120.2462767, 14.8593905 ] } },
{ "type": "Feature", "properties": { "contextFeatureId": "PHL-S-001::settlements::node::7808388991", "projectId": "PHL-S-001", "projectName": "Olongapo Solar Power Project", "countryCode": "PHL", "osmType": "node", "osmId": 7808388991, "highway": null, "place": "neighbourhood", "power": null, "landuse": null, "name": "East Kalayaan", "voltage": null, "circuits": null, "cables": null, "frequency": null, "substationTag": null, "lineTag": null, "operator": null, "location": null }, "geometry": { "type": "Point", "coordinates": [ 120.3117514, 14.8383938 ] } },
{ "type": "Feature", "properties": { "contextFeatureId": "PHL-S-001::settlements::node::7836458796", "projectId": "PHL-S-001", "projectName": "Olongapo Solar Power Project", "countryCode": "PHL", "osmType": "node", "osmId": 7836458796, "highway": null, "place": "hamlet", "power": null, "landuse": null, "name": "Gala", "voltage": null, "circuits": null, "cables": null, "frequency": null, "substationTag": null, "lineTag": null, "operator": null, "location": null }, "geometry": { "type": "Point", "coordinates": [ 120.2450743, 14.9294013 ] } },
{ "type": "Feature", "properties": { "contextFeatureId": "PHL-S-001::settlements::node::9025907655", "projectId": "PHL-S-001", "projectName": "Olongapo Solar Power Project", "countryCode": "PHL", "osmType": "node", "osmId": 9025907655, "highway": null, "place": "village", "power": null, "landuse": null, "name": "Mabayo", "voltage": null, "circuits": null, "cables": null, "frequency": null, "substationTag": null, "lineTag": null, "operator": null, "location": null }, "geometry": { "type": "Point", "coordinates": [ 120.2756454, 14.7309538 ] } },
{ "type": "Feature", "properties": { "contextFeatureId": "PHL-S-001::settlements::node::9027895562", "projectId": "PHL-S-001", "projectName": "Olongapo Solar Power Project", "countryCode": "PHL", "osmType": "node", "osmId": 9027895562, "highway": null, "place": "village", "power": null, "landuse": null, "name": "Roosevelt", "voltage": null, "circuits": null, "cables": null, "frequency": null, "substationTag": null, "lineTag": null, "operator": null, "location": null }, "geometry": { "type": "Point", "coordinates": [ 120.3603857, 14.8464551 ] } },
{ "type": "Feature", "properties": { "contextFeatureId": "PHL-S-001::settlements::node::9027917570", "projectId": "PHL-S-001", "projectName": "Olongapo Solar Power Project", "countryCode": "PHL", "osmType": "node", "osmId": 9027917570, "highway": null, "place": "neighbourhood", "power": null, "landuse": null, "name": "Purok 2-A", "voltage": null, "circuits": null, "cables": null, "frequency": null, "substationTag": null, "lineTag": null, "operator": null, "location": null }, "geometry": { "type": "Point", "coordinates": [ 120.3586324, 14.8439799 ] } },
{ "type": "Feature", "properties": { "contextFeatureId": "PHL-S-001::settlements::node::9027934217", "projectId": "PHL-S-001", "projectName": "Olongapo Solar Power Project", "countryCode": "PHL", "osmType": "node", "osmId": 9027934217, "highway": null, "place": "village", "power": null, "landuse": null, "name": "Pastolan", "voltage": null, "circuits": null, "cables": null, "frequency": null, "substationTag": null, "lineTag": null, "operator": null, "location": null }, "geometry": { "type": "Point", "coordinates": [ 120.3475662, 14.8137644 ] } },
{ "type": "Feature", "properties": { "contextFeatureId": "PHL-S-001::settlements::node::9027935744", "projectId": "PHL-S-001", "projectName": "Olongapo Solar Power Project", "countryCode": "PHL", "osmType": "node", "osmId": 9027935744, "highway": null, "place": "village", "power": null, "landuse": null, "name": "Tipo", "voltage": null, "circuits": null, "cables": null, "frequency": null, "substationTag": null, "lineTag": null, "operator": null, "location": null }, "geometry": { "type": "Point", "coordinates": [ 120.3497618, 14.844387 ] } },
{ "type": "Feature", "properties": { "contextFeatureId": "PHL-S-001::settlements::node::9449126034", "projectId": "PHL-S-001", "projectName": "Olongapo Solar Power Project", "countryCode": "PHL", "osmType": "node", "osmId": 9449126034, "highway": null, "place": "neighbourhood", "power": null, "landuse": null, "name": "Upper Kalaklan", "voltage": null, "circuits": null, "cables": null, "frequency": null, "substationTag": null, "lineTag": null, "operator": null, "location": null }, "geometry": { "type": "Point", "coordinates": [ 120.2730786, 14.8304008 ] } },
{ "type": "Feature", "properties": { "contextFeatureId": "PHL-S-001::settlements::node::9449326557", "projectId": "PHL-S-001", "projectName": "Olongapo Solar Power Project", "countryCode": "PHL", "osmType": "node", "osmId": 9449326557, "highway": null, "place": "neighbourhood", "power": null, "landuse": null, "name": "New Kababae", "voltage": null, "circuits": null, "cables": null, "frequency": null, "substationTag": null, "lineTag": null, "operator": null, "location": null }, "geometry": { "type": "Point", "coordinates": [ 120.2775676, 14.8320998 ] } },
{ "type": "Feature", "properties": { "contextFeatureId": "PHL-S-001::settlements::node::9449336572", "projectId": "PHL-S-001", "projectName": "Olongapo Solar Power Project", "countryCode": "PHL", "osmType": "node", "osmId": 9449336572, "highway": null, "place": "neighbourhood", "power": null, "landuse": null, "name": "Kale Hills", "voltage": null, "circuits": null, "cables": null, "frequency": null, "substationTag": null, "lineTag": null, "operator": null, "location": null }, "geometry": { "type": "Point", "coordinates": [ 120.2738893, 14.8396694 ] } },
{ "type": "Feature", "properties": { "contextFeatureId": "PHL-S-001::settlements::node::9449336573", "projectId": "PHL-S-001", "projectName": "Olongapo Solar Power Project", "countryCode": "PHL", "osmType": "node", "osmId": 9449336573, "highway": null, "place": "neighbourhood", "power": null, "landuse": null, "name": "Purok 6", "voltage": null, "circuits": null, "cables": null, "frequency": null, "substationTag": null, "lineTag": null, "operator": null, "location": null }, "geometry": { "type": "Point", "coordinates": [ 120.2730632, 14.8384715 ] } },
{ "type": "Feature", "properties": { "contextFeatureId": "PHL-S-001::settlements::node::9449640931", "projectId": "PHL-S-001", "projectName": "Olongapo Solar Power Project", "countryCode": "PHL", "osmType": "node", "osmId": 9449640931, "highway": null, "place": "neighbourhood", "power": null, "landuse": null, "name": "Cawag", "voltage": null, "circuits": null, "cables": null, "frequency": null, "substationTag": null, "lineTag": null, "operator": null, "location": null }, "geometry": { "type": "Point", "coordinates": [ 120.2190663, 14.9246663 ] } },
{ "type": "Feature", "properties": { "contextFeatureId": "PHL-S-001::settlements::node::9449640932", "projectId": "PHL-S-001", "projectName": "Olongapo Solar Power Project", "countryCode": "PHL", "osmType": "node", "osmId": 9449640932, "highway": null, "place": "village", "power": null, "landuse": null, "name": "Pamatawan", "voltage": null, "circuits": null, "cables": null, "frequency": null, "substationTag": null, "lineTag": null, "operator": null, "location": null }, "geometry": { "type": "Point", "coordinates": [ 120.2203665, 14.9243909 ] } },
{ "type": "Feature", "properties": { "contextFeatureId": "PHL-S-001::settlements::node::9451776926", "projectId": "PHL-S-001", "projectName": "Olongapo Solar Power Project", "countryCode": "PHL", "osmType": "node", "osmId": 9451776926, "highway": null, "place": "neighbourhood", "power": null, "landuse": null, "name": "Purok 1", "voltage": null, "circuits": null, "cables": null, "frequency": null, "substationTag": null, "lineTag": null, "operator": null, "location": null }, "geometry": { "type": "Point", "coordinates": [ 120.2638397, 14.8802097 ] } },
{ "type": "Feature", "properties": { "contextFeatureId": "PHL-S-001::settlements::node::9451776927", "projectId": "PHL-S-001", "projectName": "Olongapo Solar Power Project", "countryCode": "PHL", "osmType": "node", "osmId": 9451776927, "highway": null, "place": "village", "power": null, "landuse": null, "name": "Naugsol", "voltage": null, "circuits": null, "cables": null, "frequency": null, "substationTag": null, "lineTag": null, "operator": null, "location": null }, "geometry": { "type": "Point", "coordinates": [ 120.2642004, 14.8800765 ] } },
{ "type": "Feature", "properties": { "contextFeatureId": "PHL-S-001::settlements::node::9452043120", "projectId": "PHL-S-001", "projectName": "Olongapo Solar Power Project", "countryCode": "PHL", "osmType": "node", "osmId": 9452043120, "highway": null, "place": "neighbourhood", "power": null, "landuse": null, "name": null, "voltage": null, "circuits": null, "cables": null, "frequency": null, "substationTag": null, "lineTag": null, "operator": null, "location": null }, "geometry": { "type": "Point", "coordinates": [ 120.1857573, 14.8633658 ] } },
{ "type": "Feature", "properties": { "contextFeatureId": "PHL-S-001::settlements::node::9452043121", "projectId": "PHL-S-001", "projectName": "Olongapo Solar Power Project", "countryCode": "PHL", "osmType": "node", "osmId": 9452043121, "highway": null, "place": "village", "power": null, "landuse": null, "name": "Nagyantok", "voltage": null, "circuits": null, "cables": null, "frequency": null, "substationTag": null, "lineTag": null, "operator": null, "location": null }, "geometry": { "type": "Point", "coordinates": [ 120.1946019, 14.8609497 ] } },
{ "type": "Feature", "properties": { "contextFeatureId": "PHL-S-001::settlements::node::9452104425", "projectId": "PHL-S-001", "projectName": "Olongapo Solar Power Project", "countryCode": "PHL", "osmType": "node", "osmId": 9452104425, "highway": null, "place": "village", "power": null, "landuse": null, "name": "Cawag", "voltage": null, "circuits": null, "cables": null, "frequency": null, "substationTag": null, "lineTag": null, "operator": null, "location": null }, "geometry": { "type": "Point", "coordinates": [ 120.1846066, 14.8751846 ] } },
{ "type": "Feature", "properties": { "contextFeatureId": "PHL-S-001::settlements::node::9452104426", "projectId": "PHL-S-001", "projectName": "Olongapo Solar Power Project", "countryCode": "PHL", "osmType": "node", "osmId": 9452104426, "highway": null, "place": "neighbourhood", "power": null, "landuse": null, "name": "Purok 1", "voltage": null, "circuits": null, "cables": null, "frequency": null, "substationTag": null, "lineTag": null, "operator": null, "location": null }, "geometry": { "type": "Point", "coordinates": [ 120.1849754, 14.875506 ] } },
{ "type": "Feature", "properties": { "contextFeatureId": "PHL-S-001::settlements::node::9452134746", "projectId": "PHL-S-001", "projectName": "Olongapo Solar Power Project", "countryCode": "PHL", "osmType": "node", "osmId": 9452134746, "highway": null, "place": "hamlet", "power": null, "landuse": null, "name": "Cabitaugan", "voltage": null, "circuits": null, "cables": null, "frequency": null, "substationTag": null, "lineTag": null, "operator": null, "location": null }, "geometry": { "type": "Point", "coordinates": [ 120.1964781, 14.8806426 ] } },
{ "type": "Feature", "properties": { "contextFeatureId": "PHL-S-001::settlements::node::9452134747", "projectId": "PHL-S-001", "projectName": "Olongapo Solar Power Project", "countryCode": "PHL", "osmType": "node", "osmId": 9452134747, "highway": null, "place": "neighbourhood", "power": null, "landuse": null, "name": "Club Morocco", "voltage": null, "circuits": null, "cables": null, "frequency": null, "substationTag": null, "lineTag": null, "operator": null, "location": null }, "geometry": { "type": "Point", "coordinates": [ 120.209582, 14.876447 ] } },
{ "type": "Feature", "properties": { "contextFeatureId": "PHL-S-001::settlements::node::11368913421", "projectId": "PHL-S-001", "projectName": "Olongapo Solar Power Project", "countryCode": "PHL", "osmType": "node", "osmId": 11368913421, "highway": null, "place": "village", "power": null, "landuse": null, "name": "Aningway Sacatihan", "voltage": null, "circuits": null, "cables": null, "frequency": null, "substationTag": null, "lineTag": null, "operator": null, "location": null }, "geometry": { "type": "Point", "coordinates": [ 120.2282421, 14.9131781 ] } },
{ "type": "Feature", "properties": { "contextFeatureId": "PHL-S-001::settlements::node::11772960257", "projectId": "PHL-S-001", "projectName": "Olongapo Solar Power Project", "countryCode": "PHL", "osmType": "node", "osmId": 11772960257, "highway": null, "place": "village", "power": null, "landuse": null, "name": "Agusuhin", "voltage": null, "circuits": null, "cables": null, "frequency": null, "substationTag": null, "lineTag": null, "operator": null, "location": null }, "geometry": { "type": "Point", "coordinates": [ 120.2067603, 14.8452606 ] } },
{ "type": "Feature", "properties": { "contextFeatureId": "PHL-S-001::settlements::node::12219264247", "projectId": "PHL-S-001", "projectName": "Olongapo Solar Power Project", "countryCode": "PHL", "osmType": "node", "osmId": 12219264247, "highway": null, "place": "hamlet", "power": null, "landuse": null, "name": "Purok 3", "voltage": null, "circuits": null, "cables": null, "frequency": null, "substationTag": null, "lineTag": null, "operator": null, "location": null }, "geometry": { "type": "Point", "coordinates": [ 120.32785, 14.8536698 ] } },
{ "type": "Feature", "properties": { "contextFeatureId": "PHL-S-001::settlements::node::12230623067", "projectId": "PHL-S-001", "projectName": "Olongapo Solar Power Project", "countryCode": "PHL", "osmType": "node", "osmId": 12230623067, "highway": null, "place": "neighbourhood", "power": null, "landuse": null, "name": "Kakilingan", "voltage": null, "circuits": null, "cables": null, "frequency": null, "substationTag": null, "lineTag": null, "operator": null, "location": null }, "geometry": { "type": "Point", "coordinates": [ 120.3307199, 14.8617844 ] } },
{ "type": "Feature", "properties": { "contextFeatureId": "PHL-S-001::settlements::node::12728101832", "projectId": "PHL-S-001", "projectName": "Olongapo Solar Power Project", "countryCode": "PHL", "osmType": "node", "osmId": 12728101832, "highway": null, "place": "suburb", "power": null, "landuse": null, "name": "Santo Tomas", "voltage": null, "circuits": null, "cables": null, "frequency": null, "substationTag": null, "lineTag": null, "operator": null, "location": null }, "geometry": { "type": "Point", "coordinates": [ 120.256423, 14.8569319 ] } },
{ "type": "Feature", "properties": { "contextFeatureId": "PHL-S-001::settlements::node::12728101833", "projectId": "PHL-S-001", "projectName": "Olongapo Solar Power Project", "countryCode": "PHL", "osmType": "node", "osmId": 12728101833, "highway": null, "place": "suburb", "power": null, "landuse": null, "name": "San Isidro", "voltage": null, "circuits": null, "cables": null, "frequency": null, "substationTag": null, "lineTag": null, "operator": null, "location": null }, "geometry": { "type": "Point", "coordinates": [ 120.2560802, 14.8624063 ] } },
{ "type": "Feature", "properties": { "contextFeatureId": "PHL-S-001::settlements::node::12803769874", "projectId": "PHL-S-001", "projectName": "Olongapo Solar Power Project", "countryCode": "PHL", "osmType": "node", "osmId": 12803769874, "highway": null, "place": "hamlet", "power": null, "landuse": null, "name": "Kinabuksan", "voltage": null, "circuits": null, "cables": null, "frequency": null, "substationTag": null, "lineTag": null, "operator": null, "location": null }, "geometry": { "type": "Point", "coordinates": [ 120.201062, 14.7979325 ] } },
{ "type": "Feature", "properties": { "contextFeatureId": "PHL-S-001::settlements::node::12803810562", "projectId": "PHL-S-001", "projectName": "Olongapo Solar Power Project", "countryCode": "PHL", "osmType": "node", "osmId": 12803810562, "highway": null, "place": "suburb", "power": null, "landuse": null, "name": "Mangan-Vaca", "voltage": null, "circuits": null, "cables": null, "frequency": null, "substationTag": null, "lineTag": null, "operator": null, "location": null }, "geometry": { "type": "Point", "coordinates": [ 120.2376958, 14.8887188 ] } },
{ "type": "Feature", "properties": { "contextFeatureId": "PHL-S-001::settlements::node::12803918437", "projectId": "PHL-S-001", "projectName": "Olongapo Solar Power Project", "countryCode": "PHL", "osmType": "node", "osmId": 12803918437, "highway": null, "place": "hamlet", "power": null, "landuse": null, "name": "Mampueng", "voltage": null, "circuits": null, "cables": null, "frequency": null, "substationTag": null, "lineTag": null, "operator": null, "location": null }, "geometry": { "type": "Point", "coordinates": [ 120.3275013, 14.8742539 ] } },
{ "type": "Feature", "properties": { "contextFeatureId": "PHL-S-001::settlements::node::13124462128", "projectId": "PHL-S-001", "projectName": "Olongapo Solar Power Project", "countryCode": "PHL", "osmType": "node", "osmId": 13124462128, "highway": null, "place": "neighbourhood", "power": null, "landuse": null, "name": "Pag-asa", "voltage": null, "circuits": null, "cables": null, "frequency": null, "substationTag": null, "lineTag": null, "operator": null, "location": null }, "geometry": { "type": "Point", "coordinates": [ 120.2871287, 14.8270696 ] } },
{ "type": "Feature", "properties": { "contextFeatureId": "PHL-S-001::settlements::node::13124462129", "projectId": "PHL-S-001", "projectName": "Olongapo Solar Power Project", "countryCode": "PHL", "osmType": "node", "osmId": 13124462129, "highway": null, "place": "neighbourhood", "power": null, "landuse": null, "name": "West Tapinac", "voltage": null, "circuits": null, "cables": null, "frequency": null, "substationTag": null, "lineTag": null, "operator": null, "location": null }, "geometry": { "type": "Point", "coordinates": [ 120.279943, 14.8322307 ] } },
{ "type": "Feature", "properties": { "contextFeatureId": "PHL-S-001::settlements::node::13124462130", "projectId": "PHL-S-001", "projectName": "Olongapo Solar Power Project", "countryCode": "PHL", "osmType": "node", "osmId": 13124462130, "highway": null, "place": "neighbourhood", "power": null, "landuse": null, "name": "East Tapinac", "voltage": null, "circuits": null, "cables": null, "frequency": null, "substationTag": null, "lineTag": null, "operator": null, "location": null }, "geometry": { "type": "Point", "coordinates": [ 120.2854295, 14.8328387 ] } },
{ "type": "Feature", "properties": { "contextFeatureId": "PHL-S-001::settlements::node::13124462131", "projectId": "PHL-S-001", "projectName": "Olongapo Solar Power Project", "countryCode": "PHL", "osmType": "node", "osmId": 13124462131, "highway": null, "place": "neighbourhood", "power": null, "landuse": null, "name": "Asinan", "voltage": null, "circuits": null, "cables": null, "frequency": null, "substationTag": null, "lineTag": null, "operator": null, "location": null }, "geometry": { "type": "Point", "coordinates": [ 120.2852927, 14.8279187 ] } },
{ "type": "Feature", "properties": { "contextFeatureId": "PHL-S-001::settlements::node::13124462133", "projectId": "PHL-S-001", "projectName": "Olongapo Solar Power Project", "countryCode": "PHL", "osmType": "node", "osmId": 13124462133, "highway": null, "place": "neighbourhood", "power": null, "landuse": null, "name": "New Ilalim", "voltage": null, "circuits": null, "cables": null, "frequency": null, "substationTag": null, "lineTag": null, "operator": null, "location": null }, "geometry": { "type": "Point", "coordinates": [ 120.2786791, 14.8344631 ] } },
{ "type": "Feature", "properties": { "contextFeatureId": "PHL-S-001::settlements::node::13384455510", "projectId": "PHL-S-001", "projectName": "Olongapo Solar Power Project", "countryCode": "PHL", "osmType": "node", "osmId": 13384455510, "highway": null, "place": "neighbourhood", "power": null, "landuse": null, "name": "Purok 2", "voltage": null, "circuits": null, "cables": null, "frequency": null, "substationTag": null, "lineTag": null, "operator": null, "location": null }, "geometry": { "type": "Point", "coordinates": [ 120.2378752, 14.8890391 ] } },
{ "type": "Feature", "properties": { "contextFeatureId": "PHL-S-001::settlements::node::13384455519", "projectId": "PHL-S-001", "projectName": "Olongapo Solar Power Project", "countryCode": "PHL", "osmType": "node", "osmId": 13384455519, "highway": null, "place": "neighbourhood", "power": null, "landuse": null, "name": "Purok 3B", "voltage": null, "circuits": null, "cables": null, "frequency": null, "substationTag": null, "lineTag": null, "operator": null, "location": null }, "geometry": { "type": "Point", "coordinates": [ 120.2398353, 14.8883039 ] } },
{ "type": "Feature", "properties": { "contextFeatureId": "PHL-S-001::settlements::node::13385811342", "projectId": "PHL-S-001", "projectName": "Olongapo Solar Power Project", "countryCode": "PHL", "osmType": "node", "osmId": 13385811342, "highway": null, "place": "neighbourhood", "power": null, "landuse": null, "name": "Purok 3", "voltage": null, "circuits": null, "cables": null, "frequency": null, "substationTag": null, "lineTag": null, "operator": null, "location": null }, "geometry": { "type": "Point", "coordinates": [ 120.241072, 14.8903782 ] } },
{ "type": "Feature", "properties": { "contextFeatureId": "PHL-S-001::settlements::way::1374440594", "projectId": "PHL-S-001", "projectName": "Olongapo Solar Power Project", "countryCode": "PHL", "osmType": "way", "osmId": 1374440594, "highway": null, "place": "neighbourhood", "power": null, "landuse": "residential", "name": "Alta Vista", "voltage": null, "circuits": null, "cables": null, "frequency": null, "substationTag": null, "lineTag": null, "operator": null, "location": null }, "geometry": { "type": "LineString", "coordinates": [ [ 120.2576938, 14.8544818 ], [ 120.2579399, 14.8543455 ], [ 120.258075, 14.8542713 ], [ 120.2582331, 14.8544275 ], [ 120.2583763, 14.8543477 ], [ 120.2585471, 14.8542363 ], [ 120.2586803, 14.8543636 ], [ 120.2589032, 14.8545449 ], [ 120.2590525, 14.85467 ], [ 120.2591899, 14.8547851 ], [ 120.2593768, 14.8549139 ], [ 120.2597774, 14.855084 ], [ 120.2599483, 14.8551548 ], [ 120.2603491, 14.8551905 ], [ 120.2604833, 14.8554784 ], [ 120.2605879, 14.8554534 ], [ 120.2606773, 14.8554494 ], [ 120.2607737, 14.8554455 ], [ 120.2609447, 14.8554383 ], [ 120.2610696, 14.855433 ], [ 120.261176, 14.8554285 ], [ 120.2612802, 14.8554233 ], [ 120.261584, 14.8554113 ], [ 120.261656, 14.8555375 ], [ 120.2618997, 14.855965 ], [ 120.2620284, 14.856191 ], [ 120.2621276, 14.8563652 ], [ 120.2621999, 14.8564921 ], [ 120.2622627, 14.8566023 ], [ 120.2623206, 14.856704 ], [ 120.2623761, 14.8568014 ], [ 120.2624337, 14.8569027 ], [ 120.262488, 14.8569979 ], [ 120.2625732, 14.8571475 ], [ 120.2626967, 14.8573607 ], [ 120.2628171, 14.8575581 ], [ 120.2628542, 14.8576409 ], [ 120.2629237, 14.857763 ], [ 120.2629811, 14.8578636 ], [ 120.2630749, 14.8580283 ], [ 120.2630581, 14.8580438 ], [ 120.2628279, 14.8582483 ], [ 120.2627417, 14.8583237 ], [ 120.2626067, 14.8584404 ], [ 120.2624919, 14.858558 ], [ 120.2624858, 14.8586753 ], [ 120.2624838, 14.8588062 ], [ 120.262482, 14.8589236 ], [ 120.2624801, 14.8590432 ], [ 120.2624784, 14.8591555 ], [ 120.2624767, 14.8592655 ], [ 120.2624762, 14.8593744 ], [ 120.2624736, 14.8594747 ], [ 120.262472, 14.8595799 ], [ 120.2624704, 14.859684 ], [ 120.2624688, 14.8597842 ], [ 120.2624671, 14.8598952 ], [ 120.2624647, 14.8600528 ], [ 120.2624099, 14.8601777 ], [ 120.2623478, 14.860319 ], [ 120.2622639, 14.86051 ], [ 120.2622316, 14.8606119 ], [ 120.2619704, 14.8606249 ], [ 120.2618161, 14.8606325 ], [ 120.2617008, 14.8606382 ], [ 120.2615518, 14.8606456 ], [ 120.2614766, 14.8606248 ], [ 120.2610182, 14.8610123 ], [ 120.260667, 14.8611199 ], [ 120.2603601, 14.8609352 ], [ 120.2598743, 14.8608625 ], [ 120.25963, 14.8608515 ], [ 120.2595133, 14.8608617 ], [ 120.2594064, 14.8607243 ], [ 120.2593296, 14.8606183 ], [ 120.259255, 14.8605153 ], [ 120.2592309, 14.860482 ], [ 120.2591737, 14.8604031 ], [ 120.259145, 14.8603635 ], [ 120.2581738, 14.8601934 ], [ 120.2581897, 14.8601539 ], [ 120.2578836, 14.8600941 ], [ 120.2576671, 14.8600314 ], [ 120.2575496, 14.8599507 ], [ 120.25748, 14.8598476 ], [ 120.2574141, 14.8597666 ], [ 120.2576606, 14.8593099 ], [ 120.2578001, 14.8589625 ], [ 120.2578765, 14.8587006 ], [ 120.257917, 14.8583071 ], [ 120.2579293, 14.8580256 ], [ 120.2580978, 14.8578233 ], [ 120.2581911, 14.8577159 ], [ 120.2582742, 14.8576175 ], [ 120.2583558, 14.857521 ], [ 120.2584293, 14.8574364 ], [ 120.258428, 14.8573427 ], [ 120.2584227, 14.857223 ], [ 120.258412, 14.8570862 ], [ 120.2584059, 14.8569516 ], [ 120.2584004, 14.8568202 ], [ 120.2583936, 14.8566789 ], [ 120.258388, 14.8565444 ], [ 120.2583817, 14.8564223 ], [ 120.2583749, 14.8562899 ], [ 120.258357, 14.8561781 ], [ 120.2583249, 14.8560654 ], [ 120.2582738, 14.8559318 ], [ 120.2582205, 14.855803 ], [ 120.2581715, 14.8556775 ], [ 120.2581083, 14.8555203 ], [ 120.2580935, 14.8554831 ], [ 120.2580462, 14.8553645 ], [ 120.2579945, 14.8552351 ], [ 120.2579403, 14.8550994 ], [ 120.2578809, 14.8549418 ], [ 120.2578176, 14.8547925 ], [ 120.2577518, 14.8546357 ], [ 120.2576938, 14.8544818 ] ] } },
{ "type": "Feature", "properties": { "contextFeatureId": "PHL-S-002::settlements::node::198506542", "projectId": "PHL-S-002", "projectName": "Cayanga-Bugallon Solar Power Plant", "countryCode": "PHL", "osmType": "node", "osmId": 198506542, "highway": null, "place": "town", "power": null, "landuse": null, "name": "Aguilar", "voltage": null, "circuits": null, "cables": null, "frequency": null, "substationTag": null, "lineTag": null, "operator": null, "location": null }, "geometry": { "type": "Point", "coordinates": [ 120.2384199, 15.8890372 ] } },
{ "type": "Feature", "properties": { "contextFeatureId": "PHL-S-002::settlements::node::198523096", "projectId": "PHL-S-002", "projectName": "Cayanga-Bugallon Solar Power Plant", "countryCode": "PHL", "osmType": "node", "osmId": 198523096, "highway": null, "place": "town", "power": null, "landuse": null, "name": "Bugallon", "voltage": null, "circuits": null, "cables": null, "frequency": null, "substationTag": null, "lineTag": null, "operator": null, "location": null }, "geometry": { "type": "Point", "coordinates": [ 120.2149613, 15.9540627 ] } },
{ "type": "Feature", "properties": { "contextFeatureId": "PHL-S-002::settlements::node::446072194", "projectId": "PHL-S-002", "projectName": "Cayanga-Bugallon Solar Power Plant", "countryCode": "PHL", "osmType": "node", "osmId": 446072194, "highway": null, "place": "hamlet", "power": null, "landuse": null, "name": "Socony", "voltage": null, "circuits": null, "cables": null, "frequency": null, "substationTag": null, "lineTag": null, "operator": null, "location": null }, "geometry": { "type": "Point", "coordinates": [ 120.2178828, 15.9717687 ] } },
{ "type": "Feature", "properties": { "contextFeatureId": "PHL-S-002::settlements::node::1275522342", "projectId": "PHL-S-002", "projectName": "Cayanga-Bugallon Solar Power Plant", "countryCode": "PHL", "osmType": "node", "osmId": 1275522342, "highway": null, "place": "village", "power": null, "landuse": null, "name": "Polong", "voltage": null, "circuits": null, "cables": null, "frequency": null, "substationTag": null, "lineTag": null, "operator": null, "location": null }, "geometry": { "type": "Point", "coordinates": [ 120.2011418, 15.9776417 ] } },
{ "type": "Feature", "properties": { "contextFeatureId": "PHL-S-002::settlements::node::1275522343", "projectId": "PHL-S-002", "projectName": "Cayanga-Bugallon Solar Power Plant", "countryCode": "PHL", "osmType": "node", "osmId": 1275522343, "highway": null, "place": "village", "power": null, "landuse": null, "name": "Samat", "voltage": null, "circuits": null, "cables": null, "frequency": null, "substationTag": null, "lineTag": null, "operator": null, "location": null }, "geometry": { "type": "Point", "coordinates": [ 120.1970123, 15.9819344 ] } },
{ "type": "Feature", "properties": { "contextFeatureId": "PHL-S-002::settlements::node::1275522368", "projectId": "PHL-S-002", "projectName": "Cayanga-Bugallon Solar Power Plant", "countryCode": "PHL", "osmType": "node", "osmId": 1275522368, "highway": null, "place": "village", "power": null, "landuse": null, "name": "Pantal", "voltage": null, "circuits": null, "cables": null, "frequency": null, "substationTag": null, "lineTag": null, "operator": null, "location": null }, "geometry": { "type": "Point", "coordinates": [ 120.2018929, 15.9891418 ] } },
{ "type": "Feature", "properties": { "contextFeatureId": "PHL-S-002::settlements::node::1275522378", "projectId": "PHL-S-002", "projectName": "Cayanga-Bugallon Solar Power Plant", "countryCode": "PHL", "osmType": "node", "osmId": 1275522378, "highway": null, "place": "village", "power": null, "landuse": null, "name": "Asinan", "voltage": null, "circuits": null, "cables": null, "frequency": null, "substationTag": null, "lineTag": null, "operator": null, "location": null }, "geometry": { "type": "Point", "coordinates": [ 120.2013564, 15.9834486 ] } },
{ "type": "Feature", "properties": { "contextFeatureId": "PHL-S-002::settlements::node::1275522383", "projectId": "PHL-S-002", "projectName": "Cayanga-Bugallon Solar Power Plant", "countryCode": "PHL", "osmType": "node", "osmId": 1275522383, "highway": null, "place": "village", "power": null, "landuse": null, "name": "Buenlag", "voltage": null, "circuits": null, "cables": null, "frequency": null, "substationTag": null, "lineTag": null, "operator": null, "location": null }, "geometry": { "type": "Point", "coordinates": [ 120.1912176, 15.9793951 ] } },
{ "type": "Feature", "properties": { "contextFeatureId": "PHL-S-002::settlements::node::1275522384", "projectId": "PHL-S-002", "projectName": "Cayanga-Bugallon Solar Power Plant", "countryCode": "PHL", "osmType": "node", "osmId": 1275522384, "highway": null, "place": "village", "power": null, "landuse": null, "name": "Gueset", "voltage": null, "circuits": null, "cables": null, "frequency": null, "substationTag": null, "lineTag": null, "operator": null, "location": null }, "geometry": { "type": "Point", "coordinates": [ 120.1800851, 15.9751512 ] } },
{ "type": "Feature", "properties": { "contextFeatureId": "PHL-S-002::settlements::node::1663948039", "projectId": "PHL-S-002", "projectName": "Cayanga-Bugallon Solar Power Plant", "countryCode": "PHL", "osmType": "node", "osmId": 1663948039, "highway": null, "place": "village", "power": null, "landuse": null, "name": "Mapita", "voltage": null, "circuits": null, "cables": null, "frequency": null, "substationTag": null, "lineTag": null, "operator": null, "location": null }, "geometry": { "type": "Point", "coordinates": [ 120.146449, 15.8264882 ] } },
{ "type": "Feature", "properties": { "contextFeatureId": "PHL-S-002::settlements::node::2653803252", "projectId": "PHL-S-002", "projectName": "Cayanga-Bugallon Solar Power Plant", "countryCode": "PHL", "osmType": "node", "osmId": 2653803252, "highway": null, "place": "village", "power": null, "landuse": null, "name": "Bogaoan", "voltage": null, "circuits": null, "cables": null, "frequency": null, "substationTag": null, "lineTag": null, "operator": null, "location": null }, "geometry": { "type": "Point", "coordinates": [ 120.2667652, 15.9158898 ] } },
{ "type": "Feature", "properties": { "contextFeatureId": "PHL-S-002::settlements::node::2653803255", "projectId": "PHL-S-002", "projectName": "Cayanga-Bugallon Solar Power Plant", "countryCode": "PHL", "osmType": "node", "osmId": 2653803255, "highway": null, "place": "village", "power": null, "landuse": null, "name": "Aponit", "voltage": null, "circuits": null, "cables": null, "frequency": null, "substationTag": null, "lineTag": null, "operator": null, "location": null }, "geometry": { "type": "Point", "coordinates": [ 120.2868054, 15.898537 ] } },
{ "type": "Feature", "properties": { "contextFeatureId": "PHL-S-002::settlements::node::2653803266", "projectId": "PHL-S-002", "projectName": "Cayanga-Bugallon Solar Power Plant", "countryCode": "PHL", "osmType": "node", "osmId": 2653803266, "highway": null, "place": "village", "power": null, "landuse": null, "name": "Balaya", "voltage": null, "circuits": null, "cables": null, "frequency": null, "substationTag": null, "lineTag": null, "operator": null, "location": null }, "geometry": { "type": "Point", "coordinates": [ 120.2904295, 15.9244734 ] } },
{ "type": "Feature", "properties": { "contextFeatureId": "PHL-S-002::settlements::node::2653803271", "projectId": "PHL-S-002", "projectName": "Cayanga-Bugallon Solar Power Plant", "countryCode": "PHL", "osmType": "node", "osmId": 2653803271, "highway": null, "place": "village", "power": null, "landuse": null, "name": "Balococ", "voltage": null, "circuits": null, "cables": null, "frequency": null, "substationTag": null, "lineTag": null, "operator": null, "location": null }, "geometry": { "type": "Point", "coordinates": [ 120.3025722, 15.9133153 ] } },
{ "type": "Feature", "properties": { "contextFeatureId": "PHL-S-002::settlements::node::2653803272", "projectId": "PHL-S-002", "projectName": "Cayanga-Bugallon Solar Power Plant", "countryCode": "PHL", "osmType": "node", "osmId": 2653803272, "highway": null, "place": "village", "power": null, "landuse": null, "name": "Bani", "voltage": null, "circuits": null, "cables": null, "frequency": null, "substationTag": null, "lineTag": null, "operator": null, "location": null }, "geometry": { "type": "Point", "coordinates": [ 120.2650395, 15.9018111 ] } },
{ "type": "Feature", "properties": { "contextFeatureId": "PHL-S-002::settlements::node::2653803274", "projectId": "PHL-S-002", "projectName": "Cayanga-Bugallon Solar Power Plant", "countryCode": "PHL", "osmType": "node", "osmId": 2653803274, "highway": null, "place": "village", "power": null, "landuse": null, "name": "Bocboc", "voltage": null, "circuits": null, "cables": null, "frequency": null, "substationTag": null, "lineTag": null, "operator": null, "location": null }, "geometry": { "type": "Point", "coordinates": [ 120.2619086, 15.8906143 ] } },
{ "type": "Feature", "properties": { "contextFeatureId": "PHL-S-002::settlements::node::2653803275", "projectId": "PHL-S-002", "projectName": "Cayanga-Bugallon Solar Power Plant", "countryCode": "PHL", "osmType": "node", "osmId": 2653803275, "highway": null, "place": "village", "power": null, "landuse": null, "name": "Pangascasan", "voltage": null, "circuits": null, "cables": null, "frequency": null, "substationTag": null, "lineTag": null, "operator": null, "location": null }, "geometry": { "type": "Point", "coordinates": [ 120.2634131, 15.9317912 ] } },
{ "type": "Feature", "properties": { "contextFeatureId": "PHL-S-002::settlements::node::2653803279", "projectId": "PHL-S-002", "projectName": "Cayanga-Bugallon Solar Power Plant", "countryCode": "PHL", "osmType": "node", "osmId": 2653803279, "highway": null, "place": "village", "power": null, "landuse": null, "name": "Buenglat", "voltage": null, "circuits": null, "cables": null, "frequency": null, "substationTag": null, "lineTag": null, "operator": null, "location": null }, "geometry": { "type": "Point", "coordinates": [ 120.3087933, 15.9099803 ] } },
{ "type": "Feature", "properties": { "contextFeatureId": "PHL-S-002::settlements::node::2653803284", "projectId": "PHL-S-002", "projectName": "Cayanga-Bugallon Solar Power Plant", "countryCode": "PHL", "osmType": "node", "osmId": 2653803284, "highway": null, "place": "village", "power": null, "landuse": null, "name": "Calomboyan", "voltage": null, "circuits": null, "cables": null, "frequency": null, "substationTag": null, "lineTag": null, "operator": null, "location": null }, "geometry": { "type": "Point", "coordinates": [ 120.3009656, 15.9444597 ] } },
{ "type": "Feature", "properties": { "contextFeatureId": "PHL-S-002::settlements::node::2653803291", "projectId": "PHL-S-002", "projectName": "Cayanga-Bugallon Solar Power Plant", "countryCode": "PHL", "osmType": "node", "osmId": 2653803291, "highway": null, "place": "village", "power": null, "landuse": null, "name": "Gamata", "voltage": null, "circuits": null, "cables": null, "frequency": null, "substationTag": null, "lineTag": null, "operator": null, "location": null }, "geometry": { "type": "Point", "coordinates": [ 120.3051439, 15.9226567 ] } },
{ "type": "Feature", "properties": { "contextFeatureId": "PHL-S-002::settlements::node::2653803295", "projectId": "PHL-S-002", "projectName": "Cayanga-Bugallon Solar Power Plant", "countryCode": "PHL", "osmType": "node", "osmId": 2653803295, "highway": null, "place": "village", "power": null, "landuse": null, "name": "Isla", "voltage": null, "circuits": null, "cables": null, "frequency": null, "substationTag": null, "lineTag": null, "operator": null, "location": null }, "geometry": { "type": "Point", "coordinates": [ 120.3050771, 15.8840013 ] } },
{ "type": "Feature", "properties": { "contextFeatureId": "PHL-S-002::settlements::node::2653803301", "projectId": "PHL-S-002", "projectName": "Cayanga-Bugallon Solar Power Plant", "countryCode": "PHL", "osmType": "node", "osmId": 2653803301, "highway": null, "place": "village", "power": null, "landuse": null, "name": "Mabalbalino", "voltage": null, "circuits": null, "cables": null, "frequency": null, "substationTag": null, "lineTag": null, "operator": null, "location": null }, "geometry": { "type": "Point", "coordinates": [ 120.2651604, 15.9229913 ] } },
{ "type": "Feature", "properties": { "contextFeatureId": "PHL-S-002::settlements::node::2653803331", "projectId": "PHL-S-002", "projectName": "Cayanga-Bugallon Solar Power Plant", "countryCode": "PHL", "osmType": "node", "osmId": 2653803331, "highway": null, "place": "village", "power": null, "landuse": null, "name": "Salinap", "voltage": null, "circuits": null, "cables": null, "frequency": null, "substationTag": null, "lineTag": null, "operator": null, "location": null }, "geometry": { "type": "Point", "coordinates": [ 120.2735214, 15.8883622 ] } },
{ "type": "Feature", "properties": { "contextFeatureId": "PHL-S-002::settlements::node::2653803336", "projectId": "PHL-S-002", "projectName": "Cayanga-Bugallon Solar Power Plant", "countryCode": "PHL", "osmType": "node", "osmId": 2653803336, "highway": null, "place": "village", "power": null, "landuse": null, "name": "Talang", "voltage": null, "circuits": null, "cables": null, "frequency": null, "substationTag": null, "lineTag": null, "operator": null, "location": null }, "geometry": { "type": "Point", "coordinates": [ 120.3044261, 15.9040409 ] } },
{ "type": "Feature", "properties": { "contextFeatureId": "PHL-S-002::settlements::node::2653803337", "projectId": "PHL-S-002", "projectName": "Cayanga-Bugallon Solar Power Plant", "countryCode": "PHL", "osmType": "node", "osmId": 2653803337, "highway": null, "place": "village", "power": null, "landuse": null, "name": "Tamayo", "voltage": null, "circuits": null, "cables": null, "frequency": null, "substationTag": null, "lineTag": null, "operator": null, "location": null }, "geometry": { "type": "Point", "coordinates": [ 120.2844123, 15.8773548 ] } },
{ "type": "Feature", "properties": { "contextFeatureId": "PHL-S-002::settlements::node::2653803342", "projectId": "PHL-S-002", "projectName": "Cayanga-Bugallon Solar Power Plant", "countryCode": "PHL", "osmType": "node", "osmId": 2653803342, "highway": null, "place": "village", "power": null, "landuse": null, "name": "Tayambani", "voltage": null, "circuits": null, "cables": null, "frequency": null, "substationTag": null, "lineTag": null, "operator": null, "location": null }, "geometry": { "type": "Point", "coordinates": [ 120.3076541, 15.8999466 ] } },
{ "type": "Feature", "properties": { "contextFeatureId": "PHL-S-002::settlements::node::4369884531", "projectId": "PHL-S-002", "projectName": "Cayanga-Bugallon Solar Power Plant", "countryCode": "PHL", "osmType": "node", "osmId": 4369884531, "highway": null, "place": "village", "power": null, "landuse": null, "name": "Quibaol", "voltage": null, "circuits": null, "cables": null, "frequency": null, "substationTag": null, "lineTag": null, "operator": null, "location": null }, "geometry": { "type": "Point", "coordinates": [ 120.2313755, 16.0029772 ] } },
{ "type": "Feature", "properties": { "contextFeatureId": "PHL-S-002::settlements::node::4369884532", "projectId": "PHL-S-002", "projectName": "Cayanga-Bugallon Solar Power Plant", "countryCode": "PHL", "osmType": "node", "osmId": 4369884532, "highway": null, "place": "village", "power": null, "landuse": null, "name": "Balococ", "voltage": null, "circuits": null, "cables": null, "frequency": null, "substationTag": null, "lineTag": null, "operator": null, "location": null }, "geometry": { "type": "Point", "coordinates": [ 120.2240478, 15.9976968 ] } },
{ "type": "Feature", "properties": { "contextFeatureId": "PHL-S-002::settlements::node::4369884533", "projectId": "PHL-S-002", "projectName": "Cayanga-Bugallon Solar Power Plant", "countryCode": "PHL", "osmType": "node", "osmId": 4369884533, "highway": null, "place": "village", "power": null, "landuse": null, "name": "Matalava", "voltage": null, "circuits": null, "cables": null, "frequency": null, "substationTag": null, "lineTag": null, "operator": null, "location": null }, "geometry": { "type": "Point", "coordinates": [ 120.2474903, 16.0090824 ] } },
{ "type": "Feature", "properties": { "contextFeatureId": "PHL-S-002::settlements::node::4369884535", "projectId": "PHL-S-002", "projectName": "Cayanga-Bugallon Solar Power Plant", "countryCode": "PHL", "osmType": "node", "osmId": 4369884535, "highway": null, "place": "village", "power": null, "landuse": null, "name": "Bantayan", "voltage": null, "circuits": null, "cables": null, "frequency": null, "substationTag": null, "lineTag": null, "operator": null, "location": null }, "geometry": { "type": "Point", "coordinates": [ 120.2180831, 15.9840764 ] } },
{ "type": "Feature", "properties": { "contextFeatureId": "PHL-S-002::settlements::node::4369884536", "projectId": "PHL-S-002", "projectName": "Cayanga-Bugallon Solar Power Plant", "countryCode": "PHL", "osmType": "node", "osmId": 4369884536, "highway": null, "place": "village", "power": null, "landuse": null, "name": "Bañaga", "voltage": null, "circuits": null, "cables": null, "frequency": null, "substationTag": null, "lineTag": null, "operator": null, "location": null }, "geometry": { "type": "Point", "coordinates": [ 120.2286584, 15.9915917 ] } },
{ "type": "Feature", "properties": { "contextFeatureId": "PHL-S-002::settlements::node::4369884537", "projectId": "PHL-S-002", "projectName": "Cayanga-Bugallon Solar Power Plant", "countryCode": "PHL", "osmType": "node", "osmId": 4369884537, "highway": null, "place": "village", "power": null, "landuse": null, "name": "Tumbar", "voltage": null, "circuits": null, "cables": null, "frequency": null, "substationTag": null, "lineTag": null, "operator": null, "location": null }, "geometry": { "type": "Point", "coordinates": [ 120.2470864, 15.9868785 ] } },
{ "type": "Feature", "properties": { "contextFeatureId": "PHL-S-002::settlements::node::4369884538", "projectId": "PHL-S-002", "projectName": "Cayanga-Bugallon Solar Power Plant", "countryCode": "PHL", "osmType": "node", "osmId": 4369884538, "highway": null, "place": "village", "power": null, "landuse": null, "name": "Angarian", "voltage": null, "circuits": null, "cables": null, "frequency": null, "substationTag": null, "lineTag": null, "operator": null, "location": null }, "geometry": { "type": "Point", "coordinates": [ 120.246423, 15.9782888 ] } },
{ "type": "Feature", "properties": { "contextFeatureId": "PHL-S-002::settlements::node::4369884539", "projectId": "PHL-S-002", "projectName": "Cayanga-Bugallon Solar Power Plant", "countryCode": "PHL", "osmType": "node", "osmId": 4369884539, "highway": null, "place": "village", "power": null, "landuse": null, "name": "Basing", "voltage": null, "circuits": null, "cables": null, "frequency": null, "substationTag": null, "lineTag": null, "operator": null, "location": null }, "geometry": { "type": "Point", "coordinates": [ 120.2553614, 15.9762685 ] } },
{ "type": "Feature", "properties": { "contextFeatureId": "PHL-S-002::settlements::node::4369884540", "projectId": "PHL-S-002", "projectName": "Cayanga-Bugallon Solar Power Plant", "countryCode": "PHL", "osmType": "node", "osmId": 4369884540, "highway": null, "place": "village", "power": null, "landuse": null, "name": "Naguelguel", "voltage": null, "circuits": null, "cables": null, "frequency": null, "substationTag": null, "lineTag": null, "operator": null, "location": null }, "geometry": { "type": "Point", "coordinates": [ 120.2489483, 16.0010539 ] } },
{ "type": "Feature", "properties": { "contextFeatureId": "PHL-S-002::settlements::node::4369928251", "projectId": "PHL-S-002", "projectName": "Cayanga-Bugallon Solar Power Plant", "countryCode": "PHL", "osmType": "node", "osmId": 4369928251, "highway": null, "place": "village", "power": null, "landuse": null, "name": "Magtaquing", "voltage": null, "circuits": null, "cables": null, "frequency": null, "substationTag": null, "lineTag": null, "operator": null, "location": null }, "geometry": { "type": "Point", "coordinates": [ 120.1766613, 15.9854585 ] } },
{ "type": "Feature", "properties": { "contextFeatureId": "PHL-S-002::settlements::node::4369928252", "projectId": "PHL-S-002", "projectName": "Cayanga-Bugallon Solar Power Plant", "countryCode": "PHL", "osmType": "node", "osmId": 4369928252, "highway": null, "place": "village", "power": null, "landuse": null, "name": "Dulig", "voltage": null, "circuits": null, "cables": null, "frequency": null, "substationTag": null, "lineTag": null, "operator": null, "location": null }, "geometry": { "type": "Point", "coordinates": [ 120.1734856, 15.9978142 ] } },
{ "type": "Feature", "properties": { "contextFeatureId": "PHL-S-002::settlements::node::4369928253", "projectId": "PHL-S-002", "projectName": "Cayanga-Bugallon Solar Power Plant", "countryCode": "PHL", "osmType": "node", "osmId": 4369928253, "highway": null, "place": "village", "power": null, "landuse": null, "name": "Magsaysay", "voltage": null, "circuits": null, "cables": null, "frequency": null, "substationTag": null, "lineTag": null, "operator": null, "location": null }, "geometry": { "type": "Point", "coordinates": [ 120.1627137, 16.0036927 ] } },
{ "type": "Feature", "properties": { "contextFeatureId": "PHL-S-002::settlements::node::5715770858", "projectId": "PHL-S-002", "projectName": "Cayanga-Bugallon Solar Power Plant", "countryCode": "PHL", "osmType": "node", "osmId": 5715770858, "highway": null, "place": "village", "power": null, "landuse": null, "name": "Tampac", "voltage": null, "circuits": null, "cables": null, "frequency": null, "substationTag": null, "lineTag": null, "operator": null, "location": null }, "geometry": { "type": "Point", "coordinates": [ 120.2532229, 15.8734861 ] } },
{ "type": "Feature", "properties": { "contextFeatureId": "PHL-S-002::settlements::node::5715771128", "projectId": "PHL-S-002", "projectName": "Cayanga-Bugallon Solar Power Plant", "countryCode": "PHL", "osmType": "node", "osmId": 5715771128, "highway": null, "place": "hamlet", "power": null, "landuse": null, "name": "Star Apple", "voltage": null, "circuits": null, "cables": null, "frequency": null, "substationTag": null, "lineTag": null, "operator": null, "location": null }, "geometry": { "type": "Point", "coordinates": [ 120.2569954, 15.8503332 ] } },
{ "type": "Feature", "properties": { "contextFeatureId": "PHL-S-002::settlements::node::7674372772", "projectId": "PHL-S-002", "projectName": "Cayanga-Bugallon Solar Power Plant", "countryCode": "PHL", "osmType": "node", "osmId": 7674372772, "highway": null, "place": "hamlet", "power": null, "landuse": null, "name": "Kadampat", "voltage": null, "circuits": null, "cables": null, "frequency": null, "substationTag": null, "lineTag": null, "operator": null, "location": null }, "geometry": { "type": "Point", "coordinates": [ 120.1565373, 15.9854446 ] } },
{ "type": "Feature", "properties": { "contextFeatureId": "PHL-S-002::settlements::node::7721572456", "projectId": "PHL-S-002", "projectName": "Cayanga-Bugallon Solar Power Plant", "countryCode": "PHL", "osmType": "node", "osmId": 7721572456, "highway": null, "place": "hamlet", "power": null, "landuse": null, "name": "Dimantal", "voltage": null, "circuits": null, "cables": null, "frequency": null, "substationTag": null, "lineTag": null, "operator": null, "location": null }, "geometry": { "type": "Point", "coordinates": [ 120.1672205, 15.9243431 ] } },
{ "type": "Feature", "properties": { "contextFeatureId": "PHL-S-002::settlements::node::9025708347", "projectId": "PHL-S-002", "projectName": "Cayanga-Bugallon Solar Power Plant", "countryCode": "PHL", "osmType": "node", "osmId": 9025708347, "highway": null, "place": "village", "power": null, "landuse": null, "name": "Baybay", "voltage": null, "circuits": null, "cables": null, "frequency": null, "substationTag": null, "lineTag": null, "operator": null, "location": null }, "geometry": { "type": "Point", "coordinates": [ 120.2296502, 15.9001522 ] } },
{ "type": "Feature", "properties": { "contextFeatureId": "PHL-S-002::settlements::node::9025708356", "projectId": "PHL-S-002", "projectName": "Cayanga-Bugallon Solar Power Plant", "countryCode": "PHL", "osmType": "node", "osmId": 9025708356, "highway": null, "place": "village", "power": null, "landuse": null, "name": "Manlocboc", "voltage": null, "circuits": null, "cables": null, "frequency": null, "substationTag": null, "lineTag": null, "operator": null, "location": null }, "geometry": { "type": "Point", "coordinates": [ 120.2209916, 15.8963268 ] } },
{ "type": "Feature", "properties": { "contextFeatureId": "PHL-S-002::settlements::node::9335255213", "projectId": "PHL-S-002", "projectName": "Cayanga-Bugallon Solar Power Plant", "countryCode": "PHL", "osmType": "node", "osmId": 9335255213, "highway": null, "place": "village", "power": null, "landuse": null, "name": "Malawa", "voltage": null, "circuits": null, "cables": null, "frequency": null, "substationTag": null, "lineTag": null, "operator": null, "location": null }, "geometry": { "type": "Point", "coordinates": [ 120.2769872, 15.9580875 ] } },
{ "type": "Feature", "properties": { "contextFeatureId": "PHL-S-002::settlements::node::9372017671", "projectId": "PHL-S-002", "projectName": "Cayanga-Bugallon Solar Power Plant", "countryCode": "PHL", "osmType": "node", "osmId": 9372017671, "highway": null, "place": "village", "power": null, "landuse": null, "name": "Pogomboa", "voltage": null, "circuits": null, "cables": null, "frequency": null, "substationTag": null, "lineTag": null, "operator": null, "location": null }, "geometry": { "type": "Point", "coordinates": [ 120.2444226, 15.8809227 ] } },
{ "type": "Feature", "properties": { "contextFeatureId": "PHL-S-002::settlements::node::9372126332", "projectId": "PHL-S-002", "projectName": "Cayanga-Bugallon Solar Power Plant", "countryCode": "PHL", "osmType": "node", "osmId": 9372126332, "highway": null, "place": "village", "power": null, "landuse": null, "name": "Laoag", "voltage": null, "circuits": null, "cables": null, "frequency": null, "substationTag": null, "lineTag": null, "operator": null, "location": null }, "geometry": { "type": "Point", "coordinates": [ 120.2301659, 15.8750089 ] } },
{ "type": "Feature", "properties": { "contextFeatureId": "PHL-S-002::settlements::node::9393366000", "projectId": "PHL-S-002", "projectName": "Cayanga-Bugallon Solar Power Plant", "countryCode": "PHL", "osmType": "node", "osmId": 9393366000, "highway": null, "place": "village", "power": null, "landuse": null, "name": "Antipangol", "voltage": null, "circuits": null, "cables": null, "frequency": null, "substationTag": null, "lineTag": null, "operator": null, "location": null }, "geometry": { "type": "Point", "coordinates": [ 120.2720976, 15.9318641 ] } },
{ "type": "Feature", "properties": { "contextFeatureId": "PHL-S-002::settlements::node::9589814342", "projectId": "PHL-S-002", "projectName": "Cayanga-Bugallon Solar Power Plant", "countryCode": "PHL", "osmType": "node", "osmId": 9589814342, "highway": null, "place": "village", "power": null, "landuse": null, "name": "Bocboc West", "voltage": null, "circuits": null, "cables": null, "frequency": null, "substationTag": null, "lineTag": null, "operator": null, "location": null }, "geometry": { "type": "Point", "coordinates": [ 120.2518496, 15.8906394 ] } },
{ "type": "Feature", "properties": { "contextFeatureId": "PHL-S-002::settlements::node::9589814388", "projectId": "PHL-S-002", "projectName": "Cayanga-Bugallon Solar Power Plant", "countryCode": "PHL", "osmType": "node", "osmId": 9589814388, "highway": null, "place": "village", "power": null, "landuse": null, "name": "Bolo", "voltage": null, "circuits": null, "cables": null, "frequency": null, "substationTag": null, "lineTag": null, "operator": null, "location": null }, "geometry": { "type": "Point", "coordinates": [ 120.163275, 15.995913 ] } },
{ "type": "Feature", "properties": { "contextFeatureId": "PHL-S-002::settlements::node::9589814389", "projectId": "PHL-S-002", "projectName": "Cayanga-Bugallon Solar Power Plant", "countryCode": "PHL", "osmType": "node", "osmId": 9589814389, "highway": null, "place": "village", "power": null, "landuse": null, "name": "Bongalon", "voltage": null, "circuits": null, "cables": null, "frequency": null, "substationTag": null, "lineTag": null, "operator": null, "location": null }, "geometry": { "type": "Point", "coordinates": [ 120.1543285, 16.0065691 ] } },
{ "type": "Feature", "properties": { "contextFeatureId": "PHL-S-002::settlements::node::9589814514", "projectId": "PHL-S-002", "projectName": "Cayanga-Bugallon Solar Power Plant", "countryCode": "PHL", "osmType": "node", "osmId": 9589814514, "highway": null, "place": "village", "power": null, "landuse": null, "name": "Bacabac", "voltage": null, "circuits": null, "cables": null, "frequency": null, "substationTag": null, "lineTag": null, "operator": null, "location": null }, "geometry": { "type": "Point", "coordinates": [ 120.2068716, 15.9708395 ] } },
{ "type": "Feature", "properties": { "contextFeatureId": "PHL-S-002::settlements::node::9932134827", "projectId": "PHL-S-002", "projectName": "Cayanga-Bugallon Solar Power Plant", "countryCode": "PHL", "osmType": "node", "osmId": 9932134827, "highway": null, "place": "neighbourhood", "power": null, "landuse": null, "name": "Grand Royale Subdivision", "voltage": null, "circuits": null, "cables": null, "frequency": null, "substationTag": null, "lineTag": null, "operator": null, "location": null }, "geometry": { "type": "Point", "coordinates": [ 120.2211061, 15.9642818 ] } },
{ "type": "Feature", "properties": { "contextFeatureId": "PHL-S-002::settlements::node::9935881455", "projectId": "PHL-S-002", "projectName": "Cayanga-Bugallon Solar Power Plant", "countryCode": "PHL", "osmType": "node", "osmId": 9935881455, "highway": null, "place": "hamlet", "power": null, "landuse": null, "name": "Tebag", "voltage": null, "circuits": null, "cables": null, "frequency": null, "substationTag": null, "lineTag": null, "operator": null, "location": null }, "geometry": { "type": "Point", "coordinates": [ 120.2313977, 15.900553 ] } },
{ "type": "Feature", "properties": { "contextFeatureId": "PHL-S-002::settlements::node::9936084497", "projectId": "PHL-S-002", "projectName": "Cayanga-Bugallon Solar Power Plant", "countryCode": "PHL", "osmType": "node", "osmId": 9936084497, "highway": null, "place": "hamlet", "power": null, "landuse": null, "name": "Cerely", "voltage": null, "circuits": null, "cables": null, "frequency": null, "substationTag": null, "lineTag": null, "operator": null, "location": null }, "geometry": { "type": "Point", "coordinates": [ 120.2579999, 15.8532017 ] } },
{ "type": "Feature", "properties": { "contextFeatureId": "PHL-S-002::settlements::node::9936084498", "projectId": "PHL-S-002", "projectName": "Cayanga-Bugallon Solar Power Plant", "countryCode": "PHL", "osmType": "node", "osmId": 9936084498, "highway": null, "place": "hamlet", "power": null, "landuse": null, "name": "Calomboyan", "voltage": null, "circuits": null, "cables": null, "frequency": null, "substationTag": null, "lineTag": null, "operator": null, "location": null }, "geometry": { "type": "Point", "coordinates": [ 120.2669746, 15.8593115 ] } },
{ "type": "Feature", "properties": { "contextFeatureId": "PHL-S-002::settlements::node::9936084499", "projectId": "PHL-S-002", "projectName": "Cayanga-Bugallon Solar Power Plant", "countryCode": "PHL", "osmType": "node", "osmId": 9936084499, "highway": null, "place": "hamlet", "power": null, "landuse": null, "name": "Mangga", "voltage": null, "circuits": null, "cables": null, "frequency": null, "substationTag": null, "lineTag": null, "operator": null, "location": null }, "geometry": { "type": "Point", "coordinates": [ 120.2594322, 15.8506034 ] } },
{ "type": "Feature", "properties": { "contextFeatureId": "PHL-S-002::settlements::node::10885707957", "projectId": "PHL-S-002", "projectName": "Cayanga-Bugallon Solar Power Plant", "countryCode": "PHL", "osmType": "node", "osmId": 10885707957, "highway": null, "place": "village", "power": null, "landuse": null, "name": "Bocboc East", "voltage": null, "circuits": null, "cables": null, "frequency": null, "substationTag": null, "lineTag": null, "operator": null, "location": null }, "geometry": { "type": "Point", "coordinates": [ 120.2620634, 15.8975942 ] } },
{ "type": "Feature", "properties": { "contextFeatureId": "PHL-S-002::settlements::node::11030835404", "projectId": "PHL-S-002", "projectName": "Cayanga-Bugallon Solar Power Plant", "countryCode": "PHL", "osmType": "node", "osmId": 11030835404, "highway": null, "place": "village", "power": null, "landuse": null, "name": "San Jose", "voltage": null, "circuits": null, "cables": null, "frequency": null, "substationTag": null, "lineTag": null, "operator": null, "location": null }, "geometry": { "type": "Point", "coordinates": [ 120.2784952, 15.8643471 ] } },
{ "type": "Feature", "properties": { "contextFeatureId": "PHL-S-002::settlements::node::11030857574", "projectId": "PHL-S-002", "projectName": "Cayanga-Bugallon Solar Power Plant", "countryCode": "PHL", "osmType": "node", "osmId": 11030857574, "highway": null, "place": "village", "power": null, "landuse": null, "name": "Panacol", "voltage": null, "circuits": null, "cables": null, "frequency": null, "substationTag": null, "lineTag": null, "operator": null, "location": null }, "geometry": { "type": "Point", "coordinates": [ 120.2861156, 15.8731382 ] } },
{ "type": "Feature", "properties": { "contextFeatureId": "PHL-S-002::settlements::node::12078631839", "projectId": "PHL-S-002", "projectName": "Cayanga-Bugallon Solar Power Plant", "countryCode": "PHL", "osmType": "node", "osmId": 12078631839, "highway": null, "place": "village", "power": null, "landuse": null, "name": "Portic", "voltage": null, "circuits": null, "cables": null, "frequency": null, "substationTag": null, "lineTag": null, "operator": null, "location": null }, "geometry": { "type": "Point", "coordinates": [ 120.2068448, 15.9342189 ] } },
{ "type": "Feature", "properties": { "contextFeatureId": "PHL-S-002::settlements::node::12405012532", "projectId": "PHL-S-002", "projectName": "Cayanga-Bugallon Solar Power Plant", "countryCode": "PHL", "osmType": "node", "osmId": 12405012532, "highway": null, "place": "hamlet", "power": null, "landuse": null, "name": "Casagatan", "voltage": null, "circuits": null, "cables": null, "frequency": null, "substationTag": null, "lineTag": null, "operator": null, "location": null }, "geometry": { "type": "Point", "coordinates": [ 120.2482903, 15.82153 ] } },
{ "type": "Feature", "properties": { "contextFeatureId": "PHL-S-002::settlements::node::12405012892", "projectId": "PHL-S-002", "projectName": "Cayanga-Bugallon Solar Power Plant", "countryCode": "PHL", "osmType": "node", "osmId": 12405012892, "highway": null, "place": "village", "power": null, "landuse": null, "name": "Ninoy", "voltage": null, "circuits": null, "cables": null, "frequency": null, "substationTag": null, "lineTag": null, "operator": null, "location": null }, "geometry": { "type": "Point", "coordinates": [ 120.2472228, 15.8637131 ] } },
{ "type": "Feature", "properties": { "contextFeatureId": "PHL-S-002::settlements::node::12405012893", "projectId": "PHL-S-002", "projectName": "Cayanga-Bugallon Solar Power Plant", "countryCode": "PHL", "osmType": "node", "osmId": 12405012893, "highway": null, "place": "village", "power": null, "landuse": null, "name": "Bocacliw", "voltage": null, "circuits": null, "cables": null, "frequency": null, "substationTag": null, "lineTag": null, "operator": null, "location": null }, "geometry": { "type": "Point", "coordinates": [ 120.2563637, 15.8521154 ] } },
{ "type": "Feature", "properties": { "contextFeatureId": "PHL-S-002::settlements::node::12405012896", "projectId": "PHL-S-002", "projectName": "Cayanga-Bugallon Solar Power Plant", "countryCode": "PHL", "osmType": "node", "osmId": 12405012896, "highway": null, "place": "village", "power": null, "landuse": null, "name": "Bayaoas", "voltage": null, "circuits": null, "cables": null, "frequency": null, "substationTag": null, "lineTag": null, "operator": null, "location": null }, "geometry": { "type": "Point", "coordinates": [ 120.2600062, 15.8330855 ] } },
{ "type": "Feature", "properties": { "contextFeatureId": "PHL-S-002::settlements::node::12405012910", "projectId": "PHL-S-002", "projectName": "Cayanga-Bugallon Solar Power Plant", "countryCode": "PHL", "osmType": "node", "osmId": 12405012910, "highway": null, "place": "village", "power": null, "landuse": null, "name": "Buer", "voltage": null, "circuits": null, "cables": null, "frequency": null, "substationTag": null, "lineTag": null, "operator": null, "location": null }, "geometry": { "type": "Point", "coordinates": [ 120.2571845, 15.8374877 ] } },
{ "type": "Feature", "properties": { "contextFeatureId": "PHL-S-002::settlements::node::12512683077", "projectId": "PHL-S-002", "projectName": "Cayanga-Bugallon Solar Power Plant", "countryCode": "PHL", "osmType": "node", "osmId": 12512683077, "highway": null, "place": "village", "power": null, "landuse": null, "name": "Basing", "voltage": null, "circuits": null, "cables": null, "frequency": null, "substationTag": null, "lineTag": null, "operator": null, "location": null }, "geometry": { "type": "Point", "coordinates": [ 120.2702294, 15.9856354 ] } },
{ "type": "Feature", "properties": { "contextFeatureId": "PHL-S-002::settlements::node::12739136926", "projectId": "PHL-S-002", "projectName": "Cayanga-Bugallon Solar Power Plant", "countryCode": "PHL", "osmType": "node", "osmId": 12739136926, "highway": null, "place": "hamlet", "power": null, "landuse": null, "name": "Salincaoet", "voltage": null, "circuits": null, "cables": null, "frequency": null, "substationTag": null, "lineTag": null, "operator": null, "location": null }, "geometry": { "type": "Point", "coordinates": [ 120.2031648, 15.9467171 ] } },
{ "type": "Feature", "properties": { "contextFeatureId": "PHL-S-002::settlements::node::12748387854", "projectId": "PHL-S-002", "projectName": "Cayanga-Bugallon Solar Power Plant", "countryCode": "PHL", "osmType": "node", "osmId": 12748387854, "highway": null, "place": "village", "power": null, "landuse": null, "name": "Rosario", "voltage": null, "circuits": null, "cables": null, "frequency": null, "substationTag": null, "lineTag": null, "operator": null, "location": null }, "geometry": { "type": "Point", "coordinates": [ 120.2668485, 15.9450381 ] } },
{ "type": "Feature", "properties": { "contextFeatureId": "PHL-S-003::settlements::node::198513563", "projectId": "PHL-S-003", "projectName": "Opus Solar Power Project", "countryCode": "PHL", "osmType": "node", "osmId": 198513563, "highway": null, "place": "city", "power": null, "landuse": null, "name": "Batac", "voltage": null, "circuits": null, "cables": null, "frequency": null, "substationTag": null, "lineTag": null, "operator": null, "location": null }, "geometry": { "type": "Point", "coordinates": [ 120.5645243, 18.0555035 ] } },
{ "type": "Feature", "properties": { "contextFeatureId": "PHL-S-003::settlements::node::198517566", "projectId": "PHL-S-003", "projectName": "Opus Solar Power Project", "countryCode": "PHL", "osmType": "node", "osmId": 198517566, "highway": null, "place": "town", "power": null, "landuse": null, "name": "Currimao", "voltage": null, "circuits": null, "cables": null, "frequency": null, "substationTag": null, "lineTag": null, "operator": null, "location": null }, "geometry": { "type": "Point", "coordinates": [ 120.4868281, 18.0194482 ] } },
{ "type": "Feature", "properties": { "contextFeatureId": "PHL-S-003::settlements::node::198532443", "projectId": "PHL-S-003", "projectName": "Opus Solar Power Project", "countryCode": "PHL", "osmType": "node", "osmId": 198532443, "highway": null, "place": "town", "power": null, "landuse": null, "name": "Paoay", "voltage": null, "circuits": null, "cables": null, "frequency": null, "substationTag": null, "lineTag": null, "operator": null, "location": null }, "geometry": { "type": "Point", "coordinates": [ 120.5195093, 18.0617813 ] } },
{ "type": "Feature", "properties": { "contextFeatureId": "PHL-S-003::settlements::node::1232409702", "projectId": "PHL-S-003", "projectName": "Opus Solar Power Project", "countryCode": "PHL", "osmType": "node", "osmId": 1232409702, "highway": null, "place": "hamlet", "power": null, "landuse": null, "name": "Banitog", "voltage": null, "circuits": null, "cables": null, "frequency": null, "substationTag": null, "lineTag": null, "operator": null, "location": null }, "geometry": { "type": "Point", "coordinates": [ 120.5107562, 18.0747845 ] } },
{ "type": "Feature", "properties": { "contextFeatureId": "PHL-S-003::settlements::node::7083071042", "projectId": "PHL-S-003", "projectName": "Opus Solar Power Project", "countryCode": "PHL", "osmType": "node", "osmId": 7083071042, "highway": null, "place": "village", "power": null, "landuse": null, "name": "Baligat", "voltage": null, "circuits": null, "cables": null, "frequency": null, "substationTag": null, "lineTag": null, "operator": null, "location": null }, "geometry": { "type": "Point", "coordinates": [ 120.560537, 18.0937845 ] } },
{ "type": "Feature", "properties": { "contextFeatureId": "PHL-S-003::settlements::node::7083072311", "projectId": "PHL-S-003", "projectName": "Opus Solar Power Project", "countryCode": "PHL", "osmType": "node", "osmId": 7083072311, "highway": null, "place": "village", "power": null, "landuse": null, "name": "Bil-loca", "voltage": null, "circuits": null, "cables": null, "frequency": null, "substationTag": null, "lineTag": null, "operator": null, "location": null }, "geometry": { "type": "Point", "coordinates": [ 120.5681866, 18.0889734 ] } },
{ "type": "Feature", "properties": { "contextFeatureId": "PHL-S-003::settlements::node::9396367530", "projectId": "PHL-S-003", "projectName": "Opus Solar Power Project", "countryCode": "PHL", "osmType": "node", "osmId": 9396367530, "highway": null, "place": "village", "power": null, "landuse": null, "name": "Nagbacalan", "voltage": null, "circuits": null, "cables": null, "frequency": null, "substationTag": null, "lineTag": null, "operator": null, "location": null }, "geometry": { "type": "Point", "coordinates": [ 120.5220614, 18.1147446 ] } },
{ "type": "Feature", "properties": { "contextFeatureId": "PHL-S-003::settlements::node::9398161528", "projectId": "PHL-S-003", "projectName": "Opus Solar Power Project", "countryCode": "PHL", "osmType": "node", "osmId": 9398161528, "highway": null, "place": "village", "power": null, "landuse": null, "name": "Apaya", "voltage": null, "circuits": null, "cables": null, "frequency": null, "substationTag": null, "lineTag": null, "operator": null, "location": null }, "geometry": { "type": "Point", "coordinates": [ 120.5337283, 18.1705952 ] } },
{ "type": "Feature", "properties": { "contextFeatureId": "PHL-S-003::settlements::node::9398170422", "projectId": "PHL-S-003", "projectName": "Opus Solar Power Project", "countryCode": "PHL", "osmType": "node", "osmId": 9398170422, "highway": null, "place": "village", "power": null, "landuse": null, "name": "Mangato West", "voltage": null, "circuits": null, "cables": null, "frequency": null, "substationTag": null, "lineTag": null, "operator": null, "location": null }, "geometry": { "type": "Point", "coordinates": [ 120.5487084, 18.1718197 ] } },
{ "type": "Feature", "properties": { "contextFeatureId": "PHL-S-003::settlements::node::9398170423", "projectId": "PHL-S-003", "projectName": "Opus Solar Power Project", "countryCode": "PHL", "osmType": "node", "osmId": 9398170423, "highway": null, "place": "village", "power": null, "landuse": null, "name": "Mangato East", "voltage": null, "circuits": null, "cables": null, "frequency": null, "substationTag": null, "lineTag": null, "operator": null, "location": null }, "geometry": { "type": "Point", "coordinates": [ 120.5485395, 18.177388 ] } },
{ "type": "Feature", "properties": { "contextFeatureId": "PHL-S-003::settlements::node::9398178215", "projectId": "PHL-S-003", "projectName": "Opus Solar Power Project", "countryCode": "PHL", "osmType": "node", "osmId": 9398178215, "highway": null, "place": "village", "power": null, "landuse": null, "name": "Balatong", "voltage": null, "circuits": null, "cables": null, "frequency": null, "substationTag": null, "lineTag": null, "operator": null, "location": null }, "geometry": { "type": "Point", "coordinates": [ 120.5533245, 18.1576524 ] } },
{ "type": "Feature", "properties": { "contextFeatureId": "PHL-S-003::settlements::node::9398178216", "projectId": "PHL-S-003", "projectName": "Opus Solar Power Project", "countryCode": "PHL", "osmType": "node", "osmId": 9398178216, "highway": null, "place": "village", "power": null, "landuse": null, "name": "Balacad", "voltage": null, "circuits": null, "cables": null, "frequency": null, "substationTag": null, "lineTag": null, "operator": null, "location": null }, "geometry": { "type": "Point", "coordinates": [ 120.5469127, 18.1492786 ] } },
{ "type": "Feature", "properties": { "contextFeatureId": "PHL-S-003::settlements::node::9764865679", "projectId": "PHL-S-003", "projectName": "Opus Solar Power Project", "countryCode": "PHL", "osmType": "node", "osmId": 9764865679, "highway": null, "place": "village", "power": null, "landuse": null, "name": "Araniw", "voltage": null, "circuits": null, "cables": null, "frequency": null, "substationTag": null, "lineTag": null, "operator": null, "location": null }, "geometry": { "type": "Point", "coordinates": [ 120.5364186, 18.1801656 ] } },
{ "type": "Feature", "properties": { "contextFeatureId": "PHL-S-003::settlements::node::9764876541", "projectId": "PHL-S-003", "projectName": "Opus Solar Power Project", "countryCode": "PHL", "osmType": "node", "osmId": 9764876541, "highway": null, "place": "village", "power": null, "landuse": null, "name": "Suba", "voltage": null, "circuits": null, "cables": null, "frequency": null, "substationTag": null, "lineTag": null, "operator": null, "location": null }, "geometry": { "type": "Point", "coordinates": [ 120.5418259, 18.1301606 ] } },
{ "type": "Feature", "properties": { "contextFeatureId": "PHL-S-003::settlements::node::9764880793", "projectId": "PHL-S-003", "projectName": "Opus Solar Power Project", "countryCode": "PHL", "osmType": "node", "osmId": 9764880793, "highway": null, "place": "village", "power": null, "landuse": null, "name": "Gabu Norte", "voltage": null, "circuits": null, "cables": null, "frequency": null, "substationTag": null, "lineTag": null, "operator": null, "location": null }, "geometry": { "type": "Point", "coordinates": [ 120.5291444, 18.187632 ] } },
{ "type": "Feature", "properties": { "contextFeatureId": "PHL-S-003::settlements::node::9764896623", "projectId": "PHL-S-003", "projectName": "Opus Solar Power Project", "countryCode": "PHL", "osmType": "node", "osmId": 9764896623, "highway": null, "place": "village", "power": null, "landuse": null, "name": "Santa Rosa", "voltage": null, "circuits": null, "cables": null, "frequency": null, "substationTag": null, "lineTag": null, "operator": null, "location": null }, "geometry": { "type": "Point", "coordinates": [ 120.5426359, 18.1681474 ] } },
{ "type": "Feature", "properties": { "contextFeatureId": "PHL-S-003::settlements::node::9764896635", "projectId": "PHL-S-003", "projectName": "Opus Solar Power Project", "countryCode": "PHL", "osmType": "node", "osmId": 9764896635, "highway": null, "place": "village", "power": null, "landuse": null, "name": "Calayab", "voltage": null, "circuits": null, "cables": null, "frequency": null, "substationTag": null, "lineTag": null, "operator": null, "location": null }, "geometry": { "type": "Point", "coordinates": [ 120.5333072, 18.1562099 ] } },
{ "type": "Feature", "properties": { "contextFeatureId": "PHL-S-003::settlements::node::9764974279", "projectId": "PHL-S-003", "projectName": "Opus Solar Power Project", "countryCode": "PHL", "osmType": "node", "osmId": 9764974279, "highway": null, "place": "village", "power": null, "landuse": null, "name": "Nanguyudan", "voltage": null, "circuits": null, "cables": null, "frequency": null, "substationTag": null, "lineTag": null, "operator": null, "location": null }, "geometry": { "type": "Point", "coordinates": [ 120.556393, 18.1211342 ] } },
{ "type": "Feature", "properties": { "contextFeatureId": "PHL-S-003::settlements::node::9764987016", "projectId": "PHL-S-003", "projectName": "Opus Solar Power Project", "countryCode": "PHL", "osmType": "node", "osmId": 9764987016, "highway": null, "place": "village", "power": null, "landuse": null, "name": "San Pablo", "voltage": null, "circuits": null, "cables": null, "frequency": null, "substationTag": null, "lineTag": null, "operator": null, "location": null }, "geometry": { "type": "Point", "coordinates": [ 120.5808762, 18.1274611 ] } },
{ "type": "Feature", "properties": { "contextFeatureId": "PHL-S-003::settlements::node::9765005572", "projectId": "PHL-S-003", "projectName": "Opus Solar Power Project", "countryCode": "PHL", "osmType": "node", "osmId": 9765005572, "highway": null, "place": "village", "power": null, "landuse": null, "name": "San Pedro", "voltage": null, "circuits": null, "cables": null, "frequency": null, "substationTag": null, "lineTag": null, "operator": null, "location": null }, "geometry": { "type": "Point", "coordinates": [ 120.5819946, 18.1331225 ] } },
{ "type": "Feature", "properties": { "contextFeatureId": "PHL-S-003::settlements::node::9765005577", "projectId": "PHL-S-003", "projectName": "Opus Solar Power Project", "countryCode": "PHL", "osmType": "node", "osmId": 9765005577, "highway": null, "place": "village", "power": null, "landuse": null, "name": "San Lorenzo", "voltage": null, "circuits": null, "cables": null, "frequency": null, "substationTag": null, "lineTag": null, "operator": null, "location": null }, "geometry": { "type": "Point", "coordinates": [ 120.5826679, 18.1403666 ] } },
{ "type": "Feature", "properties": { "contextFeatureId": "PHL-S-003::settlements::node::9765057668", "projectId": "PHL-S-003", "projectName": "Opus Solar Power Project", "countryCode": "PHL", "osmType": "node", "osmId": 9765057668, "highway": null, "place": "village", "power": null, "landuse": null, "name": "Asuncion", "voltage": null, "circuits": null, "cables": null, "frequency": null, "substationTag": null, "lineTag": null, "operator": null, "location": null }, "geometry": { "type": "Point", "coordinates": [ 120.5581981, 18.1431628 ] } },
{ "type": "Feature", "properties": { "contextFeatureId": "PHL-S-003::settlements::node::9777016880", "projectId": "PHL-S-003", "projectName": "Opus Solar Power Project", "countryCode": "PHL", "osmType": "node", "osmId": 9777016880, "highway": null, "place": "hamlet", "power": null, "landuse": null, "name": "Paguludan-Salindeg", "voltage": null, "circuits": null, "cables": null, "frequency": null, "substationTag": null, "lineTag": null, "operator": null, "location": null }, "geometry": { "type": "Point", "coordinates": [ 120.4880261, 18.0585 ] } },
{ "type": "Feature", "properties": { "contextFeatureId": "PHL-S-003::settlements::node::9777016881", "projectId": "PHL-S-003", "projectName": "Opus Solar Power Project", "countryCode": "PHL", "osmType": "node", "osmId": 9777016881, "highway": null, "place": "village", "power": null, "landuse": null, "name": "Cayubog", "voltage": null, "circuits": null, "cables": null, "frequency": null, "substationTag": null, "lineTag": null, "operator": null, "location": null }, "geometry": { "type": "Point", "coordinates": [ 120.5041677, 18.06054 ] } },
{ "type": "Feature", "properties": { "contextFeatureId": "PHL-S-003::settlements::node::9777019264", "projectId": "PHL-S-003", "projectName": "Opus Solar Power Project", "countryCode": "PHL", "osmType": "node", "osmId": 9777019264, "highway": null, "place": "village", "power": null, "landuse": null, "name": "Oaig-Upay-Abulao", "voltage": null, "circuits": null, "cables": null, "frequency": null, "substationTag": null, "lineTag": null, "operator": null, "location": null }, "geometry": { "type": "Point", "coordinates": [ 120.5045425, 18.0764771 ] } },
{ "type": "Feature", "properties": { "contextFeatureId": "PHL-S-003::settlements::node::9777076971", "projectId": "PHL-S-003", "projectName": "Opus Solar Power Project", "countryCode": "PHL", "osmType": "node", "osmId": 9777076971, "highway": null, "place": "village", "power": null, "landuse": null, "name": "Callaguip", "voltage": null, "circuits": null, "cables": null, "frequency": null, "substationTag": null, "lineTag": null, "operator": null, "location": null }, "geometry": { "type": "Point", "coordinates": [ 120.4873529, 18.0722979 ] } },
{ "type": "Feature", "properties": { "contextFeatureId": "PHL-S-003::settlements::node::9777076972", "projectId": "PHL-S-003", "projectName": "Opus Solar Power Project", "countryCode": "PHL", "osmType": "node", "osmId": 9777076972, "highway": null, "place": "village", "power": null, "landuse": null, "name": "Masintoc", "voltage": null, "circuits": null, "cables": null, "frequency": null, "substationTag": null, "lineTag": null, "operator": null, "location": null }, "geometry": { "type": "Point", "coordinates": [ 120.4847163, 18.0770534 ] } },
{ "type": "Feature", "properties": { "contextFeatureId": "PHL-S-003::settlements::node::9777492949", "projectId": "PHL-S-003", "projectName": "Opus Solar Power Project", "countryCode": "PHL", "osmType": "node", "osmId": 9777492949, "highway": null, "place": "village", "power": null, "landuse": null, "name": "Mumulaan", "voltage": null, "circuits": null, "cables": null, "frequency": null, "substationTag": null, "lineTag": null, "operator": null, "location": null }, "geometry": { "type": "Point", "coordinates": [ 120.5084807, 18.1015223 ] } },
{ "type": "Feature", "properties": { "contextFeatureId": "PHL-S-003::settlements::node::9777492966", "projectId": "PHL-S-003", "projectName": "Opus Solar Power Project", "countryCode": "PHL", "osmType": "node", "osmId": 9777492966, "highway": null, "place": "village", "power": null, "landuse": null, "name": "Pasil", "voltage": null, "circuits": null, "cables": null, "frequency": null, "substationTag": null, "lineTag": null, "operator": null, "location": null }, "geometry": { "type": "Point", "coordinates": [ 120.5398679, 18.1008951 ] } },
{ "type": "Feature", "properties": { "contextFeatureId": "PHL-S-003::settlements::node::9777540222", "projectId": "PHL-S-003", "projectName": "Opus Solar Power Project", "countryCode": "PHL", "osmType": "node", "osmId": 9777540222, "highway": null, "place": "village", "power": null, "landuse": null, "name": "Bacsil", "voltage": null, "circuits": null, "cables": null, "frequency": null, "substationTag": null, "lineTag": null, "operator": null, "location": null }, "geometry": { "type": "Point", "coordinates": [ 120.4986638, 18.089315 ] } },
{ "type": "Feature", "properties": { "contextFeatureId": "PHL-S-003::settlements::node::9777572312", "projectId": "PHL-S-003", "projectName": "Opus Solar Power Project", "countryCode": "PHL", "osmType": "node", "osmId": 9777572312, "highway": null, "place": "village", "power": null, "landuse": null, "name": "Veronica", "voltage": null, "circuits": null, "cables": null, "frequency": null, "substationTag": null, "lineTag": null, "operator": null, "location": null }, "geometry": { "type": "Point", "coordinates": [ 120.5203629, 18.0610908 ] } },
{ "type": "Feature", "properties": { "contextFeatureId": "PHL-S-003::settlements::node::9777572313", "projectId": "PHL-S-003", "projectName": "Opus Solar Power Project", "countryCode": "PHL", "osmType": "node", "osmId": 9777572313, "highway": null, "place": "village", "power": null, "landuse": null, "name": "San Roque", "voltage": null, "circuits": null, "cables": null, "frequency": null, "substationTag": null, "lineTag": null, "operator": null, "location": null }, "geometry": { "type": "Point", "coordinates": [ 120.5172662, 18.0648993 ] } },
{ "type": "Feature", "properties": { "contextFeatureId": "PHL-S-003::settlements::node::9777584933", "projectId": "PHL-S-003", "projectName": "Opus Solar Power Project", "countryCode": "PHL", "osmType": "node", "osmId": 9777584933, "highway": null, "place": "village", "power": null, "landuse": null, "name": "Salbang", "voltage": null, "circuits": null, "cables": null, "frequency": null, "substationTag": null, "lineTag": null, "operator": null, "location": null }, "geometry": { "type": "Point", "coordinates": [ 120.5286133, 18.0657344 ] } },
{ "type": "Feature", "properties": { "contextFeatureId": "PHL-S-003::settlements::node::9777584994", "projectId": "PHL-S-003", "projectName": "Opus Solar Power Project", "countryCode": "PHL", "osmType": "node", "osmId": 9777584994, "highway": null, "place": "village", "power": null, "landuse": null, "name": "San Agustin", "voltage": null, "circuits": null, "cables": null, "frequency": null, "substationTag": null, "lineTag": null, "operator": null, "location": null }, "geometry": { "type": "Point", "coordinates": [ 120.5354959, 18.0727518 ] } },
{ "type": "Feature", "properties": { "contextFeatureId": "PHL-S-003::settlements::node::10941358005", "projectId": "PHL-S-003", "projectName": "Opus Solar Power Project", "countryCode": "PHL", "osmType": "node", "osmId": 10941358005, "highway": null, "place": "village", "power": null, "landuse": null, "name": "Tabug", "voltage": null, "circuits": null, "cables": null, "frequency": null, "substationTag": null, "lineTag": null, "operator": null, "location": null }, "geometry": { "type": "Point", "coordinates": [ 120.5504823, 18.0425501 ] } },
{ "type": "Feature", "properties": { "contextFeatureId": "PHL-S-003::settlements::node::10941358007", "projectId": "PHL-S-003", "projectName": "Opus Solar Power Project", "countryCode": "PHL", "osmType": "node", "osmId": 10941358007, "highway": null, "place": "village", "power": null, "landuse": null, "name": "Quiling Sur", "voltage": null, "circuits": null, "cables": null, "frequency": null, "substationTag": null, "lineTag": null, "operator": null, "location": null }, "geometry": { "type": "Point", "coordinates": [ 120.5447529, 18.0673523 ] } },
{ "type": "Feature", "properties": { "contextFeatureId": "PHL-S-003::settlements::node::10941398165", "projectId": "PHL-S-003", "projectName": "Opus Solar Power Project", "countryCode": "PHL", "osmType": "node", "osmId": 10941398165, "highway": null, "place": "village", "power": null, "landuse": null, "name": "Bungon", "voltage": null, "circuits": null, "cables": null, "frequency": null, "substationTag": null, "lineTag": null, "operator": null, "location": null }, "geometry": { "type": "Point", "coordinates": [ 120.5794326, 18.1095913 ] } },
{ "type": "Feature", "properties": { "contextFeatureId": "PHL-S-003::settlements::node::10941398166", "projectId": "PHL-S-003", "projectName": "Opus Solar Power Project", "countryCode": "PHL", "osmType": "node", "osmId": 10941398166, "highway": null, "place": "village", "power": null, "landuse": null, "name": "Dariwdiw", "voltage": null, "circuits": null, "cables": null, "frequency": null, "substationTag": null, "lineTag": null, "operator": null, "location": null }, "geometry": { "type": "Point", "coordinates": [ 120.5871275, 18.0942276 ] } },
{ "type": "Feature", "properties": { "contextFeatureId": "PHL-S-003::settlements::node::10941398167", "projectId": "PHL-S-003", "projectName": "Opus Solar Power Project", "countryCode": "PHL", "osmType": "node", "osmId": 10941398167, "highway": null, "place": "village", "power": null, "landuse": null, "name": "Nagbacalan", "voltage": null, "circuits": null, "cables": null, "frequency": null, "substationTag": null, "lineTag": null, "operator": null, "location": null }, "geometry": { "type": "Point", "coordinates": [ 120.5952462, 18.090009 ] } },
{ "type": "Feature", "properties": { "contextFeatureId": "PHL-S-003::settlements::node::10941398176", "projectId": "PHL-S-003", "projectName": "Opus Solar Power Project", "countryCode": "PHL", "osmType": "node", "osmId": 10941398176, "highway": null, "place": "village", "power": null, "landuse": null, "name": "Baay", "voltage": null, "circuits": null, "cables": null, "frequency": null, "substationTag": null, "lineTag": null, "operator": null, "location": null }, "geometry": { "type": "Point", "coordinates": [ 120.5653665, 18.109943 ] } },
{ "type": "Feature", "properties": { "contextFeatureId": "PHL-S-003::settlements::node::10941398179", "projectId": "PHL-S-003", "projectName": "Opus Solar Power Project", "countryCode": "PHL", "osmType": "node", "osmId": 10941398179, "highway": null, "place": "village", "power": null, "landuse": null, "name": "Quiling Norte", "voltage": null, "circuits": null, "cables": null, "frequency": null, "substationTag": null, "lineTag": null, "operator": null, "location": null }, "geometry": { "type": "Point", "coordinates": [ 120.5619781, 18.075646 ] } },
{ "type": "Feature", "properties": { "contextFeatureId": "PHL-S-003::settlements::node::11056420672", "projectId": "PHL-S-003", "projectName": "Opus Solar Power Project", "countryCode": "PHL", "osmType": "node", "osmId": 11056420672, "highway": null, "place": "village", "power": null, "landuse": null, "name": "Baoa West", "voltage": null, "circuits": null, "cables": null, "frequency": null, "substationTag": null, "lineTag": null, "operator": null, "location": null }, "geometry": { "type": "Point", "coordinates": [ 120.5949283, 18.0705258 ] } },
{ "type": "Feature", "properties": { "contextFeatureId": "PHL-S-003::settlements::node::11058030896", "projectId": "PHL-S-003", "projectName": "Opus Solar Power Project", "countryCode": "PHL", "osmType": "node", "osmId": 11058030896, "highway": null, "place": "village", "power": null, "landuse": null, "name": "Victoria", "voltage": null, "circuits": null, "cables": null, "frequency": null, "substationTag": null, "lineTag": null, "operator": null, "location": null }, "geometry": { "type": "Point", "coordinates": [ 120.5002302, 17.9980169 ] } },
{ "type": "Feature", "properties": { "contextFeatureId": "PHL-S-003::settlements::node::11058166672", "projectId": "PHL-S-003", "projectName": "Opus Solar Power Project", "countryCode": "PHL", "osmType": "node", "osmId": 11058166672, "highway": null, "place": "village", "power": null, "landuse": null, "name": "Rayuray", "voltage": null, "circuits": null, "cables": null, "frequency": null, "substationTag": null, "lineTag": null, "operator": null, "location": null }, "geometry": { "type": "Point", "coordinates": [ 120.5829039, 18.0724688 ] } },
{ "type": "Feature", "properties": { "contextFeatureId": "PHL-S-003::settlements::node::11058320708", "projectId": "PHL-S-003", "projectName": "Opus Solar Power Project", "countryCode": "PHL", "osmType": "node", "osmId": 11058320708, "highway": null, "place": "village", "power": null, "landuse": null, "name": "Parangopong", "voltage": null, "circuits": null, "cables": null, "frequency": null, "substationTag": null, "lineTag": null, "operator": null, "location": null }, "geometry": { "type": "Point", "coordinates": [ 120.5733633, 18.0391565 ] } },
{ "type": "Feature", "properties": { "contextFeatureId": "PHL-S-003::settlements::node::11058320709", "projectId": "PHL-S-003", "projectName": "Opus Solar Power Project", "countryCode": "PHL", "osmType": "node", "osmId": 11058320709, "highway": null, "place": "village", "power": null, "landuse": null, "name": "Naguirangan", "voltage": null, "circuits": null, "cables": null, "frequency": null, "substationTag": null, "lineTag": null, "operator": null, "location": null }, "geometry": { "type": "Point", "coordinates": [ 120.5769682, 18.0516223 ] } },
{ "type": "Feature", "properties": { "contextFeatureId": "PHL-S-003::settlements::node::11058320730", "projectId": "PHL-S-003", "projectName": "Opus Solar Power Project", "countryCode": "PHL", "osmType": "node", "osmId": 11058320730, "highway": null, "place": "village", "power": null, "landuse": null, "name": "Palongpong", "voltage": null, "circuits": null, "cables": null, "frequency": null, "substationTag": null, "lineTag": null, "operator": null, "location": null }, "geometry": { "type": "Point", "coordinates": [ 120.5872786, 18.0547845 ] } },
{ "type": "Feature", "properties": { "contextFeatureId": "PHL-S-003::settlements::node::12568540133", "projectId": "PHL-S-003", "projectName": "Opus Solar Power Project", "countryCode": "PHL", "osmType": "node", "osmId": 12568540133, "highway": null, "place": "village", "power": null, "landuse": null, "name": "Nalasin", "voltage": null, "circuits": null, "cables": null, "frequency": null, "substationTag": null, "lineTag": null, "operator": null, "location": null }, "geometry": { "type": "Point", "coordinates": [ 120.5231309, 18.0717982 ] } },
{ "type": "Feature", "properties": { "contextFeatureId": "PHL-S-003::settlements::node::12576488888", "projectId": "PHL-S-003", "projectName": "Opus Solar Power Project", "countryCode": "PHL", "osmType": "node", "osmId": 12576488888, "highway": null, "place": "hamlet", "power": null, "landuse": null, "name": "Saranay", "voltage": null, "circuits": null, "cables": null, "frequency": null, "substationTag": null, "lineTag": null, "operator": null, "location": null }, "geometry": { "type": "Point", "coordinates": [ 120.5327976, 18.0220172 ] } },
{ "type": "Feature", "properties": { "contextFeatureId": "PHL-S-003::settlements::node::12576488889", "projectId": "PHL-S-003", "projectName": "Opus Solar Power Project", "countryCode": "PHL", "osmType": "node", "osmId": 12576488889, "highway": null, "place": "village", "power": null, "landuse": null, "name": "Lang-ayan-Baramban", "voltage": null, "circuits": null, "cables": null, "frequency": null, "substationTag": null, "lineTag": null, "operator": null, "location": null }, "geometry": { "type": "Point", "coordinates": [ 120.5170342, 18.0186708 ] } },
{ "type": "Feature", "properties": { "contextFeatureId": "PHL-S-003::settlements::node::12576662678", "projectId": "PHL-S-003", "projectName": "Opus Solar Power Project", "countryCode": "PHL", "osmType": "node", "osmId": 12576662678, "highway": null, "place": "village", "power": null, "landuse": null, "name": "Sideg", "voltage": null, "circuits": null, "cables": null, "frequency": null, "substationTag": null, "lineTag": null, "operator": null, "location": null }, "geometry": { "type": "Point", "coordinates": [ 120.5362308, 18.038167 ] } },
{ "type": "Feature", "properties": { "contextFeatureId": "PHL-S-003::settlements::node::12576826004", "projectId": "PHL-S-003", "projectName": "Opus Solar Power Project", "countryCode": "PHL", "osmType": "node", "osmId": 12576826004, "highway": null, "place": "village", "power": null, "landuse": null, "name": "Sungadan", "voltage": null, "circuits": null, "cables": null, "frequency": null, "substationTag": null, "lineTag": null, "operator": null, "location": null }, "geometry": { "type": "Point", "coordinates": [ 120.5409193, 18.1062897 ] } },
{ "type": "Feature", "properties": { "contextFeatureId": "PHL-S-003::settlements::node::12579234233", "projectId": "PHL-S-003", "projectName": "Opus Solar Power Project", "countryCode": "PHL", "osmType": "node", "osmId": 12579234233, "highway": null, "place": "village", "power": null, "landuse": null, "name": "Pias Norte", "voltage": null, "circuits": null, "cables": null, "frequency": null, "substationTag": null, "lineTag": null, "operator": null, "location": null }, "geometry": { "type": "Point", "coordinates": [ 120.5041328, 17.9925603 ] } },
{ "type": "Feature", "properties": { "contextFeatureId": "PHL-S-003::settlements::node::12579250335", "projectId": "PHL-S-003", "projectName": "Opus Solar Power Project", "countryCode": "PHL", "osmType": "node", "osmId": 12579250335, "highway": null, "place": "village", "power": null, "landuse": null, "name": "Tapao-Tigue", "voltage": null, "circuits": null, "cables": null, "frequency": null, "substationTag": null, "lineTag": null, "operator": null, "location": null }, "geometry": { "type": "Point", "coordinates": [ 120.4957187, 18.0293093 ] } },
{ "type": "Feature", "properties": { "contextFeatureId": "PHL-S-004::settlements::node::198506542", "projectId": "PHL-S-004", "projectName": "Laoag Solar Power Project", "countryCode": "PHL", "osmType": "node", "osmId": 198506542, "highway": null, "place": "town", "power": null, "landuse": null, "name": "Aguilar", "voltage": null, "circuits": null, "cables": null, "frequency": null, "substationTag": null, "lineTag": null, "operator": null, "location": null }, "geometry": { "type": "Point", "coordinates": [ 120.2384199, 15.8890372 ] } },
{ "type": "Feature", "properties": { "contextFeatureId": "PHL-S-004::settlements::node::198523096", "projectId": "PHL-S-004", "projectName": "Laoag Solar Power Project", "countryCode": "PHL", "osmType": "node", "osmId": 198523096, "highway": null, "place": "town", "power": null, "landuse": null, "name": "Bugallon", "voltage": null, "circuits": null, "cables": null, "frequency": null, "substationTag": null, "lineTag": null, "operator": null, "location": null }, "geometry": { "type": "Point", "coordinates": [ 120.2149613, 15.9540627 ] } },
{ "type": "Feature", "properties": { "contextFeatureId": "PHL-S-004::settlements::node::446072194", "projectId": "PHL-S-004", "projectName": "Laoag Solar Power Project", "countryCode": "PHL", "osmType": "node", "osmId": 446072194, "highway": null, "place": "hamlet", "power": null, "landuse": null, "name": "Socony", "voltage": null, "circuits": null, "cables": null, "frequency": null, "substationTag": null, "lineTag": null, "operator": null, "location": null }, "geometry": { "type": "Point", "coordinates": [ 120.2178828, 15.9717687 ] } },
{ "type": "Feature", "properties": { "contextFeatureId": "PHL-S-004::settlements::node::1275522342", "projectId": "PHL-S-004", "projectName": "Laoag Solar Power Project", "countryCode": "PHL", "osmType": "node", "osmId": 1275522342, "highway": null, "place": "village", "power": null, "landuse": null, "name": "Polong", "voltage": null, "circuits": null, "cables": null, "frequency": null, "substationTag": null, "lineTag": null, "operator": null, "location": null }, "geometry": { "type": "Point", "coordinates": [ 120.2011418, 15.9776417 ] } },
{ "type": "Feature", "properties": { "contextFeatureId": "PHL-S-004::settlements::node::1275522343", "projectId": "PHL-S-004", "projectName": "Laoag Solar Power Project", "countryCode": "PHL", "osmType": "node", "osmId": 1275522343, "highway": null, "place": "village", "power": null, "landuse": null, "name": "Samat", "voltage": null, "circuits": null, "cables": null, "frequency": null, "substationTag": null, "lineTag": null, "operator": null, "location": null }, "geometry": { "type": "Point", "coordinates": [ 120.1970123, 15.9819344 ] } },
{ "type": "Feature", "properties": { "contextFeatureId": "PHL-S-004::settlements::node::1275522368", "projectId": "PHL-S-004", "projectName": "Laoag Solar Power Project", "countryCode": "PHL", "osmType": "node", "osmId": 1275522368, "highway": null, "place": "village", "power": null, "landuse": null, "name": "Pantal", "voltage": null, "circuits": null, "cables": null, "frequency": null, "substationTag": null, "lineTag": null, "operator": null, "location": null }, "geometry": { "type": "Point", "coordinates": [ 120.2018929, 15.9891418 ] } },
{ "type": "Feature", "properties": { "contextFeatureId": "PHL-S-004::settlements::node::1275522378", "projectId": "PHL-S-004", "projectName": "Laoag Solar Power Project", "countryCode": "PHL", "osmType": "node", "osmId": 1275522378, "highway": null, "place": "village", "power": null, "landuse": null, "name": "Asinan", "voltage": null, "circuits": null, "cables": null, "frequency": null, "substationTag": null, "lineTag": null, "operator": null, "location": null }, "geometry": { "type": "Point", "coordinates": [ 120.2013564, 15.9834486 ] } },
{ "type": "Feature", "properties": { "contextFeatureId": "PHL-S-004::settlements::node::1275522383", "projectId": "PHL-S-004", "projectName": "Laoag Solar Power Project", "countryCode": "PHL", "osmType": "node", "osmId": 1275522383, "highway": null, "place": "village", "power": null, "landuse": null, "name": "Buenlag", "voltage": null, "circuits": null, "cables": null, "frequency": null, "substationTag": null, "lineTag": null, "operator": null, "location": null }, "geometry": { "type": "Point", "coordinates": [ 120.1912176, 15.9793951 ] } },
{ "type": "Feature", "properties": { "contextFeatureId": "PHL-S-004::settlements::node::1275522384", "projectId": "PHL-S-004", "projectName": "Laoag Solar Power Project", "countryCode": "PHL", "osmType": "node", "osmId": 1275522384, "highway": null, "place": "village", "power": null, "landuse": null, "name": "Gueset", "voltage": null, "circuits": null, "cables": null, "frequency": null, "substationTag": null, "lineTag": null, "operator": null, "location": null }, "geometry": { "type": "Point", "coordinates": [ 120.1800851, 15.9751512 ] } },
{ "type": "Feature", "properties": { "contextFeatureId": "PHL-S-004::settlements::node::1663948039", "projectId": "PHL-S-004", "projectName": "Laoag Solar Power Project", "countryCode": "PHL", "osmType": "node", "osmId": 1663948039, "highway": null, "place": "village", "power": null, "landuse": null, "name": "Mapita", "voltage": null, "circuits": null, "cables": null, "frequency": null, "substationTag": null, "lineTag": null, "operator": null, "location": null }, "geometry": { "type": "Point", "coordinates": [ 120.146449, 15.8264882 ] } },
{ "type": "Feature", "properties": { "contextFeatureId": "PHL-S-004::settlements::node::2653803225", "projectId": "PHL-S-004", "projectName": "Laoag Solar Power Project", "countryCode": "PHL", "osmType": "node", "osmId": 2653803225, "highway": null, "place": "village", "power": null, "landuse": null, "name": "Abanon", "voltage": null, "circuits": null, "cables": null, "frequency": null, "substationTag": null, "lineTag": null, "operator": null, "location": null }, "geometry": { "type": "Point", "coordinates": [ 120.3277696, 15.8648539 ] } },
{ "type": "Feature", "properties": { "contextFeatureId": "PHL-S-004::settlements::node::2653803235", "projectId": "PHL-S-004", "projectName": "Laoag Solar Power Project", "countryCode": "PHL", "osmType": "node", "osmId": 2653803235, "highway": null, "place": "village", "power": null, "landuse": null, "name": "Anando", "voltage": null, "circuits": null, "cables": null, "frequency": null, "substationTag": null, "lineTag": null, "operator": null, "location": null }, "geometry": { "type": "Point", "coordinates": [ 120.3135648, 15.8681458 ] } },
{ "type": "Feature", "properties": { "contextFeatureId": "PHL-S-004::settlements::node::2653803252", "projectId": "PHL-S-004", "projectName": "Laoag Solar Power Project", "countryCode": "PHL", "osmType": "node", "osmId": 2653803252, "highway": null, "place": "village", "power": null, "landuse": null, "name": "Bogaoan", "voltage": null, "circuits": null, "cables": null, "frequency": null, "substationTag": null, "lineTag": null, "operator": null, "location": null }, "geometry": { "type": "Point", "coordinates": [ 120.2667652, 15.9158898 ] } },
{ "type": "Feature", "properties": { "contextFeatureId": "PHL-S-004::settlements::node::2653803255", "projectId": "PHL-S-004", "projectName": "Laoag Solar Power Project", "countryCode": "PHL", "osmType": "node", "osmId": 2653803255, "highway": null, "place": "village", "power": null, "landuse": null, "name": "Aponit", "voltage": null, "circuits": null, "cables": null, "frequency": null, "substationTag": null, "lineTag": null, "operator": null, "location": null }, "geometry": { "type": "Point", "coordinates": [ 120.2868054, 15.898537 ] } },
{ "type": "Feature", "properties": { "contextFeatureId": "PHL-S-004::settlements::node::2653803266", "projectId": "PHL-S-004", "projectName": "Laoag Solar Power Project", "countryCode": "PHL", "osmType": "node", "osmId": 2653803266, "highway": null, "place": "village", "power": null, "landuse": null, "name": "Balaya", "voltage": null, "circuits": null, "cables": null, "frequency": null, "substationTag": null, "lineTag": null, "operator": null, "location": null }, "geometry": { "type": "Point", "coordinates": [ 120.2904295, 15.9244734 ] } },
{ "type": "Feature", "properties": { "contextFeatureId": "PHL-S-004::settlements::node::2653803269", "projectId": "PHL-S-004", "projectName": "Laoag Solar Power Project", "countryCode": "PHL", "osmType": "node", "osmId": 2653803269, "highway": null, "place": "village", "power": null, "landuse": null, "name": "Baldog", "voltage": null, "circuits": null, "cables": null, "frequency": null, "substationTag": null, "lineTag": null, "operator": null, "location": null }, "geometry": { "type": "Point", "coordinates": [ 120.3194789, 15.9073343 ] } },
{ "type": "Feature", "properties": { "contextFeatureId": "PHL-S-004::settlements::node::2653803271", "projectId": "PHL-S-004", "projectName": "Laoag Solar Power Project", "countryCode": "PHL", "osmType": "node", "osmId": 2653803271, "highway": null, "place": "village", "power": null, "landuse": null, "name": "Balococ", "voltage": null, "circuits": null, "cables": null, "frequency": null, "substationTag": null, "lineTag": null, "operator": null, "location": null }, "geometry": { "type": "Point", "coordinates": [ 120.3025722, 15.9133153 ] } },
{ "type": "Feature", "properties": { "contextFeatureId": "PHL-S-004::settlements::node::2653803272", "projectId": "PHL-S-004", "projectName": "Laoag Solar Power Project", "countryCode": "PHL", "osmType": "node", "osmId": 2653803272, "highway": null, "place": "village", "power": null, "landuse": null, "name": "Bani", "voltage": null, "circuits": null, "cables": null, "frequency": null, "substationTag": null, "lineTag": null, "operator": null, "location": null }, "geometry": { "type": "Point", "coordinates": [ 120.2650395, 15.9018111 ] } },
{ "type": "Feature", "properties": { "contextFeatureId": "PHL-S-004::settlements::node::2653803274", "projectId": "PHL-S-004", "projectName": "Laoag Solar Power Project", "countryCode": "PHL", "osmType": "node", "osmId": 2653803274, "highway": null, "place": "village", "power": null, "landuse": null, "name": "Bocboc", "voltage": null, "circuits": null, "cables": null, "frequency": null, "substationTag": null, "lineTag": null, "operator": null, "location": null }, "geometry": { "type": "Point", "coordinates": [ 120.2619086, 15.8906143 ] } },
{ "type": "Feature", "properties": { "contextFeatureId": "PHL-S-004::settlements::node::2653803275", "projectId": "PHL-S-004", "projectName": "Laoag Solar Power Project", "countryCode": "PHL", "osmType": "node", "osmId": 2653803275, "highway": null, "place": "village", "power": null, "landuse": null, "name": "Pangascasan", "voltage": null, "circuits": null, "cables": null, "frequency": null, "substationTag": null, "lineTag": null, "operator": null, "location": null }, "geometry": { "type": "Point", "coordinates": [ 120.2634131, 15.9317912 ] } },
{ "type": "Feature", "properties": { "contextFeatureId": "PHL-S-004::settlements::node::2653803279", "projectId": "PHL-S-004", "projectName": "Laoag Solar Power Project", "countryCode": "PHL", "osmType": "node", "osmId": 2653803279, "highway": null, "place": "village", "power": null, "landuse": null, "name": "Buenglat", "voltage": null, "circuits": null, "cables": null, "frequency": null, "substationTag": null, "lineTag": null, "operator": null, "location": null }, "geometry": { "type": "Point", "coordinates": [ 120.3087933, 15.9099803 ] } },
{ "type": "Feature", "properties": { "contextFeatureId": "PHL-S-004::settlements::node::2653803284", "projectId": "PHL-S-004", "projectName": "Laoag Solar Power Project", "countryCode": "PHL", "osmType": "node", "osmId": 2653803284, "highway": null, "place": "village", "power": null, "landuse": null, "name": "Calomboyan", "voltage": null, "circuits": null, "cables": null, "frequency": null, "substationTag": null, "lineTag": null, "operator": null, "location": null }, "geometry": { "type": "Point", "coordinates": [ 120.3009656, 15.9444597 ] } },
{ "type": "Feature", "properties": { "contextFeatureId": "PHL-S-004::settlements::node::2653803285", "projectId": "PHL-S-004", "projectName": "Laoag Solar Power Project", "countryCode": "PHL", "osmType": "node", "osmId": 2653803285, "highway": null, "place": "village", "power": null, "landuse": null, "name": "Calobaoan", "voltage": null, "circuits": null, "cables": null, "frequency": null, "substationTag": null, "lineTag": null, "operator": null, "location": null }, "geometry": { "type": "Point", "coordinates": [ 120.3371457, 15.8639438 ] } },
{ "type": "Feature", "properties": { "contextFeatureId": "PHL-S-004::settlements::node::2653803291", "projectId": "PHL-S-004", "projectName": "Laoag Solar Power Project", "countryCode": "PHL", "osmType": "node", "osmId": 2653803291, "highway": null, "place": "village", "power": null, "landuse": null, "name": "Gamata", "voltage": null, "circuits": null, "cables": null, "frequency": null, "substationTag": null, "lineTag": null, "operator": null, "location": null }, "geometry": { "type": "Point", "coordinates": [ 120.3051439, 15.9226567 ] } },
{ "type": "Feature", "properties": { "contextFeatureId": "PHL-S-004::settlements::node::2653803295", "projectId": "PHL-S-004", "projectName": "Laoag Solar Power Project", "countryCode": "PHL", "osmType": "node", "osmId": 2653803295, "highway": null, "place": "village", "power": null, "landuse": null, "name": "Isla", "voltage": null, "circuits": null, "cables": null, "frequency": null, "substationTag": null, "lineTag": null, "operator": null, "location": null }, "geometry": { "type": "Point", "coordinates": [ 120.3050771, 15.8840013 ] } },
{ "type": "Feature", "properties": { "contextFeatureId": "PHL-S-004::settlements::node::2653803296", "projectId": "PHL-S-004", "projectName": "Laoag Solar Power Project", "countryCode": "PHL", "osmType": "node", "osmId": 2653803296, "highway": null, "place": "village", "power": null, "landuse": null, "name": "Libas", "voltage": null, "circuits": null, "cables": null, "frequency": null, "substationTag": null, "lineTag": null, "operator": null, "location": null }, "geometry": { "type": "Point", "coordinates": [ 120.3127088, 15.8761983 ] } },
{ "type": "Feature", "properties": { "contextFeatureId": "PHL-S-004::settlements::node::2653803301", "projectId": "PHL-S-004", "projectName": "Laoag Solar Power Project", "countryCode": "PHL", "osmType": "node", "osmId": 2653803301, "highway": null, "place": "village", "power": null, "landuse": null, "name": "Mabalbalino", "voltage": null, "circuits": null, "cables": null, "frequency": null, "substationTag": null, "lineTag": null, "operator": null, "location": null }, "geometry": { "type": "Point", "coordinates": [ 120.2651604, 15.9229913 ] } },
{ "type": "Feature", "properties": { "contextFeatureId": "PHL-S-004::settlements::node::2653803304", "projectId": "PHL-S-004", "projectName": "Laoag Solar Power Project", "countryCode": "PHL", "osmType": "node", "osmId": 2653803304, "highway": null, "place": "village", "power": null, "landuse": null, "name": "Malacañang", "voltage": null, "circuits": null, "cables": null, "frequency": null, "substationTag": null, "lineTag": null, "operator": null, "location": null }, "geometry": { "type": "Point", "coordinates": [ 120.3266812, 15.8795982 ] } },
{ "type": "Feature", "properties": { "contextFeatureId": "PHL-S-004::settlements::node::2653803305", "projectId": "PHL-S-004", "projectName": "Laoag Solar Power Project", "countryCode": "PHL", "osmType": "node", "osmId": 2653803305, "highway": null, "place": "village", "power": null, "landuse": null, "name": "Maliwara", "voltage": null, "circuits": null, "cables": null, "frequency": null, "substationTag": null, "lineTag": null, "operator": null, "location": null }, "geometry": { "type": "Point", "coordinates": [ 120.3150015, 15.8980404 ] } },
{ "type": "Feature", "properties": { "contextFeatureId": "PHL-S-004::settlements::node::2653803309", "projectId": "PHL-S-004", "projectName": "Laoag Solar Power Project", "countryCode": "PHL", "osmType": "node", "osmId": 2653803309, "highway": null, "place": "village", "power": null, "landuse": null, "name": "Mestizo Norte", "voltage": null, "circuits": null, "cables": null, "frequency": null, "substationTag": null, "lineTag": null, "operator": null, "location": null }, "geometry": { "type": "Point", "coordinates": [ 120.3357835, 15.9055053 ] } },
{ "type": "Feature", "properties": { "contextFeatureId": "PHL-S-004::settlements::node::2653803315", "projectId": "PHL-S-004", "projectName": "Laoag Solar Power Project", "countryCode": "PHL", "osmType": "node", "osmId": 2653803315, "highway": null, "place": "village", "power": null, "landuse": null, "name": "Palaming", "voltage": null, "circuits": null, "cables": null, "frequency": null, "substationTag": null, "lineTag": null, "operator": null, "location": null }, "geometry": { "type": "Point", "coordinates": [ 120.3201454, 15.9489413 ] } },
{ "type": "Feature", "properties": { "contextFeatureId": "PHL-S-004::settlements::node::2653803319", "projectId": "PHL-S-004", "projectName": "Laoag Solar Power Project", "countryCode": "PHL", "osmType": "node", "osmId": 2653803319, "highway": null, "place": "village", "power": null, "landuse": null, "name": "Pangalangan", "voltage": null, "circuits": null, "cables": null, "frequency": null, "substationTag": null, "lineTag": null, "operator": null, "location": null }, "geometry": { "type": "Point", "coordinates": [ 120.3188828, 15.9532317 ] } },
{ "type": "Feature", "properties": { "contextFeatureId": "PHL-S-004::settlements::node::2653803320", "projectId": "PHL-S-004", "projectName": "Laoag Solar Power Project", "countryCode": "PHL", "osmType": "node", "osmId": 2653803320, "highway": null, "place": "village", "power": null, "landuse": null, "name": "Pangolonan", "voltage": null, "circuits": null, "cables": null, "frequency": null, "substationTag": null, "lineTag": null, "operator": null, "location": null }, "geometry": { "type": "Point", "coordinates": [ 120.3140689, 15.9265925 ] } },
{ "type": "Feature", "properties": { "contextFeatureId": "PHL-S-004::settlements::node::2653803321", "projectId": "PHL-S-004", "projectName": "Laoag Solar Power Project", "countryCode": "PHL", "osmType": "node", "osmId": 2653803321, "highway": null, "place": "village", "power": null, "landuse": null, "name": "Pangpang", "voltage": null, "circuits": null, "cables": null, "frequency": null, "substationTag": null, "lineTag": null, "operator": null, "location": null }, "geometry": { "type": "Point", "coordinates": [ 120.3107941, 15.9388715 ] } },
{ "type": "Feature", "properties": { "contextFeatureId": "PHL-S-004::settlements::node::2653803324", "projectId": "PHL-S-004", "projectName": "Laoag Solar Power Project", "countryCode": "PHL", "osmType": "node", "osmId": 2653803324, "highway": null, "place": "village", "power": null, "landuse": null, "name": "Payar", "voltage": null, "circuits": null, "cables": null, "frequency": null, "substationTag": null, "lineTag": null, "operator": null, "location": null }, "geometry": { "type": "Point", "coordinates": [ 120.3117464, 15.891802 ] } },
{ "type": "Feature", "properties": { "contextFeatureId": "PHL-S-004::settlements::node::2653803326", "projectId": "PHL-S-004", "projectName": "Laoag Solar Power Project", "countryCode": "PHL", "osmType": "node", "osmId": 2653803326, "highway": null, "place": "village", "power": null, "landuse": null, "name": "Polo", "voltage": null, "circuits": null, "cables": null, "frequency": null, "substationTag": null, "lineTag": null, "operator": null, "location": null }, "geometry": { "type": "Point", "coordinates": [ 120.3204286, 15.8934906 ] } },
{ "type": "Feature", "properties": { "contextFeatureId": "PHL-S-004::settlements::node::2653803331", "projectId": "PHL-S-004", "projectName": "Laoag Solar Power Project", "countryCode": "PHL", "osmType": "node", "osmId": 2653803331, "highway": null, "place": "village", "power": null, "landuse": null, "name": "Salinap", "voltage": null, "circuits": null, "cables": null, "frequency": null, "substationTag": null, "lineTag": null, "operator": null, "location": null }, "geometry": { "type": "Point", "coordinates": [ 120.2735214, 15.8883622 ] } },
{ "type": "Feature", "properties": { "contextFeatureId": "PHL-S-004::settlements::node::2653803332", "projectId": "PHL-S-004", "projectName": "Laoag Solar Power Project", "countryCode": "PHL", "osmType": "node", "osmId": 2653803332, "highway": null, "place": "village", "power": null, "landuse": null, "name": "San Juan", "voltage": null, "circuits": null, "cables": null, "frequency": null, "substationTag": null, "lineTag": null, "operator": null, "location": null }, "geometry": { "type": "Point", "coordinates": [ 120.3293453, 15.9153579 ] } },
{ "type": "Feature", "properties": { "contextFeatureId": "PHL-S-004::settlements::node::2653803335", "projectId": "PHL-S-004", "projectName": "Laoag Solar Power Project", "countryCode": "PHL", "osmType": "node", "osmId": 2653803335, "highway": null, "place": "village", "power": null, "landuse": null, "name": "Guelew", "voltage": null, "circuits": null, "cables": null, "frequency": null, "substationTag": null, "lineTag": null, "operator": null, "location": null }, "geometry": { "type": "Point", "coordinates": [ 120.3067109, 15.8529305 ] } },
{ "type": "Feature", "properties": { "contextFeatureId": "PHL-S-004::settlements::node::2653803336", "projectId": "PHL-S-004", "projectName": "Laoag Solar Power Project", "countryCode": "PHL", "osmType": "node", "osmId": 2653803336, "highway": null, "place": "village", "power": null, "landuse": null, "name": "Talang", "voltage": null, "circuits": null, "cables": null, "frequency": null, "substationTag": null, "lineTag": null, "operator": null, "location": null }, "geometry": { "type": "Point", "coordinates": [ 120.3044261, 15.9040409 ] } },
{ "type": "Feature", "properties": { "contextFeatureId": "PHL-S-004::settlements::node::2653803337", "projectId": "PHL-S-004", "projectName": "Laoag Solar Power Project", "countryCode": "PHL", "osmType": "node", "osmId": 2653803337, "highway": null, "place": "village", "power": null, "landuse": null, "name": "Tamayo", "voltage": null, "circuits": null, "cables": null, "frequency": null, "substationTag": null, "lineTag": null, "operator": null, "location": null }, "geometry": { "type": "Point", "coordinates": [ 120.2844123, 15.8773548 ] } },
{ "type": "Feature", "properties": { "contextFeatureId": "PHL-S-004::settlements::node::2653803342", "projectId": "PHL-S-004", "projectName": "Laoag Solar Power Project", "countryCode": "PHL", "osmType": "node", "osmId": 2653803342, "highway": null, "place": "village", "power": null, "landuse": null, "name": "Tayambani", "voltage": null, "circuits": null, "cables": null, "frequency": null, "substationTag": null, "lineTag": null, "operator": null, "location": null }, "geometry": { "type": "Point", "coordinates": [ 120.3076541, 15.8999466 ] } },
{ "type": "Feature", "properties": { "contextFeatureId": "PHL-S-004::settlements::node::2653803343", "projectId": "PHL-S-004", "projectName": "Laoag Solar Power Project", "countryCode": "PHL", "osmType": "node", "osmId": 2653803343, "highway": null, "place": "village", "power": null, "landuse": null, "name": "Tebag", "voltage": null, "circuits": null, "cables": null, "frequency": null, "substationTag": null, "lineTag": null, "operator": null, "location": null }, "geometry": { "type": "Point", "coordinates": [ 120.335842, 15.8964426 ] } },
{ "type": "Feature", "properties": { "contextFeatureId": "PHL-S-004::settlements::node::4369884532", "projectId": "PHL-S-004", "projectName": "Laoag Solar Power Project", "countryCode": "PHL", "osmType": "node", "osmId": 4369884532, "highway": null, "place": "village", "power": null, "landuse": null, "name": "Balococ", "voltage": null, "circuits": null, "cables": null, "frequency": null, "substationTag": null, "lineTag": null, "operator": null, "location": null }, "geometry": { "type": "Point", "coordinates": [ 120.2240478, 15.9976968 ] } },
{ "type": "Feature", "properties": { "contextFeatureId": "PHL-S-004::settlements::node::4369884535", "projectId": "PHL-S-004", "projectName": "Laoag Solar Power Project", "countryCode": "PHL", "osmType": "node", "osmId": 4369884535, "highway": null, "place": "village", "power": null, "landuse": null, "name": "Bantayan", "voltage": null, "circuits": null, "cables": null, "frequency": null, "substationTag": null, "lineTag": null, "operator": null, "location": null }, "geometry": { "type": "Point", "coordinates": [ 120.2180831, 15.9840764 ] } },
{ "type": "Feature", "properties": { "contextFeatureId": "PHL-S-004::settlements::node::4369884536", "projectId": "PHL-S-004", "projectName": "Laoag Solar Power Project", "countryCode": "PHL", "osmType": "node", "osmId": 4369884536, "highway": null, "place": "village", "power": null, "landuse": null, "name": "Bañaga", "voltage": null, "circuits": null, "cables": null, "frequency": null, "substationTag": null, "lineTag": null, "operator": null, "location": null }, "geometry": { "type": "Point", "coordinates": [ 120.2286584, 15.9915917 ] } },
{ "type": "Feature", "properties": { "contextFeatureId": "PHL-S-004::settlements::node::4369884537", "projectId": "PHL-S-004", "projectName": "Laoag Solar Power Project", "countryCode": "PHL", "osmType": "node", "osmId": 4369884537, "highway": null, "place": "village", "power": null, "landuse": null, "name": "Tumbar", "voltage": null, "circuits": null, "cables": null, "frequency": null, "substationTag": null, "lineTag": null, "operator": null, "location": null }, "geometry": { "type": "Point", "coordinates": [ 120.2470864, 15.9868785 ] } },
{ "type": "Feature", "properties": { "contextFeatureId": "PHL-S-004::settlements::node::4369884538", "projectId": "PHL-S-004", "projectName": "Laoag Solar Power Project", "countryCode": "PHL", "osmType": "node", "osmId": 4369884538, "highway": null, "place": "village", "power": null, "landuse": null, "name": "Angarian", "voltage": null, "circuits": null, "cables": null, "frequency": null, "substationTag": null, "lineTag": null, "operator": null, "location": null }, "geometry": { "type": "Point", "coordinates": [ 120.246423, 15.9782888 ] } },
{ "type": "Feature", "properties": { "contextFeatureId": "PHL-S-004::settlements::node::4369884539", "projectId": "PHL-S-004", "projectName": "Laoag Solar Power Project", "countryCode": "PHL", "osmType": "node", "osmId": 4369884539, "highway": null, "place": "village", "power": null, "landuse": null, "name": "Basing", "voltage": null, "circuits": null, "cables": null, "frequency": null, "substationTag": null, "lineTag": null, "operator": null, "location": null }, "geometry": { "type": "Point", "coordinates": [ 120.2553614, 15.9762685 ] } },
{ "type": "Feature", "properties": { "contextFeatureId": "PHL-S-004::settlements::node::5715770858", "projectId": "PHL-S-004", "projectName": "Laoag Solar Power Project", "countryCode": "PHL", "osmType": "node", "osmId": 5715770858, "highway": null, "place": "village", "power": null, "landuse": null, "name": "Tampac", "voltage": null, "circuits": null, "cables": null, "frequency": null, "substationTag": null, "lineTag": null, "operator": null, "location": null }, "geometry": { "type": "Point", "coordinates": [ 120.2532229, 15.8734861 ] } },
{ "type": "Feature", "properties": { "contextFeatureId": "PHL-S-004::settlements::node::5715771128", "projectId": "PHL-S-004", "projectName": "Laoag Solar Power Project", "countryCode": "PHL", "osmType": "node", "osmId": 5715771128, "highway": null, "place": "hamlet", "power": null, "landuse": null, "name": "Star Apple", "voltage": null, "circuits": null, "cables": null, "frequency": null, "substationTag": null, "lineTag": null, "operator": null, "location": null }, "geometry": { "type": "Point", "coordinates": [ 120.2569954, 15.8503332 ] } },
{ "type": "Feature", "properties": { "contextFeatureId": "PHL-S-004::settlements::node::7721572456", "projectId": "PHL-S-004", "projectName": "Laoag Solar Power Project", "countryCode": "PHL", "osmType": "node", "osmId": 7721572456, "highway": null, "place": "hamlet", "power": null, "landuse": null, "name": "Dimantal", "voltage": null, "circuits": null, "cables": null, "frequency": null, "substationTag": null, "lineTag": null, "operator": null, "location": null }, "geometry": { "type": "Point", "coordinates": [ 120.1672205, 15.9243431 ] } },
{ "type": "Feature", "properties": { "contextFeatureId": "PHL-S-004::settlements::node::9025708347", "projectId": "PHL-S-004", "projectName": "Laoag Solar Power Project", "countryCode": "PHL", "osmType": "node", "osmId": 9025708347, "highway": null, "place": "village", "power": null, "landuse": null, "name": "Baybay", "voltage": null, "circuits": null, "cables": null, "frequency": null, "substationTag": null, "lineTag": null, "operator": null, "location": null }, "geometry": { "type": "Point", "coordinates": [ 120.2296502, 15.9001522 ] } },
{ "type": "Feature", "properties": { "contextFeatureId": "PHL-S-004::settlements::node::9025708356", "projectId": "PHL-S-004", "projectName": "Laoag Solar Power Project", "countryCode": "PHL", "osmType": "node", "osmId": 9025708356, "highway": null, "place": "village", "power": null, "landuse": null, "name": "Manlocboc", "voltage": null, "circuits": null, "cables": null, "frequency": null, "substationTag": null, "lineTag": null, "operator": null, "location": null }, "geometry": { "type": "Point", "coordinates": [ 120.2209916, 15.8963268 ] } },
{ "type": "Feature", "properties": { "contextFeatureId": "PHL-S-004::settlements::node::9335255213", "projectId": "PHL-S-004", "projectName": "Laoag Solar Power Project", "countryCode": "PHL", "osmType": "node", "osmId": 9335255213, "highway": null, "place": "village", "power": null, "landuse": null, "name": "Malawa", "voltage": null, "circuits": null, "cables": null, "frequency": null, "substationTag": null, "lineTag": null, "operator": null, "location": null }, "geometry": { "type": "Point", "coordinates": [ 120.2769872, 15.9580875 ] } },
{ "type": "Feature", "properties": { "contextFeatureId": "PHL-S-004::settlements::node::9372017671", "projectId": "PHL-S-004", "projectName": "Laoag Solar Power Project", "countryCode": "PHL", "osmType": "node", "osmId": 9372017671, "highway": null, "place": "village", "power": null, "landuse": null, "name": "Pogomboa", "voltage": null, "circuits": null, "cables": null, "frequency": null, "substationTag": null, "lineTag": null, "operator": null, "location": null }, "geometry": { "type": "Point", "coordinates": [ 120.2444226, 15.8809227 ] } },
{ "type": "Feature", "properties": { "contextFeatureId": "PHL-S-004::settlements::node::9372126332", "projectId": "PHL-S-004", "projectName": "Laoag Solar Power Project", "countryCode": "PHL", "osmType": "node", "osmId": 9372126332, "highway": null, "place": "village", "power": null, "landuse": null, "name": "Laoag", "voltage": null, "circuits": null, "cables": null, "frequency": null, "substationTag": null, "lineTag": null, "operator": null, "location": null }, "geometry": { "type": "Point", "coordinates": [ 120.2301659, 15.8750089 ] } },
{ "type": "Feature", "properties": { "contextFeatureId": "PHL-S-004::settlements::node::9393366000", "projectId": "PHL-S-004", "projectName": "Laoag Solar Power Project", "countryCode": "PHL", "osmType": "node", "osmId": 9393366000, "highway": null, "place": "village", "power": null, "landuse": null, "name": "Antipangol", "voltage": null, "circuits": null, "cables": null, "frequency": null, "substationTag": null, "lineTag": null, "operator": null, "location": null }, "geometry": { "type": "Point", "coordinates": [ 120.2720976, 15.9318641 ] } },
{ "type": "Feature", "properties": { "contextFeatureId": "PHL-S-004::settlements::node::9589814342", "projectId": "PHL-S-004", "projectName": "Laoag Solar Power Project", "countryCode": "PHL", "osmType": "node", "osmId": 9589814342, "highway": null, "place": "village", "power": null, "landuse": null, "name": "Bocboc West", "voltage": null, "circuits": null, "cables": null, "frequency": null, "substationTag": null, "lineTag": null, "operator": null, "location": null }, "geometry": { "type": "Point", "coordinates": [ 120.2518496, 15.8906394 ] } },
{ "type": "Feature", "properties": { "contextFeatureId": "PHL-S-004::settlements::node::9589814514", "projectId": "PHL-S-004", "projectName": "Laoag Solar Power Project", "countryCode": "PHL", "osmType": "node", "osmId": 9589814514, "highway": null, "place": "village", "power": null, "landuse": null, "name": "Bacabac", "voltage": null, "circuits": null, "cables": null, "frequency": null, "substationTag": null, "lineTag": null, "operator": null, "location": null }, "geometry": { "type": "Point", "coordinates": [ 120.2068716, 15.9708395 ] } },
{ "type": "Feature", "properties": { "contextFeatureId": "PHL-S-004::settlements::node::9932134827", "projectId": "PHL-S-004", "projectName": "Laoag Solar Power Project", "countryCode": "PHL", "osmType": "node", "osmId": 9932134827, "highway": null, "place": "neighbourhood", "power": null, "landuse": null, "name": "Grand Royale Subdivision", "voltage": null, "circuits": null, "cables": null, "frequency": null, "substationTag": null, "lineTag": null, "operator": null, "location": null }, "geometry": { "type": "Point", "coordinates": [ 120.2211061, 15.9642818 ] } },
{ "type": "Feature", "properties": { "contextFeatureId": "PHL-S-004::settlements::node::9935881455", "projectId": "PHL-S-004", "projectName": "Laoag Solar Power Project", "countryCode": "PHL", "osmType": "node", "osmId": 9935881455, "highway": null, "place": "hamlet", "power": null, "landuse": null, "name": "Tebag", "voltage": null, "circuits": null, "cables": null, "frequency": null, "substationTag": null, "lineTag": null, "operator": null, "location": null }, "geometry": { "type": "Point", "coordinates": [ 120.2313977, 15.900553 ] } },
{ "type": "Feature", "properties": { "contextFeatureId": "PHL-S-004::settlements::node::9936084497", "projectId": "PHL-S-004", "projectName": "Laoag Solar Power Project", "countryCode": "PHL", "osmType": "node", "osmId": 9936084497, "highway": null, "place": "hamlet", "power": null, "landuse": null, "name": "Cerely", "voltage": null, "circuits": null, "cables": null, "frequency": null, "substationTag": null, "lineTag": null, "operator": null, "location": null }, "geometry": { "type": "Point", "coordinates": [ 120.2579999, 15.8532017 ] } },
{ "type": "Feature", "properties": { "contextFeatureId": "PHL-S-004::settlements::node::9936084498", "projectId": "PHL-S-004", "projectName": "Laoag Solar Power Project", "countryCode": "PHL", "osmType": "node", "osmId": 9936084498, "highway": null, "place": "hamlet", "power": null, "landuse": null, "name": "Calomboyan", "voltage": null, "circuits": null, "cables": null, "frequency": null, "substationTag": null, "lineTag": null, "operator": null, "location": null }, "geometry": { "type": "Point", "coordinates": [ 120.2669746, 15.8593115 ] } },
{ "type": "Feature", "properties": { "contextFeatureId": "PHL-S-004::settlements::node::9936084499", "projectId": "PHL-S-004", "projectName": "Laoag Solar Power Project", "countryCode": "PHL", "osmType": "node", "osmId": 9936084499, "highway": null, "place": "hamlet", "power": null, "landuse": null, "name": "Mangga", "voltage": null, "circuits": null, "cables": null, "frequency": null, "substationTag": null, "lineTag": null, "operator": null, "location": null }, "geometry": { "type": "Point", "coordinates": [ 120.2594322, 15.8506034 ] } },
{ "type": "Feature", "properties": { "contextFeatureId": "PHL-S-004::settlements::node::9936113639", "projectId": "PHL-S-004", "projectName": "Laoag Solar Power Project", "countryCode": "PHL", "osmType": "node", "osmId": 9936113639, "highway": null, "place": "hamlet", "power": null, "landuse": null, "name": "Purok 1", "voltage": null, "circuits": null, "cables": null, "frequency": null, "substationTag": null, "lineTag": null, "operator": null, "location": null }, "geometry": { "type": "Point", "coordinates": [ 120.2861336, 15.7974877 ] } },
{ "type": "Feature", "properties": { "contextFeatureId": "PHL-S-004::settlements::node::9936113644", "projectId": "PHL-S-004", "projectName": "Laoag Solar Power Project", "countryCode": "PHL", "osmType": "node", "osmId": 9936113644, "highway": null, "place": "hamlet", "power": null, "landuse": null, "name": "Purok 4", "voltage": null, "circuits": null, "cables": null, "frequency": null, "substationTag": null, "lineTag": null, "operator": null, "location": null }, "geometry": { "type": "Point", "coordinates": [ 120.2814156, 15.8039708 ] } },
{ "type": "Feature", "properties": { "contextFeatureId": "PHL-S-004::settlements::node::9936113645", "projectId": "PHL-S-004", "projectName": "Laoag Solar Power Project", "countryCode": "PHL", "osmType": "node", "osmId": 9936113645, "highway": null, "place": "hamlet", "power": null, "landuse": null, "name": "Purok 3", "voltage": null, "circuits": null, "cables": null, "frequency": null, "substationTag": null, "lineTag": null, "operator": null, "location": null }, "geometry": { "type": "Point", "coordinates": [ 120.2829605, 15.8014855 ] } },
{ "type": "Feature", "properties": { "contextFeatureId": "PHL-S-004::settlements::node::9936113646", "projectId": "PHL-S-004", "projectName": "Laoag Solar Power Project", "countryCode": "PHL", "osmType": "node", "osmId": 9936113646, "highway": null, "place": "hamlet", "power": null, "landuse": null, "name": "Purok 2", "voltage": null, "circuits": null, "cables": null, "frequency": null, "substationTag": null, "lineTag": null, "operator": null, "location": null }, "geometry": { "type": "Point", "coordinates": [ 120.2841997, 15.7997744 ] } },
{ "type": "Feature", "properties": { "contextFeatureId": "PHL-S-004::settlements::node::9936113659", "projectId": "PHL-S-004", "projectName": "Laoag Solar Power Project", "countryCode": "PHL", "osmType": "node", "osmId": 9936113659, "highway": null, "place": "village", "power": null, "landuse": null, "name": "Umangan", "voltage": null, "circuits": null, "cables": null, "frequency": null, "substationTag": null, "lineTag": null, "operator": null, "location": null }, "geometry": { "type": "Point", "coordinates": [ 120.2840871, 15.8001512 ] } },
{ "type": "Feature", "properties": { "contextFeatureId": "PHL-S-004::settlements::node::9936121519", "projectId": "PHL-S-004", "projectName": "Laoag Solar Power Project", "countryCode": "PHL", "osmType": "node", "osmId": 9936121519, "highway": null, "place": "village", "power": null, "landuse": null, "name": "Quetegan", "voltage": null, "circuits": null, "cables": null, "frequency": null, "substationTag": null, "lineTag": null, "operator": null, "location": null }, "geometry": { "type": "Point", "coordinates": [ 120.2707592, 15.8240563 ] } },
{ "type": "Feature", "properties": { "contextFeatureId": "PHL-S-004::settlements::node::9936121520", "projectId": "PHL-S-004", "projectName": "Laoag Solar Power Project", "countryCode": "PHL", "osmType": "node", "osmId": 9936121520, "highway": null, "place": "village", "power": null, "landuse": null, "name": "Malunec", "voltage": null, "circuits": null, "cables": null, "frequency": null, "substationTag": null, "lineTag": null, "operator": null, "location": null }, "geometry": { "type": "Point", "coordinates": [ 120.265097, 15.8095711 ] } },
{ "type": "Feature", "properties": { "contextFeatureId": "PHL-S-004::settlements::node::10885707957", "projectId": "PHL-S-004", "projectName": "Laoag Solar Power Project", "countryCode": "PHL", "osmType": "node", "osmId": 10885707957, "highway": null, "place": "village", "power": null, "landuse": null, "name": "Bocboc East", "voltage": null, "circuits": null, "cables": null, "frequency": null, "substationTag": null, "lineTag": null, "operator": null, "location": null }, "geometry": { "type": "Point", "coordinates": [ 120.2620634, 15.8975942 ] } },
{ "type": "Feature", "properties": { "contextFeatureId": "PHL-S-004::settlements::node::10885707959", "projectId": "PHL-S-004", "projectName": "Laoag Solar Power Project", "countryCode": "PHL", "osmType": "node", "osmId": 10885707959, "highway": null, "place": "village", "power": null, "landuse": null, "name": "Caoayan - Kiling", "voltage": null, "circuits": null, "cables": null, "frequency": null, "substationTag": null, "lineTag": null, "operator": null, "location": null }, "geometry": { "type": "Point", "coordinates": [ 120.3250927, 15.8491559 ] } },
{ "type": "Feature", "properties": { "contextFeatureId": "PHL-S-004::settlements::node::10885707963", "projectId": "PHL-S-004", "projectName": "Laoag Solar Power Project", "countryCode": "PHL", "osmType": "node", "osmId": 10885707963, "highway": null, "place": "village", "power": null, "landuse": null, "name": "Malibong", "voltage": null, "circuits": null, "cables": null, "frequency": null, "substationTag": null, "lineTag": null, "operator": null, "location": null }, "geometry": { "type": "Point", "coordinates": [ 120.3160402, 15.8372813 ] } },
{ "type": "Feature", "properties": { "contextFeatureId": "PHL-S-004::settlements::node::10885707998", "projectId": "PHL-S-004", "projectName": "Laoag Solar Power Project", "countryCode": "PHL", "osmType": "node", "osmId": 10885707998, "highway": null, "place": "village", "power": null, "landuse": null, "name": "Supo", "voltage": null, "circuits": null, "cables": null, "frequency": null, "substationTag": null, "lineTag": null, "operator": null, "location": null }, "geometry": { "type": "Point", "coordinates": [ 120.3004003, 15.8336894 ] } },
{ "type": "Feature", "properties": { "contextFeatureId": "PHL-S-004::settlements::node::11013482240", "projectId": "PHL-S-004", "projectName": "Laoag Solar Power Project", "countryCode": "PHL", "osmType": "node", "osmId": 11013482240, "highway": null, "place": "village", "power": null, "landuse": null, "name": "Ponglo Muelag", "voltage": null, "circuits": null, "cables": null, "frequency": null, "substationTag": null, "lineTag": null, "operator": null, "location": null }, "geometry": { "type": "Point", "coordinates": [ 120.2755399, 15.7938995 ] } },
{ "type": "Feature", "properties": { "contextFeatureId": "PHL-S-004::settlements::node::11013482241", "projectId": "PHL-S-004", "projectName": "Laoag Solar Power Project", "countryCode": "PHL", "osmType": "node", "osmId": 11013482241, "highway": null, "place": "village", "power": null, "landuse": null, "name": "Ponglo-Baleg", "voltage": null, "circuits": null, "cables": null, "frequency": null, "substationTag": null, "lineTag": null, "operator": null, "location": null }, "geometry": { "type": "Point", "coordinates": [ 120.2617779, 15.7961172 ] } },
{ "type": "Feature", "properties": { "contextFeatureId": "PHL-S-004::settlements::node::11030835404", "projectId": "PHL-S-004", "projectName": "Laoag Solar Power Project", "countryCode": "PHL", "osmType": "node", "osmId": 11030835404, "highway": null, "place": "village", "power": null, "landuse": null, "name": "San Jose", "voltage": null, "circuits": null, "cables": null, "frequency": null, "substationTag": null, "lineTag": null, "operator": null, "location": null }, "geometry": { "type": "Point", "coordinates": [ 120.2784952, 15.8643471 ] } },
{ "type": "Feature", "properties": { "contextFeatureId": "PHL-S-004::settlements::node::11030857574", "projectId": "PHL-S-004", "projectName": "Laoag Solar Power Project", "countryCode": "PHL", "osmType": "node", "osmId": 11030857574, "highway": null, "place": "village", "power": null, "landuse": null, "name": "Panacol", "voltage": null, "circuits": null, "cables": null, "frequency": null, "substationTag": null, "lineTag": null, "operator": null, "location": null }, "geometry": { "type": "Point", "coordinates": [ 120.2861156, 15.8731382 ] } },
{ "type": "Feature", "properties": { "contextFeatureId": "PHL-S-004::settlements::node::11173445372", "projectId": "PHL-S-004", "projectName": "Laoag Solar Power Project", "countryCode": "PHL", "osmType": "node", "osmId": 11173445372, "highway": null, "place": "village", "power": null, "landuse": null, "name": "Bunlalacao", "voltage": null, "circuits": null, "cables": null, "frequency": null, "substationTag": null, "lineTag": null, "operator": null, "location": null }, "geometry": { "type": "Point", "coordinates": [ 120.2835412, 15.8261195 ] } },
{ "type": "Feature", "properties": { "contextFeatureId": "PHL-S-004::settlements::node::12078139436", "projectId": "PHL-S-004", "projectName": "Laoag Solar Power Project", "countryCode": "PHL", "osmType": "node", "osmId": 12078139436, "highway": null, "place": "village", "power": null, "landuse": null, "name": "Dorongan Valerio", "voltage": null, "circuits": null, "cables": null, "frequency": null, "substationTag": null, "lineTag": null, "operator": null, "location": null }, "geometry": { "type": "Point", "coordinates": [ 120.3114563, 15.8237544 ] } },
{ "type": "Feature", "properties": { "contextFeatureId": "PHL-S-004::settlements::node::12078139437", "projectId": "PHL-S-004", "projectName": "Laoag Solar Power Project", "countryCode": "PHL", "osmType": "node", "osmId": 12078139437, "highway": null, "place": "village", "power": null, "landuse": null, "name": "Bogtong Silag", "voltage": null, "circuits": null, "cables": null, "frequency": null, "substationTag": null, "lineTag": null, "operator": null, "location": null }, "geometry": { "type": "Point", "coordinates": [ 120.2806136, 15.812508 ] } },
{ "type": "Feature", "properties": { "contextFeatureId": "PHL-S-004::settlements::node::12078139438", "projectId": "PHL-S-004", "projectName": "Laoag Solar Power Project", "countryCode": "PHL", "osmType": "node", "osmId": 12078139438, "highway": null, "place": "village", "power": null, "landuse": null, "name": "Bantay", "voltage": null, "circuits": null, "cables": null, "frequency": null, "substationTag": null, "lineTag": null, "operator": null, "location": null }, "geometry": { "type": "Point", "coordinates": [ 120.2530345, 15.7970586 ] } },
{ "type": "Feature", "properties": { "contextFeatureId": "PHL-S-004::settlements::node::12078139439", "projectId": "PHL-S-004", "projectName": "Laoag Solar Power Project", "countryCode": "PHL", "osmType": "node", "osmId": 12078139439, "highway": null, "place": "village", "power": null, "landuse": null, "name": "Buenlag", "voltage": null, "circuits": null, "cables": null, "frequency": null, "substationTag": null, "lineTag": null, "operator": null, "location": null }, "geometry": { "type": "Point", "coordinates": [ 120.2522224, 15.8040121 ] } },
{ "type": "Feature", "properties": { "contextFeatureId": "PHL-S-004::settlements::node::12078631839", "projectId": "PHL-S-004", "projectName": "Laoag Solar Power Project", "countryCode": "PHL", "osmType": "node", "osmId": 12078631839, "highway": null, "place": "village", "power": null, "landuse": null, "name": "Portic", "voltage": null, "circuits": null, "cables": null, "frequency": null, "substationTag": null, "lineTag": null, "operator": null, "location": null }, "geometry": { "type": "Point", "coordinates": [ 120.2068448, 15.9342189 ] } },
{ "type": "Feature", "properties": { "contextFeatureId": "PHL-S-004::settlements::node::12405012532", "projectId": "PHL-S-004", "projectName": "Laoag Solar Power Project", "countryCode": "PHL", "osmType": "node", "osmId": 12405012532, "highway": null, "place": "hamlet", "power": null, "landuse": null, "name": "Casagatan", "voltage": null, "circuits": null, "cables": null, "frequency": null, "substationTag": null, "lineTag": null, "operator": null, "location": null }, "geometry": { "type": "Point", "coordinates": [ 120.2482903, 15.82153 ] } },
{ "type": "Feature", "properties": { "contextFeatureId": "PHL-S-004::settlements::node::12405012892", "projectId": "PHL-S-004", "projectName": "Laoag Solar Power Project", "countryCode": "PHL", "osmType": "node", "osmId": 12405012892, "highway": null, "place": "village", "power": null, "landuse": null, "name": "Ninoy", "voltage": null, "circuits": null, "cables": null, "frequency": null, "substationTag": null, "lineTag": null, "operator": null, "location": null }, "geometry": { "type": "Point", "coordinates": [ 120.2472228, 15.8637131 ] } },
{ "type": "Feature", "properties": { "contextFeatureId": "PHL-S-004::settlements::node::12405012893", "projectId": "PHL-S-004", "projectName": "Laoag Solar Power Project", "countryCode": "PHL", "osmType": "node", "osmId": 12405012893, "highway": null, "place": "village", "power": null, "landuse": null, "name": "Bocacliw", "voltage": null, "circuits": null, "cables": null, "frequency": null, "substationTag": null, "lineTag": null, "operator": null, "location": null }, "geometry": { "type": "Point", "coordinates": [ 120.2563637, 15.8521154 ] } },
{ "type": "Feature", "properties": { "contextFeatureId": "PHL-S-004::settlements::node::12405012895", "projectId": "PHL-S-004", "projectName": "Laoag Solar Power Project", "countryCode": "PHL", "osmType": "node", "osmId": 12405012895, "highway": null, "place": "village", "power": null, "landuse": null, "name": "Pogonsili", "voltage": null, "circuits": null, "cables": null, "frequency": null, "substationTag": null, "lineTag": null, "operator": null, "location": null }, "geometry": { "type": "Point", "coordinates": [ 120.2596199, 15.8210345 ] } },
{ "type": "Feature", "properties": { "contextFeatureId": "PHL-S-004::settlements::node::12405012896", "projectId": "PHL-S-004", "projectName": "Laoag Solar Power Project", "countryCode": "PHL", "osmType": "node", "osmId": 12405012896, "highway": null, "place": "village", "power": null, "landuse": null, "name": "Bayaoas", "voltage": null, "circuits": null, "cables": null, "frequency": null, "substationTag": null, "lineTag": null, "operator": null, "location": null }, "geometry": { "type": "Point", "coordinates": [ 120.2600062, 15.8330855 ] } },
{ "type": "Feature", "properties": { "contextFeatureId": "PHL-S-004::settlements::node::12405012910", "projectId": "PHL-S-004", "projectName": "Laoag Solar Power Project", "countryCode": "PHL", "osmType": "node", "osmId": 12405012910, "highway": null, "place": "village", "power": null, "landuse": null, "name": "Buer", "voltage": null, "circuits": null, "cables": null, "frequency": null, "substationTag": null, "lineTag": null, "operator": null, "location": null }, "geometry": { "type": "Point", "coordinates": [ 120.2571845, 15.8374877 ] } },
{ "type": "Feature", "properties": { "contextFeatureId": "PHL-S-004::settlements::node::12512683077", "projectId": "PHL-S-004", "projectName": "Laoag Solar Power Project", "countryCode": "PHL", "osmType": "node", "osmId": 12512683077, "highway": null, "place": "village", "power": null, "landuse": null, "name": "Basing", "voltage": null, "circuits": null, "cables": null, "frequency": null, "substationTag": null, "lineTag": null, "operator": null, "location": null }, "geometry": { "type": "Point", "coordinates": [ 120.2702294, 15.9856354 ] } },
{ "type": "Feature", "properties": { "contextFeatureId": "PHL-S-004::settlements::node::12521041021", "projectId": "PHL-S-004", "projectName": "Laoag Solar Power Project", "countryCode": "PHL", "osmType": "node", "osmId": 12521041021, "highway": null, "place": "village", "power": null, "landuse": null, "name": "Bogtong Silag", "voltage": null, "circuits": null, "cables": null, "frequency": null, "substationTag": null, "lineTag": null, "operator": null, "location": null }, "geometry": { "type": "Point", "coordinates": [ 120.3036296, 15.8285929 ] } },
{ "type": "Feature", "properties": { "contextFeatureId": "PHL-S-004::settlements::node::12739136926", "projectId": "PHL-S-004", "projectName": "Laoag Solar Power Project", "countryCode": "PHL", "osmType": "node", "osmId": 12739136926, "highway": null, "place": "hamlet", "power": null, "landuse": null, "name": "Salincaoet", "voltage": null, "circuits": null, "cables": null, "frequency": null, "substationTag": null, "lineTag": null, "operator": null, "location": null }, "geometry": { "type": "Point", "coordinates": [ 120.2031648, 15.9467171 ] } },
{ "type": "Feature", "properties": { "contextFeatureId": "PHL-S-004::settlements::node::12748387854", "projectId": "PHL-S-004", "projectName": "Laoag Solar Power Project", "countryCode": "PHL", "osmType": "node", "osmId": 12748387854, "highway": null, "place": "village", "power": null, "landuse": null, "name": "Rosario", "voltage": null, "circuits": null, "cables": null, "frequency": null, "substationTag": null, "lineTag": null, "operator": null, "location": null }, "geometry": { "type": "Point", "coordinates": [ 120.2668485, 15.9450381 ] } },
{ "type": "Feature", "properties": { "contextFeatureId": "PHL-S-005::settlements::node::198504308", "projectId": "PHL-S-005", "projectName": "Calatrava Solar Power Project", "countryCode": "PHL", "osmType": "node", "osmId": 198504308, "highway": null, "place": "town", "power": null, "landuse": null, "name": "Calatrava", "voltage": null, "circuits": null, "cables": null, "frequency": null, "substationTag": null, "lineTag": null, "operator": null, "location": null }, "geometry": { "type": "Point", "coordinates": [ 123.4763844, 10.5940442 ] } },
{ "type": "Feature", "properties": { "contextFeatureId": "PHL-S-005::settlements::node::1750465391", "projectId": "PHL-S-005", "projectName": "Calatrava Solar Power Project", "countryCode": "PHL", "osmType": "node", "osmId": 1750465391, "highway": null, "place": "hamlet", "power": null, "landuse": null, "name": "Talave", "voltage": null, "circuits": null, "cables": null, "frequency": null, "substationTag": null, "lineTag": null, "operator": null, "location": null }, "geometry": { "type": "Point", "coordinates": [ 123.4312705, 10.5318633 ] } },
{ "type": "Feature", "properties": { "contextFeatureId": "PHL-S-005::settlements::node::3157308900", "projectId": "PHL-S-005", "projectName": "Calatrava Solar Power Project", "countryCode": "PHL", "osmType": "node", "osmId": 3157308900, "highway": null, "place": "hamlet", "power": null, "landuse": null, "name": "Abaca", "voltage": null, "circuits": null, "cables": null, "frequency": null, "substationTag": null, "lineTag": null, "operator": null, "location": null }, "geometry": { "type": "Point", "coordinates": [ 123.3971751, 10.5334256 ] } },
{ "type": "Feature", "properties": { "contextFeatureId": "PHL-S-005::settlements::node::3157308938", "projectId": "PHL-S-005", "projectName": "Calatrava Solar Power Project", "countryCode": "PHL", "osmType": "node", "osmId": 3157308938, "highway": null, "place": "hamlet", "power": null, "landuse": null, "name": "Balisong", "voltage": null, "circuits": null, "cables": null, "frequency": null, "substationTag": null, "lineTag": null, "operator": null, "location": null }, "geometry": { "type": "Point", "coordinates": [ 123.4163517, 10.5348225 ] } },
{ "type": "Feature", "properties": { "contextFeatureId": "PHL-S-005::settlements::node::3157308939", "projectId": "PHL-S-005", "projectName": "Calatrava Solar Power Project", "countryCode": "PHL", "osmType": "node", "osmId": 3157308939, "highway": null, "place": "hamlet", "power": null, "landuse": null, "name": "Balisong", "voltage": null, "circuits": null, "cables": null, "frequency": null, "substationTag": null, "lineTag": null, "operator": null, "location": null }, "geometry": { "type": "Point", "coordinates": [ 123.4203977, 10.5372782 ] } },
{ "type": "Feature", "properties": { "contextFeatureId": "PHL-S-005::settlements::node::3157308947", "projectId": "PHL-S-005", "projectName": "Calatrava Solar Power Project", "countryCode": "PHL", "osmType": "node", "osmId": 3157308947, "highway": null, "place": "village", "power": null, "landuse": null, "name": "Punao", "voltage": null, "circuits": null, "cables": null, "frequency": null, "substationTag": null, "lineTag": null, "operator": null, "location": null }, "geometry": { "type": "Point", "coordinates": [ 123.4330826, 10.5311099 ] } },
{ "type": "Feature", "properties": { "contextFeatureId": "PHL-S-005::settlements::node::3157308955", "projectId": "PHL-S-005", "projectName": "Calatrava Solar Power Project", "countryCode": "PHL", "osmType": "node", "osmId": 3157308955, "highway": null, "place": "hamlet", "power": null, "landuse": null, "name": "Bigking", "voltage": null, "circuits": null, "cables": null, "frequency": null, "substationTag": null, "lineTag": null, "operator": null, "location": null }, "geometry": { "type": "Point", "coordinates": [ 123.3990517, 10.5279724 ] } },
{ "type": "Feature", "properties": { "contextFeatureId": "PHL-S-005::settlements::node::3157308959", "projectId": "PHL-S-005", "projectName": "Calatrava Solar Power Project", "countryCode": "PHL", "osmType": "node", "osmId": 3157308959, "highway": null, "place": "neighbourhood", "power": null, "landuse": null, "name": "Buclad", "voltage": null, "circuits": null, "cables": null, "frequency": null, "substationTag": null, "lineTag": null, "operator": null, "location": null }, "geometry": { "type": "Point", "coordinates": [ 123.4273854, 10.5409998 ] } },
{ "type": "Feature", "properties": { "contextFeatureId": "PHL-S-005::settlements::node::3157309579", "projectId": "PHL-S-005", "projectName": "Calatrava Solar Power Project", "countryCode": "PHL", "osmType": "node", "osmId": 3157309579, "highway": null, "place": "hamlet", "power": null, "landuse": null, "name": "Cagay", "voltage": null, "circuits": null, "cables": null, "frequency": null, "substationTag": null, "lineTag": null, "operator": null, "location": null }, "geometry": { "type": "Point", "coordinates": [ 123.3866381, 10.5414692 ] } },
{ "type": "Feature", "properties": { "contextFeatureId": "PHL-S-005::settlements::node::3157309586", "projectId": "PHL-S-005", "projectName": "Calatrava Solar Power Project", "countryCode": "PHL", "osmType": "node", "osmId": 3157309586, "highway": null, "place": "hamlet", "power": null, "landuse": null, "name": "Camangnawan", "voltage": null, "circuits": null, "cables": null, "frequency": null, "substationTag": null, "lineTag": null, "operator": null, "location": null }, "geometry": { "type": "Point", "coordinates": [ 123.3799612, 10.5887525 ] } },
{ "type": "Feature", "properties": { "contextFeatureId": "PHL-S-005::settlements::node::3157309595", "projectId": "PHL-S-005", "projectName": "Calatrava Solar Power Project", "countryCode": "PHL", "osmType": "node", "osmId": 3157309595, "highway": null, "place": "hamlet", "power": null, "landuse": null, "name": "Danawan", "voltage": null, "circuits": null, "cables": null, "frequency": null, "substationTag": null, "lineTag": null, "operator": null, "location": null }, "geometry": { "type": "Point", "coordinates": [ 123.3918372, 10.5308303 ] } },
{ "type": "Feature", "properties": { "contextFeatureId": "PHL-S-005::settlements::node::3157309607", "projectId": "PHL-S-005", "projectName": "Calatrava Solar Power Project", "countryCode": "PHL", "osmType": "node", "osmId": 3157309607, "highway": null, "place": "hamlet", "power": null, "landuse": null, "name": "Guin-ob", "voltage": null, "circuits": null, "cables": null, "frequency": null, "substationTag": null, "lineTag": null, "operator": null, "location": null }, "geometry": { "type": "Point", "coordinates": [ 123.3872552, 10.5370862 ] } },
{ "type": "Feature", "properties": { "contextFeatureId": "PHL-S-005::settlements::node::3157309610", "projectId": "PHL-S-005", "projectName": "Calatrava Solar Power Project", "countryCode": "PHL", "osmType": "node", "osmId": 3157309610, "highway": null, "place": "hamlet", "power": null, "landuse": null, "name": "Hagonoy", "voltage": null, "circuits": null, "cables": null, "frequency": null, "substationTag": null, "lineTag": null, "operator": null, "location": null }, "geometry": { "type": "Point", "coordinates": [ 123.4087823, 10.5575492 ] } },
{ "type": "Feature", "properties": { "contextFeatureId": "PHL-S-005::settlements::node::3157309652", "projectId": "PHL-S-005", "projectName": "Calatrava Solar Power Project", "countryCode": "PHL", "osmType": "node", "osmId": 3157309652, "highway": null, "place": "hamlet", "power": null, "landuse": null, "name": "Lower Mahayahay", "voltage": null, "circuits": null, "cables": null, "frequency": null, "substationTag": null, "lineTag": null, "operator": null, "location": null }, "geometry": { "type": "Point", "coordinates": [ 123.4221712, 10.5269312 ] } },
{ "type": "Feature", "properties": { "contextFeatureId": "PHL-S-005::settlements::node::3157309659", "projectId": "PHL-S-005", "projectName": "Calatrava Solar Power Project", "countryCode": "PHL", "osmType": "node", "osmId": 3157309659, "highway": null, "place": "hamlet", "power": null, "landuse": null, "name": "Lower Tonggo", "voltage": null, "circuits": null, "cables": null, "frequency": null, "substationTag": null, "lineTag": null, "operator": null, "location": null }, "geometry": { "type": "Point", "coordinates": [ 123.4106123, 10.524486 ] } },
{ "type": "Feature", "properties": { "contextFeatureId": "PHL-S-005::settlements::node::3157309660", "projectId": "PHL-S-005", "projectName": "Calatrava Solar Power Project", "countryCode": "PHL", "osmType": "node", "osmId": 3157309660, "highway": null, "place": "hamlet", "power": null, "landuse": null, "name": "Lubi", "voltage": null, "circuits": null, "cables": null, "frequency": null, "substationTag": null, "lineTag": null, "operator": null, "location": null }, "geometry": { "type": "Point", "coordinates": [ 123.4053703, 10.5450895 ] } },
{ "type": "Feature", "properties": { "contextFeatureId": "PHL-S-005::settlements::node::3157309665", "projectId": "PHL-S-005", "projectName": "Calatrava Solar Power Project", "countryCode": "PHL", "osmType": "node", "osmId": 3157309665, "highway": null, "place": "hamlet", "power": null, "landuse": null, "name": "Mabulao", "voltage": null, "circuits": null, "cables": null, "frequency": null, "substationTag": null, "lineTag": null, "operator": null, "location": null }, "geometry": { "type": "Point", "coordinates": [ 123.3902255, 10.5860524 ] } },
{ "type": "Feature", "properties": { "contextFeatureId": "PHL-S-005::settlements::node::3157309670", "projectId": "PHL-S-005", "projectName": "Calatrava Solar Power Project", "countryCode": "PHL", "osmType": "node", "osmId": 3157309670, "highway": null, "place": "hamlet", "power": null, "landuse": null, "name": "Mag-Amihan", "voltage": null, "circuits": null, "cables": null, "frequency": null, "substationTag": null, "lineTag": null, "operator": null, "location": null }, "geometry": { "type": "Point", "coordinates": [ 123.4118962, 10.5482578 ] } },
{ "type": "Feature", "properties": { "contextFeatureId": "PHL-S-005::settlements::node::3157309684", "projectId": "PHL-S-005", "projectName": "Calatrava Solar Power Project", "countryCode": "PHL", "osmType": "node", "osmId": 3157309684, "highway": null, "place": "hamlet", "power": null, "landuse": null, "name": "Malindog", "voltage": null, "circuits": null, "cables": null, "frequency": null, "substationTag": null, "lineTag": null, "operator": null, "location": null }, "geometry": { "type": "Point", "coordinates": [ 123.3847206, 10.5553617 ] } },
{ "type": "Feature", "properties": { "contextFeatureId": "PHL-S-005::settlements::node::3157309685", "projectId": "PHL-S-005", "projectName": "Calatrava Solar Power Project", "countryCode": "PHL", "osmType": "node", "osmId": 3157309685, "highway": null, "place": "hamlet", "power": null, "landuse": null, "name": "Maloloy-on", "voltage": null, "circuits": null, "cables": null, "frequency": null, "substationTag": null, "lineTag": null, "operator": null, "location": null }, "geometry": { "type": "Point", "coordinates": [ 123.441157, 10.5048216 ] } },
{ "type": "Feature", "properties": { "contextFeatureId": "PHL-S-005::settlements::node::3157309690", "projectId": "PHL-S-005", "projectName": "Calatrava Solar Power Project", "countryCode": "PHL", "osmType": "node", "osmId": 3157309690, "highway": null, "place": "hamlet", "power": null, "landuse": null, "name": "Mangkarao", "voltage": null, "circuits": null, "cables": null, "frequency": null, "substationTag": null, "lineTag": null, "operator": null, "location": null }, "geometry": { "type": "Point", "coordinates": [ 123.4032181, 10.5542613 ] } },
{ "type": "Feature", "properties": { "contextFeatureId": "PHL-S-005::settlements::node::3157309691", "projectId": "PHL-S-005", "projectName": "Calatrava Solar Power Project", "countryCode": "PHL", "osmType": "node", "osmId": 3157309691, "highway": null, "place": "hamlet", "power": null, "landuse": null, "name": "Manok", "voltage": null, "circuits": null, "cables": null, "frequency": null, "substationTag": null, "lineTag": null, "operator": null, "location": null }, "geometry": { "type": "Point", "coordinates": [ 123.4085484, 10.5181223 ] } },
{ "type": "Feature", "properties": { "contextFeatureId": "PHL-S-005::settlements::node::3157309726", "projectId": "PHL-S-005", "projectName": "Calatrava Solar Power Project", "countryCode": "PHL", "osmType": "node", "osmId": 3157309726, "highway": null, "place": "hamlet", "power": null, "landuse": null, "name": "Panuntunan", "voltage": null, "circuits": null, "cables": null, "frequency": null, "substationTag": null, "lineTag": null, "operator": null, "location": null }, "geometry": { "type": "Point", "coordinates": [ 123.3968741, 10.5369428 ] } },
{ "type": "Feature", "properties": { "contextFeatureId": "PHL-S-005::settlements::node::3157309728", "projectId": "PHL-S-005", "projectName": "Calatrava Solar Power Project", "countryCode": "PHL", "osmType": "node", "osmId": 3157309728, "highway": null, "place": "hamlet", "power": null, "landuse": null, "name": "Pasil", "voltage": null, "circuits": null, "cables": null, "frequency": null, "substationTag": null, "lineTag": null, "operator": null, "location": null }, "geometry": { "type": "Point", "coordinates": [ 123.4455433, 10.5053593 ] } },
{ "type": "Feature", "properties": { "contextFeatureId": "PHL-S-005::settlements::node::3157309749", "projectId": "PHL-S-005", "projectName": "Calatrava Solar Power Project", "countryCode": "PHL", "osmType": "node", "osmId": 3157309749, "highway": null, "place": "hamlet", "power": null, "landuse": null, "name": "Socorro", "voltage": null, "circuits": null, "cables": null, "frequency": null, "substationTag": null, "lineTag": null, "operator": null, "location": null }, "geometry": { "type": "Point", "coordinates": [ 123.4296081, 10.5194983 ] } },
{ "type": "Feature", "properties": { "contextFeatureId": "PHL-S-005::settlements::node::3157309781", "projectId": "PHL-S-005", "projectName": "Calatrava Solar Power Project", "countryCode": "PHL", "osmType": "node", "osmId": 3157309781, "highway": null, "place": "hamlet", "power": null, "landuse": null, "name": "Tugas", "voltage": null, "circuits": null, "cables": null, "frequency": null, "substationTag": null, "lineTag": null, "operator": null, "location": null }, "geometry": { "type": "Point", "coordinates": [ 123.3723581, 10.5827817 ] } },
{ "type": "Feature", "properties": { "contextFeatureId": "PHL-S-005::settlements::node::3157309789", "projectId": "PHL-S-005", "projectName": "Calatrava Solar Power Project", "countryCode": "PHL", "osmType": "node", "osmId": 3157309789, "highway": null, "place": "hamlet", "power": null, "landuse": null, "name": "Upper Mahayahay", "voltage": null, "circuits": null, "cables": null, "frequency": null, "substationTag": null, "lineTag": null, "operator": null, "location": null }, "geometry": { "type": "Point", "coordinates": [ 123.4146733, 10.5311113 ] } },
{ "type": "Feature", "properties": { "contextFeatureId": "PHL-S-005::settlements::node::3157309795", "projectId": "PHL-S-005", "projectName": "Calatrava Solar Power Project", "countryCode": "PHL", "osmType": "node", "osmId": 3157309795, "highway": null, "place": "hamlet", "power": null, "landuse": null, "name": "Upper Tonggo", "voltage": null, "circuits": null, "cables": null, "frequency": null, "substationTag": null, "lineTag": null, "operator": null, "location": null }, "geometry": { "type": "Point", "coordinates": [ 123.41224, 10.5317167 ] } },
{ "type": "Feature", "properties": { "contextFeatureId": "PHL-S-005::settlements::node::3157309800", "projectId": "PHL-S-005", "projectName": "Calatrava Solar Power Project", "countryCode": "PHL", "osmType": "node", "osmId": 3157309800, "highway": null, "place": "neighbourhood", "power": null, "landuse": null, "name": "Vasconia", "voltage": null, "circuits": null, "cables": null, "frequency": null, "substationTag": null, "lineTag": null, "operator": null, "location": null }, "geometry": { "type": "Point", "coordinates": [ 123.419485, 10.5092306 ] } },
{ "type": "Feature", "properties": { "contextFeatureId": "PHL-S-005::settlements::node::3157309803", "projectId": "PHL-S-005", "projectName": "Calatrava Solar Power Project", "countryCode": "PHL", "osmType": "node", "osmId": 3157309803, "highway": null, "place": "hamlet", "power": null, "landuse": null, "name": "Walos", "voltage": null, "circuits": null, "cables": null, "frequency": null, "substationTag": null, "lineTag": null, "operator": null, "location": null }, "geometry": { "type": "Point", "coordinates": [ 123.3955768, 10.5648028 ] } },
{ "type": "Feature", "properties": { "contextFeatureId": "PHL-S-005::settlements::node::3157395036", "projectId": "PHL-S-005", "projectName": "Calatrava Solar Power Project", "countryCode": "PHL", "osmType": "node", "osmId": 3157395036, "highway": null, "place": "hamlet", "power": null, "landuse": null, "name": "Inabaye", "voltage": null, "circuits": null, "cables": null, "frequency": null, "substationTag": null, "lineTag": null, "operator": null, "location": null }, "geometry": { "type": "Point", "coordinates": [ 123.3942863, 10.5784107 ] } },
{ "type": "Feature", "properties": { "contextFeatureId": "PHL-S-005::settlements::node::5119635521", "projectId": "PHL-S-005", "projectName": "Calatrava Solar Power Project", "countryCode": "PHL", "osmType": "node", "osmId": 5119635521, "highway": null, "place": "village", "power": null, "landuse": null, "name": "Lipat-on", "voltage": null, "circuits": null, "cables": null, "frequency": null, "substationTag": null, "lineTag": null, "operator": null, "location": null }, "geometry": { "type": "Point", "coordinates": [ 123.4896735, 10.6223039 ] } },
{ "type": "Feature", "properties": { "contextFeatureId": "PHL-S-005::settlements::node::5119635522", "projectId": "PHL-S-005", "projectName": "Calatrava Solar Power Project", "countryCode": "PHL", "osmType": "node", "osmId": 5119635522, "highway": null, "place": "village", "power": null, "landuse": null, "name": "Tigbao", "voltage": null, "circuits": null, "cables": null, "frequency": null, "substationTag": null, "lineTag": null, "operator": null, "location": null }, "geometry": { "type": "Point", "coordinates": [ 123.4888834, 10.671115 ] } },
{ "type": "Feature", "properties": { "contextFeatureId": "PHL-S-005::settlements::node::5119635523", "projectId": "PHL-S-005", "projectName": "Calatrava Solar Power Project", "countryCode": "PHL", "osmType": "node", "osmId": 5119635523, "highway": null, "place": "village", "power": null, "landuse": null, "name": "Calampisawan", "voltage": null, "circuits": null, "cables": null, "frequency": null, "substationTag": null, "lineTag": null, "operator": null, "location": null }, "geometry": { "type": "Point", "coordinates": [ 123.4864127, 10.6058175 ] } },
{ "type": "Feature", "properties": { "contextFeatureId": "PHL-S-005::settlements::node::5119635524", "projectId": "PHL-S-005", "projectName": "Calatrava Solar Power Project", "countryCode": "PHL", "osmType": "node", "osmId": 5119635524, "highway": null, "place": "village", "power": null, "landuse": null, "name": "Lemery", "voltage": null, "circuits": null, "cables": null, "frequency": null, "substationTag": null, "lineTag": null, "operator": null, "location": null }, "geometry": { "type": "Point", "coordinates": [ 123.4923757, 10.634029 ] } },
{ "type": "Feature", "properties": { "contextFeatureId": "PHL-S-005::settlements::node::5119637543", "projectId": "PHL-S-005", "projectName": "Calatrava Solar Power Project", "countryCode": "PHL", "osmType": "node", "osmId": 5119637543, "highway": null, "place": "village", "power": null, "landuse": null, "name": "Patun-an", "voltage": null, "circuits": null, "cables": null, "frequency": null, "substationTag": null, "lineTag": null, "operator": null, "location": null }, "geometry": { "type": "Point", "coordinates": [ 123.4723674, 10.5691561 ] } },
{ "type": "Feature", "properties": { "contextFeatureId": "PHL-S-005::settlements::node::5119638410", "projectId": "PHL-S-005", "projectName": "Calatrava Solar Power Project", "countryCode": "PHL", "osmType": "node", "osmId": 5119638410, "highway": null, "place": "village", "power": null, "landuse": null, "name": "San Benito", "voltage": null, "circuits": null, "cables": null, "frequency": null, "substationTag": null, "lineTag": null, "operator": null, "location": null }, "geometry": { "type": "Point", "coordinates": [ 123.4501246, 10.578836 ] } },
{ "type": "Feature", "properties": { "contextFeatureId": "PHL-S-005::settlements::node::5119642917", "projectId": "PHL-S-005", "projectName": "Calatrava Solar Power Project", "countryCode": "PHL", "osmType": "node", "osmId": 5119642917, "highway": null, "place": "village", "power": null, "landuse": null, "name": "Bagacay", "voltage": null, "circuits": null, "cables": null, "frequency": null, "substationTag": null, "lineTag": null, "operator": null, "location": null }, "geometry": { "type": "Point", "coordinates": [ 123.4392833, 10.5723555 ] } },
{ "type": "Feature", "properties": { "contextFeatureId": "PHL-S-005::settlements::node::5119645019", "projectId": "PHL-S-005", "projectName": "Calatrava Solar Power Project", "countryCode": "PHL", "osmType": "node", "osmId": 5119645019, "highway": null, "place": "village", "power": null, "landuse": null, "name": "Buenavista", "voltage": null, "circuits": null, "cables": null, "frequency": null, "substationTag": null, "lineTag": null, "operator": null, "location": null }, "geometry": { "type": "Point", "coordinates": [ 123.4483363, 10.544018 ] } },
{ "type": "Feature", "properties": { "contextFeatureId": "PHL-S-005::settlements::node::5166843832", "projectId": "PHL-S-005", "projectName": "Calatrava Solar Power Project", "countryCode": "PHL", "osmType": "node", "osmId": 5166843832, "highway": null, "place": "village", "power": null, "landuse": null, "name": "Macasilao", "voltage": null, "circuits": null, "cables": null, "frequency": null, "substationTag": null, "lineTag": null, "operator": null, "location": null }, "geometry": { "type": "Point", "coordinates": [ 123.4273552, 10.6754014 ] } },
{ "type": "Feature", "properties": { "contextFeatureId": "PHL-S-005::settlements::node::5170842819", "projectId": "PHL-S-005", "projectName": "Calatrava Solar Power Project", "countryCode": "PHL", "osmType": "node", "osmId": 5170842819, "highway": null, "place": "village", "power": null, "landuse": null, "name": "Refugio", "voltage": null, "circuits": null, "cables": null, "frequency": null, "substationTag": null, "lineTag": null, "operator": null, "location": null }, "geometry": { "type": "Point", "coordinates": [ 123.4444678, 10.521087 ] } },
{ "type": "Feature", "properties": { "contextFeatureId": "PHL-S-005::settlements::node::5377987421", "projectId": "PHL-S-005", "projectName": "Calatrava Solar Power Project", "countryCode": "PHL", "osmType": "node", "osmId": 5377987421, "highway": null, "place": "village", "power": null, "landuse": null, "name": "Bandila", "voltage": null, "circuits": null, "cables": null, "frequency": null, "substationTag": null, "lineTag": null, "operator": null, "location": null }, "geometry": { "type": "Point", "coordinates": [ 123.4532156, 10.7008794 ] } },
{ "type": "Feature", "properties": { "contextFeatureId": "PHL-S-005::settlements::node::5935735443", "projectId": "PHL-S-005", "projectName": "Calatrava Solar Power Project", "countryCode": "PHL", "osmType": "node", "osmId": 5935735443, "highway": null, "place": "village", "power": null, "landuse": null, "name": "Telim", "voltage": null, "circuits": null, "cables": null, "frequency": null, "substationTag": null, "lineTag": null, "operator": null, "location": null }, "geometry": { "type": "Point", "coordinates": [ 123.4532947, 10.6482831 ] } },
{ "type": "Feature", "properties": { "contextFeatureId": "PHL-S-005::settlements::node::5935735449", "projectId": "PHL-S-005", "projectName": "Calatrava Solar Power Project", "countryCode": "PHL", "osmType": "node", "osmId": 5935735449, "highway": null, "place": "village", "power": null, "landuse": null, "name": "Agpangi", "voltage": null, "circuits": null, "cables": null, "frequency": null, "substationTag": null, "lineTag": null, "operator": null, "location": null }, "geometry": { "type": "Point", "coordinates": [ 123.4210081, 10.5781075 ] } },
{ "type": "Feature", "properties": { "contextFeatureId": "PHL-S-005::settlements::node::5935735452", "projectId": "PHL-S-005", "projectName": "Calatrava Solar Power Project", "countryCode": "PHL", "osmType": "node", "osmId": 5935735452, "highway": null, "place": "village", "power": null, "landuse": null, "name": "Castellano", "voltage": null, "circuits": null, "cables": null, "frequency": null, "substationTag": null, "lineTag": null, "operator": null, "location": null }, "geometry": { "type": "Point", "coordinates": [ 123.4825919, 10.650352 ] } },
{ "type": "Feature", "properties": { "contextFeatureId": "PHL-S-005::settlements::node::5935735456", "projectId": "PHL-S-005", "projectName": "Calatrava Solar Power Project", "countryCode": "PHL", "osmType": "node", "osmId": 5935735456, "highway": null, "place": "village", "power": null, "landuse": null, "name": "San Isidro", "voltage": null, "circuits": null, "cables": null, "frequency": null, "substationTag": null, "lineTag": null, "operator": null, "location": null }, "geometry": { "type": "Point", "coordinates": [ 123.4634655, 10.5545482 ] } },
{ "type": "Feature", "properties": { "contextFeatureId": "PHL-S-005::settlements::node::5935735457", "projectId": "PHL-S-005", "projectName": "Calatrava Solar Power Project", "countryCode": "PHL", "osmType": "node", "osmId": 5935735457, "highway": null, "place": "village", "power": null, "landuse": null, "name": "Laga-an", "voltage": null, "circuits": null, "cables": null, "frequency": null, "substationTag": null, "lineTag": null, "operator": null, "location": null }, "geometry": { "type": "Point", "coordinates": [ 123.3814627, 10.6339601 ] } },
{ "type": "Feature", "properties": { "contextFeatureId": "PHL-S-005::settlements::node::5935735460", "projectId": "PHL-S-005", "projectName": "Calatrava Solar Power Project", "countryCode": "PHL", "osmType": "node", "osmId": 5935735460, "highway": null, "place": "village", "power": null, "landuse": null, "name": "Lo-ok", "voltage": null, "circuits": null, "cables": null, "frequency": null, "substationTag": null, "lineTag": null, "operator": null, "location": null }, "geometry": { "type": "Point", "coordinates": [ 123.4827859, 10.5943688 ] } },
{ "type": "Feature", "properties": { "contextFeatureId": "PHL-S-005::settlements::node::5935735461", "projectId": "PHL-S-005", "projectName": "Calatrava Solar Power Project", "countryCode": "PHL", "osmType": "node", "osmId": 5935735461, "highway": null, "place": "village", "power": null, "landuse": null, "name": "Bantayanon", "voltage": null, "circuits": null, "cables": null, "frequency": null, "substationTag": null, "lineTag": null, "operator": null, "location": null }, "geometry": { "type": "Point", "coordinates": [ 123.4765781, 10.5876636 ] } },
{ "type": "Feature", "properties": { "contextFeatureId": "PHL-S-005::settlements::node::5935735463", "projectId": "PHL-S-005", "projectName": "Calatrava Solar Power Project", "countryCode": "PHL", "osmType": "node", "osmId": 5935735463, "highway": null, "place": "village", "power": null, "landuse": null, "name": "Malanog", "voltage": null, "circuits": null, "cables": null, "frequency": null, "substationTag": null, "lineTag": null, "operator": null, "location": null }, "geometry": { "type": "Point", "coordinates": [ 123.4367066, 10.6359096 ] } },
{ "type": "Feature", "properties": { "contextFeatureId": "PHL-S-005::settlements::node::5935735469", "projectId": "PHL-S-005", "projectName": "Calatrava Solar Power Project", "countryCode": "PHL", "osmType": "node", "osmId": 5935735469, "highway": null, "place": "village", "power": null, "landuse": null, "name": "Cabungahan", "voltage": null, "circuits": null, "cables": null, "frequency": null, "substationTag": null, "lineTag": null, "operator": null, "location": null }, "geometry": { "type": "Point", "coordinates": [ 123.4352368, 10.586247 ] } },
{ "type": "Feature", "properties": { "contextFeatureId": "PHL-S-005::settlements::node::5935735471", "projectId": "PHL-S-005", "projectName": "Calatrava Solar Power Project", "countryCode": "PHL", "osmType": "node", "osmId": 5935735471, "highway": null, "place": "village", "power": null, "landuse": null, "name": "Bagonbon", "voltage": null, "circuits": null, "cables": null, "frequency": null, "substationTag": null, "lineTag": null, "operator": null, "location": null }, "geometry": { "type": "Point", "coordinates": [ 123.3998233, 10.5823986 ] } },
{ "type": "Feature", "properties": { "contextFeatureId": "PHL-S-005::settlements::node::9107169204", "projectId": "PHL-S-005", "projectName": "Calatrava Solar Power Project", "countryCode": "PHL", "osmType": "node", "osmId": 9107169204, "highway": null, "place": "neighbourhood", "power": null, "landuse": null, "name": null, "voltage": null, "circuits": null, "cables": null, "frequency": null, "substationTag": null, "lineTag": null, "operator": null, "location": null }, "geometry": { "type": "Point", "coordinates": [ 123.4395289, 10.6555891 ] } },
{ "type": "Feature", "properties": { "contextFeatureId": "PHL-S-005::settlements::node::9107169205", "projectId": "PHL-S-005", "projectName": "Calatrava Solar Power Project", "countryCode": "PHL", "osmType": "node", "osmId": 9107169205, "highway": null, "place": "neighbourhood", "power": null, "landuse": null, "name": null, "voltage": null, "circuits": null, "cables": null, "frequency": null, "substationTag": null, "lineTag": null, "operator": null, "location": null }, "geometry": { "type": "Point", "coordinates": [ 123.434878, 10.6460468 ] } },
{ "type": "Feature", "properties": { "contextFeatureId": "PHL-S-005::settlements::node::9107169211", "projectId": "PHL-S-005", "projectName": "Calatrava Solar Power Project", "countryCode": "PHL", "osmType": "node", "osmId": 9107169211, "highway": null, "place": "neighbourhood", "power": null, "landuse": null, "name": "Hangalay", "voltage": null, "circuits": null, "cables": null, "frequency": null, "substationTag": null, "lineTag": null, "operator": null, "location": null }, "geometry": { "type": "Point", "coordinates": [ 123.4285292, 10.6563905 ] } },
{ "type": "Feature", "properties": { "contextFeatureId": "PHL-S-005::settlements::node::9109490580", "projectId": "PHL-S-005", "projectName": "Calatrava Solar Power Project", "countryCode": "PHL", "osmType": "node", "osmId": 9109490580, "highway": null, "place": "hamlet", "power": null, "landuse": null, "name": null, "voltage": null, "circuits": null, "cables": null, "frequency": null, "substationTag": null, "lineTag": null, "operator": null, "location": null }, "geometry": { "type": "Point", "coordinates": [ 123.4333344, 10.6263523 ] } },
{ "type": "Feature", "properties": { "contextFeatureId": "PHL-S-005::settlements::node::9109490584", "projectId": "PHL-S-005", "projectName": "Calatrava Solar Power Project", "countryCode": "PHL", "osmType": "node", "osmId": 9109490584, "highway": null, "place": "neighbourhood", "power": null, "landuse": null, "name": "Quian-ay", "voltage": null, "circuits": null, "cables": null, "frequency": null, "substationTag": null, "lineTag": null, "operator": null, "location": null }, "geometry": { "type": "Point", "coordinates": [ 123.4359267, 10.6353707 ] } },
{ "type": "Feature", "properties": { "contextFeatureId": "PHL-S-005::settlements::node::9109534053", "projectId": "PHL-S-005", "projectName": "Calatrava Solar Power Project", "countryCode": "PHL", "osmType": "node", "osmId": 9109534053, "highway": null, "place": "neighbourhood", "power": null, "landuse": null, "name": null, "voltage": null, "circuits": null, "cables": null, "frequency": null, "substationTag": null, "lineTag": null, "operator": null, "location": null }, "geometry": { "type": "Point", "coordinates": [ 123.452653, 10.6674072 ] } },
{ "type": "Feature", "properties": { "contextFeatureId": "PHL-S-005::settlements::node::9109534054", "projectId": "PHL-S-005", "projectName": "Calatrava Solar Power Project", "countryCode": "PHL", "osmType": "node", "osmId": 9109534054, "highway": null, "place": "village", "power": null, "landuse": null, "name": "Malatas", "voltage": null, "circuits": null, "cables": null, "frequency": null, "substationTag": null, "lineTag": null, "operator": null, "location": null }, "geometry": { "type": "Point", "coordinates": [ 123.4561774, 10.6605315 ] } },
{ "type": "Feature", "properties": { "contextFeatureId": "PHL-S-005::settlements::node::9109548949", "projectId": "PHL-S-005", "projectName": "Calatrava Solar Power Project", "countryCode": "PHL", "osmType": "node", "osmId": 9109548949, "highway": null, "place": "village", "power": null, "landuse": null, "name": "Winaswasan", "voltage": null, "circuits": null, "cables": null, "frequency": null, "substationTag": null, "lineTag": null, "operator": null, "location": null }, "geometry": { "type": "Point", "coordinates": [ 123.4376735, 10.6912476 ] } },
{ "type": "Feature", "properties": { "contextFeatureId": "PHL-S-005::settlements::node::9109842758", "projectId": "PHL-S-005", "projectName": "Calatrava Solar Power Project", "countryCode": "PHL", "osmType": "node", "osmId": 9109842758, "highway": null, "place": "hamlet", "power": null, "landuse": null, "name": null, "voltage": null, "circuits": null, "cables": null, "frequency": null, "substationTag": null, "lineTag": null, "operator": null, "location": null }, "geometry": { "type": "Point", "coordinates": [ 123.3899349, 10.6400471 ] } },
{ "type": "Feature", "properties": { "contextFeatureId": "PHL-S-005::settlements::node::9110026646", "projectId": "PHL-S-005", "projectName": "Calatrava Solar Power Project", "countryCode": "PHL", "osmType": "node", "osmId": 9110026646, "highway": null, "place": "neighbourhood", "power": null, "landuse": null, "name": null, "voltage": null, "circuits": null, "cables": null, "frequency": null, "substationTag": null, "lineTag": null, "operator": null, "location": null }, "geometry": { "type": "Point", "coordinates": [ 123.387427, 10.5994117 ] } },
{ "type": "Feature", "properties": { "contextFeatureId": "PHL-S-005::settlements::node::9110026710", "projectId": "PHL-S-005", "projectName": "Calatrava Solar Power Project", "countryCode": "PHL", "osmType": "node", "osmId": 9110026710, "highway": null, "place": "neighbourhood", "power": null, "landuse": null, "name": null, "voltage": null, "circuits": null, "cables": null, "frequency": null, "substationTag": null, "lineTag": null, "operator": null, "location": null }, "geometry": { "type": "Point", "coordinates": [ 123.3926359, 10.5971312 ] } },
{ "type": "Feature", "properties": { "contextFeatureId": "PHL-S-005::settlements::node::9110044939", "projectId": "PHL-S-005", "projectName": "Calatrava Solar Power Project", "countryCode": "PHL", "osmType": "node", "osmId": 9110044939, "highway": null, "place": "neighbourhood", "power": null, "landuse": null, "name": null, "voltage": null, "circuits": null, "cables": null, "frequency": null, "substationTag": null, "lineTag": null, "operator": null, "location": null }, "geometry": { "type": "Point", "coordinates": [ 123.4058994, 10.5893917 ] } },
{ "type": "Feature", "properties": { "contextFeatureId": "PHL-S-005::settlements::node::9110044940", "projectId": "PHL-S-005", "projectName": "Calatrava Solar Power Project", "countryCode": "PHL", "osmType": "node", "osmId": 9110044940, "highway": null, "place": "neighbourhood", "power": null, "landuse": null, "name": null, "voltage": null, "circuits": null, "cables": null, "frequency": null, "substationTag": null, "lineTag": null, "operator": null, "location": null }, "geometry": { "type": "Point", "coordinates": [ 123.4019458, 10.582683 ] } },
{ "type": "Feature", "properties": { "contextFeatureId": "PHL-S-005::settlements::node::9110045083", "projectId": "PHL-S-005", "projectName": "Calatrava Solar Power Project", "countryCode": "PHL", "osmType": "node", "osmId": 9110045083, "highway": null, "place": "hamlet", "power": null, "landuse": null, "name": null, "voltage": null, "circuits": null, "cables": null, "frequency": null, "substationTag": null, "lineTag": null, "operator": null, "location": null }, "geometry": { "type": "Point", "coordinates": [ 123.3903848, 10.593417 ] } },
{ "type": "Feature", "properties": { "contextFeatureId": "PHL-S-005::settlements::node::9110085084", "projectId": "PHL-S-005", "projectName": "Calatrava Solar Power Project", "countryCode": "PHL", "osmType": "node", "osmId": 9110085084, "highway": null, "place": "village", "power": null, "landuse": null, "name": "Ani-e", "voltage": null, "circuits": null, "cables": null, "frequency": null, "substationTag": null, "lineTag": null, "operator": null, "location": null }, "geometry": { "type": "Point", "coordinates": [ 123.3823004, 10.616623 ] } },
{ "type": "Feature", "properties": { "contextFeatureId": "PHL-S-005::settlements::node::9320188949", "projectId": "PHL-S-005", "projectName": "Calatrava Solar Power Project", "countryCode": "PHL", "osmType": "node", "osmId": 9320188949, "highway": null, "place": "neighbourhood", "power": null, "landuse": null, "name": null, "voltage": null, "circuits": null, "cables": null, "frequency": null, "substationTag": null, "lineTag": null, "operator": null, "location": null }, "geometry": { "type": "Point", "coordinates": [ 123.4927976, 10.6396043 ] } },
{ "type": "Feature", "properties": { "contextFeatureId": "PHL-S-005::settlements::node::11609751642", "projectId": "PHL-S-005", "projectName": "Calatrava Solar Power Project", "countryCode": "PHL", "osmType": "node", "osmId": 11609751642, "highway": null, "place": "village", "power": null, "landuse": null, "name": "Maaslob", "voltage": null, "circuits": null, "cables": null, "frequency": null, "substationTag": null, "lineTag": null, "operator": null, "location": null }, "geometry": { "type": "Point", "coordinates": [ 123.3952081, 10.6072207 ] } },
{ "type": "Feature", "properties": { "contextFeatureId": "PHL-S-005::settlements::node::11610021744", "projectId": "PHL-S-005", "projectName": "Calatrava Solar Power Project", "countryCode": "PHL", "osmType": "node", "osmId": 11610021744, "highway": null, "place": "village", "power": null, "landuse": null, "name": "Paghumayan", "voltage": null, "circuits": null, "cables": null, "frequency": null, "substationTag": null, "lineTag": null, "operator": null, "location": null }, "geometry": { "type": "Point", "coordinates": [ 123.4639424, 10.6575819 ] } },
{ "type": "Feature", "properties": { "contextFeatureId": "PHL-S-006::settlements::node::30917648", "projectId": "PHL-S-006", "projectName": "Armenia Solar Power Project", "countryCode": "PHL", "osmType": "node", "osmId": 30917648, "highway": null, "place": "city", "power": null, "landuse": null, "name": "Tarlac City", "voltage": null, "circuits": null, "cables": null, "frequency": null, "substationTag": null, "lineTag": null, "operator": null, "location": null }, "geometry": { "type": "Point", "coordinates": [ 120.5893473, 15.4861218 ] } },
{ "type": "Feature", "properties": { "contextFeatureId": "PHL-S-006::settlements::node::198509909", "projectId": "PHL-S-006", "projectName": "Armenia Solar Power Project", "countryCode": "PHL", "osmType": "node", "osmId": 198509909, "highway": null, "place": "town", "power": null, "landuse": null, "name": "Capas", "voltage": null, "circuits": null, "cables": null, "frequency": null, "substationTag": null, "lineTag": null, "operator": null, "location": null }, "geometry": { "type": "Point", "coordinates": [ 120.589583, 15.3360344 ] } },
{ "type": "Feature", "properties": { "contextFeatureId": "PHL-S-006::settlements::node::675690852", "projectId": "PHL-S-006", "projectName": "Armenia Solar Power Project", "countryCode": "PHL", "osmType": "node", "osmId": 675690852, "highway": null, "place": "village", "power": null, "landuse": null, "name": "Capehan", "voltage": null, "circuits": null, "cables": null, "frequency": null, "substationTag": null, "lineTag": null, "operator": null, "location": null }, "geometry": { "type": "Point", "coordinates": [ 120.6054918, 15.4270078 ] } },
{ "type": "Feature", "properties": { "contextFeatureId": "PHL-S-006::settlements::node::1223886094", "projectId": "PHL-S-006", "projectName": "Armenia Solar Power Project", "countryCode": "PHL", "osmType": "node", "osmId": 1223886094, "highway": null, "place": "village", "power": null, "landuse": null, "name": "Parang", "voltage": null, "circuits": null, "cables": null, "frequency": null, "substationTag": null, "lineTag": null, "operator": null, "location": null }, "geometry": { "type": "Point", "coordinates": [ 120.6493104, 15.4117268 ] } },
{ "type": "Feature", "properties": { "contextFeatureId": "PHL-S-006::settlements::node::1223886252", "projectId": "PHL-S-006", "projectName": "Armenia Solar Power Project", "countryCode": "PHL", "osmType": "node", "osmId": 1223886252, "highway": null, "place": "suburb", "power": null, "landuse": null, "name": "San Miguel", "voltage": null, "circuits": null, "cables": null, "frequency": null, "substationTag": null, "lineTag": null, "operator": null, "location": null }, "geometry": { "type": "Point", "coordinates": [ 120.5975582, 15.43242 ] } },
{ "type": "Feature", "properties": { "contextFeatureId": "PHL-S-006::settlements::node::1223886485", "projectId": "PHL-S-006", "projectName": "Armenia Solar Power Project", "countryCode": "PHL", "osmType": "node", "osmId": 1223886485, "highway": null, "place": "village", "power": null, "landuse": null, "name": "Central", "voltage": null, "circuits": null, "cables": null, "frequency": null, "substationTag": null, "lineTag": null, "operator": null, "location": null }, "geometry": { "type": "Point", "coordinates": [ 120.631238, 15.4279169 ] } },
{ "type": "Feature", "properties": { "contextFeatureId": "PHL-S-006::settlements::node::1228932276", "projectId": "PHL-S-006", "projectName": "Armenia Solar Power Project", "countryCode": "PHL", "osmType": "node", "osmId": 1228932276, "highway": null, "place": "neighbourhood", "power": null, "landuse": null, "name": "St. Dominic Village", "voltage": null, "circuits": null, "cables": null, "frequency": null, "substationTag": null, "lineTag": null, "operator": null, "location": null }, "geometry": { "type": "Point", "coordinates": [ 120.5814311, 15.4652806 ] } },
{ "type": "Feature", "properties": { "contextFeatureId": "PHL-S-006::settlements::node::1229531273", "projectId": "PHL-S-006", "projectName": "Armenia Solar Power Project", "countryCode": "PHL", "osmType": "node", "osmId": 1229531273, "highway": null, "place": "neighbourhood", "power": null, "landuse": null, "name": "San Sebastian Village", "voltage": null, "circuits": null, "cables": null, "frequency": null, "substationTag": null, "lineTag": null, "operator": null, "location": null }, "geometry": { "type": "Point", "coordinates": [ 120.5962104, 15.47524 ] } },
{ "type": "Feature", "properties": { "contextFeatureId": "PHL-S-006::settlements::node::1231224289", "projectId": "PHL-S-006", "projectName": "Armenia Solar Power Project", "countryCode": "PHL", "osmType": "node", "osmId": 1231224289, "highway": null, "place": "neighbourhood", "power": null, "landuse": null, "name": "Luisita Golf & Country Club", "voltage": null, "circuits": null, "cables": null, "frequency": null, "substationTag": null, "lineTag": null, "operator": null, "location": null }, "geometry": { "type": "Point", "coordinates": [ 120.6182799, 15.4324708 ] } },
{ "type": "Feature", "properties": { "contextFeatureId": "PHL-S-006::settlements::node::1515122810", "projectId": "PHL-S-006", "projectName": "Armenia Solar Power Project", "countryCode": "PHL", "osmType": "node", "osmId": 1515122810, "highway": null, "place": "neighbourhood", "power": null, "landuse": null, "name": "Niña's Ville", "voltage": null, "circuits": null, "cables": null, "frequency": null, "substationTag": null, "lineTag": null, "operator": null, "location": null }, "geometry": { "type": "Point", "coordinates": [ 120.605332, 15.4698677 ] } },
{ "type": "Feature", "properties": { "contextFeatureId": "PHL-S-006::settlements::node::1665930297", "projectId": "PHL-S-006", "projectName": "Armenia Solar Power Project", "countryCode": "PHL", "osmType": "node", "osmId": 1665930297, "highway": null, "place": "town", "power": null, "landuse": null, "name": "San Jose", "voltage": null, "circuits": null, "cables": null, "frequency": null, "substationTag": null, "lineTag": null, "operator": null, "location": null }, "geometry": { "type": "Point", "coordinates": [ 120.4639721, 15.4775949 ] } },
{ "type": "Feature", "properties": { "contextFeatureId": "PHL-S-006::settlements::node::1791494696", "projectId": "PHL-S-006", "projectName": "Armenia Solar Power Project", "countryCode": "PHL", "osmType": "node", "osmId": 1791494696, "highway": null, "place": "neighbourhood", "power": null, "landuse": null, "name": "Villa De Concepcion", "voltage": null, "circuits": null, "cables": null, "frequency": null, "substationTag": null, "lineTag": null, "operator": null, "location": null }, "geometry": { "type": "Point", "coordinates": [ 120.6002844, 15.3876085 ] } },
{ "type": "Feature", "properties": { "contextFeatureId": "PHL-S-006::settlements::node::1794247046", "projectId": "PHL-S-006", "projectName": "Armenia Solar Power Project", "countryCode": "PHL", "osmType": "node", "osmId": 1794247046, "highway": null, "place": "neighbourhood", "power": null, "landuse": null, "name": "Villa Leticia", "voltage": null, "circuits": null, "cables": null, "frequency": null, "substationTag": null, "lineTag": null, "operator": null, "location": null }, "geometry": { "type": "Point", "coordinates": [ 120.6052354, 15.4957414 ] } },
{ "type": "Feature", "properties": { "contextFeatureId": "PHL-S-006::settlements::node::1794253912", "projectId": "PHL-S-006", "projectName": "Armenia Solar Power Project", "countryCode": "PHL", "osmType": "node", "osmId": 1794253912, "highway": null, "place": "neighbourhood", "power": null, "landuse": null, "name": "Sunrise Subdivision", "voltage": null, "circuits": null, "cables": null, "frequency": null, "substationTag": null, "lineTag": null, "operator": null, "location": null }, "geometry": { "type": "Point", "coordinates": [ 120.611914, 15.4818277 ] } },
{ "type": "Feature", "properties": { "contextFeatureId": "PHL-S-006::settlements::node::2663004245", "projectId": "PHL-S-006", "projectName": "Armenia Solar Power Project", "countryCode": "PHL", "osmType": "node", "osmId": 2663004245, "highway": null, "place": "village", "power": null, "landuse": null, "name": "Santa Rosa", "voltage": null, "circuits": null, "cables": null, "frequency": null, "substationTag": null, "lineTag": null, "operator": null, "location": null }, "geometry": { "type": "Point", "coordinates": [ 120.6157491, 15.3681328 ] } },
{ "type": "Feature", "properties": { "contextFeatureId": "PHL-S-006::settlements::node::2663004327", "projectId": "PHL-S-006", "projectName": "Armenia Solar Power Project", "countryCode": "PHL", "osmType": "node", "osmId": 2663004327, "highway": null, "place": "village", "power": null, "landuse": null, "name": "San Juan", "voltage": null, "circuits": null, "cables": null, "frequency": null, "substationTag": null, "lineTag": null, "operator": null, "location": null }, "geometry": { "type": "Point", "coordinates": [ 120.6052606, 15.3554422 ] } },
{ "type": "Feature", "properties": { "contextFeatureId": "PHL-S-006::settlements::node::3536205931", "projectId": "PHL-S-006", "projectName": "Armenia Solar Power Project", "countryCode": "PHL", "osmType": "node", "osmId": 3536205931, "highway": null, "place": "village", "power": null, "landuse": null, "name": "San Juan de Mata", "voltage": null, "circuits": null, "cables": null, "frequency": null, "substationTag": null, "lineTag": null, "operator": null, "location": null }, "geometry": { "type": "Point", "coordinates": [ 120.5303851, 15.5327186 ] } },
{ "type": "Feature", "properties": { "contextFeatureId": "PHL-S-006::settlements::node::3536205932", "projectId": "PHL-S-006", "projectName": "Armenia Solar Power Project", "countryCode": "PHL", "osmType": "node", "osmId": 3536205932, "highway": null, "place": "village", "power": null, "landuse": null, "name": "San Juan de Valdez", "voltage": null, "circuits": null, "cables": null, "frequency": null, "substationTag": null, "lineTag": null, "operator": null, "location": null }, "geometry": { "type": "Point", "coordinates": [ 120.5138471, 15.4998015 ] } },
{ "type": "Feature", "properties": { "contextFeatureId": "PHL-S-006::settlements::node::4346673228", "projectId": "PHL-S-006", "projectName": "Armenia Solar Power Project", "countryCode": "PHL", "osmType": "node", "osmId": 4346673228, "highway": null, "place": "village", "power": null, "landuse": null, "name": "Cristo Rey", "voltage": null, "circuits": null, "cables": null, "frequency": null, "substationTag": null, "lineTag": null, "operator": null, "location": null }, "geometry": { "type": "Point", "coordinates": [ 120.53705, 15.3609035 ] } },
{ "type": "Feature", "properties": { "contextFeatureId": "PHL-S-006::settlements::node::4346674302", "projectId": "PHL-S-006", "projectName": "Armenia Solar Power Project", "countryCode": "PHL", "osmType": "node", "osmId": 4346674302, "highway": null, "place": "village", "power": null, "landuse": null, "name": "Santa Lucia", "voltage": null, "circuits": null, "cables": null, "frequency": null, "substationTag": null, "lineTag": null, "operator": null, "location": null }, "geometry": { "type": "Point", "coordinates": [ 120.4856155, 15.3686149 ] } },
{ "type": "Feature", "properties": { "contextFeatureId": "PHL-S-006::settlements::node::4538855666", "projectId": "PHL-S-006", "projectName": "Armenia Solar Power Project", "countryCode": "PHL", "osmType": "node", "osmId": 4538855666, "highway": null, "place": "neighbourhood", "power": null, "landuse": null, "name": "Blossomville", "voltage": null, "circuits": null, "cables": null, "frequency": null, "substationTag": null, "lineTag": null, "operator": null, "location": null }, "geometry": { "type": "Point", "coordinates": [ 120.5976744, 15.4889155 ] } },
{ "type": "Feature", "properties": { "contextFeatureId": "PHL-S-006::settlements::node::4726234591", "projectId": "PHL-S-006", "projectName": "Armenia Solar Power Project", "countryCode": "PHL", "osmType": "node", "osmId": 4726234591, "highway": null, "place": "village", "power": null, "landuse": null, "name": "Lourdes", "voltage": null, "circuits": null, "cables": null, "frequency": null, "substationTag": null, "lineTag": null, "operator": null, "location": null }, "geometry": { "type": "Point", "coordinates": [ 120.6482944, 15.4404084 ] } },
{ "type": "Feature", "properties": { "contextFeatureId": "PHL-S-006::settlements::node::4972843635", "projectId": "PHL-S-006", "projectName": "Armenia Solar Power Project", "countryCode": "PHL", "osmType": "node", "osmId": 4972843635, "highway": null, "place": "village", "power": null, "landuse": null, "name": "Central", "voltage": null, "circuits": null, "cables": null, "frequency": null, "substationTag": null, "lineTag": null, "operator": null, "location": null }, "geometry": { "type": "Point", "coordinates": [ 120.64757, 15.4323024 ] } },
{ "type": "Feature", "properties": { "contextFeatureId": "PHL-S-006::settlements::node::5052671322", "projectId": "PHL-S-006", "projectName": "Armenia Solar Power Project", "countryCode": "PHL", "osmType": "node", "osmId": 5052671322, "highway": null, "place": "village", "power": null, "landuse": null, "name": "Mapalacsiao", "voltage": null, "circuits": null, "cables": null, "frequency": null, "substationTag": null, "lineTag": null, "operator": null, "location": null }, "geometry": { "type": "Point", "coordinates": [ 120.6524536, 15.4286966 ] } },
{ "type": "Feature", "properties": { "contextFeatureId": "PHL-S-006::settlements::node::5344233188", "projectId": "PHL-S-006", "projectName": "Armenia Solar Power Project", "countryCode": "PHL", "osmType": "node", "osmId": 5344233188, "highway": null, "place": "neighbourhood", "power": null, "landuse": null, "name": "Joemac Subdivision", "voltage": null, "circuits": null, "cables": null, "frequency": null, "substationTag": null, "lineTag": null, "operator": null, "location": null }, "geometry": { "type": "Point", "coordinates": [ 120.5804712, 15.468307 ] } },
{ "type": "Feature", "properties": { "contextFeatureId": "PHL-S-006::settlements::node::5363528192", "projectId": "PHL-S-006", "projectName": "Armenia Solar Power Project", "countryCode": "PHL", "osmType": "node", "osmId": 5363528192, "highway": null, "place": "neighbourhood", "power": null, "landuse": null, "name": "Villa de Santo Rosario", "voltage": null, "circuits": null, "cables": null, "frequency": null, "substationTag": null, "lineTag": null, "operator": null, "location": null }, "geometry": { "type": "Point", "coordinates": [ 120.5877694, 15.3325304 ] } },
{ "type": "Feature", "properties": { "contextFeatureId": "PHL-S-006::settlements::node::5823788853", "projectId": "PHL-S-006", "projectName": "Armenia Solar Power Project", "countryCode": "PHL", "osmType": "node", "osmId": 5823788853, "highway": null, "place": "neighbourhood", "power": null, "landuse": null, "name": "Mangga Dos", "voltage": null, "circuits": null, "cables": null, "frequency": null, "substationTag": null, "lineTag": null, "operator": null, "location": null }, "geometry": { "type": "Point", "coordinates": [ 120.6077185, 15.4874131 ] } },
{ "type": "Feature", "properties": { "contextFeatureId": "PHL-S-006::settlements::node::5828311486", "projectId": "PHL-S-006", "projectName": "Armenia Solar Power Project", "countryCode": "PHL", "osmType": "node", "osmId": 5828311486, "highway": null, "place": "suburb", "power": null, "landuse": null, "name": "New Clark City", "voltage": null, "circuits": null, "cables": null, "frequency": null, "substationTag": null, "lineTag": null, "operator": "Bases Conversion and Development Authority", "location": null }, "geometry": { "type": "Point", "coordinates": [ 120.5287671, 15.3453785 ] } },
{ "type": "Feature", "properties": { "contextFeatureId": "PHL-S-006::settlements::node::7469492521", "projectId": "PHL-S-006", "projectName": "Armenia Solar Power Project", "countryCode": "PHL", "osmType": "node", "osmId": 7469492521, "highway": null, "place": "village", "power": null, "landuse": null, "name": "San Agustin", "voltage": null, "circuits": null, "cables": null, "frequency": null, "substationTag": null, "lineTag": null, "operator": null, "location": null }, "geometry": { "type": "Point", "coordinates": [ 120.6085834, 15.4035568 ] } },
{ "type": "Feature", "properties": { "contextFeatureId": "PHL-S-006::settlements::node::7660755286", "projectId": "PHL-S-006", "projectName": "Armenia Solar Power Project", "countryCode": "PHL", "osmType": "node", "osmId": 7660755286, "highway": null, "place": "neighbourhood", "power": null, "landuse": null, "name": "Urban Poor Phase 2", "voltage": null, "circuits": null, "cables": null, "frequency": null, "substationTag": null, "lineTag": null, "operator": null, "location": null }, "geometry": { "type": "Point", "coordinates": [ 120.5878067, 15.4979357 ] } },
{ "type": "Feature", "properties": { "contextFeatureId": "PHL-S-006::settlements::node::7660755287", "projectId": "PHL-S-006", "projectName": "Armenia Solar Power Project", "countryCode": "PHL", "osmType": "node", "osmId": 7660755287, "highway": null, "place": "neighbourhood", "power": null, "landuse": null, "name": "Urban Poor Phase 1", "voltage": null, "circuits": null, "cables": null, "frequency": null, "substationTag": null, "lineTag": null, "operator": null, "location": null }, "geometry": { "type": "Point", "coordinates": [ 120.5875091, 15.4969082 ] } },
{ "type": "Feature", "properties": { "contextFeatureId": "PHL-S-006::settlements::node::7775759167", "projectId": "PHL-S-006", "projectName": "Armenia Solar Power Project", "countryCode": "PHL", "osmType": "node", "osmId": 7775759167, "highway": null, "place": "village", "power": null, "landuse": null, "name": "Aranguren", "voltage": null, "circuits": null, "cables": null, "frequency": null, "substationTag": null, "lineTag": null, "operator": null, "location": null }, "geometry": { "type": "Point", "coordinates": [ 120.5727544, 15.3507313 ] } },
{ "type": "Feature", "properties": { "contextFeatureId": "PHL-S-006::settlements::node::8326343535", "projectId": "PHL-S-006", "projectName": "Armenia Solar Power Project", "countryCode": "PHL", "osmType": "node", "osmId": 8326343535, "highway": null, "place": "village", "power": null, "landuse": null, "name": "Tariji", "voltage": null, "circuits": null, "cables": null, "frequency": null, "substationTag": null, "lineTag": null, "operator": null, "location": null }, "geometry": { "type": "Point", "coordinates": [ 120.6063277, 15.5174353 ] } },
{ "type": "Feature", "properties": { "contextFeatureId": "PHL-S-006::settlements::node::8474065262", "projectId": "PHL-S-006", "projectName": "Armenia Solar Power Project", "countryCode": "PHL", "osmType": "node", "osmId": 8474065262, "highway": null, "place": "village", "power": null, "landuse": null, "name": "Buenavista", "voltage": null, "circuits": null, "cables": null, "frequency": null, "substationTag": null, "lineTag": null, "operator": null, "location": null }, "geometry": { "type": "Point", "coordinates": [ 120.615879, 15.4271618 ] } },
{ "type": "Feature", "properties": { "contextFeatureId": "PHL-S-006::settlements::node::9039737459", "projectId": "PHL-S-006", "projectName": "Armenia Solar Power Project", "countryCode": "PHL", "osmType": "node", "osmId": 9039737459, "highway": null, "place": "village", "power": null, "landuse": null, "name": "Balete", "voltage": null, "circuits": null, "cables": null, "frequency": null, "substationTag": null, "lineTag": null, "operator": null, "location": null }, "geometry": { "type": "Point", "coordinates": [ 120.6297677, 15.4418913 ] } },
{ "type": "Feature", "properties": { "contextFeatureId": "PHL-S-006::settlements::node::9068975883", "projectId": "PHL-S-006", "projectName": "Armenia Solar Power Project", "countryCode": "PHL", "osmType": "node", "osmId": 9068975883, "highway": null, "place": "neighbourhood", "power": null, "landuse": null, "name": "Obrero", "voltage": null, "circuits": null, "cables": null, "frequency": null, "substationTag": null, "lineTag": null, "operator": null, "location": null }, "geometry": { "type": "Point", "coordinates": [ 120.6483791, 15.4335465 ] } },
{ "type": "Feature", "properties": { "contextFeatureId": "PHL-S-006::settlements::node::9073897692", "projectId": "PHL-S-006", "projectName": "Armenia Solar Power Project", "countryCode": "PHL", "osmType": "node", "osmId": 9073897692, "highway": null, "place": "hamlet", "power": null, "landuse": null, "name": "Carabaoan", "voltage": null, "circuits": null, "cables": null, "frequency": null, "substationTag": null, "lineTag": null, "operator": null, "location": null }, "geometry": { "type": "Point", "coordinates": [ 120.4950356, 15.4546813 ] } },
{ "type": "Feature", "properties": { "contextFeatureId": "PHL-S-006::settlements::node::9081187437", "projectId": "PHL-S-006", "projectName": "Armenia Solar Power Project", "countryCode": "PHL", "osmType": "node", "osmId": 9081187437, "highway": null, "place": "neighbourhood", "power": null, "landuse": null, "name": "Paroba", "voltage": null, "circuits": null, "cables": null, "frequency": null, "substationTag": null, "lineTag": null, "operator": null, "location": null }, "geometry": { "type": "Point", "coordinates": [ 120.5725686, 15.4880307 ] } },
{ "type": "Feature", "properties": { "contextFeatureId": "PHL-S-006::settlements::node::9093049671", "projectId": "PHL-S-006", "projectName": "Armenia Solar Power Project", "countryCode": "PHL", "osmType": "node", "osmId": 9093049671, "highway": null, "place": "village", "power": null, "landuse": null, "name": "San Juan Moriones", "voltage": null, "circuits": null, "cables": null, "frequency": null, "substationTag": null, "lineTag": null, "operator": null, "location": null }, "geometry": { "type": "Point", "coordinates": [ 120.4968198, 15.4350496 ] } },
{ "type": "Feature", "properties": { "contextFeatureId": "PHL-S-006::settlements::node::9093517474", "projectId": "PHL-S-006", "projectName": "Armenia Solar Power Project", "countryCode": "PHL", "osmType": "node", "osmId": 9093517474, "highway": null, "place": "village", "power": null, "landuse": null, "name": "Bagong Barrio", "voltage": null, "circuits": null, "cables": null, "frequency": null, "substationTag": null, "lineTag": null, "operator": null, "location": null }, "geometry": { "type": "Point", "coordinates": [ 120.5304548, 15.5128236 ] } },
{ "type": "Feature", "properties": { "contextFeatureId": "PHL-S-006::settlements::node::9109522754", "projectId": "PHL-S-006", "projectName": "Armenia Solar Power Project", "countryCode": "PHL", "osmType": "node", "osmId": 9109522754, "highway": null, "place": "village", "power": null, "landuse": null, "name": "Calingcuan", "voltage": null, "circuits": null, "cables": null, "frequency": null, "substationTag": null, "lineTag": null, "operator": null, "location": null }, "geometry": { "type": "Point", "coordinates": [ 120.5992389, 15.3995796 ] } },
{ "type": "Feature", "properties": { "contextFeatureId": "PHL-S-006::settlements::node::9139128586", "projectId": "PHL-S-006", "projectName": "Armenia Solar Power Project", "countryCode": "PHL", "osmType": "node", "osmId": 9139128586, "highway": null, "place": "village", "power": null, "landuse": null, "name": "Manga", "voltage": null, "circuits": null, "cables": null, "frequency": null, "substationTag": null, "lineTag": null, "operator": null, "location": null }, "geometry": { "type": "Point", "coordinates": [ 120.5734124, 15.3754834 ] } },
{ "type": "Feature", "properties": { "contextFeatureId": "PHL-S-006::settlements::node::9139142234", "projectId": "PHL-S-006", "projectName": "Armenia Solar Power Project", "countryCode": "PHL", "osmType": "node", "osmId": 9139142234, "highway": null, "place": "village", "power": null, "landuse": null, "name": "Santa Rita", "voltage": null, "circuits": null, "cables": null, "frequency": null, "substationTag": null, "lineTag": null, "operator": null, "location": null }, "geometry": { "type": "Point", "coordinates": [ 120.5728641, 15.3865723 ] } },
{ "type": "Feature", "properties": { "contextFeatureId": "PHL-S-006::settlements::node::9140907919", "projectId": "PHL-S-006", "projectName": "Armenia Solar Power Project", "countryCode": "PHL", "osmType": "node", "osmId": 9140907919, "highway": null, "place": "village", "power": null, "landuse": null, "name": "Lawy", "voltage": null, "circuits": null, "cables": null, "frequency": null, "substationTag": null, "lineTag": null, "operator": null, "location": null }, "geometry": { "type": "Point", "coordinates": [ 120.5561488, 15.3729177 ] } },
{ "type": "Feature", "properties": { "contextFeatureId": "PHL-S-006::settlements::node::9141418401", "projectId": "PHL-S-006", "projectName": "Armenia Solar Power Project", "countryCode": "PHL", "osmType": "node", "osmId": 9141418401, "highway": null, "place": "neighbourhood", "power": null, "landuse": null, "name": "Purok 1", "voltage": null, "circuits": null, "cables": null, "frequency": null, "substationTag": null, "lineTag": null, "operator": null, "location": null }, "geometry": { "type": "Point", "coordinates": [ 120.492077, 15.368228 ] } },
{ "type": "Feature", "properties": { "contextFeatureId": "PHL-S-006::settlements::node::9286226893", "projectId": "PHL-S-006", "projectName": "Armenia Solar Power Project", "countryCode": "PHL", "osmType": "node", "osmId": 9286226893, "highway": null, "place": "neighbourhood", "power": null, "landuse": null, "name": "Bacuit", "voltage": null, "circuits": null, "cables": null, "frequency": null, "substationTag": null, "lineTag": null, "operator": null, "location": null }, "geometry": { "type": "Point", "coordinates": [ 120.5698818, 15.5071722 ] } },
{ "type": "Feature", "properties": { "contextFeatureId": "PHL-S-006::settlements::node::9311037324", "projectId": "PHL-S-006", "projectName": "Armenia Solar Power Project", "countryCode": "PHL", "osmType": "node", "osmId": 9311037324, "highway": null, "place": "village", "power": null, "landuse": null, "name": "Moriones", "voltage": null, "circuits": null, "cables": null, "frequency": null, "substationTag": null, "lineTag": null, "operator": null, "location": null }, "geometry": { "type": "Point", "coordinates": [ 120.4681215, 15.4534398 ] } },
{ "type": "Feature", "properties": { "contextFeatureId": "PHL-S-006::settlements::node::9351552174", "projectId": "PHL-S-006", "projectName": "Armenia Solar Power Project", "countryCode": "PHL", "osmType": "node", "osmId": 9351552174, "highway": null, "place": "suburb", "power": null, "landuse": null, "name": "Santo Domingo 2nd", "voltage": null, "circuits": null, "cables": null, "frequency": null, "substationTag": null, "lineTag": null, "operator": null, "location": null }, "geometry": { "type": "Point", "coordinates": [ 120.5941679, 15.3445365 ] } },
{ "type": "Feature", "properties": { "contextFeatureId": "PHL-S-006::settlements::node::9351552189", "projectId": "PHL-S-006", "projectName": "Armenia Solar Power Project", "countryCode": "PHL", "osmType": "node", "osmId": 9351552189, "highway": null, "place": "neighbourhood", "power": null, "landuse": null, "name": "Villa Angelina", "voltage": null, "circuits": null, "cables": null, "frequency": null, "substationTag": null, "lineTag": null, "operator": null, "location": null }, "geometry": { "type": "Point", "coordinates": [ 120.5960948, 15.343393 ] } },
{ "type": "Feature", "properties": { "contextFeatureId": "PHL-S-006::settlements::node::9427039307", "projectId": "PHL-S-006", "projectName": "Armenia Solar Power Project", "countryCode": "PHL", "osmType": "node", "osmId": 9427039307, "highway": null, "place": "village", "power": null, "landuse": null, "name": "Villa Aglipay", "voltage": null, "circuits": null, "cables": null, "frequency": null, "substationTag": null, "lineTag": null, "operator": null, "location": null }, "geometry": { "type": "Point", "coordinates": [ 120.465505, 15.4613699 ] } },
{ "type": "Feature", "properties": { "contextFeatureId": "PHL-S-006::settlements::node::9427045056", "projectId": "PHL-S-006", "projectName": "Armenia Solar Power Project", "countryCode": "PHL", "osmType": "node", "osmId": 9427045056, "highway": null, "place": "neighbourhood", "power": null, "landuse": null, "name": "Socorro", "voltage": null, "circuits": null, "cables": null, "frequency": null, "substationTag": null, "lineTag": null, "operator": null, "location": null }, "geometry": { "type": "Point", "coordinates": [ 120.4629716, 15.4527172 ] } },
{ "type": "Feature", "properties": { "contextFeatureId": "PHL-S-006::settlements::node::9427242564", "projectId": "PHL-S-006", "projectName": "Armenia Solar Power Project", "countryCode": "PHL", "osmType": "node", "osmId": 9427242564, "highway": null, "place": "neighbourhood", "power": null, "landuse": null, "name": "Zone 2", "voltage": null, "circuits": null, "cables": null, "frequency": null, "substationTag": null, "lineTag": null, "operator": null, "location": null }, "geometry": { "type": "Point", "coordinates": [ 120.5617949, 15.4344077 ] } },
{ "type": "Feature", "properties": { "contextFeatureId": "PHL-S-006::settlements::node::9427242565", "projectId": "PHL-S-006", "projectName": "Armenia Solar Power Project", "countryCode": "PHL", "osmType": "node", "osmId": 9427242565, "highway": null, "place": "village", "power": null, "landuse": null, "name": "Armenia", "voltage": null, "circuits": null, "cables": null, "frequency": null, "substationTag": null, "lineTag": null, "operator": null, "location": null }, "geometry": { "type": "Point", "coordinates": [ 120.5627656, 15.4344991 ] } },
{ "type": "Feature", "properties": { "contextFeatureId": "PHL-S-006::settlements::node::9427303892", "projectId": "PHL-S-006", "projectName": "Armenia Solar Power Project", "countryCode": "PHL", "osmType": "node", "osmId": 9427303892, "highway": null, "place": "village", "power": null, "landuse": null, "name": "Burot", "voltage": null, "circuits": null, "cables": null, "frequency": null, "substationTag": null, "lineTag": null, "operator": null, "location": null }, "geometry": { "type": "Point", "coordinates": [ 120.600176, 15.4139853 ] } },
{ "type": "Feature", "properties": { "contextFeatureId": "PHL-S-006::settlements::node::9427399619", "projectId": "PHL-S-006", "projectName": "Armenia Solar Power Project", "countryCode": "PHL", "osmType": "node", "osmId": 9427399619, "highway": null, "place": "neighbourhood", "power": null, "landuse": null, "name": "Yabutan", "voltage": null, "circuits": null, "cables": null, "frequency": null, "substationTag": null, "lineTag": null, "operator": null, "location": null }, "geometry": { "type": "Point", "coordinates": [ 120.5865618, 15.4351258 ] } },
{ "type": "Feature", "properties": { "contextFeatureId": "PHL-S-006::settlements::node::9551671033", "projectId": "PHL-S-006", "projectName": "Armenia Solar Power Project", "countryCode": "PHL", "osmType": "node", "osmId": 9551671033, "highway": null, "place": "village", "power": null, "landuse": null, "name": "Salapungan", "voltage": null, "circuits": null, "cables": null, "frequency": null, "substationTag": null, "lineTag": null, "operator": null, "location": null }, "geometry": { "type": "Point", "coordinates": [ 120.5969551, 15.5082582 ] } },
{ "type": "Feature", "properties": { "contextFeatureId": "PHL-S-006::settlements::node::9753238164", "projectId": "PHL-S-006", "projectName": "Armenia Solar Power Project", "countryCode": "PHL", "osmType": "node", "osmId": 9753238164, "highway": null, "place": "neighbourhood", "power": null, "landuse": null, "name": "Zone 3", "voltage": null, "circuits": null, "cables": null, "frequency": null, "substationTag": null, "lineTag": null, "operator": null, "location": null }, "geometry": { "type": "Point", "coordinates": [ 120.6141302, 15.5135017 ] } },
{ "type": "Feature", "properties": { "contextFeatureId": "PHL-S-006::settlements::node::9834078841", "projectId": "PHL-S-006", "projectName": "Armenia Solar Power Project", "countryCode": "PHL", "osmType": "node", "osmId": 9834078841, "highway": null, "place": "neighbourhood", "power": null, "landuse": null, "name": "Shangrila Homes", "voltage": null, "circuits": null, "cables": null, "frequency": null, "substationTag": null, "lineTag": null, "operator": null, "location": null }, "geometry": { "type": "Point", "coordinates": [ 120.6370765, 15.4890277 ] } },
{ "type": "Feature", "properties": { "contextFeatureId": "PHL-S-006::settlements::node::9834198790", "projectId": "PHL-S-006", "projectName": "Armenia Solar Power Project", "countryCode": "PHL", "osmType": "node", "osmId": 9834198790, "highway": null, "place": "neighbourhood", "power": null, "landuse": null, "name": "Villa Perpetua", "voltage": null, "circuits": null, "cables": null, "frequency": null, "substationTag": null, "lineTag": null, "operator": null, "location": null }, "geometry": { "type": "Point", "coordinates": [ 120.599885, 15.4907518 ] } },
{ "type": "Feature", "properties": { "contextFeatureId": "PHL-S-006::settlements::node::9834213565", "projectId": "PHL-S-006", "projectName": "Armenia Solar Power Project", "countryCode": "PHL", "osmType": "node", "osmId": 9834213565, "highway": null, "place": "neighbourhood", "power": null, "landuse": null, "name": "Saint Mary's Subdivision", "voltage": null, "circuits": null, "cables": null, "frequency": null, "substationTag": null, "lineTag": null, "operator": null, "location": null }, "geometry": { "type": "Point", "coordinates": [ 120.6033504, 15.4887124 ] } },
{ "type": "Feature", "properties": { "contextFeatureId": "PHL-S-006::settlements::node::9881084350", "projectId": "PHL-S-006", "projectName": "Armenia Solar Power Project", "countryCode": "PHL", "osmType": "node", "osmId": 9881084350, "highway": null, "place": "neighbourhood", "power": null, "landuse": null, "name": "San Nicolas", "voltage": null, "circuits": null, "cables": null, "frequency": null, "substationTag": null, "lineTag": null, "operator": null, "location": null }, "geometry": { "type": "Point", "coordinates": [ 120.5918954, 15.3358589 ] } },
{ "type": "Feature", "properties": { "contextFeatureId": "PHL-S-006::settlements::node::9881084377", "projectId": "PHL-S-006", "projectName": "Armenia Solar Power Project", "countryCode": "PHL", "osmType": "node", "osmId": 9881084377, "highway": null, "place": "neighbourhood", "power": null, "landuse": null, "name": "Saint Paul Homes", "voltage": null, "circuits": null, "cables": null, "frequency": null, "substationTag": null, "lineTag": null, "operator": null, "location": null }, "geometry": { "type": "Point", "coordinates": [ 120.5937931, 15.3374775 ] } },
{ "type": "Feature", "properties": { "contextFeatureId": "PHL-S-006::settlements::node::9881259351", "projectId": "PHL-S-006", "projectName": "Armenia Solar Power Project", "countryCode": "PHL", "osmType": "node", "osmId": 9881259351, "highway": null, "place": "neighbourhood", "power": null, "landuse": null, "name": "Vargas Village", "voltage": null, "circuits": null, "cables": null, "frequency": null, "substationTag": null, "lineTag": null, "operator": null, "location": null }, "geometry": { "type": "Point", "coordinates": [ 120.5909318, 15.3445701 ] } },
{ "type": "Feature", "properties": { "contextFeatureId": "PHL-S-006::settlements::node::9881424034", "projectId": "PHL-S-006", "projectName": "Armenia Solar Power Project", "countryCode": "PHL", "osmType": "node", "osmId": 9881424034, "highway": null, "place": "hamlet", "power": null, "landuse": null, "name": "Kamatis", "voltage": null, "circuits": null, "cables": null, "frequency": null, "substationTag": null, "lineTag": null, "operator": null, "location": null }, "geometry": { "type": "Point", "coordinates": [ 120.5331677, 15.3526867 ] } },
{ "type": "Feature", "properties": { "contextFeatureId": "PHL-S-006::settlements::node::9986376848", "projectId": "PHL-S-006", "projectName": "Armenia Solar Power Project", "countryCode": "PHL", "osmType": "node", "osmId": 9986376848, "highway": null, "place": "neighbourhood", "power": null, "landuse": null, "name": "Aquino Subdivision", "voltage": null, "circuits": null, "cables": null, "frequency": null, "substationTag": null, "lineTag": null, "operator": null, "location": null }, "geometry": { "type": "Point", "coordinates": [ 120.5971585, 15.4857618 ] } },
{ "type": "Feature", "properties": { "contextFeatureId": "PHL-S-006::settlements::node::9986608276", "projectId": "PHL-S-006", "projectName": "Armenia Solar Power Project", "countryCode": "PHL", "osmType": "node", "osmId": 9986608276, "highway": null, "place": "neighbourhood", "power": null, "landuse": null, "name": "Zone 5", "voltage": null, "circuits": null, "cables": null, "frequency": null, "substationTag": null, "lineTag": null, "operator": null, "location": null }, "geometry": { "type": "Point", "coordinates": [ 120.6118986, 15.5204694 ] } },
{ "type": "Feature", "properties": { "contextFeatureId": "PHL-S-006::settlements::node::10082381722", "projectId": "PHL-S-006", "projectName": "Armenia Solar Power Project", "countryCode": "PHL", "osmType": "node", "osmId": 10082381722, "highway": null, "place": "neighbourhood", "power": null, "landuse": null, "name": "Villa Elysa", "voltage": null, "circuits": null, "cables": null, "frequency": null, "substationTag": null, "lineTag": null, "operator": null, "location": null }, "geometry": { "type": "Point", "coordinates": [ 120.5982676, 15.3451288 ] } },
{ "type": "Feature", "properties": { "contextFeatureId": "PHL-S-006::settlements::node::10289979172", "projectId": "PHL-S-006", "projectName": "Armenia Solar Power Project", "countryCode": "PHL", "osmType": "node", "osmId": 10289979172, "highway": null, "place": "neighbourhood", "power": null, "landuse": null, "name": "Villa Zarraga", "voltage": null, "circuits": null, "cables": null, "frequency": null, "substationTag": null, "lineTag": null, "operator": null, "location": null }, "geometry": { "type": "Point", "coordinates": [ 120.5903551, 15.4749634 ] } },
{ "type": "Feature", "properties": { "contextFeatureId": "PHL-S-006::settlements::node::10837734646", "projectId": "PHL-S-006", "projectName": "Armenia Solar Power Project", "countryCode": "PHL", "osmType": "node", "osmId": 10837734646, "highway": null, "place": "neighbourhood", "power": null, "landuse": null, "name": "Happy Hills", "voltage": null, "circuits": null, "cables": null, "frequency": null, "substationTag": null, "lineTag": null, "operator": null, "location": null }, "geometry": { "type": "Point", "coordinates": [ 120.5732178, 15.4780589 ] } },
{ "type": "Feature", "properties": { "contextFeatureId": "PHL-S-006::settlements::node::10837747878", "projectId": "PHL-S-006", "projectName": "Armenia Solar Power Project", "countryCode": "PHL", "osmType": "node", "osmId": 10837747878, "highway": null, "place": "neighbourhood", "power": null, "landuse": null, "name": "Tambol", "voltage": null, "circuits": null, "cables": null, "frequency": null, "substationTag": null, "lineTag": null, "operator": null, "location": null }, "geometry": { "type": "Point", "coordinates": [ 120.5718774, 15.4819556 ] } },
{ "type": "Feature", "properties": { "contextFeatureId": "PHL-S-006::settlements::node::10837747887", "projectId": "PHL-S-006", "projectName": "Armenia Solar Power Project", "countryCode": "PHL", "osmType": "node", "osmId": 10837747887, "highway": null, "place": "neighbourhood", "power": null, "landuse": null, "name": "Centro", "voltage": null, "circuits": null, "cables": null, "frequency": null, "substationTag": null, "lineTag": null, "operator": null, "location": null }, "geometry": { "type": "Point", "coordinates": [ 120.5706945, 15.4828629 ] } },
{ "type": "Feature", "properties": { "contextFeatureId": "PHL-S-006::settlements::node::10837753815", "projectId": "PHL-S-006", "projectName": "Armenia Solar Power Project", "countryCode": "PHL", "osmType": "node", "osmId": 10837753815, "highway": null, "place": "neighbourhood", "power": null, "landuse": null, "name": "Pangulo", "voltage": null, "circuits": null, "cables": null, "frequency": null, "substationTag": null, "lineTag": null, "operator": null, "location": null }, "geometry": { "type": "Point", "coordinates": [ 120.5696082, 15.4809217 ] } },
{ "type": "Feature", "properties": { "contextFeatureId": "PHL-S-006::settlements::node::10837753818", "projectId": "PHL-S-006", "projectName": "Armenia Solar Power Project", "countryCode": "PHL", "osmType": "node", "osmId": 10837753818, "highway": null, "place": "neighbourhood", "power": null, "landuse": null, "name": "Riverside", "voltage": null, "circuits": null, "cables": null, "frequency": null, "substationTag": null, "lineTag": null, "operator": null, "location": null }, "geometry": { "type": "Point", "coordinates": [ 120.5706107, 15.482123 ] } },
{ "type": "Feature", "properties": { "contextFeatureId": "PHL-S-006::settlements::node::10837826805", "projectId": "PHL-S-006", "projectName": "Armenia Solar Power Project", "countryCode": "PHL", "osmType": "node", "osmId": 10837826805, "highway": null, "place": "neighbourhood", "power": null, "landuse": null, "name": "Villa Pilar Subdivision", "voltage": null, "circuits": null, "cables": null, "frequency": null, "substationTag": null, "lineTag": null, "operator": null, "location": null }, "geometry": { "type": "Point", "coordinates": [ 120.5808802, 15.4775651 ] } },
{ "type": "Feature", "properties": { "contextFeatureId": "PHL-S-006::settlements::node::11239987271", "projectId": "PHL-S-006", "projectName": "Armenia Solar Power Project", "countryCode": "PHL", "osmType": "node", "osmId": 11239987271, "highway": null, "place": "neighbourhood", "power": null, "landuse": null, "name": "Buno", "voltage": null, "circuits": null, "cables": null, "frequency": null, "substationTag": null, "lineTag": null, "operator": null, "location": null }, "geometry": { "type": "Point", "coordinates": [ 120.6010477, 15.4983457 ] } },
{ "type": "Feature", "properties": { "contextFeatureId": "PHL-S-006::settlements::node::11240035362", "projectId": "PHL-S-006", "projectName": "Armenia Solar Power Project", "countryCode": "PHL", "osmType": "node", "osmId": 11240035362, "highway": null, "place": "neighbourhood", "power": null, "landuse": null, "name": "Rowland Subdivision", "voltage": null, "circuits": null, "cables": null, "frequency": null, "substationTag": null, "lineTag": null, "operator": null, "location": null }, "geometry": { "type": "Point", "coordinates": [ 120.603345, 15.4709851 ] } },
{ "type": "Feature", "properties": { "contextFeatureId": "PHL-S-006::settlements::node::11240073025", "projectId": "PHL-S-006", "projectName": "Armenia Solar Power Project", "countryCode": "PHL", "osmType": "node", "osmId": 11240073025, "highway": null, "place": "neighbourhood", "power": null, "landuse": null, "name": "Santo Niño Village", "voltage": null, "circuits": null, "cables": null, "frequency": null, "substationTag": null, "lineTag": null, "operator": null, "location": null }, "geometry": { "type": "Point", "coordinates": [ 120.6007111, 15.4961746 ] } },
{ "type": "Feature", "properties": { "contextFeatureId": "PHL-S-006::settlements::node::11240073033", "projectId": "PHL-S-006", "projectName": "Armenia Solar Power Project", "countryCode": "PHL", "osmType": "node", "osmId": 11240073033, "highway": null, "place": "neighbourhood", "power": null, "landuse": null, "name": "Sitio Tampoco", "voltage": null, "circuits": null, "cables": null, "frequency": null, "substationTag": null, "lineTag": null, "operator": null, "location": null }, "geometry": { "type": "Point", "coordinates": [ 120.5989556, 15.4970172 ] } },
{ "type": "Feature", "properties": { "contextFeatureId": "PHL-S-006::settlements::node::11241013071", "projectId": "PHL-S-006", "projectName": "Armenia Solar Power Project", "countryCode": "PHL", "osmType": "node", "osmId": 11241013071, "highway": null, "place": "neighbourhood", "power": null, "landuse": null, "name": "Saint Francis Homes", "voltage": null, "circuits": null, "cables": null, "frequency": null, "substationTag": null, "lineTag": null, "operator": null, "location": null }, "geometry": { "type": "Point", "coordinates": [ 120.5804551, 15.458406 ] } },
{ "type": "Feature", "properties": { "contextFeatureId": "PHL-S-006::settlements::node::11241073314", "projectId": "PHL-S-006", "projectName": "Armenia Solar Power Project", "countryCode": "PHL", "osmType": "node", "osmId": 11241073314, "highway": null, "place": "neighbourhood", "power": null, "landuse": null, "name": "La Puerta del Sol Highlands Subdivision", "voltage": null, "circuits": null, "cables": null, "frequency": null, "substationTag": null, "lineTag": null, "operator": null, "location": null }, "geometry": { "type": "Point", "coordinates": [ 120.6127891, 15.4733374 ] } },
{ "type": "Feature", "properties": { "contextFeatureId": "PHL-S-006::settlements::node::11241218301", "projectId": "PHL-S-006", "projectName": "Armenia Solar Power Project", "countryCode": "PHL", "osmType": "node", "osmId": 11241218301, "highway": null, "place": "neighbourhood", "power": null, "landuse": null, "name": "Camella Capas", "voltage": null, "circuits": null, "cables": null, "frequency": null, "substationTag": null, "lineTag": null, "operator": null, "location": null }, "geometry": { "type": "Point", "coordinates": [ 120.5864149, 15.355868 ] } },
{ "type": "Feature", "properties": { "contextFeatureId": "PHL-S-006::settlements::node::11251383119", "projectId": "PHL-S-006", "projectName": "Armenia Solar Power Project", "countryCode": "PHL", "osmType": "node", "osmId": 11251383119, "highway": null, "place": "hamlet", "power": null, "landuse": null, "name": "Sitio Calumpit", "voltage": null, "circuits": null, "cables": null, "frequency": null, "substationTag": null, "lineTag": null, "operator": null, "location": null }, "geometry": { "type": "Point", "coordinates": [ 120.5645249, 15.3530376 ] } },
{ "type": "Feature", "properties": { "contextFeatureId": "PHL-S-006::settlements::node::11251383120", "projectId": "PHL-S-006", "projectName": "Armenia Solar Power Project", "countryCode": "PHL", "osmType": "node", "osmId": 11251383120, "highway": null, "place": "hamlet", "power": null, "landuse": null, "name": "Sitio Bakle", "voltage": null, "circuits": null, "cables": null, "frequency": null, "substationTag": null, "lineTag": null, "operator": null, "location": null }, "geometry": { "type": "Point", "coordinates": [ 120.5615231, 15.3496594 ] } },
{ "type": "Feature", "properties": { "contextFeatureId": "PHL-S-006::settlements::node::11251504534", "projectId": "PHL-S-006", "projectName": "Armenia Solar Power Project", "countryCode": "PHL", "osmType": "node", "osmId": 11251504534, "highway": null, "place": "suburb", "power": null, "landuse": null, "name": "Santo Rosario", "voltage": null, "circuits": null, "cables": null, "frequency": null, "substationTag": null, "lineTag": null, "operator": null, "location": null }, "geometry": { "type": "Point", "coordinates": [ 120.5868307, 15.338035 ] } },
{ "type": "Feature", "properties": { "contextFeatureId": "PHL-S-006::settlements::node::11251504536", "projectId": "PHL-S-006", "projectName": "Armenia Solar Power Project", "countryCode": "PHL", "osmType": "node", "osmId": 11251504536, "highway": null, "place": "neighbourhood", "power": null, "landuse": null, "name": "Penabi", "voltage": null, "circuits": null, "cables": null, "frequency": null, "substationTag": null, "lineTag": null, "operator": null, "location": null }, "geometry": { "type": "Point", "coordinates": [ 120.5839124, 15.3373391 ] } },
{ "type": "Feature", "properties": { "contextFeatureId": "PHL-S-006::settlements::node::11251535848", "projectId": "PHL-S-006", "projectName": "Armenia Solar Power Project", "countryCode": "PHL", "osmType": "node", "osmId": 11251535848, "highway": null, "place": "suburb", "power": null, "landuse": null, "name": "Cutcut 2nd", "voltage": null, "circuits": null, "cables": null, "frequency": null, "substationTag": null, "lineTag": null, "operator": null, "location": null }, "geometry": { "type": "Point", "coordinates": [ 120.5890435, 15.3313625 ] } },
{ "type": "Feature", "properties": { "contextFeatureId": "PHL-S-006::settlements::node::11251535858", "projectId": "PHL-S-006", "projectName": "Armenia Solar Power Project", "countryCode": "PHL", "osmType": "node", "osmId": 11251535858, "highway": null, "place": "neighbourhood", "power": null, "landuse": null, "name": "Rosaryville", "voltage": null, "circuits": null, "cables": null, "frequency": null, "substationTag": null, "lineTag": null, "operator": null, "location": null }, "geometry": { "type": "Point", "coordinates": [ 120.5864418, 15.3334694 ] } },
{ "type": "Feature", "properties": { "contextFeatureId": "PHL-S-006::settlements::node::11251559749", "projectId": "PHL-S-006", "projectName": "Armenia Solar Power Project", "countryCode": "PHL", "osmType": "node", "osmId": 11251559749, "highway": null, "place": "suburb", "power": null, "landuse": null, "name": "Cubcub", "voltage": null, "circuits": null, "cables": null, "frequency": null, "substationTag": null, "lineTag": null, "operator": null, "location": null }, "geometry": { "type": "Point", "coordinates": [ 120.5914796, 15.3329902 ] } },
{ "type": "Feature", "properties": { "contextFeatureId": "PHL-S-006::settlements::node::11251604795", "projectId": "PHL-S-006", "projectName": "Armenia Solar Power Project", "countryCode": "PHL", "osmType": "node", "osmId": 11251604795, "highway": null, "place": "suburb", "power": null, "landuse": null, "name": "Santo Domingo 1st", "voltage": null, "circuits": null, "cables": null, "frequency": null, "substationTag": null, "lineTag": null, "operator": null, "location": null }, "geometry": { "type": "Point", "coordinates": [ 120.5929166, 15.3386157 ] } },
{ "type": "Feature", "properties": { "contextFeatureId": "PHL-S-006::settlements::node::11253434125", "projectId": "PHL-S-006", "projectName": "Armenia Solar Power Project", "countryCode": "PHL", "osmType": "node", "osmId": 11253434125, "highway": null, "place": "neighbourhood", "power": null, "landuse": null, "name": "Lazatin Subdivision", "voltage": null, "circuits": null, "cables": null, "frequency": null, "substationTag": null, "lineTag": null, "operator": null, "location": null }, "geometry": { "type": "Point", "coordinates": [ 120.5969587, 15.4823072 ] } },
{ "type": "Feature", "properties": { "contextFeatureId": "PHL-S-006::settlements::node::11377308911", "projectId": "PHL-S-006", "projectName": "Armenia Solar Power Project", "countryCode": "PHL", "osmType": "node", "osmId": 11377308911, "highway": null, "place": "neighbourhood", "power": null, "landuse": null, "name": "Samberga", "voltage": null, "circuits": null, "cables": null, "frequency": null, "substationTag": null, "lineTag": null, "operator": null, "location": null }, "geometry": { "type": "Point", "coordinates": [ 120.5450982, 15.5231985 ] } },
{ "type": "Feature", "properties": { "contextFeatureId": "PHL-S-006::settlements::node::11987735554", "projectId": "PHL-S-006", "projectName": "Armenia Solar Power Project", "countryCode": "PHL", "osmType": "node", "osmId": 11987735554, "highway": null, "place": "village", "power": null, "landuse": null, "name": "Labney", "voltage": null, "circuits": null, "cables": null, "frequency": null, "substationTag": null, "lineTag": null, "operator": null, "location": null }, "geometry": { "type": "Point", "coordinates": [ 120.4899869, 15.5065249 ] } },
{ "type": "Feature", "properties": { "contextFeatureId": "PHL-S-006::settlements::node::11987735556", "projectId": "PHL-S-006", "projectName": "Armenia Solar Power Project", "countryCode": "PHL", "osmType": "node", "osmId": 11987735556, "highway": null, "place": "village", "power": null, "landuse": null, "name": "Lawacamulag", "voltage": null, "circuits": null, "cables": null, "frequency": null, "substationTag": null, "lineTag": null, "operator": null, "location": null }, "geometry": { "type": "Point", "coordinates": [ 120.468246, 15.5003044 ] } },
{ "type": "Feature", "properties": { "contextFeatureId": "PHL-S-006::settlements::node::11987747509", "projectId": "PHL-S-006", "projectName": "Armenia Solar Power Project", "countryCode": "PHL", "osmType": "node", "osmId": 11987747509, "highway": null, "place": "neighbourhood", "power": null, "landuse": null, "name": "Rose", "voltage": null, "circuits": null, "cables": null, "frequency": null, "substationTag": null, "lineTag": null, "operator": null, "location": null }, "geometry": { "type": "Point", "coordinates": [ 120.4689996, 15.4998176 ] } },
{ "type": "Feature", "properties": { "contextFeatureId": "PHL-S-006::settlements::node::11987747510", "projectId": "PHL-S-006", "projectName": "Armenia Solar Power Project", "countryCode": "PHL", "osmType": "node", "osmId": 11987747510, "highway": null, "place": "neighbourhood", "power": null, "landuse": null, "name": "Santan", "voltage": null, "circuits": null, "cables": null, "frequency": null, "substationTag": null, "lineTag": null, "operator": null, "location": null }, "geometry": { "type": "Point", "coordinates": [ 120.4718768, 15.4939214 ] } },
{ "type": "Feature", "properties": { "contextFeatureId": "PHL-S-006::settlements::node::11987747511", "projectId": "PHL-S-006", "projectName": "Armenia Solar Power Project", "countryCode": "PHL", "osmType": "node", "osmId": 11987747511, "highway": null, "place": "neighbourhood", "power": null, "landuse": null, "name": "Dahlia", "voltage": null, "circuits": null, "cables": null, "frequency": null, "substationTag": null, "lineTag": null, "operator": null, "location": null }, "geometry": { "type": "Point", "coordinates": [ 120.4722476, 15.4899405 ] } },
{ "type": "Feature", "properties": { "contextFeatureId": "PHL-S-006::settlements::node::12084512126", "projectId": "PHL-S-006", "projectName": "Armenia Solar Power Project", "countryCode": "PHL", "osmType": "node", "osmId": 12084512126, "highway": null, "place": "village", "power": null, "landuse": null, "name": "Tibagan", "voltage": null, "circuits": null, "cables": null, "frequency": null, "substationTag": null, "lineTag": null, "operator": null, "location": null }, "geometry": { "type": "Point", "coordinates": [ 120.5354637, 15.4694677 ] } },
{ "type": "Feature", "properties": { "contextFeatureId": "PHL-S-006::settlements::node::12223097483", "projectId": "PHL-S-006", "projectName": "Armenia Solar Power Project", "countryCode": "PHL", "osmType": "node", "osmId": 12223097483, "highway": null, "place": "village", "power": null, "landuse": null, "name": "San Francisco", "voltage": null, "circuits": null, "cables": null, "frequency": null, "substationTag": null, "lineTag": null, "operator": null, "location": null }, "geometry": { "type": "Point", "coordinates": [ 120.596952, 15.4238199 ] } },
{ "type": "Feature", "properties": { "contextFeatureId": "PHL-S-006::settlements::node::12223097484", "projectId": "PHL-S-006", "projectName": "Armenia Solar Power Project", "countryCode": "PHL", "osmType": "node", "osmId": 12223097484, "highway": null, "place": "village", "power": null, "landuse": null, "name": "Sapang Tagalog", "voltage": null, "circuits": null, "cables": null, "frequency": null, "substationTag": null, "lineTag": null, "operator": null, "location": null }, "geometry": { "type": "Point", "coordinates": [ 120.5995095, 15.4223034 ] } },
{ "type": "Feature", "properties": { "contextFeatureId": "PHL-S-006::settlements::node::12475214484", "projectId": "PHL-S-006", "projectName": "Armenia Solar Power Project", "countryCode": "PHL", "osmType": "node", "osmId": 12475214484, "highway": null, "place": "village", "power": null, "landuse": null, "name": "Estrada", "voltage": null, "circuits": null, "cables": null, "frequency": null, "substationTag": null, "lineTag": null, "operator": null, "location": null }, "geometry": { "type": "Point", "coordinates": [ 120.5995041, 15.4061584 ] } },
{ "type": "Feature", "properties": { "contextFeatureId": "PHL-S-006::settlements::node::12488357629", "projectId": "PHL-S-006", "projectName": "Armenia Solar Power Project", "countryCode": "PHL", "osmType": "node", "osmId": 12488357629, "highway": null, "place": "neighbourhood", "power": null, "landuse": null, "name": "Tarican", "voltage": null, "circuits": null, "cables": null, "frequency": null, "substationTag": null, "lineTag": null, "operator": null, "location": null }, "geometry": { "type": "Point", "coordinates": [ 120.6108418, 15.4891932 ] } },
{ "type": "Feature", "properties": { "contextFeatureId": "PHL-S-006::settlements::node::12488357630", "projectId": "PHL-S-006", "projectName": "Armenia Solar Power Project", "countryCode": "PHL", "osmType": "node", "osmId": 12488357630, "highway": null, "place": "neighbourhood", "power": null, "landuse": null, "name": "Robertsville", "voltage": null, "circuits": null, "cables": null, "frequency": null, "substationTag": null, "lineTag": null, "operator": null, "location": null }, "geometry": { "type": "Point", "coordinates": [ 120.6096603, 15.4877508 ] } },
{ "type": "Feature", "properties": { "contextFeatureId": "PHL-S-006::settlements::node::12603361198", "projectId": "PHL-S-006", "projectName": "Armenia Solar Power Project", "countryCode": "PHL", "osmType": "node", "osmId": 12603361198, "highway": null, "place": "neighbourhood", "power": null, "landuse": null, "name": "Heartland Subdivision", "voltage": null, "circuits": null, "cables": null, "frequency": null, "substationTag": null, "lineTag": null, "operator": null, "location": null }, "geometry": { "type": "Point", "coordinates": [ 120.5534077, 15.4911473 ] } },
{ "type": "Feature", "properties": { "contextFeatureId": "PHL-S-006::settlements::node::12716966715", "projectId": "PHL-S-006", "projectName": "Armenia Solar Power Project", "countryCode": "PHL", "osmType": "node", "osmId": 12716966715, "highway": null, "place": "neighbourhood", "power": null, "landuse": null, "name": "Sitio Tambo", "voltage": null, "circuits": null, "cables": null, "frequency": null, "substationTag": null, "lineTag": null, "operator": null, "location": null }, "geometry": { "type": "Point", "coordinates": [ 120.5855513, 15.3438045 ] } },
{ "type": "Feature", "properties": { "contextFeatureId": "PHL-S-006::settlements::node::12723774890", "projectId": "PHL-S-006", "projectName": "Armenia Solar Power Project", "countryCode": "PHL", "osmType": "node", "osmId": 12723774890, "highway": null, "place": "village", "power": null, "landuse": null, "name": "San Carlos", "voltage": null, "circuits": null, "cables": null, "frequency": null, "substationTag": null, "lineTag": null, "operator": null, "location": null }, "geometry": { "type": "Point", "coordinates": [ 120.5788933, 15.4088823 ] } },
{ "type": "Feature", "properties": { "contextFeatureId": "PHL-S-006::settlements::node::13130058377", "projectId": "PHL-S-006", "projectName": "Armenia Solar Power Project", "countryCode": "PHL", "osmType": "node", "osmId": 13130058377, "highway": null, "place": "neighbourhood", "power": null, "landuse": null, "name": "Calero", "voltage": null, "circuits": null, "cables": null, "frequency": null, "substationTag": null, "lineTag": null, "operator": null, "location": null }, "geometry": { "type": "Point", "coordinates": [ 120.5711534, 15.4875036 ] } },
{ "type": "Feature", "properties": { "contextFeatureId": "PHL-S-006::settlements::node::13444914402", "projectId": "PHL-S-006", "projectName": "Armenia Solar Power Project", "countryCode": "PHL", "osmType": "node", "osmId": 13444914402, "highway": null, "place": "neighbourhood", "power": null, "landuse": null, "name": "San Sebastian Estates", "voltage": null, "circuits": null, "cables": null, "frequency": null, "substationTag": null, "lineTag": null, "operator": null, "location": null }, "geometry": { "type": "Point", "coordinates": [ 120.6094497, 15.4770495 ] } },
{ "type": "Feature", "properties": { "contextFeatureId": "SGP-S-001::settlements::node::1830761513", "projectId": "SGP-S-001", "projectName": "Sembcorp Tengeh Floating Solar Farm", "countryCode": "SGP", "osmType": "node", "osmId": 1830761513, "highway": null, "place": "suburb", "power": null, "landuse": null, "name": "Jurong East", "voltage": null, "circuits": null, "cables": null, "frequency": null, "substationTag": null, "lineTag": null, "operator": null, "location": null }, "geometry": { "type": "Point", "coordinates": [ 103.7347925, 1.3204168 ] } },
{ "type": "Feature", "properties": { "contextFeatureId": "SGP-S-001::settlements::node::1830761554", "projectId": "SGP-S-001", "projectName": "Sembcorp Tengeh Floating Solar Farm", "countryCode": "SGP", "osmType": "node", "osmId": 1830761554, "highway": null, "place": "neighbourhood", "power": null, "landuse": null, "name": "Boon Lay Place", "voltage": null, "circuits": null, "cables": null, "frequency": null, "substationTag": null, "lineTag": null, "operator": null, "location": null }, "geometry": { "type": "Point", "coordinates": [ 103.7111483, 1.3458637 ] } },
{ "type": "Feature", "properties": { "contextFeatureId": "SGP-S-001::settlements::node::1830761573", "projectId": "SGP-S-001", "projectName": "Sembcorp Tengeh Floating Solar Farm", "countryCode": "SGP", "osmType": "node", "osmId": 1830761573, "highway": null, "place": "suburb", "power": null, "landuse": null, "name": "Jurong West", "voltage": null, "circuits": null, "cables": null, "frequency": null, "substationTag": null, "lineTag": null, "operator": null, "location": null }, "geometry": { "type": "Point", "coordinates": [ 103.7049027, 1.341612 ] } },
{ "type": "Feature", "properties": { "contextFeatureId": "SGP-S-001::settlements::node::1830761721", "projectId": "SGP-S-001", "projectName": "Sembcorp Tengeh Floating Solar Farm", "countryCode": "SGP", "osmType": "node", "osmId": 1830761721, "highway": null, "place": "neighbourhood", "power": null, "landuse": null, "name": "Tuas View Extension", "voltage": null, "circuits": null, "cables": null, "frequency": null, "substationTag": null, "lineTag": null, "operator": null, "location": null }, "geometry": { "type": "Point", "coordinates": [ 103.626346, 1.2547378 ] } },
{ "type": "Feature", "properties": { "contextFeatureId": "SGP-S-001::settlements::node::1830780094", "projectId": "SGP-S-001", "projectName": "Sembcorp Tengeh Floating Solar Farm", "countryCode": "SGP", "osmType": "node", "osmId": 1830780094, "highway": null, "place": "neighbourhood", "power": null, "landuse": null, "name": "Jurong Island", "voltage": null, "circuits": null, "cables": null, "frequency": null, "substationTag": null, "lineTag": null, "operator": null, "location": null }, "geometry": { "type": "Point", "coordinates": [ 103.6785584, 1.2685254 ] } },
{ "type": "Feature", "properties": { "contextFeatureId": "SGP-S-001::settlements::node::2204165523", "projectId": "SGP-S-001", "projectName": "Sembcorp Tengeh Floating Solar Farm", "countryCode": "SGP", "osmType": "node", "osmId": 2204165523, "highway": null, "place": "suburb", "power": null, "landuse": null, "name": "Medini", "voltage": null, "circuits": null, "cables": null, "frequency": null, "substationTag": null, "lineTag": null, "operator": null, "location": null }, "geometry": { "type": "Point", "coordinates": [ 103.6272524, 1.4122107 ] } },
{ "type": "Feature", "properties": { "contextFeatureId": "SGP-S-001::settlements::node::2215697553", "projectId": "SGP-S-001", "projectName": "Sembcorp Tengeh Floating Solar Farm", "countryCode": "SGP", "osmType": "node", "osmId": 2215697553, "highway": null, "place": "village", "power": null, "landuse": null, "name": "Kampung Pok Besar", "voltage": null, "circuits": null, "cables": null, "frequency": null, "substationTag": null, "lineTag": null, "operator": null, "location": null }, "geometry": { "type": "Point", "coordinates": [ 103.5909619, 1.3608247 ] } },
{ "type": "Feature", "properties": { "contextFeatureId": "SGP-S-001::settlements::node::2215697554", "projectId": "SGP-S-001", "projectName": "Sembcorp Tengeh Floating Solar Farm", "countryCode": "SGP", "osmType": "node", "osmId": 2215697554, "highway": null, "place": "village", "power": null, "landuse": null, "name": "Kampung Tanjong Adang", "voltage": null, "circuits": null, "cables": null, "frequency": null, "substationTag": null, "lineTag": null, "operator": null, "location": null }, "geometry": { "type": "Point", "coordinates": [ 103.5730026, 1.3523379 ] } },
{ "type": "Feature", "properties": { "contextFeatureId": "SGP-S-001::settlements::node::2215697558", "projectId": "SGP-S-001", "projectName": "Sembcorp Tengeh Floating Solar Farm", "countryCode": "SGP", "osmType": "node", "osmId": 2215697558, "highway": null, "place": "village", "power": null, "landuse": null, "name": "Kampung Tanjung Kupang", "voltage": null, "circuits": null, "cables": null, "frequency": null, "substationTag": null, "lineTag": null, "operator": null, "location": null }, "geometry": { "type": "Point", "coordinates": [ 103.6030199, 1.3532658 ] } },
{ "type": "Feature", "properties": { "contextFeatureId": "SGP-S-001::settlements::node::2215697561", "projectId": "SGP-S-001", "projectName": "Sembcorp Tengeh Floating Solar Farm", "countryCode": "SGP", "osmType": "node", "osmId": 2215697561, "highway": null, "place": "village", "power": null, "landuse": null, "name": "Kampung Tanjong Pelepas", "voltage": null, "circuits": null, "cables": null, "frequency": null, "substationTag": null, "lineTag": null, "operator": null, "location": null }, "geometry": { "type": "Point", "coordinates": [ 103.5609958, 1.3595095 ] } },
{ "type": "Feature", "properties": { "contextFeatureId": "SGP-S-001::settlements::node::2511002281", "projectId": "SGP-S-001", "projectName": "Sembcorp Tengeh Floating Solar Farm", "countryCode": "SGP", "osmType": "node", "osmId": 2511002281, "highway": null, "place": "suburb", "power": null, "landuse": null, "name": "Tuas", "voltage": null, "circuits": null, "cables": null, "frequency": null, "substationTag": null, "lineTag": null, "operator": null, "location": null }, "geometry": { "type": "Point", "coordinates": [ 103.6325987, 1.2825772 ] } },
{ "type": "Feature", "properties": { "contextFeatureId": "SGP-S-001::settlements::node::4233410287", "projectId": "SGP-S-001", "projectName": "Sembcorp Tengeh Floating Solar Farm", "countryCode": "SGP", "osmType": "node", "osmId": 4233410287, "highway": null, "place": "village", "power": null, "landuse": null, "name": "Kampung Pok Kechil", "voltage": null, "circuits": null, "cables": null, "frequency": null, "substationTag": null, "lineTag": null, "operator": null, "location": null }, "geometry": { "type": "Point", "coordinates": [ 103.5798965, 1.3579564 ] } },
{ "type": "Feature", "properties": { "contextFeatureId": "SGP-S-001::settlements::node::4459587307", "projectId": "SGP-S-001", "projectName": "Sembcorp Tengeh Floating Solar Farm", "countryCode": "SGP", "osmType": "node", "osmId": 4459587307, "highway": null, "place": "village", "power": null, "landuse": null, "name": "Kampung Ladang", "voltage": null, "circuits": null, "cables": null, "frequency": null, "substationTag": null, "lineTag": null, "operator": null, "location": null }, "geometry": { "type": "Point", "coordinates": [ 103.619882, 1.3661423 ] } },
{ "type": "Feature", "properties": { "contextFeatureId": "SGP-S-001::settlements::node::4482180056", "projectId": "SGP-S-001", "projectName": "Sembcorp Tengeh Floating Solar Farm", "countryCode": "SGP", "osmType": "node", "osmId": 4482180056, "highway": null, "place": "village", "power": null, "landuse": null, "name": "Kampung Tiram Duku", "voltage": null, "circuits": null, "cables": null, "frequency": null, "substationTag": null, "lineTag": null, "operator": null, "location": null }, "geometry": { "type": "Point", "coordinates": [ 103.5667886, 1.3818375 ] } },
{ "type": "Feature", "properties": { "contextFeatureId": "SGP-S-001::settlements::node::4482190566", "projectId": "SGP-S-001", "projectName": "Sembcorp Tengeh Floating Solar Farm", "countryCode": "SGP", "osmType": "node", "osmId": 4482190566, "highway": null, "place": "village", "power": null, "landuse": null, "name": "Kampung Pekajang Bengkok", "voltage": null, "circuits": null, "cables": null, "frequency": null, "substationTag": null, "lineTag": null, "operator": null, "location": null }, "geometry": { "type": "Point", "coordinates": [ 103.5578912, 1.3724887 ] } },
{ "type": "Feature", "properties": { "contextFeatureId": "SGP-S-001::settlements::node::4553279147", "projectId": "SGP-S-001", "projectName": "Sembcorp Tengeh Floating Solar Farm", "countryCode": "SGP", "osmType": "node", "osmId": 4553279147, "highway": null, "place": "hamlet", "power": null, "landuse": null, "name": "Desa Paya Mengkuang", "voltage": null, "circuits": null, "cables": null, "frequency": null, "substationTag": null, "lineTag": null, "operator": null, "location": null }, "geometry": { "type": "Point", "coordinates": [ 103.5915219, 1.3760695 ] } },
{ "type": "Feature", "properties": { "contextFeatureId": "SGP-S-001::settlements::node::4583118630", "projectId": "SGP-S-001", "projectName": "Sembcorp Tengeh Floating Solar Farm", "countryCode": "SGP", "osmType": "node", "osmId": 4583118630, "highway": null, "place": "village", "power": null, "landuse": null, "name": "Kampung Pendas Baru", "voltage": null, "circuits": null, "cables": null, "frequency": null, "substationTag": null, "lineTag": null, "operator": null, "location": null }, "geometry": { "type": "Point", "coordinates": [ 103.6350767, 1.3761326 ] } },
{ "type": "Feature", "properties": { "contextFeatureId": "SGP-S-001::settlements::node::4810944500", "projectId": "SGP-S-001", "projectName": "Sembcorp Tengeh Floating Solar Farm", "countryCode": "SGP", "osmType": "node", "osmId": 4810944500, "highway": null, "place": "village", "power": null, "landuse": null, "name": "Murai Urban Training Facility", "voltage": null, "circuits": null, "cables": null, "frequency": null, "substationTag": null, "lineTag": null, "operator": null, "location": null }, "geometry": { "type": "Point", "coordinates": [ 103.6881021, 1.391816 ] } },
{ "type": "Feature", "properties": { "contextFeatureId": "SGP-S-001::settlements::node::6090239779", "projectId": "SGP-S-001", "projectName": "Sembcorp Tengeh Floating Solar Farm", "countryCode": "SGP", "osmType": "node", "osmId": 6090239779, "highway": null, "place": "suburb", "power": null, "landuse": null, "name": "Sunway Iskandar", "voltage": null, "circuits": null, "cables": null, "frequency": null, "substationTag": null, "lineTag": null, "operator": null, "location": null }, "geometry": { "type": "Point", "coordinates": [ 103.6314049, 1.395969 ] } },
{ "type": "Feature", "properties": { "contextFeatureId": "SGP-S-001::settlements::node::6239121426", "projectId": "SGP-S-001", "projectName": "Sembcorp Tengeh Floating Solar Farm", "countryCode": "SGP", "osmType": "node", "osmId": 6239121426, "highway": null, "place": "suburb", "power": null, "landuse": null, "name": "Western Water Catchment", "voltage": null, "circuits": null, "cables": null, "frequency": null, "substationTag": null, "lineTag": null, "operator": null, "location": null }, "geometry": { "type": "Point", "coordinates": [ 103.6898255, 1.3821619 ] } },
{ "type": "Feature", "properties": { "contextFeatureId": "SGP-S-001::settlements::node::6290119536", "projectId": "SGP-S-001", "projectName": "Sembcorp Tengeh Floating Solar Farm", "countryCode": "SGP", "osmType": "node", "osmId": 6290119536, "highway": null, "place": "neighbourhood", "power": null, "landuse": null, "name": "Gul", "voltage": null, "circuits": null, "cables": null, "frequency": null, "substationTag": null, "lineTag": null, "operator": null, "location": null }, "geometry": { "type": "Point", "coordinates": [ 103.6688299, 1.3153825 ] } },
{ "type": "Feature", "properties": { "contextFeatureId": "SGP-S-001::settlements::node::6294647107", "projectId": "SGP-S-001", "projectName": "Sembcorp Tengeh Floating Solar Farm", "countryCode": "SGP", "osmType": "node", "osmId": 6294647107, "highway": null, "place": "neighbourhood", "power": null, "landuse": null, "name": "Joo Koon", "voltage": null, "circuits": null, "cables": null, "frequency": null, "substationTag": null, "lineTag": null, "operator": null, "location": null }, "geometry": { "type": "Point", "coordinates": [ 103.6795217, 1.3255958 ] } },
{ "type": "Feature", "properties": { "contextFeatureId": "SGP-S-001::settlements::node::6294654586", "projectId": "SGP-S-001", "projectName": "Sembcorp Tengeh Floating Solar Farm", "countryCode": "SGP", "osmType": "node", "osmId": 6294654586, "highway": null, "place": "neighbourhood", "power": null, "landuse": null, "name": "Benoi", "voltage": null, "circuits": null, "cables": null, "frequency": null, "substationTag": null, "lineTag": null, "operator": null, "location": null }, "geometry": { "type": "Point", "coordinates": [ 103.6865696, 1.3177539 ] } },
{ "type": "Feature", "properties": { "contextFeatureId": "SGP-S-001::settlements::node::7572091534", "projectId": "SGP-S-001", "projectName": "Sembcorp Tengeh Floating Solar Farm", "countryCode": "SGP", "osmType": "node", "osmId": 7572091534, "highway": null, "place": "suburb", "power": null, "landuse": null, "name": "Forest City", "voltage": null, "circuits": null, "cables": null, "frequency": null, "substationTag": null, "lineTag": null, "operator": null, "location": null }, "geometry": { "type": "Point", "coordinates": [ 103.5911013, 1.3347269 ] } },
{ "type": "Feature", "properties": { "contextFeatureId": "SGP-S-001::settlements::node::8776533362", "projectId": "SGP-S-001", "projectName": "Sembcorp Tengeh Floating Solar Farm", "countryCode": "SGP", "osmType": "node", "osmId": 8776533362, "highway": null, "place": "suburb", "power": null, "landuse": null, "name": "Tengah", "voltage": null, "circuits": null, "cables": null, "frequency": null, "substationTag": null, "lineTag": null, "operator": null, "location": null }, "geometry": { "type": "Point", "coordinates": [ 103.7287456, 1.3638534 ] } },
{ "type": "Feature", "properties": { "contextFeatureId": "SGP-S-001::settlements::node::8804777725", "projectId": "SGP-S-001", "projectName": "Sembcorp Tengeh Floating Solar Farm", "countryCode": "SGP", "osmType": "node", "osmId": 8804777725, "highway": null, "place": "neighbourhood", "power": null, "landuse": null, "name": "Pioneer Sector", "voltage": null, "circuits": null, "cables": null, "frequency": null, "substationTag": null, "lineTag": null, "operator": null, "location": null }, "geometry": { "type": "Point", "coordinates": [ 103.6616417, 1.3004291 ] } },
{ "type": "Feature", "properties": { "contextFeatureId": "SGP-S-001::settlements::node::9296523203", "projectId": "SGP-S-001", "projectName": "Sembcorp Tengeh Floating Solar Farm", "countryCode": "SGP", "osmType": "node", "osmId": 9296523203, "highway": null, "place": "suburb", "power": null, "landuse": null, "name": "Pioneer", "voltage": null, "circuits": null, "cables": null, "frequency": null, "substationTag": null, "lineTag": null, "operator": null, "location": null }, "geometry": { "type": "Point", "coordinates": [ 103.6730779, 1.3126668 ] } },
{ "type": "Feature", "properties": { "contextFeatureId": "SGP-S-001::settlements::node::9420220005", "projectId": "SGP-S-001", "projectName": "Sembcorp Tengeh Floating Solar Farm", "countryCode": "SGP", "osmType": "node", "osmId": 9420220005, "highway": null, "place": "neighbourhood", "power": null, "landuse": null, "name": "Taman Jurong", "voltage": null, "circuits": null, "cables": null, "frequency": null, "substationTag": null, "lineTag": null, "operator": null, "location": null }, "geometry": { "type": "Point", "coordinates": [ 103.721197, 1.33451 ] } },
{ "type": "Feature", "properties": { "contextFeatureId": "SGP-S-001::settlements::node::9678892049", "projectId": "SGP-S-001", "projectName": "Sembcorp Tengeh Floating Solar Farm", "countryCode": "SGP", "osmType": "node", "osmId": 9678892049, "highway": null, "place": "suburb", "power": null, "landuse": null, "name": "Boon Lay", "voltage": null, "circuits": null, "cables": null, "frequency": null, "substationTag": null, "lineTag": null, "operator": null, "location": null }, "geometry": { "type": "Point", "coordinates": [ 103.7022783, 1.3147685 ] } },
{ "type": "Feature", "properties": { "contextFeatureId": "SGP-S-001::settlements::node::9678902888", "projectId": "SGP-S-001", "projectName": "Sembcorp Tengeh Floating Solar Farm", "countryCode": "SGP", "osmType": "node", "osmId": 9678902888, "highway": null, "place": "neighbourhood", "power": null, "landuse": null, "name": "Wenya", "voltage": null, "circuits": null, "cables": null, "frequency": null, "substationTag": null, "lineTag": null, "operator": null, "location": null }, "geometry": { "type": "Point", "coordinates": [ 103.707102, 1.3557038 ] } },
{ "type": "Feature", "properties": { "contextFeatureId": "SGP-S-001::settlements::node::9681486109", "projectId": "SGP-S-001", "projectName": "Sembcorp Tengeh Floating Solar Farm", "countryCode": "SGP", "osmType": "node", "osmId": 9681486109, "highway": null, "place": "neighbourhood", "power": null, "landuse": null, "name": "Hong Kah", "voltage": null, "circuits": null, "cables": null, "frequency": null, "substationTag": null, "lineTag": null, "operator": null, "location": null }, "geometry": { "type": "Point", "coordinates": [ 103.7210695, 1.3498945 ] } },
{ "type": "Feature", "properties": { "contextFeatureId": "SGP-S-001::settlements::node::10068273286", "projectId": "SGP-S-001", "projectName": "Sembcorp Tengeh Floating Solar Farm", "countryCode": "SGP", "osmType": "node", "osmId": 10068273286, "highway": null, "place": "neighbourhood", "power": null, "landuse": null, "name": "Yunnan", "voltage": null, "circuits": null, "cables": null, "frequency": null, "substationTag": null, "lineTag": null, "operator": null, "location": null }, "geometry": { "type": "Point", "coordinates": [ 103.6948787, 1.3445543 ] } },
{ "type": "Feature", "properties": { "contextFeatureId": "SGP-S-001::settlements::node::10199554617", "projectId": "SGP-S-001", "projectName": "Sembcorp Tengeh Floating Solar Farm", "countryCode": "SGP", "osmType": "node", "osmId": 10199554617, "highway": null, "place": "neighbourhood", "power": null, "landuse": null, "name": "Plantation", "voltage": null, "circuits": null, "cables": null, "frequency": null, "substationTag": null, "lineTag": null, "operator": null, "location": null }, "geometry": { "type": "Point", "coordinates": [ 103.7342361, 1.3537108 ] } },
{ "type": "Feature", "properties": { "contextFeatureId": "SGP-S-001::settlements::node::10199554618", "projectId": "SGP-S-001", "projectName": "Sembcorp Tengeh Floating Solar Farm", "countryCode": "SGP", "osmType": "node", "osmId": 10199554618, "highway": null, "place": "neighbourhood", "power": null, "landuse": null, "name": "Garden", "voltage": null, "circuits": null, "cables": null, "frequency": null, "substationTag": null, "lineTag": null, "operator": null, "location": null }, "geometry": { "type": "Point", "coordinates": [ 103.7284216, 1.358717 ] } },
{ "type": "Feature", "properties": { "contextFeatureId": "SGP-S-001::settlements::node::10199554619", "projectId": "SGP-S-001", "projectName": "Sembcorp Tengeh Floating Solar Farm", "countryCode": "SGP", "osmType": "node", "osmId": 10199554619, "highway": null, "place": "neighbourhood", "power": null, "landuse": null, "name": "Park", "voltage": null, "circuits": null, "cables": null, "frequency": null, "substationTag": null, "lineTag": null, "operator": null, "location": null }, "geometry": { "type": "Point", "coordinates": [ 103.7338295, 1.3649206 ] } },
{ "type": "Feature", "properties": { "contextFeatureId": "SGP-S-001::settlements::node::10199554621", "projectId": "SGP-S-001", "projectName": "Sembcorp Tengeh Floating Solar Farm", "countryCode": "SGP", "osmType": "node", "osmId": 10199554621, "highway": null, "place": "neighbourhood", "power": null, "landuse": null, "name": "Forest Hill", "voltage": null, "circuits": null, "cables": null, "frequency": null, "substationTag": null, "lineTag": null, "operator": null, "location": null }, "geometry": { "type": "Point", "coordinates": [ 103.7316656, 1.3726243 ] } },
{ "type": "Feature", "properties": { "contextFeatureId": "SGP-S-001::settlements::node::13348031204", "projectId": "SGP-S-001", "projectName": "Sembcorp Tengeh Floating Solar Farm", "countryCode": "SGP", "osmType": "node", "osmId": 13348031204, "highway": null, "place": "neighbourhood", "power": null, "landuse": null, "name": "Jurong Island And Bukom", "voltage": null, "circuits": null, "cables": null, "frequency": null, "substationTag": null, "lineTag": null, "operator": null, "location": null }, "geometry": { "type": "Point", "coordinates": [ 103.6993636, 1.2646043 ] } },
{ "type": "Feature", "properties": { "contextFeatureId": "SGP-S-001::settlements::node::13348031209", "projectId": "SGP-S-001", "projectName": "Sembcorp Tengeh Floating Solar Farm", "countryCode": "SGP", "osmType": "node", "osmId": 13348031209, "highway": null, "place": "neighbourhood", "power": null, "landuse": null, "name": "Tuas View", "voltage": null, "circuits": null, "cables": null, "frequency": null, "substationTag": null, "lineTag": null, "operator": null, "location": null }, "geometry": { "type": "Point", "coordinates": [ 103.6313818, 1.301621 ] } },
{ "type": "Feature", "properties": { "contextFeatureId": "SGP-S-001::settlements::node::13348031210", "projectId": "SGP-S-001", "projectName": "Sembcorp Tengeh Floating Solar Farm", "countryCode": "SGP", "osmType": "node", "osmId": 13348031210, "highway": null, "place": "neighbourhood", "power": null, "landuse": null, "name": "Tuas Bay", "voltage": null, "circuits": null, "cables": null, "frequency": null, "substationTag": null, "lineTag": null, "operator": null, "location": null }, "geometry": { "type": "Point", "coordinates": [ 103.643202, 1.3123108 ] } },
{ "type": "Feature", "properties": { "contextFeatureId": "SGP-S-001::settlements::node::13348031211", "projectId": "SGP-S-001", "projectName": "Sembcorp Tengeh Floating Solar Farm", "countryCode": "SGP", "osmType": "node", "osmId": 13348031211, "highway": null, "place": "neighbourhood", "power": null, "landuse": null, "name": "Tuas Promenade", "voltage": null, "circuits": null, "cables": null, "frequency": null, "substationTag": null, "lineTag": null, "operator": null, "location": null }, "geometry": { "type": "Point", "coordinates": [ 103.6330496, 1.3303496 ] } },
{ "type": "Feature", "properties": { "contextFeatureId": "SGP-S-001::settlements::node::13348031212", "projectId": "SGP-S-001", "projectName": "Sembcorp Tengeh Floating Solar Farm", "countryCode": "SGP", "osmType": "node", "osmId": 13348031212, "highway": null, "place": "neighbourhood", "power": null, "landuse": null, "name": "Tuas North", "voltage": null, "circuits": null, "cables": null, "frequency": null, "substationTag": null, "lineTag": null, "operator": null, "location": null }, "geometry": { "type": "Point", "coordinates": [ 103.651245, 1.3267459 ] } },
{ "type": "Feature", "properties": { "contextFeatureId": "SGP-S-001::settlements::node::13348031213", "projectId": "SGP-S-001", "projectName": "Sembcorp Tengeh Floating Solar Farm", "countryCode": "SGP", "osmType": "node", "osmId": 13348031213, "highway": null, "place": "neighbourhood", "power": null, "landuse": null, "name": "Tengeh", "voltage": null, "circuits": null, "cables": null, "frequency": null, "substationTag": null, "lineTag": null, "operator": null, "location": null }, "geometry": { "type": "Point", "coordinates": [ 103.6517937, 1.3376392 ] } },
{ "type": "Feature", "properties": { "contextFeatureId": "SGP-S-001::settlements::node::13348031214", "projectId": "SGP-S-001", "projectName": "Sembcorp Tengeh Floating Solar Farm", "countryCode": "SGP", "osmType": "node", "osmId": 13348031214, "highway": null, "place": "neighbourhood", "power": null, "landuse": null, "name": "Murai", "voltage": null, "circuits": null, "cables": null, "frequency": null, "substationTag": null, "lineTag": null, "operator": null, "location": null }, "geometry": { "type": "Point", "coordinates": [ 103.6897258, 1.3826215 ] } },
{ "type": "Feature", "properties": { "contextFeatureId": "SGP-S-001::settlements::node::13348031215", "projectId": "SGP-S-001", "projectName": "Sembcorp Tengeh Floating Solar Farm", "countryCode": "SGP", "osmType": "node", "osmId": 13348031215, "highway": null, "place": "neighbourhood", "power": null, "landuse": null, "name": "Cleantech", "voltage": null, "circuits": null, "cables": null, "frequency": null, "substationTag": null, "lineTag": null, "operator": null, "location": null }, "geometry": { "type": "Point", "coordinates": [ 103.6928397, 1.3531004 ] } },
{ "type": "Feature", "properties": { "contextFeatureId": "SGP-S-001::settlements::node::13348031216", "projectId": "SGP-S-001", "projectName": "Sembcorp Tengeh Floating Solar Farm", "countryCode": "SGP", "osmType": "node", "osmId": 13348031216, "highway": null, "place": "neighbourhood", "power": null, "landuse": null, "name": "Bahar", "voltage": null, "circuits": null, "cables": null, "frequency": null, "substationTag": null, "lineTag": null, "operator": null, "location": null }, "geometry": { "type": "Point", "coordinates": [ 103.6992563, 1.3598481 ] } },
{ "type": "Feature", "properties": { "contextFeatureId": "SGP-S-001::settlements::node::13348031226", "projectId": "SGP-S-001", "projectName": "Sembcorp Tengeh Floating Solar Farm", "countryCode": "SGP", "osmType": "node", "osmId": 13348031226, "highway": null, "place": "neighbourhood", "power": null, "landuse": null, "name": "Jurong Port", "voltage": null, "circuits": null, "cables": null, "frequency": null, "substationTag": null, "lineTag": null, "operator": null, "location": null }, "geometry": { "type": "Point", "coordinates": [ 103.7187343, 1.3073194 ] } },
{ "type": "Feature", "properties": { "contextFeatureId": "SGP-S-001::settlements::node::13348031227", "projectId": "SGP-S-001", "projectName": "Sembcorp Tengeh Floating Solar Farm", "countryCode": "SGP", "osmType": "node", "osmId": 13348031227, "highway": null, "place": "neighbourhood", "power": null, "landuse": null, "name": "Samulun", "voltage": null, "circuits": null, "cables": null, "frequency": null, "substationTag": null, "lineTag": null, "operator": null, "location": null }, "geometry": { "type": "Point", "coordinates": [ 103.7024561, 1.3080184 ] } },
{ "type": "Feature", "properties": { "contextFeatureId": "SGP-S-001::settlements::node::13348031228", "projectId": "SGP-S-001", "projectName": "Sembcorp Tengeh Floating Solar Farm", "countryCode": "SGP", "osmType": "node", "osmId": 13348031228, "highway": null, "place": "neighbourhood", "power": null, "landuse": null, "name": "Shipyard", "voltage": null, "circuits": null, "cables": null, "frequency": null, "substationTag": null, "lineTag": null, "operator": null, "location": null }, "geometry": { "type": "Point", "coordinates": [ 103.6893178, 1.3074878 ] } },
{ "type": "Feature", "properties": { "contextFeatureId": "SGP-S-001::settlements::node::13348031229", "projectId": "SGP-S-001", "projectName": "Sembcorp Tengeh Floating Solar Farm", "countryCode": "SGP", "osmType": "node", "osmId": 13348031229, "highway": null, "place": "neighbourhood", "power": null, "landuse": null, "name": "Gul Basin", "voltage": null, "circuits": null, "cables": null, "frequency": null, "substationTag": null, "lineTag": null, "operator": null, "location": null }, "geometry": { "type": "Point", "coordinates": [ 103.6744754, 1.3034263 ] } },
{ "type": "Feature", "properties": { "contextFeatureId": "SGP-S-001::settlements::node::13348031230", "projectId": "SGP-S-001", "projectName": "Sembcorp Tengeh Floating Solar Farm", "countryCode": "SGP", "osmType": "node", "osmId": 13348031230, "highway": null, "place": "neighbourhood", "power": null, "landuse": null, "name": "Kian Teck", "voltage": null, "circuits": null, "cables": null, "frequency": null, "substationTag": null, "lineTag": null, "operator": null, "location": null }, "geometry": { "type": "Point", "coordinates": [ 103.697904, 1.3315119 ] } },
{ "type": "Feature", "properties": { "contextFeatureId": "SGP-S-001::settlements::node::13348031231", "projectId": "SGP-S-001", "projectName": "Sembcorp Tengeh Floating Solar Farm", "countryCode": "SGP", "osmType": "node", "osmId": 13348031231, "highway": null, "place": "neighbourhood", "power": null, "landuse": null, "name": "Chin Bee", "voltage": null, "circuits": null, "cables": null, "frequency": null, "substationTag": null, "lineTag": null, "operator": null, "location": null }, "geometry": { "type": "Point", "coordinates": [ 103.7131978, 1.3349784 ] } },
{ "type": "Feature", "properties": { "contextFeatureId": "SGP-S-001::settlements::node::13348031232", "projectId": "SGP-S-001", "projectName": "Sembcorp Tengeh Floating Solar Farm", "countryCode": "SGP", "osmType": "node", "osmId": 13348031232, "highway": null, "place": "neighbourhood", "power": null, "landuse": null, "name": "Jurong West Central", "voltage": null, "circuits": null, "cables": null, "frequency": null, "substationTag": null, "lineTag": null, "operator": null, "location": null }, "geometry": { "type": "Point", "coordinates": [ 103.7020987, 1.3401395 ] } },
{ "type": "Feature", "properties": { "contextFeatureId": "SGP-S-001::settlements::node::13348031233", "projectId": "SGP-S-001", "projectName": "Sembcorp Tengeh Floating Solar Farm", "countryCode": "SGP", "osmType": "node", "osmId": 13348031233, "highway": null, "place": "neighbourhood", "power": null, "landuse": null, "name": "Safti", "voltage": null, "circuits": null, "cables": null, "frequency": null, "substationTag": null, "lineTag": null, "operator": null, "location": null }, "geometry": { "type": "Point", "coordinates": [ 103.6831723, 1.3346033 ] } },
{ "type": "Feature", "properties": { "contextFeatureId": "SGP-S-001::settlements::node::13348031236", "projectId": "SGP-S-001", "projectName": "Sembcorp Tengeh Floating Solar Farm", "countryCode": "SGP", "osmType": "node", "osmId": 13348031236, "highway": null, "place": "neighbourhood", "power": null, "landuse": null, "name": "Jurong River", "voltage": null, "circuits": null, "cables": null, "frequency": null, "substationTag": null, "lineTag": null, "operator": null, "location": null }, "geometry": { "type": "Point", "coordinates": [ 103.7287951, 1.3194152 ] } },
{ "type": "Feature", "properties": { "contextFeatureId": "SGP-S-001::settlements::node::13348031237", "projectId": "SGP-S-001", "projectName": "Sembcorp Tengeh Floating Solar Farm", "countryCode": "SGP", "osmType": "node", "osmId": 13348031237, "highway": null, "place": "neighbourhood", "power": null, "landuse": null, "name": "Tengah Industrial Estate", "voltage": null, "circuits": null, "cables": null, "frequency": null, "substationTag": null, "lineTag": null, "operator": null, "location": null }, "geometry": { "type": "Point", "coordinates": [ 103.7179316, 1.3632626 ] } },
{ "type": "Feature", "properties": { "contextFeatureId": "SGP-S-001::settlements::node::13348031238", "projectId": "SGP-S-001", "projectName": "Sembcorp Tengeh Floating Solar Farm", "countryCode": "SGP", "osmType": "node", "osmId": 13348031238, "highway": null, "place": "neighbourhood", "power": null, "landuse": null, "name": "Tukang", "voltage": null, "circuits": null, "cables": null, "frequency": null, "substationTag": null, "lineTag": null, "operator": null, "location": null }, "geometry": { "type": "Point", "coordinates": [ 103.7092505, 1.3256504 ] } },
{ "type": "Feature", "properties": { "contextFeatureId": "SGP-S-001::settlements::node::13348031239", "projectId": "SGP-S-001", "projectName": "Sembcorp Tengeh Floating Solar Farm", "countryCode": "SGP", "osmType": "node", "osmId": 13348031239, "highway": null, "place": "neighbourhood", "power": null, "landuse": null, "name": "Liu Fang", "voltage": null, "circuits": null, "cables": null, "frequency": null, "substationTag": null, "lineTag": null, "operator": null, "location": null }, "geometry": { "type": "Point", "coordinates": [ 103.7082322, 1.3182528 ] } },
{ "type": "Feature", "properties": { "contextFeatureId": "SGP-S-001::settlements::node::13348031240", "projectId": "SGP-S-001", "projectName": "Sembcorp Tengeh Floating Solar Farm", "countryCode": "SGP", "osmType": "node", "osmId": 13348031240, "highway": null, "place": "neighbourhood", "power": null, "landuse": null, "name": "Lakeside (leisure)", "voltage": null, "circuits": null, "cables": null, "frequency": null, "substationTag": null, "lineTag": null, "operator": null, "location": null }, "geometry": { "type": "Point", "coordinates": [ 103.7284788, 1.3362469 ] } },
{ "type": "Feature", "properties": { "contextFeatureId": "SGP-S-001::settlements::node::13348031241", "projectId": "SGP-S-001", "projectName": "Sembcorp Tengeh Floating Solar Farm", "countryCode": "SGP", "osmType": "node", "osmId": 13348031241, "highway": null, "place": "neighbourhood", "power": null, "landuse": null, "name": "Lakeside (business)", "voltage": null, "circuits": null, "cables": null, "frequency": null, "substationTag": null, "lineTag": null, "operator": null, "location": null }, "geometry": { "type": "Point", "coordinates": [ 103.7374819, 1.32963 ] } },
{ "type": "Feature", "properties": { "contextFeatureId": "SGP-S-001::settlements::node::13348031242", "projectId": "SGP-S-001", "projectName": "Sembcorp Tengeh Floating Solar Farm", "countryCode": "SGP", "osmType": "node", "osmId": 13348031242, "highway": null, "place": "neighbourhood", "power": null, "landuse": null, "name": "Brickland", "voltage": null, "circuits": null, "cables": null, "frequency": null, "substationTag": null, "lineTag": null, "operator": null, "location": null }, "geometry": { "type": "Point", "coordinates": [ 103.7421947, 1.3556446 ] } },
{ "type": "Feature", "properties": { "contextFeatureId": "SGP-S-001::settlements::node::13348031243", "projectId": "SGP-S-001", "projectName": "Sembcorp Tengeh Floating Solar Farm", "countryCode": "SGP", "osmType": "node", "osmId": 13348031243, "highway": null, "place": "neighbourhood", "power": null, "landuse": null, "name": "Bukit Batok West", "voltage": null, "circuits": null, "cables": null, "frequency": null, "substationTag": null, "lineTag": null, "operator": null, "location": null }, "geometry": { "type": "Point", "coordinates": [ 103.742249, 1.3474841 ] } },
{ "type": "Feature", "properties": { "contextFeatureId": "SGP-S-001::settlements::node::13348031248", "projectId": "SGP-S-001", "projectName": "Sembcorp Tengeh Floating Solar Farm", "countryCode": "SGP", "osmType": "node", "osmId": 13348031248, "highway": null, "place": "neighbourhood", "power": null, "landuse": null, "name": "Yuhua West", "voltage": null, "circuits": null, "cables": null, "frequency": null, "substationTag": null, "lineTag": null, "operator": null, "location": null }, "geometry": { "type": "Point", "coordinates": [ 103.731972, 1.3470099 ] } },
{ "type": "Feature", "properties": { "contextFeatureId": "SGP-S-001::settlements::node::13348031249", "projectId": "SGP-S-001", "projectName": "Sembcorp Tengeh Floating Solar Farm", "countryCode": "SGP", "osmType": "node", "osmId": 13348031249, "highway": null, "place": "neighbourhood", "power": null, "landuse": null, "name": "Yuhua East", "voltage": null, "circuits": null, "cables": null, "frequency": null, "substationTag": null, "lineTag": null, "operator": null, "location": null }, "geometry": { "type": "Point", "coordinates": [ 103.7388367, 1.340413 ] } },
{ "type": "Feature", "properties": { "contextFeatureId": "SGP-S-001::settlements::node::13348031250", "projectId": "SGP-S-001", "projectName": "Sembcorp Tengeh Floating Solar Farm", "countryCode": "SGP", "osmType": "node", "osmId": 13348031250, "highway": null, "place": "neighbourhood", "power": null, "landuse": null, "name": "Jurong Gateway", "voltage": null, "circuits": null, "cables": null, "frequency": null, "substationTag": null, "lineTag": null, "operator": null, "location": null }, "geometry": { "type": "Point", "coordinates": [ 103.742681, 1.333107 ] } },
{ "type": "Feature", "properties": { "contextFeatureId": "VNM-S-001::settlements::node::369496342", "projectId": "VNM-S-001", "projectName": "Trungnam Solar Farm (Thuan Bac)", "countryCode": "VNM", "osmType": "node", "osmId": 369496342, "highway": null, "place": "town", "power": null, "landuse": null, "name": "Khánh Hải", "voltage": null, "circuits": null, "cables": null, "frequency": null, "substationTag": null, "lineTag": null, "operator": null, "location": null }, "geometry": { "type": "Point", "coordinates": [ 109.0350368, 11.5919174 ] } },
{ "type": "Feature", "properties": { "contextFeatureId": "VNM-S-001::settlements::node::369498749", "projectId": "VNM-S-001", "projectName": "Trungnam Solar Farm (Thuan Bac)", "countryCode": "VNM", "osmType": "node", "osmId": 369498749, "highway": null, "place": "hamlet", "power": null, "landuse": null, "name": "Ba Tháp", "voltage": null, "circuits": null, "cables": null, "frequency": null, "substationTag": null, "lineTag": null, "operator": null, "location": null }, "geometry": { "type": "Point", "coordinates": [ 109.0377643, 11.68086 ] } },
{ "type": "Feature", "properties": { "contextFeatureId": "VNM-S-001::settlements::node::3051840661", "projectId": "VNM-S-001", "projectName": "Trungnam Solar Farm (Thuan Bac)", "countryCode": "VNM", "osmType": "node", "osmId": 3051840661, "highway": null, "place": "hamlet", "power": null, "landuse": null, "name": "Gò Sạn", "voltage": null, "circuits": null, "cables": null, "frequency": null, "substationTag": null, "lineTag": null, "operator": null, "location": null }, "geometry": { "type": "Point", "coordinates": [ 109.0331667, 11.6737686 ] } },
{ "type": "Feature", "properties": { "contextFeatureId": "VNM-S-001::settlements::node::3051840662", "projectId": "VNM-S-001", "projectName": "Trungnam Solar Farm (Thuan Bac)", "countryCode": "VNM", "osmType": "node", "osmId": 3051840662, "highway": null, "place": "hamlet", "power": null, "landuse": null, "name": "Mỹ Nhơn", "voltage": null, "circuits": null, "cables": null, "frequency": null, "substationTag": null, "lineTag": null, "operator": null, "location": null }, "geometry": { "type": "Point", "coordinates": [ 109.021625, 11.6722561 ] } },
{ "type": "Feature", "properties": { "contextFeatureId": "VNM-S-001::settlements::node::3051872557", "projectId": "VNM-S-001", "projectName": "Trungnam Solar Farm (Thuan Bac)", "countryCode": "VNM", "osmType": "node", "osmId": 3051872557, "highway": null, "place": "neighbourhood", "power": null, "landuse": null, "name": "Kiền Kiền", "voltage": null, "circuits": null, "cables": null, "frequency": null, "substationTag": null, "lineTag": null, "operator": null, "location": null }, "geometry": { "type": "Point", "coordinates": [ 109.0603816, 11.7048518 ] } },
{ "type": "Feature", "properties": { "contextFeatureId": "VNM-S-001::settlements::node::3051872558", "projectId": "VNM-S-001", "projectName": "Trungnam Solar Farm (Thuan Bac)", "countryCode": "VNM", "osmType": "node", "osmId": 3051872558, "highway": null, "place": "village", "power": null, "landuse": null, "name": "Lợi Hải", "voltage": null, "circuits": null, "cables": null, "frequency": null, "substationTag": null, "lineTag": null, "operator": null, "location": null }, "geometry": { "type": "Point", "coordinates": [ 109.0574264, 11.7174057 ] } },
{ "type": "Feature", "properties": { "contextFeatureId": "VNM-S-001::settlements::node::3051872559", "projectId": "VNM-S-001", "projectName": "Trungnam Solar Farm (Thuan Bac)", "countryCode": "VNM", "osmType": "node", "osmId": 3051872559, "highway": null, "place": "neighbourhood", "power": null, "landuse": null, "name": "Bà Râu", "voltage": null, "circuits": null, "cables": null, "frequency": null, "substationTag": null, "lineTag": null, "operator": null, "location": null }, "geometry": { "type": "Point", "coordinates": [ 109.0499545, 11.7193407 ] } },
{ "type": "Feature", "properties": { "contextFeatureId": "VNM-S-001::settlements::node::4741389622", "projectId": "VNM-S-001", "projectName": "Trungnam Solar Farm (Thuan Bac)", "countryCode": "VNM", "osmType": "node", "osmId": 4741389622, "highway": null, "place": "hamlet", "power": null, "landuse": null, "name": "Láng Me", "voltage": null, "circuits": null, "cables": null, "frequency": null, "substationTag": null, "lineTag": null, "operator": null, "location": null }, "geometry": { "type": "Point", "coordinates": [ 109.063318, 11.681278 ] } },
{ "type": "Feature", "properties": { "contextFeatureId": "VNM-S-001::settlements::node::4741389624", "projectId": "VNM-S-001", "projectName": "Trungnam Solar Farm (Thuan Bac)", "countryCode": "VNM", "osmType": "node", "osmId": 4741389624, "highway": null, "place": "hamlet", "power": null, "landuse": null, "name": "Suối Vang", "voltage": null, "circuits": null, "cables": null, "frequency": null, "substationTag": null, "lineTag": null, "operator": null, "location": null }, "geometry": { "type": "Point", "coordinates": [ 109.068661, 11.76765 ] } },
{ "type": "Feature", "properties": { "contextFeatureId": "VNM-S-001::settlements::node::4741389625", "projectId": "VNM-S-001", "projectName": "Trungnam Solar Farm (Thuan Bac)", "countryCode": "VNM", "osmType": "node", "osmId": 4741389625, "highway": null, "place": "hamlet", "power": null, "landuse": null, "name": "Suối Đá", "voltage": null, "circuits": null, "cables": null, "frequency": null, "substationTag": null, "lineTag": null, "operator": null, "location": null }, "geometry": { "type": "Point", "coordinates": [ 109.076284, 11.754831 ] } },
{ "type": "Feature", "properties": { "contextFeatureId": "VNM-S-001::settlements::node::4741389626", "projectId": "VNM-S-001", "projectName": "Trungnam Solar Farm (Thuan Bac)", "countryCode": "VNM", "osmType": "node", "osmId": 4741389626, "highway": null, "place": "hamlet", "power": null, "landuse": null, "name": "Xóm Đèn", "voltage": null, "circuits": null, "cables": null, "frequency": null, "substationTag": null, "lineTag": null, "operator": null, "location": null }, "geometry": { "type": "Point", "coordinates": [ 109.0805572, 11.7791629 ] } },
{ "type": "Feature", "properties": { "contextFeatureId": "VNM-S-001::settlements::node::11036964524", "projectId": "VNM-S-001", "projectName": "Trungnam Solar Farm (Thuan Bac)", "countryCode": "VNM", "osmType": "node", "osmId": 11036964524, "highway": null, "place": "suburb", "power": null, "landuse": null, "name": "Bảo An", "voltage": null, "circuits": null, "cables": null, "frequency": null, "substationTag": null, "lineTag": null, "operator": null, "location": null }, "geometry": { "type": "Point", "coordinates": [ 108.9794314, 11.59848 ] } },
{ "type": "Feature", "properties": { "contextFeatureId": "VNM-S-001::settlements::node::11812498735", "projectId": "VNM-S-001", "projectName": "Trungnam Solar Farm (Thuan Bac)", "countryCode": "VNM", "osmType": "node", "osmId": 11812498735, "highway": null, "place": "suburb", "power": null, "landuse": null, "name": "Ninh Chử", "voltage": null, "circuits": null, "cables": null, "frequency": null, "substationTag": null, "lineTag": null, "operator": null, "location": null }, "geometry": { "type": "Point", "coordinates": [ 109.021559, 11.598782 ] } },
{ "type": "Feature", "properties": { "contextFeatureId": "VNM-S-001::settlements::node::11914417021", "projectId": "VNM-S-001", "projectName": "Trungnam Solar Farm (Thuan Bac)", "countryCode": "VNM", "osmType": "node", "osmId": 11914417021, "highway": null, "place": "village", "power": null, "landuse": null, "name": "Xuân Hải", "voltage": null, "circuits": null, "cables": null, "frequency": null, "substationTag": null, "lineTag": null, "operator": null, "location": null }, "geometry": { "type": "Point", "coordinates": [ 109.0067058, 11.6495015 ] } },
{ "type": "Feature", "properties": { "contextFeatureId": "VNM-S-001::settlements::node::11914526511", "projectId": "VNM-S-001", "projectName": "Trungnam Solar Farm (Thuan Bac)", "countryCode": "VNM", "osmType": "node", "osmId": 11914526511, "highway": null, "place": "village", "power": null, "landuse": null, "name": "Công Hải", "voltage": null, "circuits": null, "cables": null, "frequency": null, "substationTag": null, "lineTag": null, "operator": null, "location": null }, "geometry": { "type": "Point", "coordinates": [ 109.0733948, 11.7802409 ] } },
{ "type": "Feature", "properties": { "contextFeatureId": "VNM-S-001::settlements::node::11914526512", "projectId": "VNM-S-001", "projectName": "Trungnam Solar Farm (Thuan Bac)", "countryCode": "VNM", "osmType": "node", "osmId": 11914526512, "highway": null, "place": "suburb", "power": null, "landuse": null, "name": "Ninh Hải", "voltage": null, "circuits": null, "cables": null, "frequency": null, "substationTag": null, "lineTag": null, "operator": null, "location": null }, "geometry": { "type": "Point", "coordinates": [ 109.0696655, 11.6522036 ] } },
{ "type": "Feature", "properties": { "contextFeatureId": "VNM-S-001::settlements::node::11914528350", "projectId": "VNM-S-001", "projectName": "Trungnam Solar Farm (Thuan Bac)", "countryCode": "VNM", "osmType": "node", "osmId": 11914528350, "highway": null, "place": "village", "power": null, "landuse": null, "name": "Phước Trung", "voltage": null, "circuits": null, "cables": null, "frequency": null, "substationTag": null, "lineTag": null, "operator": null, "location": null }, "geometry": { "type": "Point", "coordinates": [ 108.9384867, 11.7099486 ] } },
{ "type": "Feature", "properties": { "contextFeatureId": "VNM-S-001::settlements::node::13089320182", "projectId": "VNM-S-001", "projectName": "Trungnam Solar Farm (Thuan Bac)", "countryCode": "VNM", "osmType": "node", "osmId": 13089320182, "highway": null, "place": "suburb", "power": null, "landuse": null, "name": "Thuận Bắc", "voltage": null, "circuits": null, "cables": null, "frequency": null, "substationTag": null, "lineTag": null, "operator": null, "location": null }, "geometry": { "type": "Point", "coordinates": [ 109.038884, 11.7261901 ] } },
{ "type": "Feature", "properties": { "contextFeatureId": "VNM-S-002::settlements::node::369498230", "projectId": "VNM-S-002", "projectName": "Dau Tieng Solar Power Complex", "countryCode": "VNM", "osmType": "node", "osmId": 369498230, "highway": null, "place": "town", "power": null, "landuse": null, "name": "Dương Minh Châu", "voltage": null, "circuits": null, "cables": null, "frequency": null, "substationTag": null, "lineTag": null, "operator": null, "location": null }, "geometry": { "type": "Point", "coordinates": [ 106.2279802, 11.3827188 ] } },
{ "type": "Feature", "properties": { "contextFeatureId": "VNM-S-002::settlements::node::369498534", "projectId": "VNM-S-002", "projectName": "Dau Tieng Solar Power Complex", "countryCode": "VNM", "osmType": "node", "osmId": 369498534, "highway": null, "place": "town", "power": null, "landuse": null, "name": "Tân Châu", "voltage": null, "circuits": null, "cables": null, "frequency": null, "substationTag": null, "lineTag": null, "operator": null, "location": null }, "geometry": { "type": "Point", "coordinates": [ 106.1739222, 11.5517318 ] } },
{ "type": "Feature", "properties": { "contextFeatureId": "VNM-S-002::settlements::node::12013438540", "projectId": "VNM-S-002", "projectName": "Dau Tieng Solar Power Complex", "countryCode": "VNM", "osmType": "node", "osmId": 12013438540, "highway": null, "place": "hamlet", "power": null, "landuse": null, "name": "Thạnh Nghĩa", "voltage": null, "circuits": null, "cables": null, "frequency": null, "substationTag": null, "lineTag": null, "operator": null, "location": null }, "geometry": { "type": "Point", "coordinates": [ 106.1446994, 11.5338918 ] } },
{ "type": "Feature", "properties": { "contextFeatureId": "VNM-S-002::settlements::node::12013438543", "projectId": "VNM-S-002", "projectName": "Dau Tieng Solar Power Complex", "countryCode": "VNM", "osmType": "node", "osmId": 12013438543, "highway": null, "place": "hamlet", "power": null, "landuse": null, "name": "Thạnh Hiệp", "voltage": null, "circuits": null, "cables": null, "frequency": null, "substationTag": null, "lineTag": null, "operator": null, "location": null }, "geometry": { "type": "Point", "coordinates": [ 106.1595021, 11.5394037 ] } },
{ "type": "Feature", "properties": { "contextFeatureId": "VNM-S-002::settlements::node::12013438544", "projectId": "VNM-S-002", "projectName": "Dau Tieng Solar Power Complex", "countryCode": "VNM", "osmType": "node", "osmId": 12013438544, "highway": null, "place": "hamlet", "power": null, "landuse": null, "name": "Tân Trung", "voltage": null, "circuits": null, "cables": null, "frequency": null, "substationTag": null, "lineTag": null, "operator": null, "location": null }, "geometry": { "type": "Point", "coordinates": [ 106.2879845, 11.5137664 ] } },
{ "type": "Feature", "properties": { "contextFeatureId": "VNM-S-002::settlements::node::12013438545", "projectId": "VNM-S-002", "projectName": "Dau Tieng Solar Power Complex", "countryCode": "VNM", "osmType": "node", "osmId": 12013438545, "highway": null, "place": "hamlet", "power": null, "landuse": null, "name": "Tân Thuận", "voltage": null, "circuits": null, "cables": null, "frequency": null, "substationTag": null, "lineTag": null, "operator": null, "location": null }, "geometry": { "type": "Point", "coordinates": [ 106.2949891, 11.5094525 ] } },
{ "type": "Feature", "properties": { "contextFeatureId": "VNM-S-002::settlements::node::12013438546", "projectId": "VNM-S-002", "projectName": "Dau Tieng Solar Power Complex", "countryCode": "VNM", "osmType": "node", "osmId": 12013438546, "highway": null, "place": "hamlet", "power": null, "landuse": null, "name": "Tân Hòa", "voltage": null, "circuits": null, "cables": null, "frequency": null, "substationTag": null, "lineTag": null, "operator": null, "location": null }, "geometry": { "type": "Point", "coordinates": [ 106.2592229, 11.4884483 ] } },
{ "type": "Feature", "properties": { "contextFeatureId": "VNM-S-002::settlements::node::12013438547", "projectId": "VNM-S-002", "projectName": "Dau Tieng Solar Power Complex", "countryCode": "VNM", "osmType": "node", "osmId": 12013438547, "highway": null, "place": "hamlet", "power": null, "landuse": null, "name": "Tân Hiệp", "voltage": null, "circuits": null, "cables": null, "frequency": null, "substationTag": null, "lineTag": null, "operator": null, "location": null }, "geometry": { "type": "Point", "coordinates": [ 106.2856218, 11.5056362 ] } },
{ "type": "Feature", "properties": { "contextFeatureId": "VNM-S-002::settlements::node::12013438548", "projectId": "VNM-S-002", "projectName": "Dau Tieng Solar Power Complex", "countryCode": "VNM", "osmType": "node", "osmId": 12013438548, "highway": null, "place": "hamlet", "power": null, "landuse": null, "name": "Tân Đông", "voltage": null, "circuits": null, "cables": null, "frequency": null, "substationTag": null, "lineTag": null, "operator": null, "location": null }, "geometry": { "type": "Point", "coordinates": [ 106.3008821, 11.513824 ] } },
{ "type": "Feature", "properties": { "contextFeatureId": "VNM-S-002::settlements::node::12013438549", "projectId": "VNM-S-002", "projectName": "Dau Tieng Solar Power Complex", "countryCode": "VNM", "osmType": "node", "osmId": 12013438549, "highway": null, "place": "hamlet", "power": null, "landuse": null, "name": "Tà Dơ", "voltage": null, "circuits": null, "cables": null, "frequency": null, "substationTag": null, "lineTag": null, "operator": null, "location": null }, "geometry": { "type": "Point", "coordinates": [ 106.2975422, 11.4287022 ] } },
{ "type": "Feature", "properties": { "contextFeatureId": "VNM-S-002::settlements::node::12013438550", "projectId": "VNM-S-002", "projectName": "Dau Tieng Solar Power Complex", "countryCode": "VNM", "osmType": "node", "osmId": 12013438550, "highway": null, "place": "hamlet", "power": null, "landuse": null, "name": "Đồng Rùm", "voltage": null, "circuits": null, "cables": null, "frequency": null, "substationTag": null, "lineTag": null, "operator": null, "location": null }, "geometry": { "type": "Point", "coordinates": [ 106.2750105, 11.5266934 ] } },
{ "type": "Feature", "properties": { "contextFeatureId": "VNM-S-002::settlements::node::12013438551", "projectId": "VNM-S-002", "projectName": "Dau Tieng Solar Power Complex", "countryCode": "VNM", "osmType": "node", "osmId": 12013438551, "highway": null, "place": "hamlet", "power": null, "landuse": null, "name": "Đồng Kèn 2", "voltage": null, "circuits": null, "cables": null, "frequency": null, "substationTag": null, "lineTag": null, "operator": null, "location": null }, "geometry": { "type": "Point", "coordinates": [ 106.2993448, 11.4564266 ] } },
{ "type": "Feature", "properties": { "contextFeatureId": "VNM-S-002::settlements::node::12013438552", "projectId": "VNM-S-002", "projectName": "Dau Tieng Solar Power Complex", "countryCode": "VNM", "osmType": "node", "osmId": 12013438552, "highway": null, "place": "hamlet", "power": null, "landuse": null, "name": "Đồng Kèn 1", "voltage": null, "circuits": null, "cables": null, "frequency": null, "substationTag": null, "lineTag": null, "operator": null, "location": null }, "geometry": { "type": "Point", "coordinates": [ 106.3085877, 11.4708089 ] } },
{ "type": "Feature", "properties": { "contextFeatureId": "VNM-S-002::settlements::node::12013815325", "projectId": "VNM-S-002", "projectName": "Dau Tieng Solar Power Complex", "countryCode": "VNM", "osmType": "node", "osmId": 12013815325, "highway": null, "place": "hamlet", "power": null, "landuse": null, "name": "Tân Xuân", "voltage": null, "circuits": null, "cables": null, "frequency": null, "substationTag": null, "lineTag": null, "operator": null, "location": null }, "geometry": { "type": "Point", "coordinates": [ 106.1678142, 11.492684 ] } },
{ "type": "Feature", "properties": { "contextFeatureId": "VNM-S-002::settlements::node::12013815326", "projectId": "VNM-S-002", "projectName": "Dau Tieng Solar Power Complex", "countryCode": "VNM", "osmType": "node", "osmId": 12013815326, "highway": null, "place": "hamlet", "power": null, "landuse": null, "name": "Tân Tiến", "voltage": null, "circuits": null, "cables": null, "frequency": null, "substationTag": null, "lineTag": null, "operator": null, "location": null }, "geometry": { "type": "Point", "coordinates": [ 106.1666254, 11.519406 ] } },
{ "type": "Feature", "properties": { "contextFeatureId": "VNM-S-002::settlements::node::12013815327", "projectId": "VNM-S-002", "projectName": "Dau Tieng Solar Power Complex", "countryCode": "VNM", "osmType": "node", "osmId": 12013815327, "highway": null, "place": "hamlet", "power": null, "landuse": null, "name": "Tân Thanh", "voltage": null, "circuits": null, "cables": null, "frequency": null, "substationTag": null, "lineTag": null, "operator": null, "location": null }, "geometry": { "type": "Point", "coordinates": [ 106.1516784, 11.5162971 ] } },
{ "type": "Feature", "properties": { "contextFeatureId": "VNM-S-002::settlements::node::12013815328", "projectId": "VNM-S-002", "projectName": "Dau Tieng Solar Power Complex", "countryCode": "VNM", "osmType": "node", "osmId": 12013815328, "highway": null, "place": "hamlet", "power": null, "landuse": null, "name": "Tân Lợi", "voltage": null, "circuits": null, "cables": null, "frequency": null, "substationTag": null, "lineTag": null, "operator": null, "location": null }, "geometry": { "type": "Point", "coordinates": [ 106.1582116, 11.4924336 ] } },
{ "type": "Feature", "properties": { "contextFeatureId": "VNM-S-002::settlements::node::12013815329", "projectId": "VNM-S-002", "projectName": "Dau Tieng Solar Power Complex", "countryCode": "VNM", "osmType": "node", "osmId": 12013815329, "highway": null, "place": "hamlet", "power": null, "landuse": null, "name": "Tân Hòa", "voltage": null, "circuits": null, "cables": null, "frequency": null, "substationTag": null, "lineTag": null, "operator": null, "location": null }, "geometry": { "type": "Point", "coordinates": [ 106.162939, 11.5137606 ] } },
{ "type": "Feature", "properties": { "contextFeatureId": "VNM-S-002::settlements::node::12013815330", "projectId": "VNM-S-002", "projectName": "Dau Tieng Solar Power Complex", "countryCode": "VNM", "osmType": "node", "osmId": 12013815330, "highway": null, "place": "hamlet", "power": null, "landuse": null, "name": "Tân Châu", "voltage": null, "circuits": null, "cables": null, "frequency": null, "substationTag": null, "lineTag": null, "operator": null, "location": null }, "geometry": { "type": "Point", "coordinates": [ 106.1390009, 11.5057783 ] } },
{ "type": "Feature", "properties": { "contextFeatureId": "VNM-S-002::settlements::node::12013815331", "projectId": "VNM-S-002", "projectName": "Dau Tieng Solar Power Complex", "countryCode": "VNM", "osmType": "node", "osmId": 12013815331, "highway": null, "place": "hamlet", "power": null, "landuse": null, "name": "Tân Trung B", "voltage": null, "circuits": null, "cables": null, "frequency": null, "substationTag": null, "lineTag": null, "operator": null, "location": null }, "geometry": { "type": "Point", "coordinates": [ 106.1769778, 11.4305186 ] } },
{ "type": "Feature", "properties": { "contextFeatureId": "VNM-S-002::settlements::node::12013815332", "projectId": "VNM-S-002", "projectName": "Dau Tieng Solar Power Complex", "countryCode": "VNM", "osmType": "node", "osmId": 12013815332, "highway": null, "place": "hamlet", "power": null, "landuse": null, "name": "Tân Trung A", "voltage": null, "circuits": null, "cables": null, "frequency": null, "substationTag": null, "lineTag": null, "operator": null, "location": null }, "geometry": { "type": "Point", "coordinates": [ 106.175293, 11.4441552 ] } },
{ "type": "Feature", "properties": { "contextFeatureId": "VNM-S-002::settlements::node::12013815333", "projectId": "VNM-S-002", "projectName": "Dau Tieng Solar Power Complex", "countryCode": "VNM", "osmType": "node", "osmId": 12013815333, "highway": null, "place": "hamlet", "power": null, "landuse": null, "name": "Tân Thạnh", "voltage": null, "circuits": null, "cables": null, "frequency": null, "substationTag": null, "lineTag": null, "operator": null, "location": null }, "geometry": { "type": "Point", "coordinates": [ 106.1566987, 11.4431396 ] } },
{ "type": "Feature", "properties": { "contextFeatureId": "VNM-S-002::settlements::node::12013815334", "projectId": "VNM-S-002", "projectName": "Dau Tieng Solar Power Complex", "countryCode": "VNM", "osmType": "node", "osmId": 12013815334, "highway": null, "place": "hamlet", "power": null, "landuse": null, "name": "Tân Tây", "voltage": null, "circuits": null, "cables": null, "frequency": null, "substationTag": null, "lineTag": null, "operator": null, "location": null }, "geometry": { "type": "Point", "coordinates": [ 106.1630552, 11.4710331 ] } },
{ "type": "Feature", "properties": { "contextFeatureId": "VNM-S-002::settlements::node::12013815335", "projectId": "VNM-S-002", "projectName": "Dau Tieng Solar Power Complex", "countryCode": "VNM", "osmType": "node", "osmId": 12013815335, "highway": null, "place": "hamlet", "power": null, "landuse": null, "name": "Tân Lợi", "voltage": null, "circuits": null, "cables": null, "frequency": null, "substationTag": null, "lineTag": null, "operator": null, "location": null }, "geometry": { "type": "Point", "coordinates": [ 106.1313267, 11.4489388 ] } },
{ "type": "Feature", "properties": { "contextFeatureId": "VNM-S-002::settlements::node::12013815336", "projectId": "VNM-S-002", "projectName": "Dau Tieng Solar Power Complex", "countryCode": "VNM", "osmType": "node", "osmId": 12013815336, "highway": null, "place": "hamlet", "power": null, "landuse": null, "name": "Tân Đông", "voltage": null, "circuits": null, "cables": null, "frequency": null, "substationTag": null, "lineTag": null, "operator": null, "location": null }, "geometry": { "type": "Point", "coordinates": [ 106.1781342, 11.4723073 ] } },
{ "type": "Feature", "properties": { "contextFeatureId": "VNM-S-002::settlements::node::12013834497", "projectId": "VNM-S-002", "projectName": "Dau Tieng Solar Power Complex", "countryCode": "VNM", "osmType": "node", "osmId": 12013834497, "highway": null, "place": "hamlet", "power": null, "landuse": null, "name": "Chăm", "voltage": null, "circuits": null, "cables": null, "frequency": null, "substationTag": null, "lineTag": null, "operator": null, "location": null }, "geometry": { "type": "Point", "coordinates": [ 106.2481043, 11.5401395 ] } },
{ "type": "Feature", "properties": { "contextFeatureId": "VNM-S-002::settlements::node::12013834499", "projectId": "VNM-S-002", "projectName": "Dau Tieng Solar Power Complex", "countryCode": "VNM", "osmType": "node", "osmId": 12013834499, "highway": null, "place": "hamlet", "power": null, "landuse": null, "name": "Ấp 6", "voltage": null, "circuits": null, "cables": null, "frequency": null, "substationTag": null, "lineTag": null, "operator": null, "location": null }, "geometry": { "type": "Point", "coordinates": [ 106.2270053, 11.4971104 ] } },
{ "type": "Feature", "properties": { "contextFeatureId": "VNM-S-002::settlements::node::12013834500", "projectId": "VNM-S-002", "projectName": "Dau Tieng Solar Power Complex", "countryCode": "VNM", "osmType": "node", "osmId": 12013834500, "highway": null, "place": "hamlet", "power": null, "landuse": null, "name": "Ấp 5", "voltage": null, "circuits": null, "cables": null, "frequency": null, "substationTag": null, "lineTag": null, "operator": null, "location": null }, "geometry": { "type": "Point", "coordinates": [ 106.2128212, 11.5229545 ] } },
{ "type": "Feature", "properties": { "contextFeatureId": "VNM-S-002::settlements::node::12013834502", "projectId": "VNM-S-002", "projectName": "Dau Tieng Solar Power Complex", "countryCode": "VNM", "osmType": "node", "osmId": 12013834502, "highway": null, "place": "hamlet", "power": null, "landuse": null, "name": "Ấp 3", "voltage": null, "circuits": null, "cables": null, "frequency": null, "substationTag": null, "lineTag": null, "operator": null, "location": null }, "geometry": { "type": "Point", "coordinates": [ 106.2431367, 11.5520465 ] } },
{ "type": "Feature", "properties": { "contextFeatureId": "VNM-S-003::settlements::node::369505009", "projectId": "VNM-S-003", "projectName": "Xuan Thien Ea Sup Solar Power Complex", "countryCode": "VNM", "osmType": "node", "osmId": 369505009, "highway": null, "place": "town", "power": null, "landuse": null, "name": "Ea Súp", "voltage": null, "circuits": null, "cables": null, "frequency": null, "substationTag": null, "lineTag": null, "operator": null, "location": null }, "geometry": { "type": "Point", "coordinates": [ 107.8838852, 13.0707722 ] } },
{ "type": "Feature", "properties": { "contextFeatureId": "VNM-S-003::settlements::node::12618272750", "projectId": "VNM-S-003", "projectName": "Xuan Thien Ea Sup Solar Power Complex", "countryCode": "VNM", "osmType": "node", "osmId": 12618272750, "highway": null, "place": "village", "power": null, "landuse": null, "name": "Thôn 14", "voltage": null, "circuits": null, "cables": null, "frequency": null, "substationTag": null, "lineTag": null, "operator": null, "location": null }, "geometry": { "type": "Point", "coordinates": [ 107.8135077, 13.1215865 ] } },
{ "type": "Feature", "properties": { "contextFeatureId": "VNM-S-003::settlements::node::12618272751", "projectId": "VNM-S-003", "projectName": "Xuan Thien Ea Sup Solar Power Complex", "countryCode": "VNM", "osmType": "node", "osmId": 12618272751, "highway": null, "place": "village", "power": null, "landuse": null, "name": "Thôn 12", "voltage": null, "circuits": null, "cables": null, "frequency": null, "substationTag": null, "lineTag": null, "operator": null, "location": null }, "geometry": { "type": "Point", "coordinates": [ 107.8153954, 13.1330693 ] } },
{ "type": "Feature", "properties": { "contextFeatureId": "VNM-S-003::settlements::node::12618272752", "projectId": "VNM-S-003", "projectName": "Xuan Thien Ea Sup Solar Power Complex", "countryCode": "VNM", "osmType": "node", "osmId": 12618272752, "highway": null, "place": "village", "power": null, "landuse": null, "name": "Thôn 11", "voltage": null, "circuits": null, "cables": null, "frequency": null, "substationTag": null, "lineTag": null, "operator": null, "location": null }, "geometry": { "type": "Point", "coordinates": [ 107.812497, 13.1349815 ] } },
{ "type": "Feature", "properties": { "contextFeatureId": "VNM-S-003::settlements::node::12618272753", "projectId": "VNM-S-003", "projectName": "Xuan Thien Ea Sup Solar Power Complex", "countryCode": "VNM", "osmType": "node", "osmId": 12618272753, "highway": null, "place": "village", "power": null, "landuse": null, "name": "Thôn 10", "voltage": null, "circuits": null, "cables": null, "frequency": null, "substationTag": null, "lineTag": null, "operator": null, "location": null }, "geometry": { "type": "Point", "coordinates": [ 107.8155235, 13.1275436 ] } },
{ "type": "Feature", "properties": { "contextFeatureId": "VNM-S-003::settlements::node::12618272754", "projectId": "VNM-S-003", "projectName": "Xuan Thien Ea Sup Solar Power Complex", "countryCode": "VNM", "osmType": "node", "osmId": 12618272754, "highway": null, "place": "village", "power": null, "landuse": null, "name": "Thôn 1", "voltage": null, "circuits": null, "cables": null, "frequency": null, "substationTag": null, "lineTag": null, "operator": null, "location": null }, "geometry": { "type": "Point", "coordinates": [ 107.8267346, 13.1166912 ] } },
{ "type": "Feature", "properties": { "contextFeatureId": "VNM-S-003::settlements::node::12618272755", "projectId": "VNM-S-003", "projectName": "Xuan Thien Ea Sup Solar Power Complex", "countryCode": "VNM", "osmType": "node", "osmId": 12618272755, "highway": null, "place": "village", "power": null, "landuse": null, "name": "Thôn 4", "voltage": null, "circuits": null, "cables": null, "frequency": null, "substationTag": null, "lineTag": null, "operator": null, "location": null }, "geometry": { "type": "Point", "coordinates": [ 107.8382631, 13.1060524 ] } },
{ "type": "Feature", "properties": { "contextFeatureId": "VNM-S-003::settlements::node::12618282812", "projectId": "VNM-S-003", "projectName": "Xuan Thien Ea Sup Solar Power Complex", "countryCode": "VNM", "osmType": "node", "osmId": 12618282812, "highway": null, "place": "village", "power": null, "landuse": null, "name": "Thôn 19", "voltage": null, "circuits": null, "cables": null, "frequency": null, "substationTag": null, "lineTag": null, "operator": null, "location": null }, "geometry": { "type": "Point", "coordinates": [ 107.8394503, 13.1384371 ] } },
{ "type": "Feature", "properties": { "contextFeatureId": "VNM-S-003::settlements::node::12618282813", "projectId": "VNM-S-003", "projectName": "Xuan Thien Ea Sup Solar Power Complex", "countryCode": "VNM", "osmType": "node", "osmId": 12618282813, "highway": null, "place": "village", "power": null, "landuse": null, "name": "Thôn 18", "voltage": null, "circuits": null, "cables": null, "frequency": null, "substationTag": null, "lineTag": null, "operator": null, "location": null }, "geometry": { "type": "Point", "coordinates": [ 107.8911706, 13.0814159 ] } },
{ "type": "Feature", "properties": { "contextFeatureId": "VNM-S-003::settlements::node::12618282814", "projectId": "VNM-S-003", "projectName": "Xuan Thien Ea Sup Solar Power Complex", "countryCode": "VNM", "osmType": "node", "osmId": 12618282814, "highway": null, "place": "village", "power": null, "landuse": null, "name": "Thôn 17", "voltage": null, "circuits": null, "cables": null, "frequency": null, "substationTag": null, "lineTag": null, "operator": null, "location": null }, "geometry": { "type": "Point", "coordinates": [ 107.8291657, 13.1503444 ] } },
{ "type": "Feature", "properties": { "contextFeatureId": "VNM-S-003::settlements::node::12618282815", "projectId": "VNM-S-003", "projectName": "Xuan Thien Ea Sup Solar Power Complex", "countryCode": "VNM", "osmType": "node", "osmId": 12618282815, "highway": null, "place": "village", "power": null, "landuse": null, "name": "Thôn 16", "voltage": null, "circuits": null, "cables": null, "frequency": null, "substationTag": null, "lineTag": null, "operator": null, "location": null }, "geometry": { "type": "Point", "coordinates": [ 107.8544942, 13.1300429 ] } },
{ "type": "Feature", "properties": { "contextFeatureId": "VNM-S-003::settlements::node::12618282816", "projectId": "VNM-S-003", "projectName": "Xuan Thien Ea Sup Solar Power Complex", "countryCode": "VNM", "osmType": "node", "osmId": 12618282816, "highway": null, "place": "village", "power": null, "landuse": null, "name": "Thôn 15", "voltage": null, "circuits": null, "cables": null, "frequency": null, "substationTag": null, "lineTag": null, "operator": null, "location": null }, "geometry": { "type": "Point", "coordinates": [ 107.8694139, 13.1311208 ] } },
{ "type": "Feature", "properties": { "contextFeatureId": "VNM-S-003::settlements::node::12618282817", "projectId": "VNM-S-003", "projectName": "Xuan Thien Ea Sup Solar Power Complex", "countryCode": "VNM", "osmType": "node", "osmId": 12618282817, "highway": null, "place": "village", "power": null, "landuse": null, "name": "Thôn 14", "voltage": null, "circuits": null, "cables": null, "frequency": null, "substationTag": null, "lineTag": null, "operator": null, "location": null }, "geometry": { "type": "Point", "coordinates": [ 107.8941735, 13.0768261 ] } },
{ "type": "Feature", "properties": { "contextFeatureId": "VNM-S-003::settlements::node::12618282818", "projectId": "VNM-S-003", "projectName": "Xuan Thien Ea Sup Solar Power Complex", "countryCode": "VNM", "osmType": "node", "osmId": 12618282818, "highway": null, "place": "village", "power": null, "landuse": null, "name": "Thôn 13", "voltage": null, "circuits": null, "cables": null, "frequency": null, "substationTag": null, "lineTag": null, "operator": null, "location": null }, "geometry": { "type": "Point", "coordinates": [ 107.8859066, 13.0888419 ] } },
{ "type": "Feature", "properties": { "contextFeatureId": "VNM-S-003::settlements::node::12618282819", "projectId": "VNM-S-003", "projectName": "Xuan Thien Ea Sup Solar Power Complex", "countryCode": "VNM", "osmType": "node", "osmId": 12618282819, "highway": null, "place": "village", "power": null, "landuse": null, "name": "Thôn 12", "voltage": null, "circuits": null, "cables": null, "frequency": null, "substationTag": null, "lineTag": null, "operator": null, "location": null }, "geometry": { "type": "Point", "coordinates": [ 107.8669879, 13.1314674 ] } },
{ "type": "Feature", "properties": { "contextFeatureId": "VNM-S-003::settlements::node::12618282820", "projectId": "VNM-S-003", "projectName": "Xuan Thien Ea Sup Solar Power Complex", "countryCode": "VNM", "osmType": "node", "osmId": 12618282820, "highway": null, "place": "village", "power": null, "landuse": null, "name": "Thôn 11", "voltage": null, "circuits": null, "cables": null, "frequency": null, "substationTag": null, "lineTag": null, "operator": null, "location": null }, "geometry": { "type": "Point", "coordinates": [ 107.826291, 13.1550594 ] } },
{ "type": "Feature", "properties": { "contextFeatureId": "VNM-S-003::settlements::node::12618282821", "projectId": "VNM-S-003", "projectName": "Xuan Thien Ea Sup Solar Power Complex", "countryCode": "VNM", "osmType": "node", "osmId": 12618282821, "highway": null, "place": "village", "power": null, "landuse": null, "name": "Thôn 10", "voltage": null, "circuits": null, "cables": null, "frequency": null, "substationTag": null, "lineTag": null, "operator": null, "location": null }, "geometry": { "type": "Point", "coordinates": [ 107.8326358, 13.1461793 ] } },
{ "type": "Feature", "properties": { "contextFeatureId": "VNM-S-003::settlements::node::12618282822", "projectId": "VNM-S-003", "projectName": "Xuan Thien Ea Sup Solar Power Complex", "countryCode": "VNM", "osmType": "node", "osmId": 12618282822, "highway": null, "place": "village", "power": null, "landuse": null, "name": "Thôn 9", "voltage": null, "circuits": null, "cables": null, "frequency": null, "substationTag": null, "lineTag": null, "operator": null, "location": null }, "geometry": { "type": "Point", "coordinates": [ 107.8491224, 13.1244741 ] } },
{ "type": "Feature", "properties": { "contextFeatureId": "VNM-S-003::settlements::node::12618282823", "projectId": "VNM-S-003", "projectName": "Xuan Thien Ea Sup Solar Power Complex", "countryCode": "VNM", "osmType": "node", "osmId": 12618282823, "highway": null, "place": "village", "power": null, "landuse": null, "name": "Thôn 8", "voltage": null, "circuits": null, "cables": null, "frequency": null, "substationTag": null, "lineTag": null, "operator": null, "location": null }, "geometry": { "type": "Point", "coordinates": [ 107.843566, 13.1174173 ] } },
{ "type": "Feature", "properties": { "contextFeatureId": "VNM-S-003::settlements::node::12618282824", "projectId": "VNM-S-003", "projectName": "Xuan Thien Ea Sup Solar Power Complex", "countryCode": "VNM", "osmType": "node", "osmId": 12618282824, "highway": null, "place": "village", "power": null, "landuse": null, "name": "Thôn 7", "voltage": null, "circuits": null, "cables": null, "frequency": null, "substationTag": null, "lineTag": null, "operator": null, "location": null }, "geometry": { "type": "Point", "coordinates": [ 107.8538222, 13.1124295 ] } },
{ "type": "Feature", "properties": { "contextFeatureId": "VNM-S-003::settlements::node::12618282825", "projectId": "VNM-S-003", "projectName": "Xuan Thien Ea Sup Solar Power Complex", "countryCode": "VNM", "osmType": "node", "osmId": 12618282825, "highway": null, "place": "village", "power": null, "landuse": null, "name": "Thôn 6", "voltage": null, "circuits": null, "cables": null, "frequency": null, "substationTag": null, "lineTag": null, "operator": null, "location": null }, "geometry": { "type": "Point", "coordinates": [ 107.8601775, 13.1120647 ] } },
{ "type": "Feature", "properties": { "contextFeatureId": "VNM-S-003::settlements::node::12618282826", "projectId": "VNM-S-003", "projectName": "Xuan Thien Ea Sup Solar Power Complex", "countryCode": "VNM", "osmType": "node", "osmId": 12618282826, "highway": null, "place": "village", "power": null, "landuse": null, "name": "Thôn 5", "voltage": null, "circuits": null, "cables": null, "frequency": null, "substationTag": null, "lineTag": null, "operator": null, "location": null }, "geometry": { "type": "Point", "coordinates": [ 107.8648323, 13.1105913 ] } },
{ "type": "Feature", "properties": { "contextFeatureId": "VNM-S-003::settlements::node::12618282827", "projectId": "VNM-S-003", "projectName": "Xuan Thien Ea Sup Solar Power Complex", "countryCode": "VNM", "osmType": "node", "osmId": 12618282827, "highway": null, "place": "village", "power": null, "landuse": null, "name": "Thôn 4", "voltage": null, "circuits": null, "cables": null, "frequency": null, "substationTag": null, "lineTag": null, "operator": null, "location": null }, "geometry": { "type": "Point", "coordinates": [ 107.867233, 13.1138993 ] } },
{ "type": "Feature", "properties": { "contextFeatureId": "VNM-S-003::settlements::node::12618282828", "projectId": "VNM-S-003", "projectName": "Xuan Thien Ea Sup Solar Power Complex", "countryCode": "VNM", "osmType": "node", "osmId": 12618282828, "highway": null, "place": "village", "power": null, "landuse": null, "name": "Thôn 3", "voltage": null, "circuits": null, "cables": null, "frequency": null, "substationTag": null, "lineTag": null, "operator": null, "location": null }, "geometry": { "type": "Point", "coordinates": [ 107.8662787, 13.1075705 ] } },
{ "type": "Feature", "properties": { "contextFeatureId": "VNM-S-003::settlements::node::12618282829", "projectId": "VNM-S-003", "projectName": "Xuan Thien Ea Sup Solar Power Complex", "countryCode": "VNM", "osmType": "node", "osmId": 12618282829, "highway": null, "place": "village", "power": null, "landuse": null, "name": "Thôn 2", "voltage": null, "circuits": null, "cables": null, "frequency": null, "substationTag": null, "lineTag": null, "operator": null, "location": null }, "geometry": { "type": "Point", "coordinates": [ 107.8718085, 13.1010658 ] } },
{ "type": "Feature", "properties": { "contextFeatureId": "VNM-S-003::settlements::node::12618282830", "projectId": "VNM-S-003", "projectName": "Xuan Thien Ea Sup Solar Power Complex", "countryCode": "VNM", "osmType": "node", "osmId": 12618282830, "highway": null, "place": "village", "power": null, "landuse": null, "name": "Thôn 1", "voltage": null, "circuits": null, "cables": null, "frequency": null, "substationTag": null, "lineTag": null, "operator": null, "location": null }, "geometry": { "type": "Point", "coordinates": [ 107.8757743, 13.0993042 ] } },
{ "type": "Feature", "properties": { "contextFeatureId": "VNM-S-003::settlements::node::12618282831", "projectId": "VNM-S-003", "projectName": "Xuan Thien Ea Sup Solar Power Complex", "countryCode": "VNM", "osmType": "node", "osmId": 12618282831, "highway": null, "place": "village", "power": null, "landuse": null, "name": "Thôn 10", "voltage": null, "circuits": null, "cables": null, "frequency": null, "substationTag": null, "lineTag": null, "operator": null, "location": null }, "geometry": { "type": "Point", "coordinates": [ 107.8494186, 13.0927254 ] } },
{ "type": "Feature", "properties": { "contextFeatureId": "VNM-S-003::settlements::node::12618282832", "projectId": "VNM-S-003", "projectName": "Xuan Thien Ea Sup Solar Power Complex", "countryCode": "VNM", "osmType": "node", "osmId": 12618282832, "highway": null, "place": "village", "power": null, "landuse": null, "name": "Thôn 8", "voltage": null, "circuits": null, "cables": null, "frequency": null, "substationTag": null, "lineTag": null, "operator": null, "location": null }, "geometry": { "type": "Point", "coordinates": [ 107.8605565, 13.0922213 ] } },
{ "type": "Feature", "properties": { "contextFeatureId": "VNM-S-003::settlements::node::12618282833", "projectId": "VNM-S-003", "projectName": "Xuan Thien Ea Sup Solar Power Complex", "countryCode": "VNM", "osmType": "node", "osmId": 12618282833, "highway": null, "place": "village", "power": null, "landuse": null, "name": "Thôn 7", "voltage": null, "circuits": null, "cables": null, "frequency": null, "substationTag": null, "lineTag": null, "operator": null, "location": null }, "geometry": { "type": "Point", "coordinates": [ 107.8610985, 13.0874312 ] } },
{ "type": "Feature", "properties": { "contextFeatureId": "VNM-S-003::settlements::node::12618282834", "projectId": "VNM-S-003", "projectName": "Xuan Thien Ea Sup Solar Power Complex", "countryCode": "VNM", "osmType": "node", "osmId": 12618282834, "highway": null, "place": "village", "power": null, "landuse": null, "name": "Thôn 5", "voltage": null, "circuits": null, "cables": null, "frequency": null, "substationTag": null, "lineTag": null, "operator": null, "location": null }, "geometry": { "type": "Point", "coordinates": [ 107.8557916, 13.1041632 ] } },
{ "type": "Feature", "properties": { "contextFeatureId": "VNM-S-003::settlements::node::12618282835", "projectId": "VNM-S-003", "projectName": "Xuan Thien Ea Sup Solar Power Complex", "countryCode": "VNM", "osmType": "node", "osmId": 12618282835, "highway": null, "place": "village", "power": null, "landuse": null, "name": "Thôn 3", "voltage": null, "circuits": null, "cables": null, "frequency": null, "substationTag": null, "lineTag": null, "operator": null, "location": null }, "geometry": { "type": "Point", "coordinates": [ 107.8690926, 13.095498 ] } },
{ "type": "Feature", "properties": { "contextFeatureId": "VNM-S-003::settlements::node::12618282836", "projectId": "VNM-S-003", "projectName": "Xuan Thien Ea Sup Solar Power Complex", "countryCode": "VNM", "osmType": "node", "osmId": 12618282836, "highway": null, "place": "village", "power": null, "landuse": null, "name": "Thôn 1", "voltage": null, "circuits": null, "cables": null, "frequency": null, "substationTag": null, "lineTag": null, "operator": null, "location": null }, "geometry": { "type": "Point", "coordinates": [ 107.8728158, 13.0905974 ] } },
{ "type": "Feature", "properties": { "contextFeatureId": "VNM-S-003::settlements::node::12618282838", "projectId": "VNM-S-003", "projectName": "Xuan Thien Ea Sup Solar Power Complex", "countryCode": "VNM", "osmType": "node", "osmId": 12618282838, "highway": null, "place": "village", "power": null, "landuse": null, "name": "Thôn 7", "voltage": null, "circuits": null, "cables": null, "frequency": null, "substationTag": null, "lineTag": null, "operator": null, "location": null }, "geometry": { "type": "Point", "coordinates": [ 107.8892292, 13.0454468 ] } },
{ "type": "Feature", "properties": { "contextFeatureId": "VNM-S-003::settlements::node::12618282839", "projectId": "VNM-S-003", "projectName": "Xuan Thien Ea Sup Solar Power Complex", "countryCode": "VNM", "osmType": "node", "osmId": 12618282839, "highway": null, "place": "village", "power": null, "landuse": null, "name": "Thôn 6", "voltage": null, "circuits": null, "cables": null, "frequency": null, "substationTag": null, "lineTag": null, "operator": null, "location": null }, "geometry": { "type": "Point", "coordinates": [ 107.8543269, 13.0491562 ] } },
{ "type": "Feature", "properties": { "contextFeatureId": "VNM-S-003::settlements::node::12618282840", "projectId": "VNM-S-003", "projectName": "Xuan Thien Ea Sup Solar Power Complex", "countryCode": "VNM", "osmType": "node", "osmId": 12618282840, "highway": null, "place": "village", "power": null, "landuse": null, "name": "Thôn 5", "voltage": null, "circuits": null, "cables": null, "frequency": null, "substationTag": null, "lineTag": null, "operator": null, "location": null }, "geometry": { "type": "Point", "coordinates": [ 107.863474, 13.0575465 ] } },
{ "type": "Feature", "properties": { "contextFeatureId": "VNM-S-003::settlements::node::12618282841", "projectId": "VNM-S-003", "projectName": "Xuan Thien Ea Sup Solar Power Complex", "countryCode": "VNM", "osmType": "node", "osmId": 12618282841, "highway": null, "place": "village", "power": null, "landuse": null, "name": "Thôn 4", "voltage": null, "circuits": null, "cables": null, "frequency": null, "substationTag": null, "lineTag": null, "operator": null, "location": null }, "geometry": { "type": "Point", "coordinates": [ 107.8664767, 13.0613589 ] } },
{ "type": "Feature", "properties": { "contextFeatureId": "VNM-S-003::settlements::node::12618282842", "projectId": "VNM-S-003", "projectName": "Xuan Thien Ea Sup Solar Power Complex", "countryCode": "VNM", "osmType": "node", "osmId": 12618282842, "highway": null, "place": "village", "power": null, "landuse": null, "name": "Thôn 3", "voltage": null, "circuits": null, "cables": null, "frequency": null, "substationTag": null, "lineTag": null, "operator": null, "location": null }, "geometry": { "type": "Point", "coordinates": [ 107.868195, 13.0558619 ] } },
{ "type": "Feature", "properties": { "contextFeatureId": "VNM-S-003::settlements::node::12618282843", "projectId": "VNM-S-003", "projectName": "Xuan Thien Ea Sup Solar Power Complex", "countryCode": "VNM", "osmType": "node", "osmId": 12618282843, "highway": null, "place": "village", "power": null, "landuse": null, "name": "Thôn 2", "voltage": null, "circuits": null, "cables": null, "frequency": null, "substationTag": null, "lineTag": null, "operator": null, "location": null }, "geometry": { "type": "Point", "coordinates": [ 107.8700565, 13.058501 ] } },
{ "type": "Feature", "properties": { "contextFeatureId": "VNM-S-003::settlements::node::12618282844", "projectId": "VNM-S-003", "projectName": "Xuan Thien Ea Sup Solar Power Complex", "countryCode": "VNM", "osmType": "node", "osmId": 12618282844, "highway": null, "place": "village", "power": null, "landuse": null, "name": "Thôn 1", "voltage": null, "circuits": null, "cables": null, "frequency": null, "substationTag": null, "lineTag": null, "operator": null, "location": null }, "geometry": { "type": "Point", "coordinates": [ 107.8743834, 13.0607042 ] } },
{ "type": "Feature", "properties": { "contextFeatureId": "VNM-S-003::settlements::node::12618282848", "projectId": "VNM-S-003", "projectName": "Xuan Thien Ea Sup Solar Power Complex", "countryCode": "VNM", "osmType": "node", "osmId": 12618282848, "highway": null, "place": "village", "power": null, "landuse": null, "name": "Thôn 12", "voltage": null, "circuits": null, "cables": null, "frequency": null, "substationTag": null, "lineTag": null, "operator": null, "location": null }, "geometry": { "type": "Point", "coordinates": [ 107.9122504, 13.1654617 ] } },
{ "type": "Feature", "properties": { "contextFeatureId": "VNM-S-003::settlements::node::12618282850", "projectId": "VNM-S-003", "projectName": "Xuan Thien Ea Sup Solar Power Complex", "countryCode": "VNM", "osmType": "node", "osmId": 12618282850, "highway": null, "place": "village", "power": null, "landuse": null, "name": "Thôn 6", "voltage": null, "circuits": null, "cables": null, "frequency": null, "substationTag": null, "lineTag": null, "operator": null, "location": null }, "geometry": { "type": "Point", "coordinates": [ 107.8790617, 13.1606776 ] } },
{ "type": "Feature", "properties": { "contextFeatureId": "VNM-S-003::settlements::node::12618282851", "projectId": "VNM-S-003", "projectName": "Xuan Thien Ea Sup Solar Power Complex", "countryCode": "VNM", "osmType": "node", "osmId": 12618282851, "highway": null, "place": "village", "power": null, "landuse": null, "name": "Thôn 5", "voltage": null, "circuits": null, "cables": null, "frequency": null, "substationTag": null, "lineTag": null, "operator": null, "location": null }, "geometry": { "type": "Point", "coordinates": [ 107.8870225, 13.1599271 ] } },
{ "type": "Feature", "properties": { "contextFeatureId": "VNM-S-003::settlements::node::12618282853", "projectId": "VNM-S-003", "projectName": "Xuan Thien Ea Sup Solar Power Complex", "countryCode": "VNM", "osmType": "node", "osmId": 12618282853, "highway": null, "place": "village", "power": null, "landuse": null, "name": "Thôn 4A", "voltage": null, "circuits": null, "cables": null, "frequency": null, "substationTag": null, "lineTag": null, "operator": null, "location": null }, "geometry": { "type": "Point", "coordinates": [ 107.897535, 13.1723269 ] } },
{ "type": "Feature", "properties": { "contextFeatureId": "VNM-S-003::settlements::node::12618282854", "projectId": "VNM-S-003", "projectName": "Xuan Thien Ea Sup Solar Power Complex", "countryCode": "VNM", "osmType": "node", "osmId": 12618282854, "highway": null, "place": "village", "power": null, "landuse": null, "name": "Thôn 3", "voltage": null, "circuits": null, "cables": null, "frequency": null, "substationTag": null, "lineTag": null, "operator": null, "location": null }, "geometry": { "type": "Point", "coordinates": [ 107.9051619, 13.1694325 ] } },
{ "type": "Feature", "properties": { "contextFeatureId": "VNM-S-003::settlements::node::12618282855", "projectId": "VNM-S-003", "projectName": "Xuan Thien Ea Sup Solar Power Complex", "countryCode": "VNM", "osmType": "node", "osmId": 12618282855, "highway": null, "place": "village", "power": null, "landuse": null, "name": "Thôn 1", "voltage": null, "circuits": null, "cables": null, "frequency": null, "substationTag": null, "lineTag": null, "operator": null, "location": null }, "geometry": { "type": "Point", "coordinates": [ 107.9161599, 13.1596485 ] } },
{ "type": "Feature", "properties": { "contextFeatureId": "VNM-S-003::settlements::node::12618282856", "projectId": "VNM-S-003", "projectName": "Xuan Thien Ea Sup Solar Power Complex", "countryCode": "VNM", "osmType": "node", "osmId": 12618282856, "highway": null, "place": "suburb", "power": null, "landuse": null, "name": "Thành Công", "voltage": null, "circuits": null, "cables": null, "frequency": null, "substationTag": null, "lineTag": null, "operator": null, "location": null }, "geometry": { "type": "Point", "coordinates": [ 107.885887, 13.0666813 ] } },
{ "type": "Feature", "properties": { "contextFeatureId": "VNM-S-003::settlements::node::12618282857", "projectId": "VNM-S-003", "projectName": "Xuan Thien Ea Sup Solar Power Complex", "countryCode": "VNM", "osmType": "node", "osmId": 12618282857, "highway": null, "place": "suburb", "power": null, "landuse": null, "name": "Thắng Lợi", "voltage": null, "circuits": null, "cables": null, "frequency": null, "substationTag": null, "lineTag": null, "operator": null, "location": null }, "geometry": { "type": "Point", "coordinates": [ 107.881515, 13.072074 ] } },
{ "type": "Feature", "properties": { "contextFeatureId": "VNM-S-003::settlements::node::12618282858", "projectId": "VNM-S-003", "projectName": "Xuan Thien Ea Sup Solar Power Complex", "countryCode": "VNM", "osmType": "node", "osmId": 12618282858, "highway": null, "place": "suburb", "power": null, "landuse": null, "name": "Hoà Bình", "voltage": null, "circuits": null, "cables": null, "frequency": null, "substationTag": null, "lineTag": null, "operator": null, "location": null }, "geometry": { "type": "Point", "coordinates": [ 107.880815, 13.0662084 ] } },
{ "type": "Feature", "properties": { "contextFeatureId": "VNM-S-003::settlements::node::12618282859", "projectId": "VNM-S-003", "projectName": "Xuan Thien Ea Sup Solar Power Complex", "countryCode": "VNM", "osmType": "node", "osmId": 12618282859, "highway": null, "place": "suburb", "power": null, "landuse": null, "name": "Đoàn Kết", "voltage": null, "circuits": null, "cables": null, "frequency": null, "substationTag": null, "lineTag": null, "operator": null, "location": null }, "geometry": { "type": "Point", "coordinates": [ 107.8860426, 13.0706893 ] } },
{ "type": "Feature", "properties": { "contextFeatureId": "VNM-S-003::settlements::node::12618282860", "projectId": "VNM-S-003", "projectName": "Xuan Thien Ea Sup Solar Power Complex", "countryCode": "VNM", "osmType": "node", "osmId": 12618282860, "highway": null, "place": "village", "power": null, "landuse": null, "name": "Buôn C", "voltage": null, "circuits": null, "cables": null, "frequency": null, "substationTag": null, "lineTag": null, "operator": null, "location": null }, "geometry": { "type": "Point", "coordinates": [ 107.8783422, 13.075862 ] } },
{ "type": "Feature", "properties": { "contextFeatureId": "VNM-S-003::settlements::node::12618282861", "projectId": "VNM-S-003", "projectName": "Xuan Thien Ea Sup Solar Power Complex", "countryCode": "VNM", "osmType": "node", "osmId": 12618282861, "highway": null, "place": "village", "power": null, "landuse": null, "name": "Buôn B2", "voltage": null, "circuits": null, "cables": null, "frequency": null, "substationTag": null, "lineTag": null, "operator": null, "location": null }, "geometry": { "type": "Point", "coordinates": [ 107.8771791, 13.0781816 ] } },
{ "type": "Feature", "properties": { "contextFeatureId": "VNM-S-003::settlements::node::12618282862", "projectId": "VNM-S-003", "projectName": "Xuan Thien Ea Sup Solar Power Complex", "countryCode": "VNM", "osmType": "node", "osmId": 12618282862, "highway": null, "place": "village", "power": null, "landuse": null, "name": "Buôn B1", "voltage": null, "circuits": null, "cables": null, "frequency": null, "substationTag": null, "lineTag": null, "operator": null, "location": null }, "geometry": { "type": "Point", "coordinates": [ 107.879535, 13.0797455 ] } },
{ "type": "Feature", "properties": { "contextFeatureId": "VNM-S-003::settlements::node::12618282863", "projectId": "VNM-S-003", "projectName": "Xuan Thien Ea Sup Solar Power Complex", "countryCode": "VNM", "osmType": "node", "osmId": 12618282863, "highway": null, "place": "village", "power": null, "landuse": null, "name": "Buôn A2", "voltage": null, "circuits": null, "cables": null, "frequency": null, "substationTag": null, "lineTag": null, "operator": null, "location": null }, "geometry": { "type": "Point", "coordinates": [ 107.8801561, 13.0731067 ] } },
{ "type": "Feature", "properties": { "contextFeatureId": "VNM-S-003::settlements::node::12618282864", "projectId": "VNM-S-003", "projectName": "Xuan Thien Ea Sup Solar Power Complex", "countryCode": "VNM", "osmType": "node", "osmId": 12618282864, "highway": null, "place": "village", "power": null, "landuse": null, "name": "Buôn A1", "voltage": null, "circuits": null, "cables": null, "frequency": null, "substationTag": null, "lineTag": null, "operator": null, "location": null }, "geometry": { "type": "Point", "coordinates": [ 107.8827253, 13.0760528 ] } },
{ "type": "Feature", "properties": { "contextFeatureId": "VNM-S-003::settlements::node::12618282865", "projectId": "VNM-S-003", "projectName": "Xuan Thien Ea Sup Solar Power Complex", "countryCode": "VNM", "osmType": "node", "osmId": 12618282865, "highway": null, "place": "village", "power": null, "landuse": null, "name": "Thôn 10", "voltage": null, "circuits": null, "cables": null, "frequency": null, "substationTag": null, "lineTag": null, "operator": null, "location": null }, "geometry": { "type": "Point", "coordinates": [ 107.8736349, 13.0822674 ] } },
{ "type": "Feature", "properties": { "contextFeatureId": "VNM-S-003::settlements::node::12618282866", "projectId": "VNM-S-003", "projectName": "Xuan Thien Ea Sup Solar Power Complex", "countryCode": "VNM", "osmType": "node", "osmId": 12618282866, "highway": null, "place": "village", "power": null, "landuse": null, "name": "Thôn 9", "voltage": null, "circuits": null, "cables": null, "frequency": null, "substationTag": null, "lineTag": null, "operator": null, "location": null }, "geometry": { "type": "Point", "coordinates": [ 107.8728601, 13.0668974 ] } },
{ "type": "Feature", "properties": { "contextFeatureId": "VNM-S-003::settlements::node::12618282867", "projectId": "VNM-S-003", "projectName": "Xuan Thien Ea Sup Solar Power Complex", "countryCode": "VNM", "osmType": "node", "osmId": 12618282867, "highway": null, "place": "village", "power": null, "landuse": null, "name": "Thôn 8", "voltage": null, "circuits": null, "cables": null, "frequency": null, "substationTag": null, "lineTag": null, "operator": null, "location": null }, "geometry": { "type": "Point", "coordinates": [ 107.8765258, 13.0655208 ] } },
{ "type": "Feature", "properties": { "contextFeatureId": "VNM-S-003::settlements::node::12618282868", "projectId": "VNM-S-003", "projectName": "Xuan Thien Ea Sup Solar Power Complex", "countryCode": "VNM", "osmType": "node", "osmId": 12618282868, "highway": null, "place": "village", "power": null, "landuse": null, "name": "Thôn 7", "voltage": null, "circuits": null, "cables": null, "frequency": null, "substationTag": null, "lineTag": null, "operator": null, "location": null }, "geometry": { "type": "Point", "coordinates": [ 107.8874447, 13.0568087 ] } },
{ "type": "Feature", "properties": { "contextFeatureId": "VNM-S-003::settlements::node::12618282869", "projectId": "VNM-S-003", "projectName": "Xuan Thien Ea Sup Solar Power Complex", "countryCode": "VNM", "osmType": "node", "osmId": 12618282869, "highway": null, "place": "village", "power": null, "landuse": null, "name": "Thôn 6", "voltage": null, "circuits": null, "cables": null, "frequency": null, "substationTag": null, "lineTag": null, "operator": null, "location": null }, "geometry": { "type": "Point", "coordinates": [ 107.8858285, 13.0617966 ] } },
{ "type": "Feature", "properties": { "contextFeatureId": "VNM-S-003::settlements::node::12618282870", "projectId": "VNM-S-003", "projectName": "Xuan Thien Ea Sup Solar Power Complex", "countryCode": "VNM", "osmType": "node", "osmId": 12618282870, "highway": null, "place": "village", "power": null, "landuse": null, "name": "Thôn 5", "voltage": null, "circuits": null, "cables": null, "frequency": null, "substationTag": null, "lineTag": null, "operator": null, "location": null }, "geometry": { "type": "Point", "coordinates": [ 107.892531, 13.0670637 ] } },
{ "type": "Feature", "properties": { "contextFeatureId": "VNM-S-003::settlements::node::12618282871", "projectId": "VNM-S-003", "projectName": "Xuan Thien Ea Sup Solar Power Complex", "countryCode": "VNM", "osmType": "node", "osmId": 12618282871, "highway": null, "place": "village", "power": null, "landuse": null, "name": "Thôn 4", "voltage": null, "circuits": null, "cables": null, "frequency": null, "substationTag": null, "lineTag": null, "operator": null, "location": null }, "geometry": { "type": "Point", "coordinates": [ 107.8901971, 13.0726873 ] } },
{ "type": "Feature", "properties": { "contextFeatureId": "VNM-S-003::settlements::node::12618282872", "projectId": "VNM-S-003", "projectName": "Xuan Thien Ea Sup Solar Power Complex", "countryCode": "VNM", "osmType": "node", "osmId": 12618282872, "highway": null, "place": "village", "power": null, "landuse": null, "name": "Thôn 3", "voltage": null, "circuits": null, "cables": null, "frequency": null, "substationTag": null, "lineTag": null, "operator": null, "location": null }, "geometry": { "type": "Point", "coordinates": [ 107.8894736, 13.075775 ] } },
{ "type": "Feature", "properties": { "contextFeatureId": "VNM-S-003::settlements::node::12618282873", "projectId": "VNM-S-003", "projectName": "Xuan Thien Ea Sup Solar Power Complex", "countryCode": "VNM", "osmType": "node", "osmId": 12618282873, "highway": null, "place": "village", "power": null, "landuse": null, "name": "Thôn 2", "voltage": null, "circuits": null, "cables": null, "frequency": null, "substationTag": null, "lineTag": null, "operator": null, "location": null }, "geometry": { "type": "Point", "coordinates": [ 107.8846582, 13.0729737 ] } },
{ "type": "Feature", "properties": { "contextFeatureId": "VNM-S-003::settlements::node::12618282874", "projectId": "VNM-S-003", "projectName": "Xuan Thien Ea Sup Solar Power Complex", "countryCode": "VNM", "osmType": "node", "osmId": 12618282874, "highway": null, "place": "village", "power": null, "landuse": null, "name": "Thôn 1", "voltage": null, "circuits": null, "cables": null, "frequency": null, "substationTag": null, "lineTag": null, "operator": null, "location": null }, "geometry": { "type": "Point", "coordinates": [ 107.8809686, 13.0780231 ] } },
{ "type": "Feature", "properties": { "contextFeatureId": "VNM-S-004::settlements::node::1614685595", "projectId": "VNM-S-004", "projectName": "Hoa Hoi Solar Power Plant", "countryCode": "VNM", "osmType": "node", "osmId": 1614685595, "highway": null, "place": "hamlet", "power": null, "landuse": null, "name": "Mỹ Thành", "voltage": null, "circuits": null, "cables": null, "frequency": null, "substationTag": null, "lineTag": null, "operator": null, "location": null }, "geometry": { "type": "Point", "coordinates": [ 109.2466899, 13.046228 ] } },
{ "type": "Feature", "properties": { "contextFeatureId": "VNM-S-004::settlements::node::1616049462", "projectId": "VNM-S-004", "projectName": "Hoa Hoi Solar Power Plant", "countryCode": "VNM", "osmType": "node", "osmId": 1616049462, "highway": null, "place": "hamlet", "power": null, "landuse": null, "name": "Phụng Tường", "voltage": null, "circuits": null, "cables": null, "frequency": null, "substationTag": null, "lineTag": null, "operator": null, "location": null }, "geometry": { "type": "Point", "coordinates": [ 109.2517003, 13.0815684 ] } },
{ "type": "Feature", "properties": { "contextFeatureId": "VNM-S-004::settlements::node::1622507582", "projectId": "VNM-S-004", "projectName": "Hoa Hoi Solar Power Plant", "countryCode": "VNM", "osmType": "node", "osmId": 1622507582, "highway": null, "place": "village", "power": null, "landuse": null, "name": "Xuân Hòa", "voltage": null, "circuits": null, "cables": null, "frequency": null, "substationTag": null, "lineTag": null, "operator": null, "location": null }, "geometry": { "type": "Point", "coordinates": [ 109.2485725, 13.1075152 ] } },
{ "type": "Feature", "properties": { "contextFeatureId": "VNM-S-004::settlements::node::1644008086", "projectId": "VNM-S-004", "projectName": "Hoa Hoi Solar Power Plant", "countryCode": "VNM", "osmType": "node", "osmId": 1644008086, "highway": null, "place": "village", "power": null, "landuse": null, "name": "Sơn Thọ", "voltage": null, "circuits": null, "cables": null, "frequency": null, "substationTag": null, "lineTag": null, "operator": null, "location": null }, "geometry": { "type": "Point", "coordinates": [ 109.2139919, 13.1370549 ] } },
{ "type": "Feature", "properties": { "contextFeatureId": "VNM-S-004::settlements::node::1645284663", "projectId": "VNM-S-004", "projectName": "Hoa Hoi Solar Power Plant", "countryCode": "VNM", "osmType": "node", "osmId": 1645284663, "highway": null, "place": "village", "power": null, "landuse": null, "name": "Mỹ Lệ", "voltage": null, "circuits": null, "cables": null, "frequency": null, "substationTag": null, "lineTag": null, "operator": null, "location": null }, "geometry": { "type": "Point", "coordinates": [ 109.2461089, 13.000345 ] } },
{ "type": "Feature", "properties": { "contextFeatureId": "VNM-S-004::settlements::node::4737904585", "projectId": "VNM-S-004", "projectName": "Hoa Hoi Solar Power Plant", "countryCode": "VNM", "osmType": "node", "osmId": 4737904585, "highway": null, "place": "town", "power": null, "landuse": null, "name": "Phú Thứ", "voltage": null, "circuits": null, "cables": null, "frequency": null, "substationTag": null, "lineTag": null, "operator": null, "location": null }, "geometry": { "type": "Point", "coordinates": [ 109.2395594, 12.9993929 ] } },
{ "type": "Feature", "properties": { "contextFeatureId": "VNM-S-004::settlements::node::4737980788", "projectId": "VNM-S-004", "projectName": "Hoa Hoi Solar Power Plant", "countryCode": "VNM", "osmType": "node", "osmId": 4737980788, "highway": null, "place": "town", "power": null, "landuse": null, "name": "Phú Hòa", "voltage": null, "circuits": null, "cables": null, "frequency": null, "substationTag": null, "lineTag": null, "operator": null, "location": null }, "geometry": { "type": "Point", "coordinates": [ 109.2124432, 13.0198352 ] } },
{ "type": "Feature", "properties": { "contextFeatureId": "VNM-S-004::settlements::node::4738410449", "projectId": "VNM-S-004", "projectName": "Hoa Hoi Solar Power Plant", "countryCode": "VNM", "osmType": "node", "osmId": 4738410449, "highway": null, "place": "village", "power": null, "landuse": null, "name": "Lạc Điền", "voltage": null, "circuits": null, "cables": null, "frequency": null, "substationTag": null, "lineTag": null, "operator": null, "location": null }, "geometry": { "type": "Point", "coordinates": [ 109.104484, 12.985458 ] } },
{ "type": "Feature", "properties": { "contextFeatureId": "VNM-S-004::settlements::node::4738410451", "projectId": "VNM-S-004", "projectName": "Hoa Hoi Solar Power Plant", "countryCode": "VNM", "osmType": "node", "osmId": 4738410451, "highway": null, "place": "village", "power": null, "landuse": null, "name": "Mỹ Phú", "voltage": null, "circuits": null, "cables": null, "frequency": null, "substationTag": null, "lineTag": null, "operator": null, "location": null }, "geometry": { "type": "Point", "coordinates": [ 109.182891, 12.9616 ] } },
{ "type": "Feature", "properties": { "contextFeatureId": "VNM-S-004::settlements::node::4738410454", "projectId": "VNM-S-004", "projectName": "Hoa Hoi Solar Power Plant", "countryCode": "VNM", "osmType": "node", "osmId": 4738410454, "highway": null, "place": "village", "power": null, "landuse": null, "name": "Phú Nhiêu", "voltage": null, "circuits": null, "cables": null, "frequency": null, "substationTag": null, "lineTag": null, "operator": null, "location": null }, "geometry": { "type": "Point", "coordinates": [ 109.216129, 12.965918 ] } },
{ "type": "Feature", "properties": { "contextFeatureId": "VNM-S-004::settlements::node::11980539657", "projectId": "VNM-S-004", "projectName": "Hoa Hoi Solar Power Plant", "countryCode": "VNM", "osmType": "node", "osmId": 11980539657, "highway": null, "place": "hamlet", "power": null, "landuse": null, "name": "Cẩm Sơn", "voltage": null, "circuits": null, "cables": null, "frequency": null, "substationTag": null, "lineTag": null, "operator": null, "location": null }, "geometry": { "type": "Point", "coordinates": [ 109.2285421, 13.0956986 ] } },
{ "type": "Feature", "properties": { "contextFeatureId": "VNM-S-004::settlements::node::11980539658", "projectId": "VNM-S-004", "projectName": "Hoa Hoi Solar Power Plant", "countryCode": "VNM", "osmType": "node", "osmId": 11980539658, "highway": null, "place": "hamlet", "power": null, "landuse": null, "name": "Ngọc Sơn Đông", "voltage": null, "circuits": null, "cables": null, "frequency": null, "substationTag": null, "lineTag": null, "operator": null, "location": null }, "geometry": { "type": "Point", "coordinates": [ 109.2108178, 13.0838884 ] } },
{ "type": "Feature", "properties": { "contextFeatureId": "VNM-S-004::settlements::node::11980539753", "projectId": "VNM-S-004", "projectName": "Hoa Hoi Solar Power Plant", "countryCode": "VNM", "osmType": "node", "osmId": 11980539753, "highway": null, "place": "hamlet", "power": null, "landuse": null, "name": "Ngọc Sơn Tây", "voltage": null, "circuits": null, "cables": null, "frequency": null, "substationTag": null, "lineTag": null, "operator": null, "location": null }, "geometry": { "type": "Point", "coordinates": [ 109.2028141, 13.0980377 ] } },
{ "type": "Feature", "properties": { "contextFeatureId": "VNM-S-004::settlements::node::11980539754", "projectId": "VNM-S-004", "projectName": "Hoa Hoi Solar Power Plant", "countryCode": "VNM", "osmType": "node", "osmId": 11980539754, "highway": null, "place": "hamlet", "power": null, "landuse": null, "name": "Đồng Mỹ", "voltage": null, "circuits": null, "cables": null, "frequency": null, "substationTag": null, "lineTag": null, "operator": null, "location": null }, "geometry": { "type": "Point", "coordinates": [ 109.2136502, 13.1071079 ] } },
{ "type": "Feature", "properties": { "contextFeatureId": "VNM-S-004::settlements::node::11980539755", "projectId": "VNM-S-004", "projectName": "Hoa Hoi Solar Power Plant", "countryCode": "VNM", "osmType": "node", "osmId": 11980539755, "highway": null, "place": "hamlet", "power": null, "landuse": null, "name": "Đồng Lãnh", "voltage": null, "circuits": null, "cables": null, "frequency": null, "substationTag": null, "lineTag": null, "operator": null, "location": null }, "geometry": { "type": "Point", "coordinates": [ 109.2160159, 13.0974838 ] } },
{ "type": "Feature", "properties": { "contextFeatureId": "VNM-W-001::settlements::node::428504674", "projectId": "VNM-W-001", "projectName": "Dien Bien 1 Wind Power Plant", "countryCode": "VNM", "osmType": "node", "osmId": 428504674, "highway": null, "place": "city", "power": null, "landuse": null, "name": "Điện Biên Phủ", "voltage": null, "circuits": null, "cables": null, "frequency": null, "substationTag": null, "lineTag": null, "operator": null, "location": null }, "geometry": { "type": "Point", "coordinates": [ 103.0159895, 21.3923593 ] } },
{ "type": "Feature", "properties": { "contextFeatureId": "VNM-W-001::settlements::node::5168773272", "projectId": "VNM-W-001", "projectName": "Dien Bien 1 Wind Power Plant", "countryCode": "VNM", "osmType": "node", "osmId": 5168773272, "highway": null, "place": "suburb", "power": null, "landuse": null, "name": "Noong Bua", "voltage": null, "circuits": null, "cables": null, "frequency": null, "substationTag": null, "lineTag": null, "operator": null, "location": null }, "geometry": { "type": "Point", "coordinates": [ 103.0339127, 21.3854622 ] } },
{ "type": "Feature", "properties": { "contextFeatureId": "VNM-W-001::settlements::node::11186666814", "projectId": "VNM-W-001", "projectName": "Dien Bien 1 Wind Power Plant", "countryCode": "VNM", "osmType": "node", "osmId": 11186666814, "highway": null, "place": "suburb", "power": null, "landuse": null, "name": "Mường Thanh", "voltage": null, "circuits": null, "cables": null, "frequency": null, "substationTag": null, "lineTag": null, "operator": null, "location": null }, "geometry": { "type": "Point", "coordinates": [ 103.0168652, 21.3872796 ] } },
{ "type": "Feature", "properties": { "contextFeatureId": "VNM-W-001::settlements::node::11186666815", "projectId": "VNM-W-001", "projectName": "Dien Bien 1 Wind Power Plant", "countryCode": "VNM", "osmType": "node", "osmId": 11186666815, "highway": null, "place": "suburb", "power": null, "landuse": null, "name": "Him Lam", "voltage": null, "circuits": null, "cables": null, "frequency": null, "substationTag": null, "lineTag": null, "operator": null, "location": null }, "geometry": { "type": "Point", "coordinates": [ 103.0291876, 21.4048827 ] } },
{ "type": "Feature", "properties": { "contextFeatureId": "VNM-W-001::settlements::node::11186666816", "projectId": "VNM-W-001", "projectName": "Dien Bien 1 Wind Power Plant", "countryCode": "VNM", "osmType": "node", "osmId": 11186666816, "highway": null, "place": "suburb", "power": null, "landuse": null, "name": "Tân Thanh", "voltage": null, "circuits": null, "cables": null, "frequency": null, "substationTag": null, "lineTag": null, "operator": null, "location": null }, "geometry": { "type": "Point", "coordinates": [ 103.0211767, 21.3973776 ] } },
{ "type": "Feature", "properties": { "contextFeatureId": "VNM-W-001::settlements::node::11186666817", "projectId": "VNM-W-001", "projectName": "Dien Bien 1 Wind Power Plant", "countryCode": "VNM", "osmType": "node", "osmId": 11186666817, "highway": null, "place": "suburb", "power": null, "landuse": null, "name": "Thanh Bình", "voltage": null, "circuits": null, "cables": null, "frequency": null, "substationTag": null, "lineTag": null, "operator": null, "location": null }, "geometry": { "type": "Point", "coordinates": [ 103.0066901, 21.4033812 ] } },
{ "type": "Feature", "properties": { "contextFeatureId": "VNM-W-002::settlements::node::369492189", "projectId": "VNM-W-002", "projectName": "Nam Bung Wind Power Plant", "countryCode": "VNM", "osmType": "node", "osmId": 369492189, "highway": null, "place": "village", "power": null, "landuse": null, "name": "Púng Luông", "voltage": null, "circuits": null, "cables": null, "frequency": null, "substationTag": null, "lineTag": null, "operator": null, "location": null }, "geometry": { "type": "Point", "coordinates": [ 104.2177793, 21.7474253 ] } },
{ "type": "Feature", "properties": { "contextFeatureId": "VNM-W-002::settlements::node::4444222260", "projectId": "VNM-W-002", "projectName": "Nam Bung Wind Power Plant", "countryCode": "VNM", "osmType": "node", "osmId": 4444222260, "highway": null, "place": "hamlet", "power": null, "landuse": null, "name": "Chao", "voltage": null, "circuits": null, "cables": null, "frequency": null, "substationTag": null, "lineTag": null, "operator": null, "location": null }, "geometry": { "type": "Point", "coordinates": [ 104.3023595, 21.7886613 ] } },
{ "type": "Feature", "properties": { "contextFeatureId": "VNM-W-002::settlements::node::5722984721", "projectId": "VNM-W-002", "projectName": "Nam Bung Wind Power Plant", "countryCode": "VNM", "osmType": "node", "osmId": 5722984721, "highway": null, "place": "village", "power": null, "landuse": null, "name": "Tú Lệ", "voltage": null, "circuits": null, "cables": null, "frequency": null, "substationTag": null, "lineTag": null, "operator": null, "location": null }, "geometry": { "type": "Point", "coordinates": [ 104.3001275, 21.7901673 ] } },
{ "type": "Feature", "properties": { "contextFeatureId": "VNM-W-002::settlements::node::5753177916", "projectId": "VNM-W-002", "projectName": "Nam Bung Wind Power Plant", "countryCode": "VNM", "osmType": "node", "osmId": 5753177916, "highway": null, "place": "village", "power": null, "landuse": null, "name": "Ngã Ba Kim", "voltage": null, "circuits": null, "cables": null, "frequency": null, "substationTag": null, "lineTag": null, "operator": null, "location": null }, "geometry": { "type": "Point", "coordinates": [ 104.1726503, 21.7672183 ] } },
{ "type": "Feature", "properties": { "contextFeatureId": "VNM-W-002::settlements::node::5754001197", "projectId": "VNM-W-002", "projectName": "Nam Bung Wind Power Plant", "countryCode": "VNM", "osmType": "node", "osmId": 5754001197, "highway": null, "place": "village", "power": null, "landuse": null, "name": "Púng Luông", "voltage": null, "circuits": null, "cables": null, "frequency": null, "substationTag": null, "lineTag": null, "operator": null, "location": null }, "geometry": { "type": "Point", "coordinates": [ 104.1930485, 21.7438947 ] } }
]
}
