{
"type": "FeatureCollection",
"name": "context_substations",
"crs": { "type": "name", "properties": { "name": "urn:ogc:def:crs:OGC:1.3:CRS84" } },
"features": [
{ "type": "Feature", "properties": { "contextFeatureId": "IDN-W-001::substations::way::252566435", "projectId": "IDN-W-001", "projectName": "Sidrap I Wind Power Plant", "countryCode": "IDN", "osmType": "way", "osmId": 252566435, "highway": null, "place": null, "power": "substation", "landuse": null, "name": "Gardu Induk Sidrap", "voltage": "150000", "circuits": null, "cables": null, "frequency": null, "substationTag": "transmission", "lineTag": null, "operator": "PLN", "location": "outdoor" }, "geometry": { "type": "Polygon", "coordinates": [ [ [ 119.7520898, -3.9156524 ], [ 119.7524416, -3.9157597 ], [ 119.7537579, -3.916286 ], [ 119.7531588, -3.9177406 ], [ 119.751524, -3.9170399 ], [ 119.7520898, -3.9156524 ] ] ] } },
{ "type": "Feature", "properties": { "contextFeatureId": "IDN-W-001::substations::way::257725651", "projectId": "IDN-W-001", "projectName": "Sidrap I Wind Power Plant", "countryCode": "IDN", "osmType": "way", "osmId": 257725651, "highway": null, "place": null, "power": "substation", "landuse": null, "name": "Gardu Induk Parepare", "voltage": "150000", "circuits": null, "cables": null, "frequency": null, "substationTag": "transmission", "lineTag": null, "operator": null, "location": "outdoor" }, "geometry": { "type": "Polygon", "coordinates": [ [ [ 119.6359205, -4.021464 ], [ 119.6361834, -4.0215256 ], [ 119.6369264, -4.0220072 ], [ 119.6370658, -4.0220313 ], [ 119.6376854, -4.0220259 ], [ 119.637967, -4.0220179 ], [ 119.6378463, -4.0230855 ], [ 119.6359795, -4.0228554 ], [ 119.635537, -4.022842 ], [ 119.6355799, -4.0222694 ], [ 119.6358025, -4.0220313 ], [ 119.6359205, -4.021464 ] ] ] } },
{ "type": "Feature", "properties": { "contextFeatureId": "IDN-W-001::substations::way::399724592", "projectId": "IDN-W-001", "projectName": "Sidrap I Wind Power Plant", "countryCode": "IDN", "osmType": "way", "osmId": 399724592, "highway": null, "place": null, "power": "substation", "landuse": null, "name": null, "voltage": "150000", "circuits": null, "cables": null, "frequency": null, "substationTag": "transmission", "lineTag": null, "operator": null, "location": "outdoor" }, "geometry": { "type": "Polygon", "coordinates": [ [ [ 119.6240751, -3.969956 ], [ 119.6245699, -3.9699239 ], [ 119.6245485, -3.9691118 ], [ 119.6240737, -3.9691199 ], [ 119.6240751, -3.969956 ] ] ] } },
{ "type": "Feature", "properties": { "contextFeatureId": "IDN-W-001::substations::way::604841862", "projectId": "IDN-W-001", "projectName": "Sidrap I Wind Power Plant", "countryCode": "IDN", "osmType": "way", "osmId": 604841862, "highway": null, "place": null, "power": "substation", "landuse": null, "name": "Gardu Induk PLTB Sidrap", "voltage": "150000", "circuits": null, "cables": null, "frequency": null, "substationTag": null, "lineTag": null, "operator": null, "location": "outdoor" }, "geometry": { "type": "Polygon", "coordinates": [ [ [ 119.7106992, -3.9669673 ], [ 119.7102861, -3.9684187 ], [ 119.7092971, -3.9681386 ], [ 119.7097103, -3.9666871 ], [ 119.7106992, -3.9669673 ] ] ] } },
{ "type": "Feature", "properties": { "contextFeatureId": "IDN-W-001::substations::way::1347242746", "projectId": "IDN-W-001", "projectName": "Sidrap I Wind Power Plant", "countryCode": "IDN", "osmType": "way", "osmId": 1347242746, "highway": null, "place": null, "power": "substation", "landuse": null, "name": "PLN ULG Parepare", "voltage": null, "circuits": null, "cables": null, "frequency": null, "substationTag": "yes", "lineTag": null, "operator": "Perusahaan Listrik Negara", "location": null }, "geometry": { "type": "Polygon", "coordinates": [ [ [ 119.6364351, -4.0212733 ], [ 119.6363989, -4.0214716 ], [ 119.6366283, -4.0216335 ], [ 119.6366752, -4.021299 ], [ 119.6364351, -4.0212733 ] ] ] } },
{ "type": "Feature", "properties": { "contextFeatureId": "MYS-S-001::substations::node::8226808857", "projectId": "MYS-S-001", "projectName": "TNB Sepang Solar", "countryCode": "MYS", "osmType": "node", "osmId": 8226808857, "highway": null, "place": null, "power": "substation", "landuse": null, "name": null, "voltage": null, "circuits": null, "cables": null, "frequency": null, "substationTag": "distribution", "lineTag": null, "operator": null, "location": null }, "geometry": { "type": "Point", "coordinates": [ 101.577078, 2.8334538 ] } },
{ "type": "Feature", "properties": { "contextFeatureId": "MYS-S-001::substations::way::162362045", "projectId": "MYS-S-001", "projectName": "TNB Sepang Solar", "countryCode": "MYS", "osmType": "way", "osmId": 162362045, "highway": null, "place": null, "power": "substation", "landuse": null, "name": null, "voltage": "132000", "circuits": null, "cables": null, "frequency": null, "substationTag": "transmission", "lineTag": null, "operator": "Tenaga Nasional", "location": "outdoor" }, "geometry": { "type": "Polygon", "coordinates": [ [ [ 101.5527152, 2.8378082 ], [ 101.5534254, 2.8378131 ], [ 101.5534311, 2.8370022 ], [ 101.5527209, 2.8369972 ], [ 101.5527152, 2.8378082 ] ] ] } },
{ "type": "Feature", "properties": { "contextFeatureId": "MYS-S-001::substations::way::162362060", "projectId": "MYS-S-001", "projectName": "TNB Sepang Solar", "countryCode": "MYS", "osmType": "way", "osmId": 162362060, "highway": null, "place": null, "power": "substation", "landuse": null, "name": "PMU Olak Lempit 500/275/132 kV", "voltage": "500000;275000;132000", "circuits": null, "cables": null, "frequency": null, "substationTag": "transmission", "lineTag": null, "operator": "Tenaga Nasional", "location": null }, "geometry": { "type": "Polygon", "coordinates": [ [ [ 101.5760281, 2.8479381 ], [ 101.5753637, 2.847797 ], [ 101.5752206, 2.8478021 ], [ 101.5750804, 2.8486153 ], [ 101.5750959, 2.8487222 ], [ 101.5751956, 2.8488088 ], [ 101.5761131, 2.8489508 ], [ 101.5761935, 2.8490338 ], [ 101.5764175, 2.8490648 ], [ 101.5763902, 2.8492492 ], [ 101.5764481, 2.8493238 ], [ 101.5770718, 2.8494157 ], [ 101.5771566, 2.8493371 ], [ 101.5771723, 2.849208 ], [ 101.5773726, 2.8492478 ], [ 101.5778994, 2.8460885 ], [ 101.5786655, 2.8460667 ], [ 101.5786703, 2.8459953 ], [ 101.5786821, 2.8459416 ], [ 101.5779255, 2.8459483 ], [ 101.5778826, 2.8456737 ], [ 101.577782, 2.8455022 ], [ 101.5776667, 2.8453964 ], [ 101.5775728, 2.845375 ], [ 101.5755624, 2.8450965 ], [ 101.5754458, 2.8450803 ], [ 101.5754753, 2.8447642 ], [ 101.5748236, 2.8446758 ], [ 101.5747733, 2.8449873 ], [ 101.5730948, 2.84474 ], [ 101.5727403, 2.8471397 ], [ 101.576513, 2.8476805 ], [ 101.5763108, 2.8488 ], [ 101.5762679, 2.8488469 ], [ 101.5759434, 2.8487852 ], [ 101.5759099, 2.8487518 ], [ 101.5759045, 2.8486982 ], [ 101.5760281, 2.8479381 ] ] ] } },
{ "type": "Feature", "properties": { "contextFeatureId": "MYS-S-001::substations::way::164030103", "projectId": "MYS-S-001", "projectName": "TNB Sepang Solar", "countryCode": "MYS", "osmType": "way", "osmId": 164030103, "highway": null, "place": null, "power": "substation", "landuse": null, "name": "PMU 275kV Megasteel (MSTL)", "voltage": "275000", "circuits": null, "cables": null, "frequency": null, "substationTag": "transmission", "lineTag": null, "operator": "Tenaga Nasional", "location": null }, "geometry": { "type": "Polygon", "coordinates": [ [ [ 101.5967774, 2.8051814 ], [ 101.5980388, 2.8047033 ], [ 101.5975437, 2.8033751 ], [ 101.596287, 2.8038579 ], [ 101.5967774, 2.8051814 ] ] ] } },
{ "type": "Feature", "properties": { "contextFeatureId": "MYS-S-001::substations::way::192402670", "projectId": "MYS-S-001", "projectName": "TNB Sepang Solar", "countryCode": "MYS", "osmType": "way", "osmId": 192402670, "highway": null, "place": null, "power": "substation", "landuse": null, "name": "Pencawang Masuk Utama 132/33 kV Banting", "voltage": "132000;33000", "circuits": null, "cables": null, "frequency": null, "substationTag": "transmission", "lineTag": null, "operator": "Tenaga Nasional", "location": null }, "geometry": { "type": "Polygon", "coordinates": [ [ [ 101.5352657, 2.8352606 ], [ 101.5360472, 2.8359718 ], [ 101.536193, 2.8358153 ], [ 101.5367295, 2.8352395 ], [ 101.5359245, 2.8345149 ], [ 101.5358795, 2.8345659 ], [ 101.5352657, 2.8352606 ] ] ] } },
{ "type": "Feature", "properties": { "contextFeatureId": "MYS-S-001::substations::way::492388990", "projectId": "MYS-S-001", "projectName": "TNB Sepang Solar", "countryCode": "MYS", "osmType": "way", "osmId": 492388990, "highway": null, "place": null, "power": "substation", "landuse": null, "name": null, "voltage": "275000", "circuits": null, "cables": null, "frequency": null, "substationTag": "transmission", "lineTag": null, "operator": "Tenaga Nasional", "location": "outdoor" }, "geometry": { "type": "Polygon", "coordinates": [ [ [ 101.5496131, 2.8354789 ], [ 101.5505157, 2.8354636 ], [ 101.5505348, 2.8365904 ], [ 101.5496324, 2.8366057 ], [ 101.5496131, 2.8354789 ] ] ] } },
{ "type": "Feature", "properties": { "contextFeatureId": "MYS-S-001::substations::way::750330545", "projectId": "MYS-S-001", "projectName": "TNB Sepang Solar", "countryCode": "MYS", "osmType": "way", "osmId": 750330545, "highway": null, "place": null, "power": "substation", "landuse": null, "name": null, "voltage": null, "circuits": null, "cables": null, "frequency": null, "substationTag": null, "lineTag": null, "operator": null, "location": null }, "geometry": { "type": "Polygon", "coordinates": [ [ [ 101.6116318, 2.7817674 ], [ 101.6116312, 2.7815919 ], [ 101.6119966, 2.7815906 ], [ 101.6119973, 2.781766 ], [ 101.6116318, 2.7817674 ] ] ] } },
{ "type": "Feature", "properties": { "contextFeatureId": "MYS-S-001::substations::way::825638416", "projectId": "MYS-S-001", "projectName": "TNB Sepang Solar", "countryCode": "MYS", "osmType": "way", "osmId": 825638416, "highway": null, "place": null, "power": "substation", "landuse": null, "name": "Pencawang Elektrik Taman Banting", "voltage": null, "circuits": null, "cables": null, "frequency": null, "substationTag": "minor_distribution", "lineTag": null, "operator": "Tenaga Nasional", "location": null }, "geometry": { "type": "Polygon", "coordinates": [ [ [ 101.5024425, 2.8169037 ], [ 101.5025082, 2.8168146 ], [ 101.5023471, 2.816696 ], [ 101.5022813, 2.816785 ], [ 101.5024425, 2.8169037 ] ] ] } },
{ "type": "Feature", "properties": { "contextFeatureId": "MYS-S-001::substations::way::1186222757", "projectId": "MYS-S-001", "projectName": "TNB Sepang Solar", "countryCode": "MYS", "osmType": "way", "osmId": 1186222757, "highway": null, "place": null, "power": "substation", "landuse": null, "name": null, "voltage": null, "circuits": null, "cables": null, "frequency": null, "substationTag": null, "lineTag": null, "operator": "Tenaga Nasional", "location": null }, "geometry": { "type": "Polygon", "coordinates": [ [ [ 101.4453161, 2.7497673 ], [ 101.4456674, 2.7499456 ], [ 101.4458475, 2.7495914 ], [ 101.4454963, 2.7494131 ], [ 101.4453161, 2.7497673 ] ] ] } },
{ "type": "Feature", "properties": { "contextFeatureId": "MYS-S-002::substations::node::6154763979", "projectId": "MYS-S-002", "projectName": "Gurun Quantum Solar PV Park", "countryCode": "MYS", "osmType": "node", "osmId": 6154763979, "highway": null, "place": null, "power": "substation", "landuse": null, "name": "PATOD Batu 17", "voltage": null, "circuits": null, "cables": null, "frequency": null, "substationTag": null, "lineTag": null, "operator": null, "location": null }, "geometry": { "type": "Point", "coordinates": [ 100.4426511, 5.8881146 ] } },
{ "type": "Feature", "properties": { "contextFeatureId": "MYS-S-002::substations::way::324258659", "projectId": "MYS-S-002", "projectName": "Gurun Quantum Solar PV Park", "countryCode": "MYS", "osmType": "way", "osmId": 324258659, "highway": null, "place": null, "power": "substation", "landuse": null, "name": "PMU Gurun (East)", "voltage": "300000;275000;132000", "circuits": null, "cables": null, "frequency": "0;50;50", "substationTag": "converter", "lineTag": null, "operator": null, "location": "outdoor" }, "geometry": { "type": "Polygon", "coordinates": [ [ [ 100.5311574, 5.8160417 ], [ 100.5314902, 5.8158853 ], [ 100.5329123, 5.8156749 ], [ 100.5338557, 5.8149317 ], [ 100.5347359, 5.8144716 ], [ 100.5348047, 5.8144325 ], [ 100.5347981, 5.8142672 ], [ 100.5363211, 5.8139784 ], [ 100.5364711, 5.8138427 ], [ 100.5362184, 5.8093432 ], [ 100.5327779, 5.8095472 ], [ 100.5327118, 5.8081182 ], [ 100.5307596, 5.8081783 ], [ 100.5311574, 5.8160417 ] ] ] } },
{ "type": "Feature", "properties": { "contextFeatureId": "MYS-S-002::substations::way::505013804", "projectId": "MYS-S-002", "projectName": "Gurun Quantum Solar PV Park", "countryCode": "MYS", "osmType": "way", "osmId": 505013804, "highway": null, "place": null, "power": "substation", "landuse": null, "name": "Pencawang Masuk Utama 132/11kV Guar Chempedak", "voltage": "132000;11000", "circuits": null, "cables": null, "frequency": null, "substationTag": "transmission", "lineTag": null, "operator": "Tenaga Nasional Berhad", "location": "outdoor" }, "geometry": { "type": "Polygon", "coordinates": [ [ [ 100.4541281, 5.8570992 ], [ 100.4536793, 5.8568975 ], [ 100.4537865, 5.85646 ], [ 100.4542568, 5.8565742 ], [ 100.4541281, 5.8570992 ] ] ] } },
{ "type": "Feature", "properties": { "contextFeatureId": "MYS-S-002::substations::way::552000737", "projectId": "MYS-S-002", "projectName": "Gurun Quantum Solar PV Park", "countryCode": "MYS", "osmType": "way", "osmId": 552000737, "highway": null, "place": null, "power": "substation", "landuse": null, "name": null, "voltage": "132000", "circuits": null, "cables": null, "frequency": null, "substationTag": null, "lineTag": null, "operator": null, "location": null }, "geometry": { "type": "Polygon", "coordinates": [ [ [ 100.5012681, 5.8338637 ], [ 100.5015059, 5.8338571 ], [ 100.5014885, 5.833238 ], [ 100.5012506, 5.8332447 ], [ 100.5012527, 5.8333192 ], [ 100.5012681, 5.8338637 ] ] ] } },
{ "type": "Feature", "properties": { "contextFeatureId": "MYS-S-002::substations::way::552000740", "projectId": "MYS-S-002", "projectName": "Gurun Quantum Solar PV Park", "countryCode": "MYS", "osmType": "way", "osmId": 552000740, "highway": null, "place": null, "power": "substation", "landuse": null, "name": null, "voltage": "132000", "circuits": null, "cables": null, "frequency": null, "substationTag": "transmission", "lineTag": null, "operator": null, "location": null }, "geometry": { "type": "Polygon", "coordinates": [ [ [ 100.4671195, 5.822694 ], [ 100.4683071, 5.8227058 ], [ 100.4686374, 5.8224338 ], [ 100.4686993, 5.8210877 ], [ 100.4685784, 5.8210863 ], [ 100.4671383, 5.821069 ], [ 100.4671195, 5.822694 ] ] ] } },
{ "type": "Feature", "properties": { "contextFeatureId": "MYS-S-002::substations::way::552000742", "projectId": "MYS-S-002", "projectName": "Gurun Quantum Solar PV Park", "countryCode": "MYS", "osmType": "way", "osmId": 552000742, "highway": null, "place": null, "power": "substation", "landuse": null, "name": null, "voltage": "275000", "circuits": null, "cables": null, "frequency": null, "substationTag": "transmission", "lineTag": null, "operator": null, "location": "outdoor" }, "geometry": { "type": "Polygon", "coordinates": [ [ [ 100.5000274, 5.7832477 ], [ 100.4998156, 5.7833956 ], [ 100.4995742, 5.7847245 ], [ 100.5009663, 5.7849513 ], [ 100.5012149, 5.7834412 ], [ 100.5000274, 5.7832477 ] ] ] } },
{ "type": "Feature", "properties": { "contextFeatureId": "MYS-S-002::substations::way::1343517067", "projectId": "MYS-S-002", "projectName": "Gurun Quantum Solar PV Park", "countryCode": "MYS", "osmType": "way", "osmId": 1343517067, "highway": null, "place": null, "power": "substation", "landuse": null, "name": null, "voltage": null, "circuits": null, "cables": null, "frequency": null, "substationTag": null, "lineTag": null, "operator": "Tenaga Nasional", "location": null }, "geometry": { "type": "Polygon", "coordinates": [ [ [ 100.5066772, 5.8766005 ], [ 100.5066754, 5.8765191 ], [ 100.5066297, 5.8765202 ], [ 100.5066315, 5.8766015 ], [ 100.5066772, 5.8766005 ] ] ] } },
{ "type": "Feature", "properties": { "contextFeatureId": "MYS-S-002::substations::way::1489708770", "projectId": "MYS-S-002", "projectName": "Gurun Quantum Solar PV Park", "countryCode": "MYS", "osmType": "way", "osmId": 1489708770, "highway": null, "place": null, "power": "substation", "landuse": "industrial", "name": "Gurun Feeder Station", "voltage": "132000;25000", "circuits": null, "cables": null, "frequency": "50", "substationTag": "traction", "lineTag": null, "operator": "KTMB", "location": "outdoor" }, "geometry": { "type": "Polygon", "coordinates": [ [ [ 100.4761814, 5.8385735 ], [ 100.4767018, 5.8385823 ], [ 100.476707, 5.8382829 ], [ 100.4761866, 5.838274 ], [ 100.4761814, 5.8385735 ] ] ] } },
{ "type": "Feature", "properties": { "contextFeatureId": "PHL-S-001::substations::node::3191141151", "projectId": "PHL-S-001", "projectName": "Olongapo Solar Power Project", "countryCode": "PHL", "osmType": "node", "osmId": 3191141151, "highway": null, "place": null, "power": "substation", "landuse": null, "name": "Zameco II Sub-Station", "voltage": null, "circuits": null, "cables": null, "frequency": null, "substationTag": null, "lineTag": null, "operator": null, "location": null }, "geometry": { "type": "Point", "coordinates": [ 120.2373457, 14.8951558 ] } },
{ "type": "Feature", "properties": { "contextFeatureId": "PHL-S-001::substations::way::114823642", "projectId": "PHL-S-001", "projectName": "Olongapo Solar Power Project", "countryCode": "PHL", "osmType": "way", "osmId": 114823642, "highway": null, "place": null, "power": "substation", "landuse": null, "name": "Olongapo Substation", "voltage": null, "circuits": null, "cables": null, "frequency": null, "substationTag": "yes", "lineTag": null, "operator": "National Grid Corporation of the Philippines", "location": null }, "geometry": { "type": "Polygon", "coordinates": [ [ [ 120.2716633, 14.8373361 ], [ 120.2709391, 14.8369317 ], [ 120.2706048, 14.8375647 ], [ 120.2710946, 14.8378039 ], [ 120.2713385, 14.8380266 ], [ 120.2715454, 14.837656 ], [ 120.271504, 14.837608 ], [ 120.2716633, 14.8373361 ] ] ] } },
{ "type": "Feature", "properties": { "contextFeatureId": "PHL-S-001::substations::way::289014005", "projectId": "PHL-S-001", "projectName": "Olongapo Solar Power Project", "countryCode": "PHL", "osmType": "way", "osmId": 289014005, "highway": null, "place": null, "power": "substation", "landuse": null, "name": "Subic Enerzone Central Substation", "voltage": null, "circuits": null, "cables": null, "frequency": null, "substationTag": null, "lineTag": null, "operator": "Subic EnerZone Corporation", "location": null }, "geometry": { "type": "Polygon", "coordinates": [ [ [ 120.2847854, 14.823623 ], [ 120.2847691, 14.8232583 ], [ 120.2855588, 14.823209 ], [ 120.2855819, 14.8236598 ], [ 120.2848641, 14.8236703 ], [ 120.2847854, 14.823623 ] ] ] } },
{ "type": "Feature", "properties": { "contextFeatureId": "PHL-S-001::substations::way::330751276", "projectId": "PHL-S-001", "projectName": "Olongapo Solar Power Project", "countryCode": "PHL", "osmType": "way", "osmId": 330751276, "highway": null, "place": null, "power": "substation", "landuse": null, "name": null, "voltage": null, "circuits": null, "cables": null, "frequency": null, "substationTag": null, "lineTag": null, "operator": null, "location": null }, "geometry": { "type": "Polygon", "coordinates": [ [ [ 120.2644922, 14.7990117 ], [ 120.2646728, 14.7988781 ], [ 120.264566, 14.7987432 ], [ 120.2643854, 14.7988768 ], [ 120.2644922, 14.7990117 ] ] ] } },
{ "type": "Feature", "properties": { "contextFeatureId": "PHL-S-001::substations::way::474374213", "projectId": "PHL-S-001", "projectName": "Olongapo Solar Power Project", "countryCode": "PHL", "osmType": "way", "osmId": 474374213, "highway": null, "place": null, "power": "substation", "landuse": null, "name": "CBMU Substation", "voltage": null, "circuits": null, "cables": null, "frequency": null, "substationTag": null, "lineTag": null, "operator": "Olongapo Electricity Distribution Company", "location": null }, "geometry": { "type": "Polygon", "coordinates": [ [ [ 120.2768979, 14.8366545 ], [ 120.2767421, 14.8367596 ], [ 120.2768226, 14.8368711 ], [ 120.2769783, 14.836766 ], [ 120.2768979, 14.8366545 ] ] ] } },
{ "type": "Feature", "properties": { "contextFeatureId": "PHL-S-001::substations::way::520432597", "projectId": "PHL-S-001", "projectName": "Olongapo Solar Power Project", "countryCode": "PHL", "osmType": "way", "osmId": 520432597, "highway": null, "place": null, "power": "substation", "landuse": null, "name": "JSI Subic Solar Farm Substation", "voltage": null, "circuits": null, "cables": null, "frequency": null, "substationTag": "generation", "lineTag": null, "operator": "JSI/EPI", "location": null }, "geometry": { "type": "Polygon", "coordinates": [ [ [ 120.3614383, 14.8029198 ], [ 120.3610453, 14.8028796 ], [ 120.3611271, 14.8018325 ], [ 120.3615636, 14.8018806 ], [ 120.3614383, 14.8029198 ] ] ] } },
{ "type": "Feature", "properties": { "contextFeatureId": "PHL-S-001::substations::way::972983003", "projectId": "PHL-S-001", "projectName": "Olongapo Solar Power Project", "countryCode": "PHL", "osmType": "way", "osmId": 972983003, "highway": null, "place": null, "power": "substation", "landuse": null, "name": null, "voltage": null, "circuits": null, "cables": null, "frequency": null, "substationTag": null, "lineTag": null, "operator": "Subic EnerZone Corporation", "location": null }, "geometry": { "type": "Polygon", "coordinates": [ [ [ 120.3013107, 14.8172033 ], [ 120.3013145, 14.8173085 ], [ 120.3017688, 14.8173307 ], [ 120.3017497, 14.8178846 ], [ 120.3014824, 14.818004 ], [ 120.3013011, 14.8179599 ], [ 120.3003105, 14.8179488 ], [ 120.3003277, 14.8171996 ], [ 120.3013107, 14.8172033 ] ] ] } },
{ "type": "Feature", "properties": { "contextFeatureId": "PHL-S-001::substations::way::1183710165", "projectId": "PHL-S-001", "projectName": "Olongapo Solar Power Project", "countryCode": "PHL", "osmType": "way", "osmId": 1183710165, "highway": null, "place": null, "power": "substation", "landuse": null, "name": "Kale Substation", "voltage": null, "circuits": null, "cables": null, "frequency": null, "substationTag": null, "lineTag": null, "operator": "Olongapo Electricity Distribution Company", "location": null }, "geometry": { "type": "Polygon", "coordinates": [ [ [ 120.2717905, 14.8372698 ], [ 120.2719742, 14.8368809 ], [ 120.272111, 14.8371557 ], [ 120.2718723, 14.837332 ], [ 120.2717905, 14.8372698 ] ] ] } },
{ "type": "Feature", "properties": { "contextFeatureId": "PHL-S-001::substations::way::1183710167", "projectId": "PHL-S-001", "projectName": "Olongapo Solar Power Project", "countryCode": "PHL", "osmType": "way", "osmId": 1183710167, "highway": null, "place": null, "power": "substation", "landuse": null, "name": "SBIP Substation", "voltage": null, "circuits": null, "cables": null, "frequency": null, "substationTag": null, "lineTag": null, "operator": "Subic EnerZone Corporation", "location": null }, "geometry": { "type": "Polygon", "coordinates": [ [ [ 120.29761, 14.8280798 ], [ 120.2978428, 14.8280676 ], [ 120.2978844, 14.8288078 ], [ 120.2976516, 14.82882 ], [ 120.29761, 14.8280798 ] ] ] } },
{ "type": "Feature", "properties": { "contextFeatureId": "PHL-S-001::substations::way::1183710168", "projectId": "PHL-S-001", "projectName": "Olongapo Solar Power Project", "countryCode": "PHL", "osmType": "way", "osmId": 1183710168, "highway": null, "place": null, "power": "substation", "landuse": null, "name": "Maritan Substation", "voltage": null, "circuits": null, "cables": null, "frequency": null, "substationTag": null, "lineTag": null, "operator": "Subic EnerZone Corporation", "location": null }, "geometry": { "type": "Polygon", "coordinates": [ [ [ 120.2986671, 14.8173666 ], [ 120.2985764, 14.8173706 ], [ 120.2985698, 14.8177921 ], [ 120.2990817, 14.8177764 ], [ 120.2990669, 14.817422 ], [ 120.2986671, 14.8173666 ] ] ] } },
{ "type": "Feature", "properties": { "contextFeatureId": "PHL-S-001::substations::way::1183710169", "projectId": "PHL-S-001", "projectName": "Olongapo Solar Power Project", "countryCode": "PHL", "osmType": "way", "osmId": 1183710169, "highway": null, "place": null, "power": "substation", "landuse": null, "name": "Cubi Substation", "voltage": null, "circuits": null, "cables": null, "frequency": null, "substationTag": null, "lineTag": null, "operator": "Subic EnerZone Corporation", "location": null }, "geometry": { "type": "Polygon", "coordinates": [ [ [ 120.2865829, 14.7917825 ], [ 120.2867886, 14.7916459 ], [ 120.2866089, 14.791393 ], [ 120.2864031, 14.7915297 ], [ 120.2865829, 14.7917825 ] ] ] } },
{ "type": "Feature", "properties": { "contextFeatureId": "PHL-S-001::substations::way::1211829495", "projectId": "PHL-S-001", "projectName": "Olongapo Solar Power Project", "countryCode": "PHL", "osmType": "way", "osmId": 1211829495, "highway": null, "place": null, "power": "substation", "landuse": null, "name": "Pinulot Substation", "voltage": "69000", "circuits": null, "cables": null, "frequency": null, "substationTag": "distribution", "lineTag": null, "operator": "Peninsula Electric Cooperative", "location": null }, "geometry": { "type": "Polygon", "coordinates": [ [ [ 120.3902647, 14.8498168 ], [ 120.3903094, 14.8495633 ], [ 120.3904639, 14.8495771 ], [ 120.3904233, 14.8498306 ], [ 120.3902647, 14.8498168 ] ] ] } },
{ "type": "Feature", "properties": { "contextFeatureId": "PHL-S-002::substations::way::157339625", "projectId": "PHL-S-002", "projectName": "Cayanga-Bugallon Solar Power Plant", "countryCode": "PHL", "osmType": "way", "osmId": 157339625, "highway": null, "place": null, "power": "substation", "landuse": null, "name": "Bolo Substation", "voltage": "500000;230000", "circuits": null, "cables": null, "frequency": "60", "substationTag": "transmission", "lineTag": null, "operator": "National Grid Corporation of the Philippines", "location": null }, "geometry": { "type": "Polygon", "coordinates": [ [ [ 120.1612265, 15.9804322 ], [ 120.1611906, 15.9807288 ], [ 120.1614307, 15.9810889 ], [ 120.1617668, 15.9811333 ], [ 120.1619927, 15.980948 ], [ 120.1626643, 15.9799568 ], [ 120.1638292, 15.9786978 ], [ 120.163567, 15.9781027 ], [ 120.1644533, 15.97691 ], [ 120.1622879, 15.9752797 ], [ 120.1619421, 15.9750066 ], [ 120.1599739, 15.9777385 ], [ 120.1601048, 15.9794669 ], [ 120.159666, 15.9795262 ], [ 120.1600221, 15.9805255 ], [ 120.1606803, 15.9803943 ], [ 120.160848, 15.9801497 ], [ 120.1609703, 15.9802409 ], [ 120.1610249, 15.9802332 ], [ 120.1610987, 15.980286 ], [ 120.1611671, 15.980335 ], [ 120.1611576, 15.9803807 ], [ 120.1612265, 15.9804322 ] ] ] } },
{ "type": "Feature", "properties": { "contextFeatureId": "PHL-S-002::substations::way::1083847248", "projectId": "PHL-S-002", "projectName": "Cayanga-Bugallon Solar Power Plant", "countryCode": "PHL", "osmType": "way", "osmId": 1083847248, "highway": null, "place": null, "power": "substation", "landuse": null, "name": "CENPELCO Substation", "voltage": null, "circuits": null, "cables": null, "frequency": null, "substationTag": null, "lineTag": null, "operator": null, "location": null }, "geometry": { "type": "Polygon", "coordinates": [ [ [ 120.2133009, 15.9710999 ], [ 120.2133384, 15.9707673 ], [ 120.2133143, 15.9703547 ], [ 120.2136442, 15.9703779 ], [ 120.2136496, 15.9707673 ], [ 120.213604, 15.9711463 ], [ 120.2133009, 15.9710999 ] ] ] } },
{ "type": "Feature", "properties": { "contextFeatureId": "PHL-S-002::substations::way::1329797725", "projectId": "PHL-S-002", "projectName": "Cayanga-Bugallon Solar Power Plant", "countryCode": "PHL", "osmType": "way", "osmId": 1329797725, "highway": null, "place": null, "power": "substation", "landuse": null, "name": "PV Sinag Power Substation", "voltage": null, "circuits": null, "cables": null, "frequency": null, "substationTag": "transmission", "lineTag": null, "operator": "AboitizPower Corp.", "location": null }, "geometry": { "type": "Polygon", "coordinates": [ [ [ 120.1870618, 15.8458978 ], [ 120.1867135, 15.8447236 ], [ 120.1879998, 15.8444017 ], [ 120.1882604, 15.8456154 ], [ 120.1870618, 15.8458978 ] ] ] } },
{ "type": "Feature", "properties": { "contextFeatureId": "PHL-S-002::substations::way::1329797732", "projectId": "PHL-S-002", "projectName": "Cayanga-Bugallon Solar Power Plant", "countryCode": "PHL", "osmType": "way", "osmId": 1329797732, "highway": null, "place": null, "power": "substation", "landuse": null, "name": "PV SInag Power Substation", "voltage": null, "circuits": null, "cables": null, "frequency": null, "substationTag": "transmission", "lineTag": null, "operator": "AboitizPower Corp.", "location": null }, "geometry": { "type": "Polygon", "coordinates": [ [ [ 120.2126523, 15.8414682 ], [ 120.2135129, 15.8422621 ], [ 120.2129267, 15.842788 ], [ 120.2121202, 15.8420201 ], [ 120.2126523, 15.8414682 ] ] ] } },
{ "type": "Feature", "properties": { "contextFeatureId": "PHL-S-002::substations::way::1330857196", "projectId": "PHL-S-002", "projectName": "Cayanga-Bugallon Solar Power Plant", "countryCode": "PHL", "osmType": "way", "osmId": 1330857196, "highway": null, "place": null, "power": "substation", "landuse": null, "name": null, "voltage": null, "circuits": null, "cables": null, "frequency": null, "substationTag": null, "lineTag": null, "operator": null, "location": null }, "geometry": { "type": "Polygon", "coordinates": [ [ [ 120.1338083, 15.9407501 ], [ 120.1331373, 15.9397809 ], [ 120.1342274, 15.9391139 ], [ 120.1348021, 15.9401076 ], [ 120.1338083, 15.9407501 ] ] ] } },
{ "type": "Feature", "properties": { "contextFeatureId": "PHL-S-003::substations::way::460504926", "projectId": "PHL-S-003", "projectName": "Opus Solar Power Project", "countryCode": "PHL", "osmType": "way", "osmId": 460504926, "highway": null, "place": null, "power": "substation", "landuse": null, "name": "Batac Substation", "voltage": "69000;13200", "circuits": null, "cables": null, "frequency": null, "substationTag": "distribution", "lineTag": null, "operator": "Ilocos Norte Electric Cooperative", "location": null }, "geometry": { "type": "Polygon", "coordinates": [ [ [ 120.5601271, 18.0778837 ], [ 120.56029, 18.0777866 ], [ 120.5601435, 18.0775644 ], [ 120.5599805, 18.0776616 ], [ 120.5601271, 18.0778837 ] ] ] } },
{ "type": "Feature", "properties": { "contextFeatureId": "PHL-S-003::substations::way::742037790", "projectId": "PHL-S-003", "projectName": "Opus Solar Power Project", "countryCode": "PHL", "osmType": "way", "osmId": 742037790, "highway": null, "place": null, "power": "substation", "landuse": null, "name": "Currimao Substation", "voltage": "115000;69000", "circuits": null, "cables": null, "frequency": "60", "substationTag": "transmission", "lineTag": null, "operator": "National Grid Corporation of the Philippines", "location": null }, "geometry": { "type": "Polygon", "coordinates": [ [ [ 120.5120598, 18.0062496 ], [ 120.5127334, 18.0066001 ], [ 120.5128454, 18.006436 ], [ 120.5129958, 18.0062006 ], [ 120.5126848, 18.0060319 ], [ 120.5124575, 18.005911 ], [ 120.5120598, 18.0062496 ] ] ] } },
{ "type": "Feature", "properties": { "contextFeatureId": "PHL-S-003::substations::way::1177952474", "projectId": "PHL-S-003", "projectName": "Opus Solar Power Project", "countryCode": "PHL", "osmType": "way", "osmId": 1177952474, "highway": null, "place": null, "power": "substation", "landuse": null, "name": null, "voltage": "69000", "circuits": null, "cables": null, "frequency": null, "substationTag": "transmission", "lineTag": null, "operator": "Mirae Asia Energy Corporation", "location": null }, "geometry": { "type": "Polygon", "coordinates": [ [ [ 120.4845469, 18.0459325 ], [ 120.4854961, 18.0458587 ], [ 120.4857341, 18.0466279 ], [ 120.4856854, 18.0467172 ], [ 120.4848477, 18.0469721 ], [ 120.4845469, 18.0459325 ] ] ] } },
{ "type": "Feature", "properties": { "contextFeatureId": "PHL-S-004::substations::way::157339625", "projectId": "PHL-S-004", "projectName": "Laoag Solar Power Project", "countryCode": "PHL", "osmType": "way", "osmId": 157339625, "highway": null, "place": null, "power": "substation", "landuse": null, "name": "Bolo Substation", "voltage": "500000;230000", "circuits": null, "cables": null, "frequency": "60", "substationTag": "transmission", "lineTag": null, "operator": "National Grid Corporation of the Philippines", "location": null }, "geometry": { "type": "Polygon", "coordinates": [ [ [ 120.1612265, 15.9804322 ], [ 120.1611906, 15.9807288 ], [ 120.1614307, 15.9810889 ], [ 120.1617668, 15.9811333 ], [ 120.1619927, 15.980948 ], [ 120.1626643, 15.9799568 ], [ 120.1638292, 15.9786978 ], [ 120.163567, 15.9781027 ], [ 120.1644533, 15.97691 ], [ 120.1622879, 15.9752797 ], [ 120.1619421, 15.9750066 ], [ 120.1599739, 15.9777385 ], [ 120.1601048, 15.9794669 ], [ 120.159666, 15.9795262 ], [ 120.1600221, 15.9805255 ], [ 120.1606803, 15.9803943 ], [ 120.160848, 15.9801497 ], [ 120.1609703, 15.9802409 ], [ 120.1610249, 15.9802332 ], [ 120.1610987, 15.980286 ], [ 120.1611671, 15.980335 ], [ 120.1611576, 15.9803807 ], [ 120.1612265, 15.9804322 ] ] ] } },
{ "type": "Feature", "properties": { "contextFeatureId": "PHL-S-004::substations::way::1083847248", "projectId": "PHL-S-004", "projectName": "Laoag Solar Power Project", "countryCode": "PHL", "osmType": "way", "osmId": 1083847248, "highway": null, "place": null, "power": "substation", "landuse": null, "name": "CENPELCO Substation", "voltage": null, "circuits": null, "cables": null, "frequency": null, "substationTag": null, "lineTag": null, "operator": null, "location": null }, "geometry": { "type": "Polygon", "coordinates": [ [ [ 120.2133009, 15.9710999 ], [ 120.2133384, 15.9707673 ], [ 120.2133143, 15.9703547 ], [ 120.2136442, 15.9703779 ], [ 120.2136496, 15.9707673 ], [ 120.213604, 15.9711463 ], [ 120.2133009, 15.9710999 ] ] ] } },
{ "type": "Feature", "properties": { "contextFeatureId": "PHL-S-004::substations::way::1329797725", "projectId": "PHL-S-004", "projectName": "Laoag Solar Power Project", "countryCode": "PHL", "osmType": "way", "osmId": 1329797725, "highway": null, "place": null, "power": "substation", "landuse": null, "name": "PV Sinag Power Substation", "voltage": null, "circuits": null, "cables": null, "frequency": null, "substationTag": "transmission", "lineTag": null, "operator": "AboitizPower Corp.", "location": null }, "geometry": { "type": "Polygon", "coordinates": [ [ [ 120.1870618, 15.8458978 ], [ 120.1867135, 15.8447236 ], [ 120.1879998, 15.8444017 ], [ 120.1882604, 15.8456154 ], [ 120.1870618, 15.8458978 ] ] ] } },
{ "type": "Feature", "properties": { "contextFeatureId": "PHL-S-004::substations::way::1329797732", "projectId": "PHL-S-004", "projectName": "Laoag Solar Power Project", "countryCode": "PHL", "osmType": "way", "osmId": 1329797732, "highway": null, "place": null, "power": "substation", "landuse": null, "name": "PV SInag Power Substation", "voltage": null, "circuits": null, "cables": null, "frequency": null, "substationTag": "transmission", "lineTag": null, "operator": "AboitizPower Corp.", "location": null }, "geometry": { "type": "Polygon", "coordinates": [ [ [ 120.2126523, 15.8414682 ], [ 120.2135129, 15.8422621 ], [ 120.2129267, 15.842788 ], [ 120.2121202, 15.8420201 ], [ 120.2126523, 15.8414682 ] ] ] } },
{ "type": "Feature", "properties": { "contextFeatureId": "PHL-S-004::substations::way::1330857196", "projectId": "PHL-S-004", "projectName": "Laoag Solar Power Project", "countryCode": "PHL", "osmType": "way", "osmId": 1330857196, "highway": null, "place": null, "power": "substation", "landuse": null, "name": null, "voltage": null, "circuits": null, "cables": null, "frequency": null, "substationTag": null, "lineTag": null, "operator": null, "location": null }, "geometry": { "type": "Polygon", "coordinates": [ [ [ 120.1338083, 15.9407501 ], [ 120.1331373, 15.9397809 ], [ 120.1342274, 15.9391139 ], [ 120.1348021, 15.9401076 ], [ 120.1338083, 15.9407501 ] ] ] } },
{ "type": "Feature", "properties": { "contextFeatureId": "PHL-S-005::substations::node::410401292", "projectId": "PHL-S-005", "projectName": "Calatrava Solar Power Project", "countryCode": "PHL", "osmType": "node", "osmId": 410401292, "highway": null, "place": null, "power": "substation", "landuse": null, "name": "Power Transformer", "voltage": null, "circuits": null, "cables": null, "frequency": null, "substationTag": null, "lineTag": null, "operator": "VRESCO", "location": null }, "geometry": { "type": "Point", "coordinates": [ 123.4323806, 10.5162149 ] } },
{ "type": "Feature", "properties": { "contextFeatureId": "PHL-S-005::substations::way::1332372973", "projectId": "PHL-S-005", "projectName": "Calatrava Solar Power Project", "countryCode": "PHL", "osmType": "way", "osmId": 1332372973, "highway": null, "place": null, "power": "substation", "landuse": null, "name": "Calatrava Cable Terminal", "voltage": null, "circuits": null, "cables": null, "frequency": null, "substationTag": "transition", "lineTag": null, "operator": "National Grid Corporation of the Philippines", "location": null }, "geometry": { "type": "Polygon", "coordinates": [ [ [ 123.4703974, 10.5535383 ], [ 123.4707124, 10.5531809 ], [ 123.4709289, 10.5533398 ], [ 123.4706416, 10.5536993 ], [ 123.4703974, 10.5535383 ] ] ] } },
{ "type": "Feature", "properties": { "contextFeatureId": "PHL-S-005::substations::way::1332408417", "projectId": "PHL-S-005", "projectName": "Calatrava Solar Power Project", "countryCode": "PHL", "osmType": "way", "osmId": 1332408417, "highway": null, "place": null, "power": "substation", "landuse": null, "name": "Calatrava Substation", "voltage": "230000", "circuits": null, "cables": null, "frequency": null, "substationTag": "transmission", "lineTag": null, "operator": "National Grid Corporation of the Philippines", "location": null }, "geometry": { "type": "Polygon", "coordinates": [ [ [ 123.4598195, 10.5534376 ], [ 123.4593265, 10.5526132 ], [ 123.4595413, 10.5524238 ], [ 123.4589334, 10.5514395 ], [ 123.4619298, 10.5496328 ], [ 123.4632119, 10.5518367 ], [ 123.4598195, 10.5534376 ] ] ] } },
{ "type": "Feature", "properties": { "contextFeatureId": "PHL-S-005::substations::way::1362017481", "projectId": "PHL-S-005", "projectName": "Calatrava Solar Power Project", "countryCode": "PHL", "osmType": "way", "osmId": 1362017481, "highway": null, "place": null, "power": "substation", "landuse": null, "name": "San Jose Substation", "voltage": "138000", "circuits": null, "cables": null, "frequency": null, "substationTag": "transmission", "lineTag": null, "operator": "National Grid Corporation of the Philippines", "location": null }, "geometry": { "type": "Polygon", "coordinates": [ [ [ 123.4326682, 10.5154314 ], [ 123.4330313, 10.5148063 ], [ 123.4334528, 10.5150227 ], [ 123.4330745, 10.515638 ], [ 123.4326682, 10.5154314 ] ] ] } },
{ "type": "Feature", "properties": { "contextFeatureId": "PHL-S-006::substations::way::102140324", "projectId": "PHL-S-006", "projectName": "Armenia Solar Power Project", "countryCode": "PHL", "osmType": "way", "osmId": 102140324, "highway": null, "place": null, "power": "substation", "landuse": null, "name": "Concepcion Substation", "voltage": "230000;69000", "circuits": null, "cables": null, "frequency": "60", "substationTag": "transmission", "lineTag": null, "operator": "National Grid Corporation of the Philippines", "location": "outdoor" }, "geometry": { "type": "Polygon", "coordinates": [ [ [ 120.6179817, 15.3773709 ], [ 120.6184035, 15.3775248 ], [ 120.6187944, 15.3775312 ], [ 120.6187944, 15.3786381 ], [ 120.6184178, 15.3785275 ], [ 120.6182979, 15.3783813 ], [ 120.6182714, 15.3785229 ], [ 120.6179844, 15.3785398 ], [ 120.6169238, 15.3782094 ], [ 120.6168889, 15.3781421 ], [ 120.616779, 15.3781085 ], [ 120.6167253, 15.3781421 ], [ 120.6154192, 15.3777174 ], [ 120.6158696, 15.3763166 ], [ 120.6179978, 15.3769545 ], [ 120.6179975, 15.3771319 ], [ 120.6179817, 15.3773709 ] ] ] } },
{ "type": "Feature", "properties": { "contextFeatureId": "PHL-S-006::substations::way::992474021", "projectId": "PHL-S-006", "projectName": "Armenia Solar Power Project", "countryCode": "PHL", "osmType": "way", "osmId": 992474021, "highway": null, "place": null, "power": "substation", "landuse": null, "name": "Shin Clark Power Corporation Substation", "voltage": "69000;13800", "circuits": null, "cables": null, "frequency": null, "substationTag": "distribution", "lineTag": null, "operator": "Shin Clark Power", "location": null }, "geometry": { "type": "Polygon", "coordinates": [ [ [ 120.5234749, 15.3609988 ], [ 120.5240187, 15.3609969 ], [ 120.5240178, 15.3607627 ], [ 120.523474, 15.3607647 ], [ 120.5234749, 15.3609988 ] ] ] } },
{ "type": "Feature", "properties": { "contextFeatureId": "PHL-S-006::substations::way::1058549651", "projectId": "PHL-S-006", "projectName": "Armenia Solar Power Project", "countryCode": "PHL", "osmType": "way", "osmId": 1058549651, "highway": null, "place": null, "power": "substation", "landuse": null, "name": null, "voltage": null, "circuits": null, "cables": null, "frequency": null, "substationTag": null, "lineTag": null, "operator": null, "location": null }, "geometry": { "type": "Polygon", "coordinates": [ [ [ 120.6151575, 15.4403115 ], [ 120.6152668, 15.4403158 ], [ 120.6152802, 15.4399978 ], [ 120.6151709, 15.4399935 ], [ 120.6151575, 15.4403115 ] ] ] } },
{ "type": "Feature", "properties": { "contextFeatureId": "PHL-S-006::substations::way::1180874745", "projectId": "PHL-S-006", "projectName": "Armenia Solar Power Project", "countryCode": "PHL", "osmType": "way", "osmId": 1180874745, "highway": null, "place": null, "power": "substation", "landuse": null, "name": null, "voltage": "69000", "circuits": null, "cables": null, "frequency": null, "substationTag": "minor_distribution", "lineTag": null, "operator": null, "location": null }, "geometry": { "type": "Polygon", "coordinates": [ [ [ 120.5955893, 15.4895343 ], [ 120.5954003, 15.489584 ], [ 120.5952048, 15.4893538 ], [ 120.5950975, 15.4894385 ], [ 120.5949352, 15.489261 ], [ 120.5951337, 15.4889525 ], [ 120.5955893, 15.4895343 ] ] ] } },
{ "type": "Feature", "properties": { "contextFeatureId": "SGP-S-001::substations::way::98260487", "projectId": "SGP-S-001", "projectName": "Sembcorp Tengeh Floating Solar Farm", "countryCode": "SGP", "osmType": "way", "osmId": 98260487, "highway": null, "place": null, "power": "substation", "landuse": null, "name": null, "voltage": null, "circuits": null, "cables": null, "frequency": null, "substationTag": null, "lineTag": null, "operator": null, "location": null }, "geometry": { "type": "Polygon", "coordinates": [ [ [ 103.6981255, 1.3473025 ], [ 103.6981125, 1.3471934 ], [ 103.6983439, 1.347166 ], [ 103.6983568, 1.3472751 ], [ 103.6981255, 1.3473025 ] ] ] } },
{ "type": "Feature", "properties": { "contextFeatureId": "SGP-S-001::substations::way::98261001", "projectId": "SGP-S-001", "projectName": "Sembcorp Tengeh Floating Solar Farm", "countryCode": "SGP", "osmType": "way", "osmId": 98261001, "highway": null, "place": null, "power": "substation", "landuse": null, "name": null, "voltage": null, "circuits": null, "cables": null, "frequency": null, "substationTag": null, "lineTag": null, "operator": null, "location": null }, "geometry": { "type": "Polygon", "coordinates": [ [ [ 103.6923263, 1.3443515 ], [ 103.6923008, 1.3441304 ], [ 103.6925033, 1.344107 ], [ 103.6925289, 1.3443281 ], [ 103.6923263, 1.3443515 ] ] ] } },
{ "type": "Feature", "properties": { "contextFeatureId": "SGP-S-001::substations::way::235851822", "projectId": "SGP-S-001", "projectName": "Sembcorp Tengeh Floating Solar Farm", "countryCode": "SGP", "osmType": "way", "osmId": 235851822, "highway": null, "place": null, "power": "substation", "landuse": null, "name": null, "voltage": "500000;275000", "circuits": null, "cables": null, "frequency": null, "substationTag": "transmission", "lineTag": null, "operator": null, "location": "outdoor" }, "geometry": { "type": "Polygon", "coordinates": [ [ [ 103.5354125, 1.3339164 ], [ 103.5348237, 1.3360937 ], [ 103.538071, 1.3375844 ], [ 103.5389006, 1.3356084 ], [ 103.5369856, 1.3347825 ], [ 103.5370767, 1.3345948 ], [ 103.536602, 1.3342824 ], [ 103.5364461, 1.3342344 ], [ 103.5354125, 1.3339164 ] ] ] } },
{ "type": "Feature", "properties": { "contextFeatureId": "SGP-S-001::substations::way::235895179", "projectId": "SGP-S-001", "projectName": "Sembcorp Tengeh Floating Solar Farm", "countryCode": "SGP", "osmType": "way", "osmId": 235895179, "highway": null, "place": null, "power": "substation", "landuse": null, "name": null, "voltage": "132000", "circuits": null, "cables": null, "frequency": null, "substationTag": null, "lineTag": null, "operator": null, "location": null }, "geometry": { "type": "Polygon", "coordinates": [ [ [ 103.5569029, 1.3668687 ], [ 103.5572172, 1.3656414 ], [ 103.5565028, 1.3654586 ], [ 103.5561886, 1.3666859 ], [ 103.5569029, 1.3668687 ] ] ] } },
{ "type": "Feature", "properties": { "contextFeatureId": "SGP-S-001::substations::way::256160621", "projectId": "SGP-S-001", "projectName": "Sembcorp Tengeh Floating Solar Farm", "countryCode": "SGP", "osmType": "way", "osmId": 256160621, "highway": null, "place": null, "power": "substation", "landuse": null, "name": "Yunnan Garden", "voltage": null, "circuits": null, "cables": null, "frequency": null, "substationTag": "minor_distribution", "lineTag": null, "operator": "SP Group", "location": null }, "geometry": { "type": "Polygon", "coordinates": [ [ [ 103.6927134, 1.3380652 ], [ 103.6928059, 1.3378884 ], [ 103.6927344, 1.3378511 ], [ 103.692642, 1.3380279 ], [ 103.6927134, 1.3380652 ] ] ] } },
{ "type": "Feature", "properties": { "contextFeatureId": "SGP-S-001::substations::way::256160624", "projectId": "SGP-S-001", "projectName": "Sembcorp Tengeh Floating Solar Farm", "countryCode": "SGP", "osmType": "way", "osmId": 256160624, "highway": null, "place": null, "power": "substation", "landuse": null, "name": null, "voltage": null, "circuits": null, "cables": null, "frequency": null, "substationTag": null, "lineTag": null, "operator": null, "location": null }, "geometry": { "type": "Polygon", "coordinates": [ [ [ 103.6933785, 1.3427284 ], [ 103.6932225, 1.3429104 ], [ 103.6932955, 1.342973 ], [ 103.6934516, 1.3427909 ], [ 103.6933785, 1.3427284 ] ] ] } },
{ "type": "Feature", "properties": { "contextFeatureId": "SGP-S-001::substations::way::292420521", "projectId": "SGP-S-001", "projectName": "Sembcorp Tengeh Floating Solar Farm", "countryCode": "SGP", "osmType": "way", "osmId": 292420521, "highway": null, "place": null, "power": "substation", "landuse": null, "name": null, "voltage": null, "circuits": null, "cables": null, "frequency": null, "substationTag": null, "lineTag": null, "operator": null, "location": null }, "geometry": { "type": "Polygon", "coordinates": [ [ [ 103.6990823, 1.3361974 ], [ 103.6990703, 1.3362509 ], [ 103.6991977, 1.3362794 ], [ 103.6992097, 1.3362259 ], [ 103.6990823, 1.3361974 ] ] ] } },
{ "type": "Feature", "properties": { "contextFeatureId": "SGP-S-001::substations::way::452780011", "projectId": "SGP-S-001", "projectName": "Sembcorp Tengeh Floating Solar Farm", "countryCode": "SGP", "osmType": "way", "osmId": 452780011, "highway": null, "place": null, "power": "substation", "landuse": null, "name": null, "voltage": null, "circuits": null, "cables": null, "frequency": null, "substationTag": null, "lineTag": null, "operator": null, "location": null }, "geometry": { "type": "Polygon", "coordinates": [ [ [ 103.7231857, 1.3852661 ], [ 103.7232668, 1.3852366 ], [ 103.7232115, 1.3850849 ], [ 103.7231304, 1.3851145 ], [ 103.7231857, 1.3852661 ] ] ] } },
{ "type": "Feature", "properties": { "contextFeatureId": "SGP-S-001::substations::way::453271417", "projectId": "SGP-S-001", "projectName": "Sembcorp Tengeh Floating Solar Farm", "countryCode": "SGP", "osmType": "way", "osmId": 453271417, "highway": null, "place": null, "power": "substation", "landuse": null, "name": null, "voltage": null, "circuits": null, "cables": null, "frequency": null, "substationTag": null, "lineTag": null, "operator": null, "location": null }, "geometry": { "type": "Polygon", "coordinates": [ [ [ 103.7132891, 1.3761477 ], [ 103.7133493, 1.3762099 ], [ 103.7133923, 1.3761683 ], [ 103.713332, 1.3761062 ], [ 103.7132891, 1.3761477 ] ] ] } },
{ "type": "Feature", "properties": { "contextFeatureId": "SGP-S-001::substations::way::503589894", "projectId": "SGP-S-001", "projectName": "Sembcorp Tengeh Floating Solar Farm", "countryCode": "SGP", "osmType": "way", "osmId": 503589894, "highway": null, "place": null, "power": "substation", "landuse": null, "name": "Jurong Pumping Station", "voltage": null, "circuits": null, "cables": null, "frequency": null, "substationTag": null, "lineTag": null, "operator": null, "location": null }, "geometry": { "type": "Polygon", "coordinates": [ [ [ 103.7225151, 1.3443392 ], [ 103.72256, 1.3442931 ], [ 103.7226157, 1.3443473 ], [ 103.7225708, 1.3443934 ], [ 103.7225151, 1.3443392 ] ] ] } },
{ "type": "Feature", "properties": { "contextFeatureId": "SGP-S-001::substations::way::589568954", "projectId": "SGP-S-001", "projectName": "Sembcorp Tengeh Floating Solar Farm", "countryCode": "SGP", "osmType": "way", "osmId": 589568954, "highway": null, "place": null, "power": "substation", "landuse": null, "name": "Tukang Innovation", "voltage": "66000", "circuits": null, "cables": null, "frequency": null, "substationTag": null, "lineTag": null, "operator": null, "location": null }, "geometry": { "type": "Polygon", "coordinates": [ [ [ 103.7104093, 1.3223789 ], [ 103.7108149, 1.3224741 ], [ 103.710889, 1.3221586 ], [ 103.7107781, 1.3221326 ], [ 103.710769, 1.3221717 ], [ 103.7106577, 1.3221456 ], [ 103.7106509, 1.3221745 ], [ 103.7106079, 1.3221644 ], [ 103.7105992, 1.3222012 ], [ 103.7105464, 1.3221888 ], [ 103.7105364, 1.3222314 ], [ 103.7104831, 1.3222189 ], [ 103.7104724, 1.3222642 ], [ 103.7104382, 1.3222561 ], [ 103.7104093, 1.3223789 ] ] ] } },
{ "type": "Feature", "properties": { "contextFeatureId": "SGP-S-001::substations::way::614047437", "projectId": "SGP-S-001", "projectName": "Sembcorp Tengeh Floating Solar Farm", "countryCode": "SGP", "osmType": "way", "osmId": 614047437, "highway": null, "place": null, "power": "substation", "landuse": null, "name": "Jurong Island 230kv Substation", "voltage": "230000", "circuits": null, "cables": null, "frequency": "50", "substationTag": "transmission", "lineTag": null, "operator": "SP PowerAssets", "location": null }, "geometry": { "type": "Polygon", "coordinates": [ [ [ 103.706864, 1.2717155 ], [ 103.7072648, 1.271604 ], [ 103.7074434, 1.2715791 ], [ 103.7075555, 1.2716835 ], [ 103.7082343, 1.2714983 ], [ 103.7080194, 1.2711285 ], [ 103.7075817, 1.2705564 ], [ 103.7066584, 1.2707166 ], [ 103.706864, 1.2717155 ] ] ] } },
{ "type": "Feature", "properties": { "contextFeatureId": "SGP-S-001::substations::way::619385158", "projectId": "SGP-S-001", "projectName": "Sembcorp Tengeh Floating Solar Farm", "countryCode": "SGP", "osmType": "way", "osmId": 619385158, "highway": null, "place": null, "power": "substation", "landuse": null, "name": null, "voltage": null, "circuits": null, "cables": null, "frequency": null, "substationTag": null, "lineTag": null, "operator": null, "location": null }, "geometry": { "type": "Polygon", "coordinates": [ [ [ 103.705353, 1.3346984 ], [ 103.7053508, 1.3347947 ], [ 103.7051375, 1.3347905 ], [ 103.7051396, 1.3346963 ], [ 103.705353, 1.3346984 ] ] ] } },
{ "type": "Feature", "properties": { "contextFeatureId": "SGP-S-001::substations::way::660681383", "projectId": "SGP-S-001", "projectName": "Sembcorp Tengeh Floating Solar Farm", "countryCode": "SGP", "osmType": "way", "osmId": 660681383, "highway": null, "place": null, "power": "substation", "landuse": null, "name": null, "voltage": null, "circuits": null, "cables": null, "frequency": null, "substationTag": null, "lineTag": null, "operator": null, "location": null }, "geometry": { "type": "Polygon", "coordinates": [ [ [ 103.5286687, 1.3445835 ], [ 103.5280437, 1.344341 ], [ 103.5278311, 1.3448886 ], [ 103.5284561, 1.3451312 ], [ 103.5286687, 1.3445835 ] ] ] } },
{ "type": "Feature", "properties": { "contextFeatureId": "SGP-S-001::substations::way::668450544", "projectId": "SGP-S-001", "projectName": "Sembcorp Tengeh Floating Solar Farm", "countryCode": "SGP", "osmType": "way", "osmId": 668450544, "highway": null, "place": null, "power": "substation", "landuse": null, "name": null, "voltage": null, "circuits": null, "cables": null, "frequency": null, "substationTag": null, "lineTag": null, "operator": null, "location": null }, "geometry": { "type": "Polygon", "coordinates": [ [ [ 103.7432522, 1.3369868 ], [ 103.7432537, 1.3369034 ], [ 103.7431047, 1.3369007 ], [ 103.7431032, 1.3369841 ], [ 103.7432522, 1.3369868 ] ] ] } },
{ "type": "Feature", "properties": { "contextFeatureId": "SGP-S-001::substations::way::686917634", "projectId": "SGP-S-001", "projectName": "Sembcorp Tengeh Floating Solar Farm", "countryCode": "SGP", "osmType": "way", "osmId": 686917634, "highway": null, "place": null, "power": "substation", "landuse": null, "name": null, "voltage": null, "circuits": null, "cables": null, "frequency": null, "substationTag": null, "lineTag": null, "operator": null, "location": null }, "geometry": { "type": "Polygon", "coordinates": [ [ [ 103.7217495, 1.3461707 ], [ 103.7217971, 1.3460574 ], [ 103.7217346, 1.3460312 ], [ 103.7216869, 1.3461444 ], [ 103.7217495, 1.3461707 ] ] ] } },
{ "type": "Feature", "properties": { "contextFeatureId": "SGP-S-001::substations::way::686932444", "projectId": "SGP-S-001", "projectName": "Sembcorp Tengeh Floating Solar Farm", "countryCode": "SGP", "osmType": "way", "osmId": 686932444, "highway": null, "place": null, "power": "substation", "landuse": null, "name": null, "voltage": null, "circuits": null, "cables": null, "frequency": null, "substationTag": null, "lineTag": null, "operator": null, "location": null }, "geometry": { "type": "Polygon", "coordinates": [ [ [ 103.7187327, 1.3483648 ], [ 103.7185851, 1.3483239 ], [ 103.7185595, 1.3484164 ], [ 103.718707, 1.3484573 ], [ 103.7187327, 1.3483648 ] ] ] } },
{ "type": "Feature", "properties": { "contextFeatureId": "SGP-S-001::substations::way::693915431", "projectId": "SGP-S-001", "projectName": "Sembcorp Tengeh Floating Solar Farm", "countryCode": "SGP", "osmType": "way", "osmId": 693915431, "highway": null, "place": null, "power": "substation", "landuse": null, "name": null, "voltage": null, "circuits": null, "cables": null, "frequency": null, "substationTag": null, "lineTag": null, "operator": null, "location": null }, "geometry": { "type": "Polygon", "coordinates": [ [ [ 103.7305686, 1.3483709 ], [ 103.7306446, 1.3483101 ], [ 103.7305807, 1.3482301 ], [ 103.7305046, 1.3482908 ], [ 103.7305686, 1.3483709 ] ] ] } },
{ "type": "Feature", "properties": { "contextFeatureId": "SGP-S-001::substations::way::694002910", "projectId": "SGP-S-001", "projectName": "Sembcorp Tengeh Floating Solar Farm", "countryCode": "SGP", "osmType": "way", "osmId": 694002910, "highway": null, "place": null, "power": "substation", "landuse": null, "name": null, "voltage": null, "circuits": null, "cables": null, "frequency": null, "substationTag": null, "lineTag": null, "operator": null, "location": null }, "geometry": { "type": "Polygon", "coordinates": [ [ [ 103.7327506, 1.3474156 ], [ 103.7327499, 1.3471595 ], [ 103.7326734, 1.3471597 ], [ 103.7326741, 1.3474158 ], [ 103.7327506, 1.3474156 ] ] ] } },
{ "type": "Feature", "properties": { "contextFeatureId": "SGP-S-001::substations::way::706140529", "projectId": "SGP-S-001", "projectName": "Sembcorp Tengeh Floating Solar Farm", "countryCode": "SGP", "osmType": "way", "osmId": 706140529, "highway": null, "place": null, "power": "substation", "landuse": null, "name": null, "voltage": null, "circuits": null, "cables": null, "frequency": null, "substationTag": null, "lineTag": null, "operator": null, "location": null }, "geometry": { "type": "Polygon", "coordinates": [ [ [ 103.6976569, 1.3495252 ], [ 103.6977939, 1.349507 ], [ 103.6977857, 1.3494227 ], [ 103.697647, 1.3494399 ], [ 103.6976569, 1.3495252 ] ] ] } },
{ "type": "Feature", "properties": { "contextFeatureId": "SGP-S-001::substations::way::706172397", "projectId": "SGP-S-001", "projectName": "Sembcorp Tengeh Floating Solar Farm", "countryCode": "SGP", "osmType": "way", "osmId": 706172397, "highway": null, "place": null, "power": "substation", "landuse": null, "name": null, "voltage": null, "circuits": null, "cables": null, "frequency": null, "substationTag": null, "lineTag": null, "operator": null, "location": null }, "geometry": { "type": "Polygon", "coordinates": [ [ [ 103.7081241, 1.3567687 ], [ 103.7083052, 1.3565163 ], [ 103.7079968, 1.3562951 ], [ 103.7078156, 1.3565475 ], [ 103.7081241, 1.3567687 ] ] ] } },
{ "type": "Feature", "properties": { "contextFeatureId": "SGP-S-001::substations::way::725074731", "projectId": "SGP-S-001", "projectName": "Sembcorp Tengeh Floating Solar Farm", "countryCode": "SGP", "osmType": "way", "osmId": 725074731, "highway": null, "place": null, "power": "substation", "landuse": null, "name": null, "voltage": null, "circuits": null, "cables": null, "frequency": null, "substationTag": null, "lineTag": null, "operator": null, "location": null }, "geometry": { "type": "Polygon", "coordinates": [ [ [ 103.6937665, 1.3410906 ], [ 103.6938542, 1.3409789 ], [ 103.6938168, 1.3409471 ], [ 103.6937267, 1.3410579 ], [ 103.6937665, 1.3410906 ] ] ] } },
{ "type": "Feature", "properties": { "contextFeatureId": "SGP-S-001::substations::way::743812875", "projectId": "SGP-S-001", "projectName": "Sembcorp Tengeh Floating Solar Farm", "countryCode": "SGP", "osmType": "way", "osmId": 743812875, "highway": null, "place": null, "power": "substation", "landuse": null, "name": null, "voltage": null, "circuits": null, "cables": null, "frequency": null, "substationTag": null, "lineTag": null, "operator": null, "location": null }, "geometry": { "type": "Polygon", "coordinates": [ [ [ 103.7052438, 1.3458932 ], [ 103.7053531, 1.3456619 ], [ 103.7053003, 1.345637 ], [ 103.7052742, 1.3456922 ], [ 103.7052568, 1.345684 ], [ 103.7051969, 1.3458108 ], [ 103.7052143, 1.3458191 ], [ 103.705191, 1.3458682 ], [ 103.7052438, 1.3458932 ] ] ] } },
{ "type": "Feature", "properties": { "contextFeatureId": "SGP-S-001::substations::way::758091923", "projectId": "SGP-S-001", "projectName": "Sembcorp Tengeh Floating Solar Farm", "countryCode": "SGP", "osmType": "way", "osmId": 758091923, "highway": null, "place": null, "power": "substation", "landuse": null, "name": null, "voltage": null, "circuits": null, "cables": null, "frequency": null, "substationTag": null, "lineTag": null, "operator": null, "location": null }, "geometry": { "type": "Polygon", "coordinates": [ [ [ 103.6378415, 1.338928 ], [ 103.6379131, 1.3388615 ], [ 103.6376893, 1.338621 ], [ 103.6376178, 1.3386876 ], [ 103.6378415, 1.338928 ] ] ] } },
{ "type": "Feature", "properties": { "contextFeatureId": "SGP-S-001::substations::way::758378294", "projectId": "SGP-S-001", "projectName": "Sembcorp Tengeh Floating Solar Farm", "countryCode": "SGP", "osmType": "way", "osmId": 758378294, "highway": null, "place": null, "power": "substation", "landuse": null, "name": null, "voltage": null, "circuits": null, "cables": null, "frequency": null, "substationTag": "minor_distribution", "lineTag": null, "operator": null, "location": null }, "geometry": { "type": "Polygon", "coordinates": [ [ [ 103.6890172, 1.3435917 ], [ 103.6889049, 1.3435059 ], [ 103.6888563, 1.3435695 ], [ 103.6889686, 1.3436552 ], [ 103.6890172, 1.3435917 ] ] ] } },
{ "type": "Feature", "properties": { "contextFeatureId": "SGP-S-001::substations::way::790941039", "projectId": "SGP-S-001", "projectName": "Sembcorp Tengeh Floating Solar Farm", "countryCode": "SGP", "osmType": "way", "osmId": 790941039, "highway": null, "place": null, "power": "substation", "landuse": null, "name": null, "voltage": null, "circuits": null, "cables": null, "frequency": null, "substationTag": null, "lineTag": null, "operator": null, "location": null }, "geometry": { "type": "Polygon", "coordinates": [ [ [ 103.6958035, 1.3539638 ], [ 103.6961269, 1.3537241 ], [ 103.6958572, 1.3533604 ], [ 103.6957687, 1.3534261 ], [ 103.6958409, 1.3535235 ], [ 103.6958579, 1.3535109 ], [ 103.6958979, 1.3535647 ], [ 103.6957855, 1.353648 ], [ 103.6958163, 1.3536896 ], [ 103.6956989, 1.3537767 ], [ 103.6957441, 1.3538376 ], [ 103.695722, 1.3538539 ], [ 103.6958035, 1.3539638 ] ] ] } },
{ "type": "Feature", "properties": { "contextFeatureId": "SGP-S-001::substations::way::815588258", "projectId": "SGP-S-001", "projectName": "Sembcorp Tengeh Floating Solar Farm", "countryCode": "SGP", "osmType": "way", "osmId": 815588258, "highway": null, "place": null, "power": "substation", "landuse": null, "name": null, "voltage": null, "circuits": null, "cables": null, "frequency": null, "substationTag": null, "lineTag": null, "operator": null, "location": null }, "geometry": { "type": "Polygon", "coordinates": [ [ [ 103.6652675, 1.3134914 ], [ 103.6653386, 1.3134257 ], [ 103.6652947, 1.3133783 ], [ 103.6652236, 1.313444 ], [ 103.6652675, 1.3134914 ] ] ] } },
{ "type": "Feature", "properties": { "contextFeatureId": "SGP-S-001::substations::way::835220402", "projectId": "SGP-S-001", "projectName": "Sembcorp Tengeh Floating Solar Farm", "countryCode": "SGP", "osmType": "way", "osmId": 835220402, "highway": null, "place": null, "power": "substation", "landuse": null, "name": null, "voltage": null, "circuits": null, "cables": null, "frequency": "50", "substationTag": "generation", "lineTag": null, "operator": null, "location": "indoor" }, "geometry": { "type": "Polygon", "coordinates": [ [ [ 103.6378583, 1.348645 ], [ 103.6380017, 1.3485753 ], [ 103.6380762, 1.3485289 ], [ 103.6380938, 1.3485532 ], [ 103.6381376, 1.3485238 ], [ 103.6381833, 1.3485036 ], [ 103.6380813, 1.3482133 ], [ 103.6377501, 1.3483273 ], [ 103.6377611, 1.3483558 ], [ 103.6378583, 1.348645 ] ] ] } },
{ "type": "Feature", "properties": { "contextFeatureId": "SGP-S-001::substations::way::875753378", "projectId": "SGP-S-001", "projectName": "Sembcorp Tengeh Floating Solar Farm", "countryCode": "SGP", "osmType": "way", "osmId": 875753378, "highway": null, "place": null, "power": "substation", "landuse": null, "name": null, "voltage": null, "circuits": null, "cables": null, "frequency": null, "substationTag": null, "lineTag": null, "operator": null, "location": null }, "geometry": { "type": "Polygon", "coordinates": [ [ [ 103.730936, 1.3871975 ], [ 103.7310333, 1.3871807 ], [ 103.7310205, 1.3871064 ], [ 103.7309232, 1.3871231 ], [ 103.730936, 1.3871975 ] ] ] } },
{ "type": "Feature", "properties": { "contextFeatureId": "SGP-S-001::substations::way::877418768", "projectId": "SGP-S-001", "projectName": "Sembcorp Tengeh Floating Solar Farm", "countryCode": "SGP", "osmType": "way", "osmId": 877418768, "highway": null, "place": null, "power": "substation", "landuse": null, "name": null, "voltage": null, "circuits": null, "cables": null, "frequency": null, "substationTag": null, "lineTag": null, "operator": null, "location": null }, "geometry": { "type": "Polygon", "coordinates": [ [ [ 103.7207288, 1.3487164 ], [ 103.7208049, 1.3485896 ], [ 103.7207568, 1.3485607 ], [ 103.7206806, 1.3486875 ], [ 103.7207288, 1.3487164 ] ] ] } },
{ "type": "Feature", "properties": { "contextFeatureId": "SGP-S-001::substations::way::880448200", "projectId": "SGP-S-001", "projectName": "Sembcorp Tengeh Floating Solar Farm", "countryCode": "SGP", "osmType": "way", "osmId": 880448200, "highway": null, "place": null, "power": "substation", "landuse": null, "name": null, "voltage": null, "circuits": null, "cables": null, "frequency": null, "substationTag": null, "lineTag": null, "operator": null, "location": null }, "geometry": { "type": "Polygon", "coordinates": [ [ [ 103.7197806, 1.3472007 ], [ 103.7199189, 1.3472017 ], [ 103.7199194, 1.347139 ], [ 103.719781, 1.3471379 ], [ 103.7197806, 1.3472007 ] ] ] } },
{ "type": "Feature", "properties": { "contextFeatureId": "SGP-S-001::substations::way::882664388", "projectId": "SGP-S-001", "projectName": "Sembcorp Tengeh Floating Solar Farm", "countryCode": "SGP", "osmType": "way", "osmId": 882664388, "highway": null, "place": null, "power": "substation", "landuse": null, "name": null, "voltage": null, "circuits": null, "cables": null, "frequency": null, "substationTag": null, "lineTag": null, "operator": null, "location": null }, "geometry": { "type": "Polygon", "coordinates": [ [ [ 103.7034926, 1.3190188 ], [ 103.7039069, 1.3189702 ], [ 103.7038899, 1.3188252 ], [ 103.703851, 1.3188298 ], [ 103.7038297, 1.3186485 ], [ 103.7034543, 1.3186925 ], [ 103.7034926, 1.3190188 ] ] ] } },
{ "type": "Feature", "properties": { "contextFeatureId": "SGP-S-001::substations::way::882664397", "projectId": "SGP-S-001", "projectName": "Sembcorp Tengeh Floating Solar Farm", "countryCode": "SGP", "osmType": "way", "osmId": 882664397, "highway": null, "place": null, "power": "substation", "landuse": null, "name": null, "voltage": null, "circuits": null, "cables": null, "frequency": null, "substationTag": null, "lineTag": null, "operator": null, "location": null }, "geometry": { "type": "Polygon", "coordinates": [ [ [ 103.700723, 1.3145776 ], [ 103.7010963, 1.3144966 ], [ 103.7010295, 1.314189 ], [ 103.7006562, 1.3142701 ], [ 103.700723, 1.3145776 ] ] ] } },
{ "type": "Feature", "properties": { "contextFeatureId": "SGP-S-001::substations::way::882665427", "projectId": "SGP-S-001", "projectName": "Sembcorp Tengeh Floating Solar Farm", "countryCode": "SGP", "osmType": "way", "osmId": 882665427, "highway": null, "place": null, "power": "substation", "landuse": null, "name": null, "voltage": null, "circuits": null, "cables": null, "frequency": null, "substationTag": null, "lineTag": null, "operator": null, "location": null }, "geometry": { "type": "Polygon", "coordinates": [ [ [ 103.7329625, 1.3581997 ], [ 103.7330179, 1.3582548 ], [ 103.7331889, 1.3580829 ], [ 103.7331335, 1.3580278 ], [ 103.7329625, 1.3581997 ] ] ] } },
{ "type": "Feature", "properties": { "contextFeatureId": "SGP-S-001::substations::way::882665446", "projectId": "SGP-S-001", "projectName": "Sembcorp Tengeh Floating Solar Farm", "countryCode": "SGP", "osmType": "way", "osmId": 882665446, "highway": null, "place": null, "power": "substation", "landuse": null, "name": null, "voltage": null, "circuits": null, "cables": null, "frequency": null, "substationTag": null, "lineTag": null, "operator": null, "location": null }, "geometry": { "type": "Polygon", "coordinates": [ [ [ 103.7350677, 1.360086 ], [ 103.735089, 1.3601067 ], [ 103.7351342, 1.3600602 ], [ 103.7349624, 1.3598936 ], [ 103.7349172, 1.3599401 ], [ 103.734945, 1.359967 ], [ 103.7350677, 1.360086 ] ] ] } },
{ "type": "Feature", "properties": { "contextFeatureId": "SGP-S-001::substations::way::882665489", "projectId": "SGP-S-001", "projectName": "Sembcorp Tengeh Floating Solar Farm", "countryCode": "SGP", "osmType": "way", "osmId": 882665489, "highway": null, "place": null, "power": "substation", "landuse": null, "name": null, "voltage": null, "circuits": null, "cables": null, "frequency": null, "substationTag": null, "lineTag": null, "operator": null, "location": null }, "geometry": { "type": "Polygon", "coordinates": [ [ [ 103.7320856, 1.3560357 ], [ 103.7319134, 1.3558624 ], [ 103.7318568, 1.3559186 ], [ 103.7320288, 1.3560921 ], [ 103.7320856, 1.3560357 ] ] ] } },
{ "type": "Feature", "properties": { "contextFeatureId": "SGP-S-001::substations::way::882665533", "projectId": "SGP-S-001", "projectName": "Sembcorp Tengeh Floating Solar Farm", "countryCode": "SGP", "osmType": "way", "osmId": 882665533, "highway": null, "place": null, "power": "substation", "landuse": null, "name": null, "voltage": null, "circuits": null, "cables": null, "frequency": null, "substationTag": null, "lineTag": null, "operator": null, "location": null }, "geometry": { "type": "Polygon", "coordinates": [ [ [ 103.7351075, 1.3550599 ], [ 103.7351485, 1.3550154 ], [ 103.735111, 1.3549785 ], [ 103.7350927, 1.3549932 ], [ 103.734974, 1.3548743 ], [ 103.7349495, 1.3549 ], [ 103.7351075, 1.3550599 ] ] ] } },
{ "type": "Feature", "properties": { "contextFeatureId": "SGP-S-001::substations::way::882665562", "projectId": "SGP-S-001", "projectName": "Sembcorp Tengeh Floating Solar Farm", "countryCode": "SGP", "osmType": "way", "osmId": 882665562, "highway": null, "place": null, "power": "substation", "landuse": null, "name": null, "voltage": null, "circuits": null, "cables": null, "frequency": null, "substationTag": null, "lineTag": null, "operator": null, "location": null }, "geometry": { "type": "Polygon", "coordinates": [ [ [ 103.735363, 1.3556872 ], [ 103.735528, 1.3554982 ], [ 103.7354807, 1.355457 ], [ 103.7353158, 1.355646 ], [ 103.735363, 1.3556872 ] ] ] } },
{ "type": "Feature", "properties": { "contextFeatureId": "SGP-S-001::substations::way::882665704", "projectId": "SGP-S-001", "projectName": "Sembcorp Tengeh Floating Solar Farm", "countryCode": "SGP", "osmType": "way", "osmId": 882665704, "highway": null, "place": null, "power": "substation", "landuse": null, "name": null, "voltage": null, "circuits": null, "cables": null, "frequency": null, "substationTag": null, "lineTag": null, "operator": null, "location": null }, "geometry": { "type": "Polygon", "coordinates": [ [ [ 103.7376489, 1.358649 ], [ 103.7376977, 1.3587033 ], [ 103.7379069, 1.3585156 ], [ 103.7378581, 1.3584613 ], [ 103.7376489, 1.358649 ] ] ] } },
{ "type": "Feature", "properties": { "contextFeatureId": "SGP-S-001::substations::way::882665705", "projectId": "SGP-S-001", "projectName": "Sembcorp Tengeh Floating Solar Farm", "countryCode": "SGP", "osmType": "way", "osmId": 882665705, "highway": null, "place": null, "power": "substation", "landuse": null, "name": null, "voltage": null, "circuits": null, "cables": null, "frequency": null, "substationTag": null, "lineTag": null, "operator": null, "location": null }, "geometry": { "type": "Polygon", "coordinates": [ [ [ 103.7395187, 1.360543 ], [ 103.7396924, 1.3604009 ], [ 103.7396484, 1.3603472 ], [ 103.7394747, 1.3604893 ], [ 103.7395187, 1.360543 ] ] ] } },
{ "type": "Feature", "properties": { "contextFeatureId": "SGP-S-001::substations::way::931655362", "projectId": "SGP-S-001", "projectName": "Sembcorp Tengeh Floating Solar Farm", "countryCode": "SGP", "osmType": "way", "osmId": 931655362, "highway": null, "place": null, "power": "substation", "landuse": null, "name": null, "voltage": null, "circuits": null, "cables": null, "frequency": null, "substationTag": null, "lineTag": null, "operator": null, "location": null }, "geometry": { "type": "Polygon", "coordinates": [ [ [ 103.6961491, 1.3296193 ], [ 103.6961502, 1.3297755 ], [ 103.6963393, 1.3297742 ], [ 103.6963382, 1.329618 ], [ 103.6961491, 1.3296193 ] ] ] } },
{ "type": "Feature", "properties": { "contextFeatureId": "SGP-S-001::substations::way::993289596", "projectId": "SGP-S-001", "projectName": "Sembcorp Tengeh Floating Solar Farm", "countryCode": "SGP", "osmType": "way", "osmId": 993289596, "highway": null, "place": null, "power": "substation", "landuse": null, "name": "Upper Jurong 230kV Substation", "voltage": "230000", "circuits": null, "cables": null, "frequency": "50", "substationTag": "transmission", "lineTag": null, "operator": "SPPG", "location": "indoor" }, "geometry": { "type": "Polygon", "coordinates": [ [ [ 103.6839072, 1.3296084 ], [ 103.6847971, 1.3296019 ], [ 103.6847856, 1.328032 ], [ 103.6838957, 1.3280385 ], [ 103.6839072, 1.3296084 ] ] ] } },
{ "type": "Feature", "properties": { "contextFeatureId": "SGP-S-001::substations::way::993382597", "projectId": "SGP-S-001", "projectName": "Sembcorp Tengeh Floating Solar Farm", "countryCode": "SGP", "osmType": "way", "osmId": 993382597, "highway": null, "place": null, "power": "substation", "landuse": null, "name": "West Jurong Island Substation 400kV", "voltage": "400000", "circuits": null, "cables": null, "frequency": "50", "substationTag": "transmission", "lineTag": null, "operator": "SP Power Assets", "location": "indoor" }, "geometry": { "type": "Polygon", "coordinates": [ [ [ 103.6760259, 1.2742956 ], [ 103.6770907, 1.2727912 ], [ 103.677713, 1.2732712 ], [ 103.6766428, 1.2747488 ], [ 103.6763463, 1.274531 ], [ 103.6760259, 1.2742956 ] ] ] } },
{ "type": "Feature", "properties": { "contextFeatureId": "SGP-S-001::substations::way::1071275875", "projectId": "SGP-S-001", "projectName": "Sembcorp Tengeh Floating Solar Farm", "countryCode": "SGP", "osmType": "way", "osmId": 1071275875, "highway": null, "place": null, "power": "substation", "landuse": null, "name": null, "voltage": null, "circuits": null, "cables": null, "frequency": null, "substationTag": null, "lineTag": null, "operator": null, "location": null }, "geometry": { "type": "Polygon", "coordinates": [ [ [ 103.594702, 1.4183093 ], [ 103.5948053, 1.4182651 ], [ 103.5947832, 1.4182136 ], [ 103.59468, 1.4182579 ], [ 103.594702, 1.4183093 ] ] ] } },
{ "type": "Feature", "properties": { "contextFeatureId": "SGP-S-001::substations::way::1077945423", "projectId": "SGP-S-001", "projectName": "Sembcorp Tengeh Floating Solar Farm", "countryCode": "SGP", "osmType": "way", "osmId": 1077945423, "highway": null, "place": null, "power": "substation", "landuse": null, "name": null, "voltage": null, "circuits": null, "cables": null, "frequency": null, "substationTag": null, "lineTag": null, "operator": null, "location": null }, "geometry": { "type": "Polygon", "coordinates": [ [ [ 103.7301336, 1.3540753 ], [ 103.7301229, 1.3540122 ], [ 103.7302462, 1.3539937 ], [ 103.7302451, 1.3539793 ], [ 103.7303157, 1.3539724 ], [ 103.730386, 1.3539713 ], [ 103.7303882, 1.3540464 ], [ 103.7303168, 1.3540491 ], [ 103.7302501, 1.3540556 ], [ 103.7301887, 1.3540646 ], [ 103.7301336, 1.3540753 ] ] ] } },
{ "type": "Feature", "properties": { "contextFeatureId": "SGP-S-001::substations::way::1077945425", "projectId": "SGP-S-001", "projectName": "Sembcorp Tengeh Floating Solar Farm", "countryCode": "SGP", "osmType": "way", "osmId": 1077945425, "highway": null, "place": null, "power": "substation", "landuse": null, "name": null, "voltage": null, "circuits": null, "cables": null, "frequency": null, "substationTag": null, "lineTag": null, "operator": null, "location": null }, "geometry": { "type": "Polygon", "coordinates": [ [ [ 103.7296082, 1.3543469 ], [ 103.7295627, 1.3542976 ], [ 103.7296029, 1.3542658 ], [ 103.7295947, 1.3542552 ], [ 103.7296584, 1.3542118 ], [ 103.7297252, 1.3541678 ], [ 103.7297631, 1.3542308 ], [ 103.7297508, 1.3542389 ], [ 103.7297009, 1.3542711 ], [ 103.7296082, 1.3543469 ] ] ] } },
{ "type": "Feature", "properties": { "contextFeatureId": "SGP-S-001::substations::way::1147254943", "projectId": "SGP-S-001", "projectName": "Sembcorp Tengeh Floating Solar Farm", "countryCode": "SGP", "osmType": "way", "osmId": 1147254943, "highway": null, "place": null, "power": "substation", "landuse": null, "name": null, "voltage": null, "circuits": null, "cables": null, "frequency": "50", "substationTag": "generation", "lineTag": null, "operator": "Sembcorp Industries", "location": "outdoor" }, "geometry": { "type": "Polygon", "coordinates": [ [ [ 103.6706977, 1.2579448 ], [ 103.671257, 1.2583492 ], [ 103.6714151, 1.257981 ], [ 103.6709117, 1.2576311 ], [ 103.6706977, 1.2579448 ] ] ] } },
{ "type": "Feature", "properties": { "contextFeatureId": "SGP-S-001::substations::way::1150335703", "projectId": "SGP-S-001", "projectName": "Sembcorp Tengeh Floating Solar Farm", "countryCode": "SGP", "osmType": "way", "osmId": 1150335703, "highway": null, "place": null, "power": "substation", "landuse": null, "name": null, "voltage": null, "circuits": null, "cables": null, "frequency": null, "substationTag": "minor_distribution", "lineTag": null, "operator": "Tenaga Nasional", "location": null }, "geometry": { "type": "Polygon", "coordinates": [ [ [ 103.5857208, 1.4107935 ], [ 103.5859039, 1.4106771 ], [ 103.585795, 1.410506 ], [ 103.585612, 1.4106224 ], [ 103.5857208, 1.4107935 ] ] ] } },
{ "type": "Feature", "properties": { "contextFeatureId": "SGP-S-001::substations::way::1151171213", "projectId": "SGP-S-001", "projectName": "Sembcorp Tengeh Floating Solar Farm", "countryCode": "SGP", "osmType": "way", "osmId": 1151171213, "highway": null, "place": null, "power": "substation", "landuse": null, "name": null, "voltage": null, "circuits": null, "cables": null, "frequency": null, "substationTag": "minor_distribution", "lineTag": null, "operator": "Tenaga Nasional", "location": null }, "geometry": { "type": "Polygon", "coordinates": [ [ [ 103.5767297, 1.4182304 ], [ 103.5768572, 1.4181853 ], [ 103.5768081, 1.4180468 ], [ 103.5766806, 1.418092 ], [ 103.5767297, 1.4182304 ] ] ] } },
{ "type": "Feature", "properties": { "contextFeatureId": "SGP-S-001::substations::way::1160869731", "projectId": "SGP-S-001", "projectName": "Sembcorp Tengeh Floating Solar Farm", "countryCode": "SGP", "osmType": "way", "osmId": 1160869731, "highway": null, "place": null, "power": "substation", "landuse": null, "name": null, "voltage": null, "circuits": null, "cables": null, "frequency": null, "substationTag": null, "lineTag": null, "operator": "TNB", "location": null }, "geometry": { "type": "Polygon", "coordinates": [ [ [ 103.6515712, 1.4280335 ], [ 103.6515889, 1.4281022 ], [ 103.651703, 1.4280729 ], [ 103.6516853, 1.4280042 ], [ 103.6515712, 1.4280335 ] ] ] } },
{ "type": "Feature", "properties": { "contextFeatureId": "SGP-S-001::substations::way::1160869865", "projectId": "SGP-S-001", "projectName": "Sembcorp Tengeh Floating Solar Farm", "countryCode": "SGP", "osmType": "way", "osmId": 1160869865, "highway": null, "place": null, "power": "substation", "landuse": null, "name": null, "voltage": null, "circuits": null, "cables": null, "frequency": null, "substationTag": null, "lineTag": null, "operator": "TNB", "location": null }, "geometry": { "type": "Polygon", "coordinates": [ [ [ 103.62922, 1.4102905 ], [ 103.6291248, 1.4102335 ], [ 103.6290906, 1.4102906 ], [ 103.6291858, 1.4103476 ], [ 103.62922, 1.4102905 ] ] ] } },
{ "type": "Feature", "properties": { "contextFeatureId": "SGP-S-001::substations::way::1160870011", "projectId": "SGP-S-001", "projectName": "Sembcorp Tengeh Floating Solar Farm", "countryCode": "SGP", "osmType": "way", "osmId": 1160870011, "highway": null, "place": null, "power": "substation", "landuse": null, "name": null, "voltage": null, "circuits": null, "cables": null, "frequency": null, "substationTag": null, "lineTag": null, "operator": "TNB", "location": null }, "geometry": { "type": "Polygon", "coordinates": [ [ [ 103.6191007, 1.4125596 ], [ 103.6191596, 1.4125917 ], [ 103.6192172, 1.4124857 ], [ 103.6191583, 1.4124537 ], [ 103.6191007, 1.4125596 ] ] ] } },
{ "type": "Feature", "properties": { "contextFeatureId": "SGP-S-001::substations::way::1160870017", "projectId": "SGP-S-001", "projectName": "Sembcorp Tengeh Floating Solar Farm", "countryCode": "SGP", "osmType": "way", "osmId": 1160870017, "highway": null, "place": null, "power": "substation", "landuse": null, "name": null, "voltage": null, "circuits": null, "cables": null, "frequency": null, "substationTag": null, "lineTag": null, "operator": "TNB", "location": null }, "geometry": { "type": "Polygon", "coordinates": [ [ [ 103.6240165, 1.4059647 ], [ 103.624067, 1.4060112 ], [ 103.6241448, 1.4059267 ], [ 103.6240943, 1.4058802 ], [ 103.6240165, 1.4059647 ] ] ] } },
{ "type": "Feature", "properties": { "contextFeatureId": "SGP-S-001::substations::way::1160870129", "projectId": "SGP-S-001", "projectName": "Sembcorp Tengeh Floating Solar Farm", "countryCode": "SGP", "osmType": "way", "osmId": 1160870129, "highway": null, "place": null, "power": "substation", "landuse": null, "name": null, "voltage": null, "circuits": null, "cables": null, "frequency": null, "substationTag": null, "lineTag": null, "operator": "TNB", "location": null }, "geometry": { "type": "Polygon", "coordinates": [ [ [ 103.6207864, 1.4108918 ], [ 103.6208448, 1.4109223 ], [ 103.6208837, 1.4108479 ], [ 103.6208253, 1.4108174 ], [ 103.6207864, 1.4108918 ] ] ] } },
{ "type": "Feature", "properties": { "contextFeatureId": "SGP-S-001::substations::way::1160870136", "projectId": "SGP-S-001", "projectName": "Sembcorp Tengeh Floating Solar Farm", "countryCode": "SGP", "osmType": "way", "osmId": 1160870136, "highway": null, "place": null, "power": "substation", "landuse": null, "name": null, "voltage": null, "circuits": null, "cables": null, "frequency": null, "substationTag": null, "lineTag": null, "operator": "TNB", "location": null }, "geometry": { "type": "Polygon", "coordinates": [ [ [ 103.6200344, 1.408321 ], [ 103.6200985, 1.4083286 ], [ 103.6201115, 1.4082191 ], [ 103.6200474, 1.4082114 ], [ 103.6200344, 1.408321 ] ] ] } },
{ "type": "Feature", "properties": { "contextFeatureId": "SGP-S-001::substations::way::1160870137", "projectId": "SGP-S-001", "projectName": "Sembcorp Tengeh Floating Solar Farm", "countryCode": "SGP", "osmType": "way", "osmId": 1160870137, "highway": null, "place": null, "power": "substation", "landuse": null, "name": null, "voltage": null, "circuits": null, "cables": null, "frequency": null, "substationTag": null, "lineTag": null, "operator": "TNB", "location": null }, "geometry": { "type": "Polygon", "coordinates": [ [ [ 103.6200069, 1.4104862 ], [ 103.6200653, 1.4105137 ], [ 103.6201123, 1.4104138 ], [ 103.6200538, 1.4103864 ], [ 103.6200069, 1.4104862 ] ] ] } },
{ "type": "Feature", "properties": { "contextFeatureId": "SGP-S-001::substations::way::1160870249", "projectId": "SGP-S-001", "projectName": "Sembcorp Tengeh Floating Solar Farm", "countryCode": "SGP", "osmType": "way", "osmId": 1160870249, "highway": null, "place": null, "power": "substation", "landuse": null, "name": null, "voltage": null, "circuits": null, "cables": null, "frequency": null, "substationTag": null, "lineTag": null, "operator": "TNB", "location": null }, "geometry": { "type": "Polygon", "coordinates": [ [ [ 103.6178678, 1.4102784 ], [ 103.6179263, 1.4103059 ], [ 103.6179732, 1.410206 ], [ 103.6179147, 1.4101785 ], [ 103.6178678, 1.4102784 ] ] ] } },
{ "type": "Feature", "properties": { "contextFeatureId": "SGP-S-001::substations::way::1160870251", "projectId": "SGP-S-001", "projectName": "Sembcorp Tengeh Floating Solar Farm", "countryCode": "SGP", "osmType": "way", "osmId": 1160870251, "highway": null, "place": null, "power": "substation", "landuse": null, "name": null, "voltage": null, "circuits": null, "cables": null, "frequency": null, "substationTag": null, "lineTag": null, "operator": "TNB", "location": null }, "geometry": { "type": "Polygon", "coordinates": [ [ [ 103.6196063, 1.4090275 ], [ 103.6196721, 1.4090283 ], [ 103.6196734, 1.4089076 ], [ 103.6196076, 1.4089069 ], [ 103.6196063, 1.4090275 ] ] ] } },
{ "type": "Feature", "properties": { "contextFeatureId": "SGP-S-001::substations::way::1160870254", "projectId": "SGP-S-001", "projectName": "Sembcorp Tengeh Floating Solar Farm", "countryCode": "SGP", "osmType": "way", "osmId": 1160870254, "highway": null, "place": null, "power": "substation", "landuse": null, "name": null, "voltage": null, "circuits": null, "cables": null, "frequency": null, "substationTag": null, "lineTag": null, "operator": "TNB", "location": null }, "geometry": { "type": "Polygon", "coordinates": [ [ [ 103.6194259, 1.4110031 ], [ 103.6194844, 1.4110305 ], [ 103.6195313, 1.4109306 ], [ 103.6194728, 1.4109032 ], [ 103.6194259, 1.4110031 ] ] ] } },
{ "type": "Feature", "properties": { "contextFeatureId": "SGP-S-001::substations::way::1160870304", "projectId": "SGP-S-001", "projectName": "Sembcorp Tengeh Floating Solar Farm", "countryCode": "SGP", "osmType": "way", "osmId": 1160870304, "highway": null, "place": null, "power": "substation", "landuse": null, "name": null, "voltage": null, "circuits": null, "cables": null, "frequency": null, "substationTag": null, "lineTag": null, "operator": "TNB", "location": null }, "geometry": { "type": "Polygon", "coordinates": [ [ [ 103.6234961, 1.4035582 ], [ 103.62359, 1.4034911 ], [ 103.6235492, 1.403434 ], [ 103.6234553, 1.403501 ], [ 103.6234961, 1.4035582 ] ] ] } },
{ "type": "Feature", "properties": { "contextFeatureId": "SGP-S-001::substations::way::1160870382", "projectId": "SGP-S-001", "projectName": "Sembcorp Tengeh Floating Solar Farm", "countryCode": "SGP", "osmType": "way", "osmId": 1160870382, "highway": null, "place": null, "power": "substation", "landuse": null, "name": null, "voltage": null, "circuits": null, "cables": null, "frequency": null, "substationTag": null, "lineTag": null, "operator": "TNB", "location": null }, "geometry": { "type": "Polygon", "coordinates": [ [ [ 103.6214295, 1.4058896 ], [ 103.6215241, 1.4058414 ], [ 103.6214855, 1.4057658 ], [ 103.6213909, 1.4058141 ], [ 103.6214295, 1.4058896 ] ] ] } },
{ "type": "Feature", "properties": { "contextFeatureId": "SGP-S-001::substations::way::1165075077", "projectId": "SGP-S-001", "projectName": "Sembcorp Tengeh Floating Solar Farm", "countryCode": "SGP", "osmType": "way", "osmId": 1165075077, "highway": null, "place": null, "power": "substation", "landuse": null, "name": null, "voltage": null, "circuits": null, "cables": null, "frequency": null, "substationTag": null, "lineTag": null, "operator": null, "location": null }, "geometry": { "type": "Polygon", "coordinates": [ [ [ 103.7191452, 1.3481293 ], [ 103.7193094, 1.3481346 ], [ 103.7193122, 1.3480462 ], [ 103.7191481, 1.3480409 ], [ 103.7191452, 1.3481293 ] ] ] } },
{ "type": "Feature", "properties": { "contextFeatureId": "SGP-S-001::substations::way::1166119665", "projectId": "SGP-S-001", "projectName": "Sembcorp Tengeh Floating Solar Farm", "countryCode": "SGP", "osmType": "way", "osmId": 1166119665, "highway": null, "place": null, "power": "substation", "landuse": null, "name": null, "voltage": null, "circuits": null, "cables": null, "frequency": null, "substationTag": null, "lineTag": null, "operator": null, "location": null }, "geometry": { "type": "Polygon", "coordinates": [ [ [ 103.7233553, 1.3444809 ], [ 103.7233883, 1.3444192 ], [ 103.7235185, 1.3444887 ], [ 103.7234856, 1.3445504 ], [ 103.7233553, 1.3444809 ] ] ] } },
{ "type": "Feature", "properties": { "contextFeatureId": "SGP-S-001::substations::way::1176260145", "projectId": "SGP-S-001", "projectName": "Sembcorp Tengeh Floating Solar Farm", "countryCode": "SGP", "osmType": "way", "osmId": 1176260145, "highway": null, "place": null, "power": "substation", "landuse": null, "name": null, "voltage": null, "circuits": null, "cables": null, "frequency": null, "substationTag": null, "lineTag": null, "operator": "TNB", "location": null }, "geometry": { "type": "Polygon", "coordinates": [ [ [ 103.6269421, 1.4032491 ], [ 103.6270333, 1.4031767 ], [ 103.6269899, 1.4031221 ], [ 103.6268987, 1.4031945 ], [ 103.6269421, 1.4032491 ] ] ] } },
{ "type": "Feature", "properties": { "contextFeatureId": "SGP-S-001::substations::way::1176260147", "projectId": "SGP-S-001", "projectName": "Sembcorp Tengeh Floating Solar Farm", "countryCode": "SGP", "osmType": "way", "osmId": 1176260147, "highway": null, "place": null, "power": "substation", "landuse": null, "name": null, "voltage": null, "circuits": null, "cables": null, "frequency": null, "substationTag": null, "lineTag": null, "operator": "TNB", "location": null }, "geometry": { "type": "Polygon", "coordinates": [ [ [ 103.627736, 1.399471 ], [ 103.6278004, 1.3994714 ], [ 103.6278011, 1.3993581 ], [ 103.6277367, 1.3993577 ], [ 103.627736, 1.399471 ] ] ] } },
{ "type": "Feature", "properties": { "contextFeatureId": "SGP-S-001::substations::way::1226181897", "projectId": "SGP-S-001", "projectName": "Sembcorp Tengeh Floating Solar Farm", "countryCode": "SGP", "osmType": "way", "osmId": 1226181897, "highway": null, "place": null, "power": "substation", "landuse": null, "name": null, "voltage": null, "circuits": null, "cables": null, "frequency": null, "substationTag": null, "lineTag": null, "operator": null, "location": null }, "geometry": { "type": "Polygon", "coordinates": [ [ [ 103.7342093, 1.351414 ], [ 103.7342583, 1.3513634 ], [ 103.7344051, 1.3515055 ], [ 103.7344169, 1.3515169 ], [ 103.7344699, 1.3514619 ], [ 103.7342865, 1.3512843 ], [ 103.7341835, 1.3513909 ], [ 103.7342093, 1.351414 ] ] ] } },
{ "type": "Feature", "properties": { "contextFeatureId": "SGP-S-001::substations::way::1226242079", "projectId": "SGP-S-001", "projectName": "Sembcorp Tengeh Floating Solar Farm", "countryCode": "SGP", "osmType": "way", "osmId": 1226242079, "highway": null, "place": null, "power": "substation", "landuse": null, "name": null, "voltage": null, "circuits": null, "cables": null, "frequency": null, "substationTag": null, "lineTag": null, "operator": null, "location": null }, "geometry": { "type": "Polygon", "coordinates": [ [ [ 103.7318801, 1.3572327 ], [ 103.7319317, 1.3572837 ], [ 103.7321055, 1.3571153 ], [ 103.7320514, 1.3570606 ], [ 103.7318801, 1.3572327 ] ] ] } },
{ "type": "Feature", "properties": { "contextFeatureId": "SGP-S-001::substations::way::1228229915", "projectId": "SGP-S-001", "projectName": "Sembcorp Tengeh Floating Solar Farm", "countryCode": "SGP", "osmType": "way", "osmId": 1228229915, "highway": null, "place": null, "power": "substation", "landuse": null, "name": null, "voltage": null, "circuits": null, "cables": null, "frequency": null, "substationTag": null, "lineTag": null, "operator": null, "location": null }, "geometry": { "type": "Polygon", "coordinates": [ [ [ 103.732691, 1.3589837 ], [ 103.7326894, 1.3591581 ], [ 103.7328901, 1.3591576 ], [ 103.7328901, 1.359096 ], [ 103.7327659, 1.359095 ], [ 103.7327672, 1.3589831 ], [ 103.732691, 1.3589837 ] ] ] } },
{ "type": "Feature", "properties": { "contextFeatureId": "SGP-S-001::substations::way::1228229916", "projectId": "SGP-S-001", "projectName": "Sembcorp Tengeh Floating Solar Farm", "countryCode": "SGP", "osmType": "way", "osmId": 1228229916, "highway": null, "place": null, "power": "substation", "landuse": null, "name": null, "voltage": null, "circuits": null, "cables": null, "frequency": null, "substationTag": null, "lineTag": null, "operator": null, "location": null }, "geometry": { "type": "Polygon", "coordinates": [ [ [ 103.7340494, 1.3612405 ], [ 103.7341002, 1.361297 ], [ 103.7343193, 1.3610999 ], [ 103.7342757, 1.3610517 ], [ 103.7340935, 1.3612179 ], [ 103.7340853, 1.3612082 ], [ 103.7340494, 1.3612405 ] ] ] } },
{ "type": "Feature", "properties": { "contextFeatureId": "SGP-S-001::substations::way::1232168912", "projectId": "SGP-S-001", "projectName": "Sembcorp Tengeh Floating Solar Farm", "countryCode": "SGP", "osmType": "way", "osmId": 1232168912, "highway": null, "place": null, "power": "substation", "landuse": null, "name": null, "voltage": null, "circuits": null, "cables": null, "frequency": null, "substationTag": null, "lineTag": null, "operator": null, "location": null }, "geometry": { "type": "Polygon", "coordinates": [ [ [ 103.7291784, 1.3567468 ], [ 103.7292695, 1.3569026 ], [ 103.7292779, 1.356898 ], [ 103.7293234, 1.3569762 ], [ 103.7295004, 1.3568743 ], [ 103.7293965, 1.3567001 ], [ 103.7294324, 1.3566797 ], [ 103.7293963, 1.3566178 ], [ 103.7291784, 1.3567468 ] ] ] } },
{ "type": "Feature", "properties": { "contextFeatureId": "SGP-S-001::substations::way::1232185449", "projectId": "SGP-S-001", "projectName": "Sembcorp Tengeh Floating Solar Farm", "countryCode": "SGP", "osmType": "way", "osmId": 1232185449, "highway": null, "place": null, "power": "substation", "landuse": null, "name": null, "voltage": null, "circuits": null, "cables": null, "frequency": null, "substationTag": null, "lineTag": null, "operator": null, "location": null }, "geometry": { "type": "Polygon", "coordinates": [ [ [ 103.7286763, 1.3576025 ], [ 103.728451, 1.357829 ], [ 103.7284912, 1.3578699 ], [ 103.7285368, 1.3578243 ], [ 103.7285469, 1.3578344 ], [ 103.7287259, 1.3576561 ], [ 103.7286763, 1.3576025 ] ] ] } },
{ "type": "Feature", "properties": { "contextFeatureId": "SGP-S-001::substations::way::1232185509", "projectId": "SGP-S-001", "projectName": "Sembcorp Tengeh Floating Solar Farm", "countryCode": "SGP", "osmType": "way", "osmId": 1232185509, "highway": null, "place": null, "power": "substation", "landuse": null, "name": null, "voltage": null, "circuits": null, "cables": null, "frequency": null, "substationTag": null, "lineTag": null, "operator": null, "location": null }, "geometry": { "type": "Polygon", "coordinates": [ [ [ 103.7273102, 1.358521 ], [ 103.7273456, 1.3585209 ], [ 103.7273457, 1.3585051 ], [ 103.7275977, 1.3585071 ], [ 103.7275974, 1.3584904 ], [ 103.7276648, 1.3584904 ], [ 103.7276658, 1.3584374 ], [ 103.7273452, 1.3584361 ], [ 103.7273439, 1.3584572 ], [ 103.7273097, 1.3584568 ], [ 103.7273102, 1.358521 ] ] ] } },
{ "type": "Feature", "properties": { "contextFeatureId": "SGP-S-001::substations::way::1232185510", "projectId": "SGP-S-001", "projectName": "Sembcorp Tengeh Floating Solar Farm", "countryCode": "SGP", "osmType": "way", "osmId": 1232185510, "highway": null, "place": null, "power": "substation", "landuse": null, "name": null, "voltage": null, "circuits": null, "cables": null, "frequency": null, "substationTag": null, "lineTag": null, "operator": null, "location": null }, "geometry": { "type": "Polygon", "coordinates": [ [ [ 103.7266404, 1.3580583 ], [ 103.7266408, 1.3581153 ], [ 103.7267008, 1.3581156 ], [ 103.7267008, 1.3579929 ], [ 103.7266904, 1.3579933 ], [ 103.7266891, 1.3578743 ], [ 103.7266391, 1.3578753 ], [ 103.7266404, 1.3580583 ] ] ] } },
{ "type": "Feature", "properties": { "contextFeatureId": "SGP-S-001::substations::way::1232185511", "projectId": "SGP-S-001", "projectName": "Sembcorp Tengeh Floating Solar Farm", "countryCode": "SGP", "osmType": "way", "osmId": 1232185511, "highway": null, "place": null, "power": "substation", "landuse": null, "name": null, "voltage": null, "circuits": null, "cables": null, "frequency": null, "substationTag": null, "lineTag": null, "operator": null, "location": null }, "geometry": { "type": "Polygon", "coordinates": [ [ [ 103.7291315, 1.3556049 ], [ 103.7291822, 1.3555739 ], [ 103.7290739, 1.3553896 ], [ 103.7290642, 1.3553939 ], [ 103.7290364, 1.3553447 ], [ 103.7289941, 1.3553703 ], [ 103.7291315, 1.3556049 ] ] ] } },
{ "type": "Feature", "properties": { "contextFeatureId": "SGP-S-001::substations::way::1232233500", "projectId": "SGP-S-001", "projectName": "Sembcorp Tengeh Floating Solar Farm", "countryCode": "SGP", "osmType": "way", "osmId": 1232233500, "highway": null, "place": null, "power": "substation", "landuse": null, "name": null, "voltage": null, "circuits": null, "cables": null, "frequency": null, "substationTag": null, "lineTag": null, "operator": null, "location": null }, "geometry": { "type": "Polygon", "coordinates": [ [ [ 103.7350814, 1.3671193 ], [ 103.7350123, 1.3671186 ], [ 103.7350123, 1.3673425 ], [ 103.7350814, 1.3673412 ], [ 103.7350814, 1.3671193 ] ] ] } },
{ "type": "Feature", "properties": { "contextFeatureId": "SGP-S-001::substations::way::1236014943", "projectId": "SGP-S-001", "projectName": "Sembcorp Tengeh Floating Solar Farm", "countryCode": "SGP", "osmType": "way", "osmId": 1236014943, "highway": null, "place": null, "power": "substation", "landuse": null, "name": null, "voltage": null, "circuits": null, "cables": null, "frequency": null, "substationTag": null, "lineTag": null, "operator": null, "location": null }, "geometry": { "type": "Polygon", "coordinates": [ [ [ 103.7376577, 1.3617282 ], [ 103.7376939, 1.3617647 ], [ 103.7377051, 1.3617539 ], [ 103.7378444, 1.3618978 ], [ 103.7379896, 1.3617587 ], [ 103.7378505, 1.3616136 ], [ 103.7378682, 1.3615965 ], [ 103.7378334, 1.3615603 ], [ 103.7376577, 1.3617282 ] ] ] } },
{ "type": "Feature", "properties": { "contextFeatureId": "SGP-S-001::substations::way::1251687228", "projectId": "SGP-S-001", "projectName": "Sembcorp Tengeh Floating Solar Farm", "countryCode": "SGP", "osmType": "way", "osmId": 1251687228, "highway": null, "place": null, "power": "substation", "landuse": null, "name": null, "voltage": null, "circuits": null, "cables": null, "frequency": null, "substationTag": null, "lineTag": null, "operator": null, "location": null }, "geometry": { "type": "Polygon", "coordinates": [ [ [ 103.7325612, 1.3620418 ], [ 103.7329191, 1.3620053 ], [ 103.7329142, 1.3619575 ], [ 103.7328022, 1.3619689 ], [ 103.7328007, 1.3619537 ], [ 103.7326543, 1.3619687 ], [ 103.7326532, 1.3619581 ], [ 103.7325537, 1.3619682 ], [ 103.7325612, 1.3620418 ] ] ] } },
{ "type": "Feature", "properties": { "contextFeatureId": "SGP-S-001::substations::way::1251687230", "projectId": "SGP-S-001", "projectName": "Sembcorp Tengeh Floating Solar Farm", "countryCode": "SGP", "osmType": "way", "osmId": 1251687230, "highway": null, "place": null, "power": "substation", "landuse": null, "name": null, "voltage": null, "circuits": null, "cables": null, "frequency": null, "substationTag": null, "lineTag": null, "operator": null, "location": null }, "geometry": { "type": "Polygon", "coordinates": [ [ [ 103.7312067, 1.3601812 ], [ 103.731095, 1.3602974 ], [ 103.7310081, 1.3603877 ], [ 103.7310612, 1.3604387 ], [ 103.7311292, 1.3603679 ], [ 103.7311209, 1.3603599 ], [ 103.7312241, 1.3602525 ], [ 103.7312178, 1.3602464 ], [ 103.731245, 1.3602181 ], [ 103.7312067, 1.3601812 ] ] ] } },
{ "type": "Feature", "properties": { "contextFeatureId": "SGP-S-001::substations::way::1251949202", "projectId": "SGP-S-001", "projectName": "Sembcorp Tengeh Floating Solar Farm", "countryCode": "SGP", "osmType": "way", "osmId": 1251949202, "highway": null, "place": null, "power": "substation", "landuse": null, "name": null, "voltage": null, "circuits": null, "cables": null, "frequency": null, "substationTag": null, "lineTag": null, "operator": null, "location": null }, "geometry": { "type": "Polygon", "coordinates": [ [ [ 103.7378474, 1.3626062 ], [ 103.7376519, 1.3627672 ], [ 103.7377022, 1.3628282 ], [ 103.7377674, 1.3627745 ], [ 103.73776, 1.3627656 ], [ 103.7378553, 1.3626872 ], [ 103.7378626, 1.3626961 ], [ 103.7378977, 1.3626672 ], [ 103.7378474, 1.3626062 ] ] ] } },
{ "type": "Feature", "properties": { "contextFeatureId": "SGP-S-001::substations::way::1251949203", "projectId": "SGP-S-001", "projectName": "Sembcorp Tengeh Floating Solar Farm", "countryCode": "SGP", "osmType": "way", "osmId": 1251949203, "highway": null, "place": null, "power": "substation", "landuse": null, "name": null, "voltage": null, "circuits": null, "cables": null, "frequency": null, "substationTag": null, "lineTag": null, "operator": null, "location": null }, "geometry": { "type": "Polygon", "coordinates": [ [ [ 103.7398185, 1.3637739 ], [ 103.7400716, 1.363627 ], [ 103.7400325, 1.3635596 ], [ 103.7399554, 1.3636044 ], [ 103.7399597, 1.3636118 ], [ 103.7398518, 1.3636744 ], [ 103.7398659, 1.3636987 ], [ 103.7397977, 1.3637382 ], [ 103.7398185, 1.3637739 ] ] ] } },
{ "type": "Feature", "properties": { "contextFeatureId": "SGP-S-001::substations::way::1266021578", "projectId": "SGP-S-001", "projectName": "Sembcorp Tengeh Floating Solar Farm", "countryCode": "SGP", "osmType": "way", "osmId": 1266021578, "highway": null, "place": null, "power": "substation", "landuse": null, "name": null, "voltage": null, "circuits": null, "cables": null, "frequency": null, "substationTag": null, "lineTag": null, "operator": null, "location": null }, "geometry": { "type": "Polygon", "coordinates": [ [ [ 103.7213976, 1.3394987 ], [ 103.7215435, 1.339753 ], [ 103.7216078, 1.3397161 ], [ 103.7214847, 1.3395016 ], [ 103.7214917, 1.3394976 ], [ 103.7214688, 1.3394578 ], [ 103.7213976, 1.3394987 ] ] ] } },
{ "type": "Feature", "properties": { "contextFeatureId": "SGP-S-001::substations::way::1309090568", "projectId": "SGP-S-001", "projectName": "Sembcorp Tengeh Floating Solar Farm", "countryCode": "SGP", "osmType": "way", "osmId": 1309090568, "highway": null, "place": null, "power": "substation", "landuse": null, "name": null, "voltage": null, "circuits": null, "cables": null, "frequency": null, "substationTag": null, "lineTag": null, "operator": "Tenaga Nasional", "location": null }, "geometry": { "type": "Polygon", "coordinates": [ [ [ 103.6180946, 1.4353921 ], [ 103.6184914, 1.4352393 ], [ 103.6183645, 1.4348525 ], [ 103.617943, 1.4350225 ], [ 103.6180946, 1.4353921 ] ] ] } },
{ "type": "Feature", "properties": { "contextFeatureId": "SGP-S-001::substations::way::1314114819", "projectId": "SGP-S-001", "projectName": "Sembcorp Tengeh Floating Solar Farm", "countryCode": "SGP", "osmType": "way", "osmId": 1314114819, "highway": null, "place": null, "power": "substation", "landuse": null, "name": null, "voltage": null, "circuits": null, "cables": null, "frequency": null, "substationTag": null, "lineTag": null, "operator": null, "location": null }, "geometry": { "type": "Polygon", "coordinates": [ [ [ 103.6993653, 1.3520081 ], [ 103.699422, 1.3519687 ], [ 103.6995181, 1.352096 ], [ 103.699453, 1.3521396 ], [ 103.6993653, 1.3520081 ] ] ] } },
{ "type": "Feature", "properties": { "contextFeatureId": "SGP-S-001::substations::way::1314114820", "projectId": "SGP-S-001", "projectName": "Sembcorp Tengeh Floating Solar Farm", "countryCode": "SGP", "osmType": "way", "osmId": 1314114820, "highway": null, "place": null, "power": "substation", "landuse": null, "name": null, "voltage": null, "circuits": null, "cables": null, "frequency": null, "substationTag": null, "lineTag": null, "operator": null, "location": null }, "geometry": { "type": "Polygon", "coordinates": [ [ [ 103.6973237, 1.3531054 ], [ 103.6972957, 1.3530621 ], [ 103.6974142, 1.3529858 ], [ 103.6974414, 1.3530252 ], [ 103.6973237, 1.3531054 ] ] ] } },
{ "type": "Feature", "properties": { "contextFeatureId": "SGP-S-001::substations::way::1347969700", "projectId": "SGP-S-001", "projectName": "Sembcorp Tengeh Floating Solar Farm", "countryCode": "SGP", "osmType": "way", "osmId": 1347969700, "highway": null, "place": null, "power": "substation", "landuse": null, "name": null, "voltage": null, "circuits": null, "cables": null, "frequency": null, "substationTag": null, "lineTag": null, "operator": null, "location": null }, "geometry": { "type": "Polygon", "coordinates": [ [ [ 103.7265339, 1.3270759 ], [ 103.7268356, 1.3271966 ], [ 103.7268602, 1.3271353 ], [ 103.7266317, 1.3270439 ], [ 103.7266518, 1.3269937 ], [ 103.7265785, 1.3269644 ], [ 103.7265339, 1.3270759 ] ] ] } },
{ "type": "Feature", "properties": { "contextFeatureId": "SGP-S-001::substations::way::1347969704", "projectId": "SGP-S-001", "projectName": "Sembcorp Tengeh Floating Solar Farm", "countryCode": "SGP", "osmType": "way", "osmId": 1347969704, "highway": null, "place": null, "power": "substation", "landuse": null, "name": null, "voltage": null, "circuits": null, "cables": null, "frequency": null, "substationTag": null, "lineTag": null, "operator": null, "location": null }, "geometry": { "type": "Polygon", "coordinates": [ [ [ 103.7291364, 1.3270111 ], [ 103.7291795, 1.3272088 ], [ 103.7293795, 1.3271651 ], [ 103.7293228, 1.3269055 ], [ 103.7291994, 1.3269324 ], [ 103.729213, 1.3269944 ], [ 103.7291364, 1.3270111 ] ] ] } },
{ "type": "Feature", "properties": { "contextFeatureId": "SGP-S-001::substations::way::1384532857", "projectId": "SGP-S-001", "projectName": "Sembcorp Tengeh Floating Solar Farm", "countryCode": "SGP", "osmType": "way", "osmId": 1384532857, "highway": null, "place": null, "power": "substation", "landuse": null, "name": null, "voltage": null, "circuits": null, "cables": null, "frequency": null, "substationTag": "minor_distribution", "lineTag": null, "operator": null, "location": null }, "geometry": { "type": "Polygon", "coordinates": [ [ [ 103.6899131, 1.3443081 ], [ 103.6898008, 1.3442223 ], [ 103.6897522, 1.3442859 ], [ 103.6898645, 1.3443716 ], [ 103.6899131, 1.3443081 ] ] ] } },
{ "type": "Feature", "properties": { "contextFeatureId": "SGP-S-001::substations::way::1384532858", "projectId": "SGP-S-001", "projectName": "Sembcorp Tengeh Floating Solar Farm", "countryCode": "SGP", "osmType": "way", "osmId": 1384532858, "highway": null, "place": null, "power": "substation", "landuse": null, "name": null, "voltage": null, "circuits": null, "cables": null, "frequency": null, "substationTag": "minor_distribution", "lineTag": null, "operator": null, "location": null }, "geometry": { "type": "Polygon", "coordinates": [ [ [ 103.6907461, 1.3440958 ], [ 103.690659, 1.3442071 ], [ 103.6907221, 1.3442564 ], [ 103.6908091, 1.3441451 ], [ 103.6907461, 1.3440958 ] ] ] } },
{ "type": "Feature", "properties": { "contextFeatureId": "SGP-S-001::substations::way::1384532859", "projectId": "SGP-S-001", "projectName": "Sembcorp Tengeh Floating Solar Farm", "countryCode": "SGP", "osmType": "way", "osmId": 1384532859, "highway": null, "place": null, "power": "substation", "landuse": null, "name": null, "voltage": null, "circuits": null, "cables": null, "frequency": null, "substationTag": "minor_distribution", "lineTag": null, "operator": null, "location": null }, "geometry": { "type": "Polygon", "coordinates": [ [ [ 103.6865446, 1.3415264 ], [ 103.6864072, 1.3415411 ], [ 103.6864003, 1.3414765 ], [ 103.6865377, 1.3414618 ], [ 103.6865446, 1.3415264 ] ] ] } },
{ "type": "Feature", "properties": { "contextFeatureId": "SGP-S-001::substations::way::1386469492", "projectId": "SGP-S-001", "projectName": "Sembcorp Tengeh Floating Solar Farm", "countryCode": "SGP", "osmType": "way", "osmId": 1386469492, "highway": null, "place": null, "power": "substation", "landuse": null, "name": "Yunnan Garden No 2", "voltage": null, "circuits": null, "cables": null, "frequency": null, "substationTag": "minor_distribution", "lineTag": null, "operator": "SP Group", "location": null }, "geometry": { "type": "Polygon", "coordinates": [ [ [ 103.6912599, 1.3360892 ], [ 103.6911945, 1.3360374 ], [ 103.6913018, 1.3359016 ], [ 103.6913501, 1.3359398 ], [ 103.6913089, 1.3359919 ], [ 103.6913261, 1.3360055 ], [ 103.6912599, 1.3360892 ] ] ] } },
{ "type": "Feature", "properties": { "contextFeatureId": "SGP-S-001::substations::way::1386469493", "projectId": "SGP-S-001", "projectName": "Sembcorp Tengeh Floating Solar Farm", "countryCode": "SGP", "osmType": "way", "osmId": 1386469493, "highway": null, "place": null, "power": "substation", "landuse": null, "name": "Yunnan Garden No 1", "voltage": null, "circuits": null, "cables": null, "frequency": null, "substationTag": "minor_distribution", "lineTag": null, "operator": "SP Group", "location": null }, "geometry": { "type": "Polygon", "coordinates": [ [ [ 103.6904383, 1.3378406 ], [ 103.6903838, 1.3377986 ], [ 103.6904574, 1.3377031 ], [ 103.690512, 1.3377452 ], [ 103.6904383, 1.3378406 ] ] ] } },
{ "type": "Feature", "properties": { "contextFeatureId": "SGP-S-001::substations::way::1387593906", "projectId": "SGP-S-001", "projectName": "Sembcorp Tengeh Floating Solar Farm", "countryCode": "SGP", "osmType": "way", "osmId": 1387593906, "highway": null, "place": null, "power": "substation", "landuse": null, "name": null, "voltage": "r", "circuits": null, "cables": null, "frequency": null, "substationTag": "yes", "lineTag": null, "operator": "SP Group", "location": null }, "geometry": { "type": "Polygon", "coordinates": [ [ [ 103.711259, 1.3730194 ], [ 103.7113046, 1.3729554 ], [ 103.7111086, 1.3728157 ], [ 103.7110629, 1.3728798 ], [ 103.711259, 1.3730194 ] ] ] } },
{ "type": "Feature", "properties": { "contextFeatureId": "SGP-S-001::substations::way::1429689746", "projectId": "SGP-S-001", "projectName": "Sembcorp Tengeh Floating Solar Farm", "countryCode": "SGP", "osmType": "way", "osmId": 1429689746, "highway": null, "place": null, "power": "substation", "landuse": null, "name": null, "voltage": null, "circuits": null, "cables": null, "frequency": null, "substationTag": null, "lineTag": null, "operator": null, "location": null }, "geometry": { "type": "Polygon", "coordinates": [ [ [ 103.6695576, 1.3252504 ], [ 103.6695456, 1.3254526 ], [ 103.6696145, 1.3254567 ], [ 103.669618, 1.3253992 ], [ 103.6696559, 1.3254015 ], [ 103.6696645, 1.3252567 ], [ 103.6695576, 1.3252504 ] ] ] } },
{ "type": "Feature", "properties": { "contextFeatureId": "SGP-S-001::substations::way::1478481350", "projectId": "SGP-S-001", "projectName": "Sembcorp Tengeh Floating Solar Farm", "countryCode": "SGP", "osmType": "way", "osmId": 1478481350, "highway": null, "place": null, "power": "substation", "landuse": null, "name": null, "voltage": null, "circuits": null, "cables": null, "frequency": null, "substationTag": null, "lineTag": null, "operator": null, "location": null }, "geometry": { "type": "Polygon", "coordinates": [ [ [ 103.5882559, 1.4218312 ], [ 103.5882928, 1.4219042 ], [ 103.5883472, 1.4218768 ], [ 103.5883103, 1.4218038 ], [ 103.5882559, 1.4218312 ] ] ] } },
{ "type": "Feature", "properties": { "contextFeatureId": "SGP-S-001::substations::way::1478481522", "projectId": "SGP-S-001", "projectName": "Sembcorp Tengeh Floating Solar Farm", "countryCode": "SGP", "osmType": "way", "osmId": 1478481522, "highway": null, "place": null, "power": "substation", "landuse": null, "name": null, "voltage": null, "circuits": null, "cables": null, "frequency": null, "substationTag": null, "lineTag": null, "operator": null, "location": null }, "geometry": { "type": "Polygon", "coordinates": [ [ [ 103.5903293, 1.4190801 ], [ 103.5904044, 1.4190372 ], [ 103.5903748, 1.4189853 ], [ 103.5902997, 1.4190282 ], [ 103.5903293, 1.4190801 ] ] ] } },
{ "type": "Feature", "properties": { "contextFeatureId": "SGP-S-001::substations::way::1478481598", "projectId": "SGP-S-001", "projectName": "Sembcorp Tengeh Floating Solar Farm", "countryCode": "SGP", "osmType": "way", "osmId": 1478481598, "highway": null, "place": null, "power": "substation", "landuse": null, "name": null, "voltage": null, "circuits": null, "cables": null, "frequency": null, "substationTag": null, "lineTag": null, "operator": null, "location": null }, "geometry": { "type": "Polygon", "coordinates": [ [ [ 103.5913713, 1.4238744 ], [ 103.5914277, 1.4238764 ], [ 103.5914304, 1.4238013 ], [ 103.591374, 1.4237993 ], [ 103.5913713, 1.4238744 ] ] ] } },
{ "type": "Feature", "properties": { "contextFeatureId": "SGP-S-001::substations::way::1478481599", "projectId": "SGP-S-001", "projectName": "Sembcorp Tengeh Floating Solar Farm", "countryCode": "SGP", "osmType": "way", "osmId": 1478481599, "highway": null, "place": null, "power": "substation", "landuse": null, "name": null, "voltage": null, "circuits": null, "cables": null, "frequency": null, "substationTag": null, "lineTag": null, "operator": null, "location": null }, "geometry": { "type": "Polygon", "coordinates": [ [ [ 103.5915041, 1.4225042 ], [ 103.5915635, 1.4225076 ], [ 103.5915675, 1.4224365 ], [ 103.5915081, 1.4224332 ], [ 103.5915041, 1.4225042 ] ] ] } },
{ "type": "Feature", "properties": { "contextFeatureId": "SGP-S-001::substations::way::1478481953", "projectId": "SGP-S-001", "projectName": "Sembcorp Tengeh Floating Solar Farm", "countryCode": "SGP", "osmType": "way", "osmId": 1478481953, "highway": null, "place": null, "power": "substation", "landuse": null, "name": null, "voltage": null, "circuits": null, "cables": null, "frequency": null, "substationTag": null, "lineTag": null, "operator": null, "location": null }, "geometry": { "type": "Polygon", "coordinates": [ [ [ 103.5965104, 1.4157029 ], [ 103.5965842, 1.4156653 ], [ 103.5965597, 1.4156171 ], [ 103.5964859, 1.4156547 ], [ 103.5965104, 1.4157029 ] ] ] } },
{ "type": "Feature", "properties": { "contextFeatureId": "SGP-S-001::substations::way::1478482076", "projectId": "SGP-S-001", "projectName": "Sembcorp Tengeh Floating Solar Farm", "countryCode": "SGP", "osmType": "way", "osmId": 1478482076, "highway": null, "place": null, "power": "substation", "landuse": null, "name": null, "voltage": null, "circuits": null, "cables": null, "frequency": null, "substationTag": null, "lineTag": null, "operator": null, "location": null }, "geometry": { "type": "Polygon", "coordinates": [ [ [ 103.5960196, 1.4190881 ], [ 103.595978, 1.418997 ], [ 103.5959236, 1.4190218 ], [ 103.5959651, 1.4191129 ], [ 103.5960196, 1.4190881 ] ] ] } },
{ "type": "Feature", "properties": { "contextFeatureId": "SGP-S-001::substations::way::1478482077", "projectId": "SGP-S-001", "projectName": "Sembcorp Tengeh Floating Solar Farm", "countryCode": "SGP", "osmType": "way", "osmId": 1478482077, "highway": null, "place": null, "power": "substation", "landuse": null, "name": null, "voltage": null, "circuits": null, "cables": null, "frequency": null, "substationTag": null, "lineTag": null, "operator": null, "location": null }, "geometry": { "type": "Polygon", "coordinates": [ [ [ 103.5962858, 1.4189071 ], [ 103.5963294, 1.4188669 ], [ 103.596296, 1.4188307 ], [ 103.5962524, 1.418871 ], [ 103.5962858, 1.4189071 ] ] ] } },
{ "type": "Feature", "properties": { "contextFeatureId": "SGP-S-001::substations::way::1478482078", "projectId": "SGP-S-001", "projectName": "Sembcorp Tengeh Floating Solar Farm", "countryCode": "SGP", "osmType": "way", "osmId": 1478482078, "highway": null, "place": null, "power": "substation", "landuse": null, "name": null, "voltage": null, "circuits": null, "cables": null, "frequency": null, "substationTag": null, "lineTag": null, "operator": null, "location": null }, "geometry": { "type": "Polygon", "coordinates": [ [ [ 103.5935895, 1.4188388 ], [ 103.5936876, 1.4187885 ], [ 103.5936571, 1.418729 ], [ 103.593559, 1.4187793 ], [ 103.5935895, 1.4188388 ] ] ] } },
{ "type": "Feature", "properties": { "contextFeatureId": "SGP-S-001::substations::way::1478482122", "projectId": "SGP-S-001", "projectName": "Sembcorp Tengeh Floating Solar Farm", "countryCode": "SGP", "osmType": "way", "osmId": 1478482122, "highway": null, "place": null, "power": "substation", "landuse": null, "name": null, "voltage": null, "circuits": null, "cables": null, "frequency": null, "substationTag": null, "lineTag": null, "operator": null, "location": null }, "geometry": { "type": "Polygon", "coordinates": [ [ [ 103.5920835, 1.4198992 ], [ 103.5921827, 1.419847 ], [ 103.592152, 1.4197887 ], [ 103.5920528, 1.419841 ], [ 103.5920835, 1.4198992 ] ] ] } },
{ "type": "Feature", "properties": { "contextFeatureId": "SGP-S-001::substations::way::1495570386", "projectId": "SGP-S-001", "projectName": "Sembcorp Tengeh Floating Solar Farm", "countryCode": "SGP", "osmType": "way", "osmId": 1495570386, "highway": null, "place": null, "power": "substation", "landuse": null, "name": null, "voltage": null, "circuits": null, "cables": null, "frequency": null, "substationTag": "yes", "lineTag": null, "operator": null, "location": null }, "geometry": { "type": "Polygon", "coordinates": [ [ [ 103.6766009, 1.3241251 ], [ 103.6767328, 1.3241337 ], [ 103.6767423, 1.3239879 ], [ 103.6766104, 1.3239793 ], [ 103.6766009, 1.3241251 ] ] ] } },
{ "type": "Feature", "properties": { "contextFeatureId": "VNM-S-001::substations::way::549038673", "projectId": "VNM-S-001", "projectName": "Trungnam Solar Farm (Thuan Bac)", "countryCode": "VNM", "osmType": "way", "osmId": 549038673, "highway": null, "place": null, "power": "substation", "landuse": null, "name": null, "voltage": "220000;110000", "circuits": null, "cables": null, "frequency": null, "substationTag": "transmission", "lineTag": null, "operator": null, "location": "outdoor" }, "geometry": { "type": "Polygon", "coordinates": [ [ [ 109.0255281, 11.6851604 ], [ 109.0266362, 11.6842916 ], [ 109.0272256, 11.6850126 ], [ 109.0279397, 11.685886 ], [ 109.0273854, 11.6863206 ], [ 109.0275638, 11.6865387 ], [ 109.02701, 11.6869729 ], [ 109.0255281, 11.6851604 ] ] ] } },
{ "type": "Feature", "properties": { "contextFeatureId": "VNM-S-001::substations::way::931979222", "projectId": "VNM-S-001", "projectName": "Trungnam Solar Farm (Thuan Bac)", "countryCode": "VNM", "osmType": "way", "osmId": 931979222, "highway": null, "place": null, "power": "substation", "landuse": null, "name": null, "voltage": "110000", "circuits": null, "cables": null, "frequency": null, "substationTag": null, "lineTag": null, "operator": null, "location": "outdoor" }, "geometry": { "type": "Polygon", "coordinates": [ [ [ 109.0589485, 11.6674223 ], [ 109.0586212, 11.6685754 ], [ 109.0594956, 11.6686122 ], [ 109.0595278, 11.6674381 ], [ 109.0589485, 11.6674223 ] ] ] } },
{ "type": "Feature", "properties": { "contextFeatureId": "VNM-S-001::substations::way::1091782693", "projectId": "VNM-S-001", "projectName": "Trungnam Solar Farm (Thuan Bac)", "countryCode": "VNM", "osmType": "way", "osmId": 1091782693, "highway": null, "place": null, "power": "substation", "landuse": null, "name": null, "voltage": "220000", "circuits": null, "cables": null, "frequency": null, "substationTag": "transmission", "lineTag": null, "operator": null, "location": "outdoor" }, "geometry": { "type": "Polygon", "coordinates": [ [ [ 109.0034325, 11.6843399 ], [ 109.0048314, 11.6855034 ], [ 109.0041952, 11.6862353 ], [ 109.0031182, 11.6853533 ], [ 109.0029343, 11.6849479 ], [ 109.0034325, 11.6843399 ] ] ] } },
{ "type": "Feature", "properties": { "contextFeatureId": "VNM-S-001::substations::way::1273527191", "projectId": "VNM-S-001", "projectName": "Trungnam Solar Farm (Thuan Bac)", "countryCode": "VNM", "osmType": "way", "osmId": 1273527191, "highway": null, "place": null, "power": "substation", "landuse": null, "name": null, "voltage": "110000", "circuits": null, "cables": null, "frequency": null, "substationTag": null, "lineTag": null, "operator": null, "location": "outdoor" }, "geometry": { "type": "Polygon", "coordinates": [ [ [ 109.0625245, 11.7405687 ], [ 109.0626164, 11.7409994 ], [ 109.0633714, 11.7408405 ], [ 109.063181, 11.7404256 ], [ 109.0625245, 11.7405687 ] ] ] } },
{ "type": "Feature", "properties": { "contextFeatureId": "VNM-S-001::substations::way::1273527195", "projectId": "VNM-S-001", "projectName": "Trungnam Solar Farm (Thuan Bac)", "countryCode": "VNM", "osmType": "way", "osmId": 1273527195, "highway": null, "place": null, "power": "substation", "landuse": null, "name": null, "voltage": "110000", "circuits": null, "cables": null, "frequency": null, "substationTag": "generation", "lineTag": null, "operator": null, "location": "outdoor" }, "geometry": { "type": "Polygon", "coordinates": [ [ [ 109.0641486, 11.7342988 ], [ 109.0636904, 11.7342891 ], [ 109.0637032, 11.7337153 ], [ 109.0641613, 11.733725 ], [ 109.0641486, 11.7342988 ] ] ] } },
{ "type": "Feature", "properties": { "contextFeatureId": "VNM-S-001::substations::way::1273527199", "projectId": "VNM-S-001", "projectName": "Trungnam Solar Farm (Thuan Bac)", "countryCode": "VNM", "osmType": "way", "osmId": 1273527199, "highway": null, "place": null, "power": "substation", "landuse": null, "name": null, "voltage": "110000", "circuits": null, "cables": null, "frequency": null, "substationTag": null, "lineTag": null, "operator": null, "location": "outdoor" }, "geometry": { "type": "Polygon", "coordinates": [ [ [ 109.0512116, 11.6419091 ], [ 109.050839, 11.6421161 ], [ 109.0511703, 11.6426881 ], [ 109.0515429, 11.6424811 ], [ 109.0512116, 11.6419091 ] ] ] } },
{ "type": "Feature", "properties": { "contextFeatureId": "VNM-S-001::substations::way::1273527205", "projectId": "VNM-S-001", "projectName": "Trungnam Solar Farm (Thuan Bac)", "countryCode": "VNM", "osmType": "way", "osmId": 1273527205, "highway": null, "place": null, "power": "substation", "landuse": null, "name": null, "voltage": "110000", "circuits": null, "cables": null, "frequency": null, "substationTag": null, "lineTag": null, "operator": null, "location": "outdoor" }, "geometry": { "type": "Polygon", "coordinates": [ [ [ 109.0315242, 11.6813137 ], [ 109.0320875, 11.6822042 ], [ 109.0326038, 11.6819087 ], [ 109.032522, 11.6813951 ], [ 109.032172, 11.681407 ], [ 109.032003, 11.6809302 ], [ 109.0315242, 11.6813137 ] ] ] } },
{ "type": "Feature", "properties": { "contextFeatureId": "VNM-S-001::substations::way::1273527210", "projectId": "VNM-S-001", "projectName": "Trungnam Solar Farm (Thuan Bac)", "countryCode": "VNM", "osmType": "way", "osmId": 1273527210, "highway": null, "place": null, "power": "substation", "landuse": null, "name": null, "voltage": "220000;110000", "circuits": null, "cables": null, "frequency": null, "substationTag": "generation", "lineTag": null, "operator": null, "location": "outdoor" }, "geometry": { "type": "Polygon", "coordinates": [ [ [ 109.0280119, 11.6991705 ], [ 109.0284454, 11.6996325 ], [ 109.0298026, 11.6984111 ], [ 109.0293691, 11.6979492 ], [ 109.0280119, 11.6991705 ] ] ] } },
{ "type": "Feature", "properties": { "contextFeatureId": "VNM-S-001::substations::way::1273527212", "projectId": "VNM-S-001", "projectName": "Trungnam Solar Farm (Thuan Bac)", "countryCode": "VNM", "osmType": "way", "osmId": 1273527212, "highway": null, "place": null, "power": "substation", "landuse": null, "name": "Trạm biến áp 220KV Nhà Máy Điện Mặt trời Thiên Tân Solar Ninh Thuận", "voltage": "220000", "circuits": null, "cables": null, "frequency": "50", "substationTag": "industrial", "lineTag": null, "operator": null, "location": "outdoor" }, "geometry": { "type": "Polygon", "coordinates": [ [ [ 108.9614794, 11.6817745 ], [ 108.9614756, 11.682647 ], [ 108.9628396, 11.6826526 ], [ 108.9628433, 11.6817802 ], [ 108.9614794, 11.6817745 ] ] ] } },
{ "type": "Feature", "properties": { "contextFeatureId": "VNM-S-002::substations::way::775832889", "projectId": "VNM-S-002", "projectName": "Dau Tieng Solar Power Complex", "countryCode": "VNM", "osmType": "way", "osmId": 775832889, "highway": null, "place": null, "power": "substation", "landuse": null, "name": null, "voltage": "220000", "circuits": null, "cables": null, "frequency": null, "substationTag": "transmission", "lineTag": null, "operator": null, "location": "outdoor" }, "geometry": { "type": "Polygon", "coordinates": [ [ [ 106.1987716, 11.464568 ], [ 106.1997884, 11.4642832 ], [ 106.1993827, 11.4628922 ], [ 106.1991089, 11.4629689 ], [ 106.1989259, 11.4630202 ], [ 106.1983659, 11.4631771 ], [ 106.1985115, 11.4636761 ], [ 106.1985345, 11.4637552 ], [ 106.1986377, 11.4641088 ], [ 106.1987716, 11.464568 ] ] ] } },
{ "type": "Feature", "properties": { "contextFeatureId": "VNM-S-002::substations::way::1192103454", "projectId": "VNM-S-002", "projectName": "Dau Tieng Solar Power Complex", "countryCode": "VNM", "osmType": "way", "osmId": 1192103454, "highway": null, "place": null, "power": "substation", "landuse": null, "name": "Trạm cắt 110kV Tây Ninh 1", "voltage": "110000", "circuits": null, "cables": null, "frequency": "50", "substationTag": "transmission", "lineTag": null, "operator": null, "location": "outdoor" }, "geometry": { "type": "Polygon", "coordinates": [ [ [ 106.164245, 11.5006497 ], [ 106.1646894, 11.5006136 ], [ 106.1646408, 11.5000402 ], [ 106.164589, 11.5000444 ], [ 106.1643946, 11.5000602 ], [ 106.1643725, 11.500062 ], [ 106.1643843, 11.5002012 ], [ 106.1642082, 11.5002155 ], [ 106.164245, 11.5006497 ] ] ] } },
{ "type": "Feature", "properties": { "contextFeatureId": "VNM-S-002::substations::way::1192103470", "projectId": "VNM-S-002", "projectName": "Dau Tieng Solar Power Complex", "countryCode": "VNM", "osmType": "way", "osmId": 1192103470, "highway": null, "place": null, "power": "substation", "landuse": null, "name": null, "voltage": null, "circuits": null, "cables": null, "frequency": null, "substationTag": null, "lineTag": null, "operator": null, "location": null }, "geometry": { "type": "Polygon", "coordinates": [ [ [ 106.2601757, 11.475143 ], [ 106.2599872, 11.4753304 ], [ 106.2601857, 11.4755221 ], [ 106.2603742, 11.4753348 ], [ 106.260356, 11.4753172 ], [ 106.2601757, 11.475143 ] ] ] } },
{ "type": "Feature", "properties": { "contextFeatureId": "VNM-S-004::substations::way::549197475", "projectId": "VNM-S-004", "projectName": "Hoa Hoi Solar Power Plant", "countryCode": "VNM", "osmType": "way", "osmId": 549197475, "highway": null, "place": null, "power": "substation", "landuse": null, "name": null, "voltage": "220000;110000", "circuits": null, "cables": null, "frequency": null, "substationTag": "transmission", "lineTag": null, "operator": null, "location": "outdoor" }, "geometry": { "type": "Polygon", "coordinates": [ [ [ 109.2036939, 13.087094 ], [ 109.2044922, 13.0868352 ], [ 109.2044457, 13.0866991 ], [ 109.2049242, 13.086544 ], [ 109.2054776, 13.0881641 ], [ 109.2042008, 13.0885779 ], [ 109.2036939, 13.087094 ] ] ] } },
{ "type": "Feature", "properties": { "contextFeatureId": "VNM-S-004::substations::way::1273140682", "projectId": "VNM-S-004", "projectName": "Hoa Hoi Solar Power Plant", "countryCode": "VNM", "osmType": "way", "osmId": 1273140682, "highway": null, "place": null, "power": "substation", "landuse": null, "name": null, "voltage": "110000", "circuits": null, "cables": null, "frequency": null, "substationTag": "generation", "lineTag": null, "operator": null, "location": "outdoor" }, "geometry": { "type": "Polygon", "coordinates": [ [ [ 109.0893158, 13.003089 ], [ 109.089001, 13.0030913 ], [ 109.0889983, 13.0027365 ], [ 109.0893131, 13.0027342 ], [ 109.0893158, 13.003089 ] ] ] } },
{ "type": "Feature", "properties": { "contextFeatureId": "VNM-S-004::substations::way::1273140706", "projectId": "VNM-S-004", "projectName": "Hoa Hoi Solar Power Plant", "countryCode": "VNM", "osmType": "way", "osmId": 1273140706, "highway": null, "place": null, "power": "substation", "landuse": null, "name": null, "voltage": "220000", "circuits": null, "cables": null, "frequency": null, "substationTag": "transmission", "lineTag": null, "operator": null, "location": "outdoor" }, "geometry": { "type": "Polygon", "coordinates": [ [ [ 109.0977117, 13.0694182 ], [ 109.0983622, 13.0680831 ], [ 109.0973845, 13.0676115 ], [ 109.0967307, 13.0689583 ], [ 109.0977117, 13.0694182 ] ] ] } },
{ "type": "Feature", "properties": { "contextFeatureId": "VNM-S-004::substations::way::1320783760", "projectId": "VNM-S-004", "projectName": "Hoa Hoi Solar Power Plant", "countryCode": "VNM", "osmType": "way", "osmId": 1320783760, "highway": null, "place": null, "power": "substation", "landuse": null, "name": null, "voltage": null, "circuits": null, "cables": null, "frequency": null, "substationTag": null, "lineTag": null, "operator": null, "location": null }, "geometry": { "type": "Polygon", "coordinates": [ [ [ 109.0941229, 12.9676483 ], [ 109.0945387, 12.9676614 ], [ 109.0945387, 12.9681894 ], [ 109.0941069, 12.9681842 ], [ 109.0941229, 12.9676483 ] ] ] } },
{ "type": "Feature", "properties": { "contextFeatureId": "VNM-W-001::substations::way::1458074470", "projectId": "VNM-W-001", "projectName": "Dien Bien 1 Wind Power Plant", "countryCode": "VNM", "osmType": "way", "osmId": 1458074470, "highway": null, "place": null, "power": "substation", "landuse": null, "name": null, "voltage": null, "circuits": null, "cables": null, "frequency": null, "substationTag": null, "lineTag": null, "operator": null, "location": null }, "geometry": { "type": "Polygon", "coordinates": [ [ [ 103.0473818, 21.4379772 ], [ 103.04754, 21.4377525 ], [ 103.0472973, 21.4375703 ], [ 103.0471565, 21.43781 ], [ 103.0473818, 21.4379772 ] ] ] } },
{ "type": "Feature", "properties": { "contextFeatureId": "VNM-W-001::substations::way::1458074472", "projectId": "VNM-W-001", "projectName": "Dien Bien 1 Wind Power Plant", "countryCode": "VNM", "osmType": "way", "osmId": 1458074472, "highway": null, "place": null, "power": "substation", "landuse": null, "name": null, "voltage": null, "circuits": null, "cables": null, "frequency": null, "substationTag": null, "lineTag": null, "operator": null, "location": null }, "geometry": { "type": "Polygon", "coordinates": [ [ [ 103.0364263, 21.4078522 ], [ 103.0365041, 21.4074901 ], [ 103.0356109, 21.4072879 ], [ 103.0355465, 21.4076599 ], [ 103.0364263, 21.4078522 ] ] ] } }
]
}
