{
"type": "FeatureCollection",
"name": "context_graph_edges",
"crs": { "type": "name", "properties": { "name": "urn:ogc:def:crs:OGC:1.3:CRS84" } },
"features": [
{ "type": "Feature", "properties": { "edgeId": "IDN-W-001:site->IDN-W-001:road_segment:way:112260347:site_to_road", "sourceNodeId": "IDN-W-001:site", "targetNodeId": "IDN-W-001:road_segment:way:112260347", "edgeType": "site_to_road", "distanceKm": 4.976, "rank": 1.0, "withinThreshold": true, "metadataScore": null, "voltageCompatible": null, "projectId": "IDN-W-001", "countryCode": "IDN" }, "geometry": { "type": "LineString", "coordinates": [ [ 119.711472, -3.987306 ], [ 119.6879466, -3.9414609 ] ] } },
{ "type": "Feature", "properties": { "edgeId": "IDN-W-001:site->IDN-W-001:settlement:node:1271818969:site_to_settlement", "sourceNodeId": "IDN-W-001:site", "targetNodeId": "IDN-W-001:settlement:node:1271818969", "edgeType": "site_to_settlement", "distanceKm": 0.992, "rank": 1.0, "withinThreshold": true, "metadataScore": null, "voltageCompatible": null, "projectId": "IDN-W-001", "countryCode": "IDN" }, "geometry": { "type": "LineString", "coordinates": [ [ 119.711472, -3.987306 ], [ 119.7023453, -3.9913827 ] ] } },
{ "type": "Feature", "properties": { "edgeId": "IDN-W-001:site->IDN-W-001:substation:way:604841862:site_to_substation", "sourceNodeId": "IDN-W-001:site", "targetNodeId": "IDN-W-001:substation:way:604841862", "edgeType": "site_to_substation", "distanceKm": 2.345, "rank": 1.0, "withinThreshold": true, "metadataScore": 0.601, "voltageCompatible": null, "projectId": "IDN-W-001", "countryCode": "IDN" }, "geometry": { "type": "LineString", "coordinates": [ [ 119.711472, -3.987306 ], [ 119.709998164432008, -3.96755295 ] ] } },
{ "type": "Feature", "properties": { "edgeId": "IDN-W-001:site->IDN-W-001:substation:way:257725651:site_to_substation", "sourceNodeId": "IDN-W-001:site", "targetNodeId": "IDN-W-001:substation:way:257725651", "edgeType": "site_to_substation", "distanceKm": 8.911, "rank": 2.0, "withinThreshold": true, "metadataScore": 0.836, "voltageCompatible": null, "projectId": "IDN-W-001", "countryCode": "IDN" }, "geometry": { "type": "LineString", "coordinates": [ [ 119.711472, -3.987306 ], [ 119.636732323885354, -4.0225557 ] ] } },
{ "type": "Feature", "properties": { "edgeId": "IDN-W-001:site->IDN-W-001:substation:way:1347242746:site_to_substation", "sourceNodeId": "IDN-W-001:site", "targetNodeId": "IDN-W-001:substation:way:1347242746", "edgeType": "site_to_substation", "distanceKm": 9.01, "rank": 3.0, "withinThreshold": true, "metadataScore": 0.43, "voltageCompatible": null, "projectId": "IDN-W-001", "countryCode": "IDN" }, "geometry": { "type": "LineString", "coordinates": [ [ 119.711472, -3.987306 ], [ 119.636538877075509, -4.0213853 ] ] } },
{ "type": "Feature", "properties": { "edgeId": "IDN-W-001:site->IDN-W-001:transmission_segment:way:744151483:site_to_transmission", "sourceNodeId": "IDN-W-001:site", "targetNodeId": "IDN-W-001:transmission_segment:way:744151483", "edgeType": "site_to_transmission", "distanceKm": 2.471, "rank": 1.0, "withinThreshold": true, "metadataScore": 0.66, "voltageCompatible": null, "projectId": "IDN-W-001", "countryCode": "IDN" }, "geometry": { "type": "LineString", "coordinates": [ [ 119.711472, -3.987306 ], [ 119.6987271, -3.9648811 ] ] } },
{ "type": "Feature", "properties": { "edgeId": "IDN-W-001:site->IDN-W-001:transmission_segment:way:244912348:site_to_transmission", "sourceNodeId": "IDN-W-001:site", "targetNodeId": "IDN-W-001:transmission_segment:way:244912348", "edgeType": "site_to_transmission", "distanceKm": 4.291, "rank": 2.0, "withinThreshold": true, "metadataScore": 0.66, "voltageCompatible": null, "projectId": "IDN-W-001", "countryCode": "IDN" }, "geometry": { "type": "LineString", "coordinates": [ [ 119.711472, -3.987306 ], [ 119.6270238, -4.4320185 ] ] } },
{ "type": "Feature", "properties": { "edgeId": "IDN-W-001:site->IDN-W-001:transmission_segment:way:756673524:site_to_transmission", "sourceNodeId": "IDN-W-001:site", "targetNodeId": "IDN-W-001:transmission_segment:way:756673524", "edgeType": "site_to_transmission", "distanceKm": 4.324, "rank": 3.0, "withinThreshold": true, "metadataScore": 0.66, "voltageCompatible": null, "projectId": "IDN-W-001", "countryCode": "IDN" }, "geometry": { "type": "LineString", "coordinates": [ [ 119.711472, -3.987306 ], [ 119.7091555, -3.9237371 ] ] } },
{ "type": "Feature", "properties": { "edgeId": "IDN-W-001:substation:way:604841862->IDN-W-001:transmission_segment:way:744151483:substation_to_transmission", "sourceNodeId": "IDN-W-001:substation:way:604841862", "targetNodeId": "IDN-W-001:transmission_segment:way:744151483", "edgeType": "substation_to_transmission", "distanceKm": 0.0, "rank": null, "withinThreshold": true, "metadataScore": 0.661, "voltageCompatible": "True", "projectId": "IDN-W-001", "countryCode": "IDN" }, "geometry": { "type": "LineString", "coordinates": [ [ 119.709998164432008, -3.96755295 ], [ 119.6987271, -3.9648811 ] ] } },
{ "type": "Feature", "properties": { "edgeId": "IDN-W-001:substation:way:257725651->IDN-W-001:transmission_segment:way:257725638:substation_to_transmission", "sourceNodeId": "IDN-W-001:substation:way:257725651", "targetNodeId": "IDN-W-001:transmission_segment:way:257725638", "edgeType": "substation_to_transmission", "distanceKm": 0.022, "rank": null, "withinThreshold": true, "metadataScore": 0.843, "voltageCompatible": "True", "projectId": "IDN-W-001", "countryCode": "IDN" }, "geometry": { "type": "LineString", "coordinates": [ [ 119.636732323885354, -4.0225557 ], [ 119.6861117, -3.9563561 ] ] } },
{ "type": "Feature", "properties": { "edgeId": "IDN-W-001:substation:way:257725651->IDN-W-001:transmission_segment:way:257613286:substation_to_transmission", "sourceNodeId": "IDN-W-001:substation:way:257725651", "targetNodeId": "IDN-W-001:transmission_segment:way:257613286", "edgeType": "substation_to_transmission", "distanceKm": 0.037, "rank": null, "withinThreshold": true, "metadataScore": 0.843, "voltageCompatible": "True", "projectId": "IDN-W-001", "countryCode": "IDN" }, "geometry": { "type": "LineString", "coordinates": [ [ 119.636732323885354, -4.0225557 ], [ 119.6246657, -3.7572909 ] ] } },
{ "type": "Feature", "properties": { "edgeId": "IDN-W-001:substation:way:257725651->IDN-W-001:transmission_segment:way:399724595:substation_to_transmission", "sourceNodeId": "IDN-W-001:substation:way:257725651", "targetNodeId": "IDN-W-001:transmission_segment:way:399724595", "edgeType": "substation_to_transmission", "distanceKm": 0.0, "rank": null, "withinThreshold": true, "metadataScore": 0.853, "voltageCompatible": "True", "projectId": "IDN-W-001", "countryCode": "IDN" }, "geometry": { "type": "LineString", "coordinates": [ [ 119.636732323885354, -4.0225557 ], [ 119.6385957, -3.9912839 ] ] } },
{ "type": "Feature", "properties": { "edgeId": "IDN-W-001:substation:way:257725651->IDN-W-001:transmission_segment:way:756673525:substation_to_transmission", "sourceNodeId": "IDN-W-001:substation:way:257725651", "targetNodeId": "IDN-W-001:transmission_segment:way:756673525", "edgeType": "substation_to_transmission", "distanceKm": 0.0, "rank": null, "withinThreshold": true, "metadataScore": 0.853, "voltageCompatible": "True", "projectId": "IDN-W-001", "countryCode": "IDN" }, "geometry": { "type": "LineString", "coordinates": [ [ 119.636732323885354, -4.0225557 ], [ 119.6373766, -4.0218281 ] ] } },
{ "type": "Feature", "properties": { "edgeId": "IDN-W-001:substation:way:257725651->IDN-W-001:transmission_segment:way:756673526:substation_to_transmission", "sourceNodeId": "IDN-W-001:substation:way:257725651", "targetNodeId": "IDN-W-001:transmission_segment:way:756673526", "edgeType": "substation_to_transmission", "distanceKm": 0.0, "rank": null, "withinThreshold": true, "metadataScore": 0.853, "voltageCompatible": "True", "projectId": "IDN-W-001", "countryCode": "IDN" }, "geometry": { "type": "LineString", "coordinates": [ [ 119.636732323885354, -4.0225557 ], [ 119.6369719, -4.0223819 ] ] } },
{ "type": "Feature", "properties": { "edgeId": "IDN-W-001:substation:way:257725651->IDN-W-001:transmission_segment:way:257725650:substation_to_transmission", "sourceNodeId": "IDN-W-001:substation:way:257725651", "targetNodeId": "IDN-W-001:transmission_segment:way:257725650", "edgeType": "substation_to_transmission", "distanceKm": 0.0, "rank": null, "withinThreshold": true, "metadataScore": 0.853, "voltageCompatible": "True", "projectId": "IDN-W-001", "countryCode": "IDN" }, "geometry": { "type": "LineString", "coordinates": [ [ 119.636732323885354, -4.0225557 ], [ 119.6416856, -4.1662082 ] ] } },
{ "type": "Feature", "properties": { "edgeId": "IDN-W-001:substation:way:257725651->IDN-W-001:transmission_segment:way:756673527:substation_to_transmission", "sourceNodeId": "IDN-W-001:substation:way:257725651", "targetNodeId": "IDN-W-001:transmission_segment:way:756673527", "edgeType": "substation_to_transmission", "distanceKm": 0.0, "rank": null, "withinThreshold": true, "metadataScore": 0.853, "voltageCompatible": "True", "projectId": "IDN-W-001", "countryCode": "IDN" }, "geometry": { "type": "LineString", "coordinates": [ [ 119.636732323885354, -4.0225557 ], [ 119.6359362, -4.021493 ] ] } },
{ "type": "Feature", "properties": { "edgeId": "IDN-W-001:substation:way:1347242746->IDN-W-001:transmission_segment:way:257725638:substation_to_transmission", "sourceNodeId": "IDN-W-001:substation:way:1347242746", "targetNodeId": "IDN-W-001:transmission_segment:way:257725638", "edgeType": "substation_to_transmission", "distanceKm": 0.086, "rank": null, "withinThreshold": true, "metadataScore": 0.535, "voltageCompatible": "True", "projectId": "IDN-W-001", "countryCode": "IDN" }, "geometry": { "type": "LineString", "coordinates": [ [ 119.636538877075509, -4.0213853 ], [ 119.6861117, -3.9563561 ] ] } },
{ "type": "Feature", "properties": { "edgeId": "IDN-W-001:substation:way:1347242746->IDN-W-001:transmission_segment:way:257613286:substation_to_transmission", "sourceNodeId": "IDN-W-001:substation:way:1347242746", "targetNodeId": "IDN-W-001:transmission_segment:way:257613286", "edgeType": "substation_to_transmission", "distanceKm": 0.042, "rank": null, "withinThreshold": true, "metadataScore": 0.55, "voltageCompatible": "True", "projectId": "IDN-W-001", "countryCode": "IDN" }, "geometry": { "type": "LineString", "coordinates": [ [ 119.636538877075509, -4.0213853 ], [ 119.6246657, -3.7572909 ] ] } },
{ "type": "Feature", "properties": { "edgeId": "IDN-W-001:substation:way:1347242746->IDN-W-001:transmission_segment:way:399724595:substation_to_transmission", "sourceNodeId": "IDN-W-001:substation:way:1347242746", "targetNodeId": "IDN-W-001:transmission_segment:way:399724595", "edgeType": "substation_to_transmission", "distanceKm": 0.043, "rank": null, "withinThreshold": true, "metadataScore": 0.55, "voltageCompatible": "True", "projectId": "IDN-W-001", "countryCode": "IDN" }, "geometry": { "type": "LineString", "coordinates": [ [ 119.636538877075509, -4.0213853 ], [ 119.6385957, -3.9912839 ] ] } },
{ "type": "Feature", "properties": { "edgeId": "IDN-W-001:substation:way:1347242746->IDN-W-001:transmission_segment:way:756673525:substation_to_transmission", "sourceNodeId": "IDN-W-001:substation:way:1347242746", "targetNodeId": "IDN-W-001:transmission_segment:way:756673525", "edgeType": "substation_to_transmission", "distanceKm": 0.086, "rank": null, "withinThreshold": true, "metadataScore": 0.535, "voltageCompatible": "True", "projectId": "IDN-W-001", "countryCode": "IDN" }, "geometry": { "type": "LineString", "coordinates": [ [ 119.636538877075509, -4.0213853 ], [ 119.6373766, -4.0218281 ] ] } },
{ "type": "Feature", "properties": { "edgeId": "IDN-W-001:substation:way:1347242746->IDN-W-001:transmission_segment:way:756673526:substation_to_transmission", "sourceNodeId": "IDN-W-001:substation:way:1347242746", "targetNodeId": "IDN-W-001:transmission_segment:way:756673526", "edgeType": "substation_to_transmission", "distanceKm": 0.042, "rank": null, "withinThreshold": true, "metadataScore": 0.55, "voltageCompatible": "True", "projectId": "IDN-W-001", "countryCode": "IDN" }, "geometry": { "type": "LineString", "coordinates": [ [ 119.636538877075509, -4.0213853 ], [ 119.6369719, -4.0223819 ] ] } },
{ "type": "Feature", "properties": { "edgeId": "IDN-W-001:substation:way:1347242746->IDN-W-001:transmission_segment:way:257725650:substation_to_transmission", "sourceNodeId": "IDN-W-001:substation:way:1347242746", "targetNodeId": "IDN-W-001:transmission_segment:way:257725650", "edgeType": "substation_to_transmission", "distanceKm": 0.111, "rank": null, "withinThreshold": true, "metadataScore": 0.515, "voltageCompatible": "True", "projectId": "IDN-W-001", "countryCode": "IDN" }, "geometry": { "type": "LineString", "coordinates": [ [ 119.636538877075509, -4.0213853 ], [ 119.6416856, -4.1662082 ] ] } },
{ "type": "Feature", "properties": { "edgeId": "IDN-W-001:substation:way:1347242746->IDN-W-001:transmission_segment:way:756673527:substation_to_transmission", "sourceNodeId": "IDN-W-001:substation:way:1347242746", "targetNodeId": "IDN-W-001:transmission_segment:way:756673527", "edgeType": "substation_to_transmission", "distanceKm": 0.049, "rank": null, "withinThreshold": true, "metadataScore": 0.55, "voltageCompatible": "True", "projectId": "IDN-W-001", "countryCode": "IDN" }, "geometry": { "type": "LineString", "coordinates": [ [ 119.636538877075509, -4.0213853 ], [ 119.6359362, -4.021493 ] ] } },
{ "type": "Feature", "properties": { "edgeId": "IDN-W-001:substation:way:252566435->IDN-W-001:transmission_segment:way:756673524:substation_to_transmission", "sourceNodeId": "IDN-W-001:substation:way:252566435", "targetNodeId": "IDN-W-001:transmission_segment:way:756673524", "edgeType": "substation_to_transmission", "distanceKm": 0.0, "rank": null, "withinThreshold": true, "metadataScore": 0.86, "voltageCompatible": "True", "projectId": "IDN-W-001", "countryCode": "IDN" }, "geometry": { "type": "LineString", "coordinates": [ [ 119.752640180641038, -3.91666295 ], [ 119.7091555, -3.9237371 ] ] } },
{ "type": "Feature", "properties": { "edgeId": "IDN-W-001:substation:way:252566435->IDN-W-001:transmission_segment:way:257725638:substation_to_transmission", "sourceNodeId": "IDN-W-001:substation:way:252566435", "targetNodeId": "IDN-W-001:transmission_segment:way:257725638", "edgeType": "substation_to_transmission", "distanceKm": 0.018, "rank": null, "withinThreshold": true, "metadataScore": 0.86, "voltageCompatible": "True", "projectId": "IDN-W-001", "countryCode": "IDN" }, "geometry": { "type": "LineString", "coordinates": [ [ 119.752640180641038, -3.91666295 ], [ 119.6861117, -3.9563561 ] ] } },
{ "type": "Feature", "properties": { "edgeId": "IDN-W-001:substation:way:252566435->IDN-W-001:transmission_segment:way:756844866:substation_to_transmission", "sourceNodeId": "IDN-W-001:substation:way:252566435", "targetNodeId": "IDN-W-001:transmission_segment:way:756844866", "edgeType": "substation_to_transmission", "distanceKm": 0.029, "rank": null, "withinThreshold": true, "metadataScore": 0.85, "voltageCompatible": "True", "projectId": "IDN-W-001", "countryCode": "IDN" }, "geometry": { "type": "LineString", "coordinates": [ [ 119.752640180641038, -3.91666295 ], [ 119.8584487, -4.1243733 ] ] } },
{ "type": "Feature", "properties": { "edgeId": "IDN-W-001:substation:way:252566435->IDN-W-001:transmission_segment:way:756844864:substation_to_transmission", "sourceNodeId": "IDN-W-001:substation:way:252566435", "targetNodeId": "IDN-W-001:transmission_segment:way:756844864", "edgeType": "substation_to_transmission", "distanceKm": 0.0, "rank": null, "withinThreshold": true, "metadataScore": 0.86, "voltageCompatible": "True", "projectId": "IDN-W-001", "countryCode": "IDN" }, "geometry": { "type": "LineString", "coordinates": [ [ 119.752640180641038, -3.91666295 ], [ 119.7525309, -3.9177511 ] ] } },
{ "type": "Feature", "properties": { "edgeId": "IDN-W-001:substation:way:252566435->IDN-W-001:transmission_segment:way:756848241:substation_to_transmission", "sourceNodeId": "IDN-W-001:substation:way:252566435", "targetNodeId": "IDN-W-001:transmission_segment:way:756848241", "edgeType": "substation_to_transmission", "distanceKm": 0.0, "rank": null, "withinThreshold": true, "metadataScore": 0.86, "voltageCompatible": "True", "projectId": "IDN-W-001", "countryCode": "IDN" }, "geometry": { "type": "LineString", "coordinates": [ [ 119.752640180641038, -3.91666295 ], [ 119.7522975, -3.9175477 ] ] } },
{ "type": "Feature", "properties": { "edgeId": "IDN-W-001:substation:way:252566435->IDN-W-001:transmission_segment:way:756673523:substation_to_transmission", "sourceNodeId": "IDN-W-001:substation:way:252566435", "targetNodeId": "IDN-W-001:transmission_segment:way:756673523", "edgeType": "substation_to_transmission", "distanceKm": 0.0, "rank": null, "withinThreshold": true, "metadataScore": 0.86, "voltageCompatible": "True", "projectId": "IDN-W-001", "countryCode": "IDN" }, "geometry": { "type": "LineString", "coordinates": [ [ 119.752640180641038, -3.91666295 ], [ 119.7524651, -3.916591 ] ] } },
{ "type": "Feature", "properties": { "edgeId": "IDN-W-001:substation:way:252566435->IDN-W-001:transmission_segment:way:758790654:substation_to_transmission", "sourceNodeId": "IDN-W-001:substation:way:252566435", "targetNodeId": "IDN-W-001:transmission_segment:way:758790654", "edgeType": "substation_to_transmission", "distanceKm": 0.0, "rank": null, "withinThreshold": true, "metadataScore": 0.86, "voltageCompatible": "True", "projectId": "IDN-W-001", "countryCode": "IDN" }, "geometry": { "type": "LineString", "coordinates": [ [ 119.752640180641038, -3.91666295 ], [ 119.7836646, -3.4898148 ] ] } },
{ "type": "Feature", "properties": { "edgeId": "IDN-W-001:substation:way:252566435->IDN-W-001:transmission_segment:way:399724594:substation_to_transmission", "sourceNodeId": "IDN-W-001:substation:way:252566435", "targetNodeId": "IDN-W-001:transmission_segment:way:399724594", "edgeType": "substation_to_transmission", "distanceKm": 0.0, "rank": null, "withinThreshold": true, "metadataScore": 0.86, "voltageCompatible": "True", "projectId": "IDN-W-001", "countryCode": "IDN" }, "geometry": { "type": "LineString", "coordinates": [ [ 119.752640180641038, -3.91666295 ], [ 119.9669097, -3.9372273 ] ] } },
{ "type": "Feature", "properties": { "edgeId": "IDN-W-001:substation:way:399724592->IDN-W-001:transmission_segment:way:399724595:substation_to_transmission", "sourceNodeId": "IDN-W-001:substation:way:399724592", "targetNodeId": "IDN-W-001:transmission_segment:way:399724595", "edgeType": "substation_to_transmission", "distanceKm": 0.0, "rank": null, "withinThreshold": true, "metadataScore": 0.853, "voltageCompatible": "True", "projectId": "IDN-W-001", "countryCode": "IDN" }, "geometry": { "type": "LineString", "coordinates": [ [ 119.624316839924262, -3.9695219 ], [ 119.6385957, -3.9912839 ] ] } },
{ "type": "Feature", "properties": { "edgeId": "MYS-S-001:site->MYS-S-001:road_segment:way:167156392:site_to_road", "sourceNodeId": "MYS-S-001:site", "targetNodeId": "MYS-S-001:road_segment:way:167156392", "edgeType": "site_to_road", "distanceKm": 2.59, "rank": 1.0, "withinThreshold": true, "metadataScore": null, "voltageCompatible": null, "projectId": "MYS-S-001", "countryCode": "MYS" }, "geometry": { "type": "LineString", "coordinates": [ [ 101.5275, 2.7483 ], [ 101.5660165, 2.7897489 ] ] } },
{ "type": "Feature", "properties": { "edgeId": "MYS-S-001:site->MYS-S-001:settlement:node:7978199693:site_to_settlement", "sourceNodeId": "MYS-S-001:site", "targetNodeId": "MYS-S-001:settlement:node:7978199693", "edgeType": "site_to_settlement", "distanceKm": 7.571, "rank": 1.0, "withinThreshold": true, "metadataScore": null, "voltageCompatible": null, "projectId": "MYS-S-001", "countryCode": "MYS" }, "geometry": { "type": "LineString", "coordinates": [ [ 101.5275, 2.7483 ], [ 101.5626546, 2.8286477 ] ] } },
{ "type": "Feature", "properties": { "edgeId": "MYS-S-001:site->MYS-S-001:substation:way:750330545:site_to_substation", "sourceNodeId": "MYS-S-001:site", "targetNodeId": "MYS-S-001:substation:way:750330545", "edgeType": "site_to_substation", "distanceKm": 0.565, "rank": 1.0, "withinThreshold": true, "metadataScore": 0.37, "voltageCompatible": null, "projectId": "MYS-S-001", "countryCode": "MYS" }, "geometry": { "type": "LineString", "coordinates": [ [ 101.5275, 2.7483 ], [ 101.61181422510046, 2.78167895 ] ] } },
{ "type": "Feature", "properties": { "edgeId": "MYS-S-001:site->MYS-S-001:substation:way:164030103:site_to_substation", "sourceNodeId": "MYS-S-001:site", "targetNodeId": "MYS-S-001:substation:way:164030103", "edgeType": "site_to_substation", "distanceKm": 2.796, "rank": 2.0, "withinThreshold": true, "metadataScore": 1.0, "voltageCompatible": null, "projectId": "MYS-S-001", "countryCode": "MYS" }, "geometry": { "type": "LineString", "coordinates": [ [ 101.5275, 2.7483 ], [ 101.59716242922886, 2.8042806 ] ] } },
{ "type": "Feature", "properties": { "edgeId": "MYS-S-001:site->MYS-S-001:substation:node:8226808857:site_to_substation", "sourceNodeId": "MYS-S-001:site", "targetNodeId": "MYS-S-001:substation:node:8226808857", "edgeType": "site_to_substation", "distanceKm": 6.82, "rank": 3.0, "withinThreshold": true, "metadataScore": 0.415, "voltageCompatible": null, "projectId": "MYS-S-001", "countryCode": "MYS" }, "geometry": { "type": "LineString", "coordinates": [ [ 101.5275, 2.7483 ], [ 101.577078, 2.8334538 ] ] } },
{ "type": "Feature", "properties": { "edgeId": "MYS-S-001:site->MYS-S-001:transmission_segment:way:162362077:site_to_transmission", "sourceNodeId": "MYS-S-001:site", "targetNodeId": "MYS-S-001:transmission_segment:way:162362077", "edgeType": "site_to_transmission", "distanceKm": 0.406, "rank": 1.0, "withinThreshold": true, "metadataScore": 0.839, "voltageCompatible": null, "projectId": "MYS-S-001", "countryCode": "MYS" }, "geometry": { "type": "LineString", "coordinates": [ [ 101.5275, 2.7483 ], [ 101.6934332, 2.6550354 ] ] } },
{ "type": "Feature", "properties": { "edgeId": "MYS-S-001:site->MYS-S-001:transmission_segment:way:884612516:site_to_transmission", "sourceNodeId": "MYS-S-001:site", "targetNodeId": "MYS-S-001:transmission_segment:way:884612516", "edgeType": "site_to_transmission", "distanceKm": 0.939, "rank": 2.0, "withinThreshold": true, "metadataScore": 0.86, "voltageCompatible": null, "projectId": "MYS-S-001", "countryCode": "MYS" }, "geometry": { "type": "LineString", "coordinates": [ [ 101.5275, 2.7483 ], [ 101.6314704, 2.7118125 ] ] } },
{ "type": "Feature", "properties": { "edgeId": "MYS-S-001:site->MYS-S-001:transmission_segment:way:342956155:site_to_transmission", "sourceNodeId": "MYS-S-001:site", "targetNodeId": "MYS-S-001:transmission_segment:way:342956155", "edgeType": "site_to_transmission", "distanceKm": 2.229, "rank": 3.0, "withinThreshold": true, "metadataScore": 0.779, "voltageCompatible": null, "projectId": "MYS-S-001", "countryCode": "MYS" }, "geometry": { "type": "LineString", "coordinates": [ [ 101.5275, 2.7483 ], [ 101.612024, 2.8280131 ] ] } },
{ "type": "Feature", "properties": { "edgeId": "MYS-S-001:substation:way:164030103->MYS-S-001:transmission_segment:way:342956155:substation_to_transmission", "sourceNodeId": "MYS-S-001:substation:way:164030103", "targetNodeId": "MYS-S-001:transmission_segment:way:342956155", "edgeType": "substation_to_transmission", "distanceKm": 0.029, "rank": null, "withinThreshold": true, "metadataScore": 0.909, "voltageCompatible": "True", "projectId": "MYS-S-001", "countryCode": "MYS" }, "geometry": { "type": "LineString", "coordinates": [ [ 101.59716242922886, 2.8042806 ], [ 101.612024, 2.8280131 ] ] } },
{ "type": "Feature", "properties": { "edgeId": "MYS-S-001:substation:way:164030103->MYS-S-001:transmission_segment:way:397286654:substation_to_transmission", "sourceNodeId": "MYS-S-001:substation:way:164030103", "targetNodeId": "MYS-S-001:transmission_segment:way:397286654", "edgeType": "substation_to_transmission", "distanceKm": 0.0, "rank": null, "withinThreshold": true, "metadataScore": 0.885, "voltageCompatible": "True", "projectId": "MYS-S-001", "countryCode": "MYS" }, "geometry": { "type": "LineString", "coordinates": [ [ 101.59716242922886, 2.8042806 ], [ 101.5969065, 2.8033396 ] ] } },
{ "type": "Feature", "properties": { "edgeId": "MYS-S-001:substation:way:162362060->MYS-S-001:transmission_segment:way:884612516:substation_to_transmission", "sourceNodeId": "MYS-S-001:substation:way:162362060", "targetNodeId": "MYS-S-001:transmission_segment:way:884612516", "edgeType": "substation_to_transmission", "distanceKm": 0.093, "rank": null, "withinThreshold": true, "metadataScore": 0.905, "voltageCompatible": "True", "projectId": "MYS-S-001", "countryCode": "MYS" }, "geometry": { "type": "LineString", "coordinates": [ [ 101.575314851807093, 2.8466141 ], [ 101.6314704, 2.7118125 ] ] } },
{ "type": "Feature", "properties": { "edgeId": "MYS-S-001:substation:way:162362060->MYS-S-001:transmission_segment:way:342956155:substation_to_transmission", "sourceNodeId": "MYS-S-001:substation:way:162362060", "targetNodeId": "MYS-S-001:transmission_segment:way:342956155", "edgeType": "substation_to_transmission", "distanceKm": 0.0, "rank": null, "withinThreshold": true, "metadataScore": 0.83, "voltageCompatible": "True", "projectId": "MYS-S-001", "countryCode": "MYS" }, "geometry": { "type": "LineString", "coordinates": [ [ 101.575314851807093, 2.8466141 ], [ 101.612024, 2.8280131 ] ] } },
{ "type": "Feature", "properties": { "edgeId": "MYS-S-001:substation:way:162362060->MYS-S-001:transmission_segment:way:192592427:substation_to_transmission", "sourceNodeId": "MYS-S-001:substation:way:162362060", "targetNodeId": "MYS-S-001:transmission_segment:way:192592427", "edgeType": "substation_to_transmission", "distanceKm": 0.0, "rank": null, "withinThreshold": true, "metadataScore": 0.919, "voltageCompatible": "True", "projectId": "MYS-S-001", "countryCode": "MYS" }, "geometry": { "type": "LineString", "coordinates": [ [ 101.575314851807093, 2.8466141 ], [ 101.7369193, 2.8691575 ] ] } },
{ "type": "Feature", "properties": { "edgeId": "MYS-S-001:substation:way:162362060->MYS-S-001:transmission_segment:way:162362016:substation_to_transmission", "sourceNodeId": "MYS-S-001:substation:way:162362060", "targetNodeId": "MYS-S-001:transmission_segment:way:162362016", "edgeType": "substation_to_transmission", "distanceKm": 0.162, "rank": null, "withinThreshold": true, "metadataScore": 0.7, "voltageCompatible": "False", "projectId": "MYS-S-001", "countryCode": "MYS" }, "geometry": { "type": "LineString", "coordinates": [ [ 101.575314851807093, 2.8466141 ], [ 101.5592347, 2.838699 ] ] } },
{ "type": "Feature", "properties": { "edgeId": "MYS-S-001:substation:way:162362060->MYS-S-001:transmission_segment:way:1452921334:substation_to_transmission", "sourceNodeId": "MYS-S-001:substation:way:162362060", "targetNodeId": "MYS-S-001:transmission_segment:way:1452921334", "edgeType": "substation_to_transmission", "distanceKm": 0.0, "rank": null, "withinThreshold": true, "metadataScore": 0.811, "voltageCompatible": "True", "projectId": "MYS-S-001", "countryCode": "MYS" }, "geometry": { "type": "LineString", "coordinates": [ [ 101.575314851807093, 2.8466141 ], [ 101.5744611, 2.8454416 ] ] } },
{ "type": "Feature", "properties": { "edgeId": "MYS-S-001:substation:way:162362060->MYS-S-001:transmission_segment:way:1452921330:substation_to_transmission", "sourceNodeId": "MYS-S-001:substation:way:162362060", "targetNodeId": "MYS-S-001:transmission_segment:way:1452921330", "edgeType": "substation_to_transmission", "distanceKm": 0.0, "rank": null, "withinThreshold": true, "metadataScore": 0.811, "voltageCompatible": "True", "projectId": "MYS-S-001", "countryCode": "MYS" }, "geometry": { "type": "LineString", "coordinates": [ [ 101.575314851807093, 2.8466141 ], [ 101.5736166, 2.8452009 ] ] } },
{ "type": "Feature", "properties": { "edgeId": "MYS-S-001:substation:way:162362060->MYS-S-001:transmission_segment:way:1137308775:substation_to_transmission", "sourceNodeId": "MYS-S-001:substation:way:162362060", "targetNodeId": "MYS-S-001:transmission_segment:way:1137308775", "edgeType": "substation_to_transmission", "distanceKm": 0.0, "rank": null, "withinThreshold": true, "metadataScore": 0.864, "voltageCompatible": "True", "projectId": "MYS-S-001", "countryCode": "MYS" }, "geometry": { "type": "LineString", "coordinates": [ [ 101.575314851807093, 2.8466141 ], [ 101.5721382, 2.8455167 ] ] } },
{ "type": "Feature", "properties": { "edgeId": "MYS-S-001:substation:way:162362060->MYS-S-001:transmission_segment:way:553644281:substation_to_transmission", "sourceNodeId": "MYS-S-001:substation:way:162362060", "targetNodeId": "MYS-S-001:transmission_segment:way:553644281", "edgeType": "substation_to_transmission", "distanceKm": 0.012, "rank": null, "withinThreshold": true, "metadataScore": 0.83, "voltageCompatible": "True", "projectId": "MYS-S-001", "countryCode": "MYS" }, "geometry": { "type": "LineString", "coordinates": [ [ 101.575314851807093, 2.8466141 ], [ 101.5637702, 2.8407244 ] ] } },
{ "type": "Feature", "properties": { "edgeId": "MYS-S-001:substation:way:162362060->MYS-S-001:transmission_segment:way:1137308776:substation_to_transmission", "sourceNodeId": "MYS-S-001:substation:way:162362060", "targetNodeId": "MYS-S-001:transmission_segment:way:1137308776", "edgeType": "substation_to_transmission", "distanceKm": 0.0, "rank": null, "withinThreshold": true, "metadataScore": 0.864, "voltageCompatible": "True", "projectId": "MYS-S-001", "countryCode": "MYS" }, "geometry": { "type": "LineString", "coordinates": [ [ 101.575314851807093, 2.8466141 ], [ 101.5721382, 2.8455167 ] ] } },
{ "type": "Feature", "properties": { "edgeId": "MYS-S-001:substation:way:162362060->MYS-S-001:transmission_segment:way:162362078:substation_to_transmission", "sourceNodeId": "MYS-S-001:substation:way:162362060", "targetNodeId": "MYS-S-001:transmission_segment:way:162362078", "edgeType": "substation_to_transmission", "distanceKm": 0.042, "rank": null, "withinThreshold": true, "metadataScore": 0.735, "voltageCompatible": "False", "projectId": "MYS-S-001", "countryCode": "MYS" }, "geometry": { "type": "LineString", "coordinates": [ [ 101.575314851807093, 2.8466141 ], [ 101.5555072, 2.8390551 ] ] } },
{ "type": "Feature", "properties": { "edgeId": "MYS-S-001:substation:way:162362045->MYS-S-001:transmission_segment:way:162362016:substation_to_transmission", "sourceNodeId": "MYS-S-001:substation:way:162362045", "targetNodeId": "MYS-S-001:transmission_segment:way:162362016", "edgeType": "substation_to_transmission", "distanceKm": 0.095, "rank": null, "withinThreshold": true, "metadataScore": 0.87, "voltageCompatible": "True", "projectId": "MYS-S-001", "countryCode": "MYS" }, "geometry": { "type": "LineString", "coordinates": [ [ 101.553073149825352, 2.8374052 ], [ 101.5592347, 2.838699 ] ] } },
{ "type": "Feature", "properties": { "edgeId": "MYS-S-001:substation:way:162362045->MYS-S-001:transmission_segment:way:553644281:substation_to_transmission", "sourceNodeId": "MYS-S-001:substation:way:162362045", "targetNodeId": "MYS-S-001:transmission_segment:way:553644281", "edgeType": "substation_to_transmission", "distanceKm": 0.115, "rank": null, "withinThreshold": true, "metadataScore": 0.785, "voltageCompatible": "True", "projectId": "MYS-S-001", "countryCode": "MYS" }, "geometry": { "type": "LineString", "coordinates": [ [ 101.553073149825352, 2.8374052 ], [ 101.5637702, 2.8407244 ] ] } },
{ "type": "Feature", "properties": { "edgeId": "MYS-S-001:substation:way:162362045->MYS-S-001:transmission_segment:way:162362078:substation_to_transmission", "sourceNodeId": "MYS-S-001:substation:way:162362045", "targetNodeId": "MYS-S-001:transmission_segment:way:162362078", "edgeType": "substation_to_transmission", "distanceKm": 0.136, "rank": null, "withinThreshold": true, "metadataScore": 0.85, "voltageCompatible": "True", "projectId": "MYS-S-001", "countryCode": "MYS" }, "geometry": { "type": "LineString", "coordinates": [ [ 101.553073149825352, 2.8374052 ], [ 101.5555072, 2.8390551 ] ] } },
{ "type": "Feature", "properties": { "edgeId": "MYS-S-001:substation:way:162362045->MYS-S-001:transmission_segment:way:553644276:substation_to_transmission", "sourceNodeId": "MYS-S-001:substation:way:162362045", "targetNodeId": "MYS-S-001:transmission_segment:way:553644276", "edgeType": "substation_to_transmission", "distanceKm": 0.0, "rank": null, "withinThreshold": true, "metadataScore": 0.839, "voltageCompatible": "True", "projectId": "MYS-S-001", "countryCode": "MYS" }, "geometry": { "type": "LineString", "coordinates": [ [ 101.553073149825352, 2.8374052 ], [ 101.5535778, 2.8382062 ] ] } },
{ "type": "Feature", "properties": { "edgeId": "MYS-S-001:substation:way:162362045->MYS-S-001:transmission_segment:way:553644277:substation_to_transmission", "sourceNodeId": "MYS-S-001:substation:way:162362045", "targetNodeId": "MYS-S-001:transmission_segment:way:553644277", "edgeType": "substation_to_transmission", "distanceKm": 0.0, "rank": null, "withinThreshold": true, "metadataScore": 0.839, "voltageCompatible": "True", "projectId": "MYS-S-001", "countryCode": "MYS" }, "geometry": { "type": "LineString", "coordinates": [ [ 101.553073149825352, 2.8374052 ], [ 101.5531099, 2.8381201 ] ] } },
{ "type": "Feature", "properties": { "edgeId": "MYS-S-001:substation:way:492388990->MYS-S-001:transmission_segment:way:162362016:substation_to_transmission", "sourceNodeId": "MYS-S-001:substation:way:492388990", "targetNodeId": "MYS-S-001:transmission_segment:way:162362016", "edgeType": "substation_to_transmission", "distanceKm": 0.227, "rank": null, "withinThreshold": true, "metadataScore": 0.76, "voltageCompatible": "True", "projectId": "MYS-S-001", "countryCode": "MYS" }, "geometry": { "type": "LineString", "coordinates": [ [ 101.550073999321086, 2.83603465 ], [ 101.5592347, 2.838699 ] ] } },
{ "type": "Feature", "properties": { "edgeId": "MYS-S-001:substation:way:492388990->MYS-S-001:transmission_segment:way:553644281:substation_to_transmission", "sourceNodeId": "MYS-S-001:substation:way:492388990", "targetNodeId": "MYS-S-001:transmission_segment:way:553644281", "edgeType": "substation_to_transmission", "distanceKm": 0.17, "rank": null, "withinThreshold": true, "metadataScore": 0.875, "voltageCompatible": "True", "projectId": "MYS-S-001", "countryCode": "MYS" }, "geometry": { "type": "LineString", "coordinates": [ [ 101.550073999321086, 2.83603465 ], [ 101.5637702, 2.8407244 ] ] } },
{ "type": "Feature", "properties": { "edgeId": "MYS-S-001:substation:way:492388990->MYS-S-001:transmission_segment:way:553644280:substation_to_transmission", "sourceNodeId": "MYS-S-001:substation:way:492388990", "targetNodeId": "MYS-S-001:transmission_segment:way:553644280", "edgeType": "substation_to_transmission", "distanceKm": 0.0, "rank": null, "withinThreshold": true, "metadataScore": 0.885, "voltageCompatible": "True", "projectId": "MYS-S-001", "countryCode": "MYS" }, "geometry": { "type": "LineString", "coordinates": [ [ 101.550073999321086, 2.83603465 ], [ 101.5500802, 2.837065 ] ] } },
{ "type": "Feature", "properties": { "edgeId": "MYS-S-001:substation:way:192402670->MYS-S-001:transmission_segment:way:162362016:substation_to_transmission", "sourceNodeId": "MYS-S-001:substation:way:192402670", "targetNodeId": "MYS-S-001:transmission_segment:way:162362016", "edgeType": "substation_to_transmission", "distanceKm": 0.023, "rank": null, "withinThreshold": true, "metadataScore": 0.885, "voltageCompatible": "True", "projectId": "MYS-S-001", "countryCode": "MYS" }, "geometry": { "type": "LineString", "coordinates": [ [ 101.535997345743525, 2.83525005 ], [ 101.5592347, 2.838699 ] ] } },
{ "type": "Feature", "properties": { "edgeId": "MYS-S-001:substation:way:192402670->MYS-S-001:transmission_segment:way:162362078:substation_to_transmission", "sourceNodeId": "MYS-S-001:substation:way:192402670", "targetNodeId": "MYS-S-001:transmission_segment:way:162362078", "edgeType": "substation_to_transmission", "distanceKm": 0.032, "rank": null, "withinThreshold": true, "metadataScore": 0.885, "voltageCompatible": "True", "projectId": "MYS-S-001", "countryCode": "MYS" }, "geometry": { "type": "LineString", "coordinates": [ [ 101.535997345743525, 2.83525005 ], [ 101.5555072, 2.8390551 ] ] } },
{ "type": "Feature", "properties": { "edgeId": "MYS-S-001:substation:way:192402670->MYS-S-001:transmission_segment:way:1454887864:substation_to_transmission", "sourceNodeId": "MYS-S-001:substation:way:192402670", "targetNodeId": "MYS-S-001:transmission_segment:way:1454887864", "edgeType": "substation_to_transmission", "distanceKm": 0.0, "rank": null, "withinThreshold": true, "metadataScore": 0.839, "voltageCompatible": "True", "projectId": "MYS-S-001", "countryCode": "MYS" }, "geometry": { "type": "LineString", "coordinates": [ [ 101.535997345743525, 2.83525005 ], [ 101.5367674, 2.8355057 ] ] } },
{ "type": "Feature", "properties": { "edgeId": "MYS-S-001:substation:way:192402670->MYS-S-001:transmission_segment:way:1454887865:substation_to_transmission", "sourceNodeId": "MYS-S-001:substation:way:192402670", "targetNodeId": "MYS-S-001:transmission_segment:way:1454887865", "edgeType": "substation_to_transmission", "distanceKm": 0.0, "rank": null, "withinThreshold": true, "metadataScore": 0.839, "voltageCompatible": "True", "projectId": "MYS-S-001", "countryCode": "MYS" }, "geometry": { "type": "LineString", "coordinates": [ [ 101.535997345743525, 2.83525005 ], [ 101.5363123, 2.8354029 ] ] } },
{ "type": "Feature", "properties": { "edgeId": "MYS-S-001:substation:way:192402670->MYS-S-001:transmission_segment:way:1454887866:substation_to_transmission", "sourceNodeId": "MYS-S-001:substation:way:192402670", "targetNodeId": "MYS-S-001:transmission_segment:way:1454887866", "edgeType": "substation_to_transmission", "distanceKm": 0.0, "rank": null, "withinThreshold": true, "metadataScore": 0.839, "voltageCompatible": "True", "projectId": "MYS-S-001", "countryCode": "MYS" }, "geometry": { "type": "LineString", "coordinates": [ [ 101.535997345743525, 2.83525005 ], [ 101.5365765, 2.8358281 ] ] } },
{ "type": "Feature", "properties": { "edgeId": "MYS-S-001:substation:way:192402670->MYS-S-001:transmission_segment:way:1454887867:substation_to_transmission", "sourceNodeId": "MYS-S-001:substation:way:192402670", "targetNodeId": "MYS-S-001:transmission_segment:way:1454887867", "edgeType": "substation_to_transmission", "distanceKm": 0.0, "rank": null, "withinThreshold": true, "metadataScore": 0.839, "voltageCompatible": "True", "projectId": "MYS-S-001", "countryCode": "MYS" }, "geometry": { "type": "LineString", "coordinates": [ [ 101.535997345743525, 2.83525005 ], [ 101.5365765, 2.8358281 ] ] } },
{ "type": "Feature", "properties": { "edgeId": "MYS-S-002:site->MYS-S-002:road_segment:way:396752026:site_to_road", "sourceNodeId": "MYS-S-002:site", "targetNodeId": "MYS-S-002:road_segment:way:396752026", "edgeType": "site_to_road", "distanceKm": 0.418, "rank": 1.0, "withinThreshold": true, "metadataScore": null, "voltageCompatible": null, "projectId": "MYS-S-002", "countryCode": "MYS" }, "geometry": { "type": "LineString", "coordinates": [ [ 100.53893, 5.86295 ], [ 100.5345583, 5.8815258 ] ] } },
{ "type": "Feature", "properties": { "edgeId": "MYS-S-002:site->MYS-S-002:settlement:node:254072815:site_to_settlement", "sourceNodeId": "MYS-S-002:site", "targetNodeId": "MYS-S-002:settlement:node:254072815", "edgeType": "site_to_settlement", "distanceKm": 2.179, "rank": 1.0, "withinThreshold": true, "metadataScore": null, "voltageCompatible": null, "projectId": "MYS-S-002", "countryCode": "MYS" }, "geometry": { "type": "LineString", "coordinates": [ [ 100.53893, 5.86295 ], [ 100.5379401, 5.8431721 ] ] } },
{ "type": "Feature", "properties": { "edgeId": "MYS-S-002:site->MYS-S-002:substation:way:1343517067:site_to_substation", "sourceNodeId": "MYS-S-002:site", "targetNodeId": "MYS-S-002:substation:way:1343517067", "edgeType": "site_to_substation", "distanceKm": 3.869, "rank": 1.0, "withinThreshold": true, "metadataScore": 0.345, "voltageCompatible": null, "projectId": "MYS-S-002", "countryCode": "MYS" }, "geometry": { "type": "LineString", "coordinates": [ [ 100.53893, 5.86295 ], [ 100.506653450546025, 5.87656035 ] ] } },
{ "type": "Feature", "properties": { "edgeId": "MYS-S-002:site->MYS-S-002:substation:way:552000737:site_to_substation", "sourceNodeId": "MYS-S-002:site", "targetNodeId": "MYS-S-002:substation:way:552000737", "edgeType": "site_to_substation", "distanceKm": 5.228, "rank": 2.0, "withinThreshold": true, "metadataScore": 0.52, "voltageCompatible": null, "projectId": "MYS-S-002", "countryCode": "MYS" }, "geometry": { "type": "LineString", "coordinates": [ [ 100.53893, 5.86295 ], [ 100.501379323871205, 5.83358815 ] ] } },
{ "type": "Feature", "properties": { "edgeId": "MYS-S-002:site->MYS-S-002:substation:way:324258659:site_to_substation", "sourceNodeId": "MYS-S-002:site", "targetNodeId": "MYS-S-002:substation:way:324258659", "edgeType": "site_to_substation", "distanceKm": 5.278, "rank": 3.0, "withinThreshold": true, "metadataScore": 0.576, "voltageCompatible": null, "projectId": "MYS-S-002", "countryCode": "MYS" }, "geometry": { "type": "LineString", "coordinates": [ [ 100.53893, 5.86295 ], [ 100.533643990810077, 5.81169495 ] ] } },
{ "type": "Feature", "properties": { "edgeId": "MYS-S-002:site->MYS-S-002:transmission_segment:way:250878579:site_to_transmission", "sourceNodeId": "MYS-S-002:site", "targetNodeId": "MYS-S-002:transmission_segment:way:250878579", "edgeType": "site_to_transmission", "distanceKm": 0.454, "rank": 1.0, "withinThreshold": true, "metadataScore": 0.713, "voltageCompatible": null, "projectId": "MYS-S-002", "countryCode": "MYS" }, "geometry": { "type": "LineString", "coordinates": [ [ 100.53893, 5.86295 ], [ 100.458346, 6.264051 ] ] } },
{ "type": "Feature", "properties": { "edgeId": "MYS-S-002:site->MYS-S-002:transmission_segment:way:552000738:site_to_transmission", "sourceNodeId": "MYS-S-002:site", "targetNodeId": "MYS-S-002:transmission_segment:way:552000738", "edgeType": "site_to_transmission", "distanceKm": 5.207, "rank": 2.0, "withinThreshold": true, "metadataScore": 0.57, "voltageCompatible": null, "projectId": "MYS-S-002", "countryCode": "MYS" }, "geometry": { "type": "LineString", "coordinates": [ [ 100.53893, 5.86295 ], [ 100.5068108, 5.8106008 ] ] } },
{ "type": "Feature", "properties": { "edgeId": "MYS-S-002:site->MYS-S-002:transmission_segment:way:1452928071:site_to_transmission", "sourceNodeId": "MYS-S-002:site", "targetNodeId": "MYS-S-002:transmission_segment:way:1452928071", "edgeType": "site_to_transmission", "distanceKm": 5.766, "rank": 3.0, "withinThreshold": true, "metadataScore": 0.577, "voltageCompatible": null, "projectId": "MYS-S-002", "countryCode": "MYS" }, "geometry": { "type": "LineString", "coordinates": [ [ 100.53893, 5.86295 ], [ 100.533236, 5.811372 ] ] } },
{ "type": "Feature", "properties": { "edgeId": "MYS-S-002:substation:way:552000737->MYS-S-002:transmission_segment:way:552000738:substation_to_transmission", "sourceNodeId": "MYS-S-002:substation:way:552000737", "targetNodeId": "MYS-S-002:transmission_segment:way:552000738", "edgeType": "substation_to_transmission", "distanceKm": 0.0, "rank": null, "withinThreshold": true, "metadataScore": 0.65, "voltageCompatible": "True", "projectId": "MYS-S-002", "countryCode": "MYS" }, "geometry": { "type": "LineString", "coordinates": [ [ 100.501379323871205, 5.83358815 ], [ 100.5068108, 5.8106008 ] ] } },
{ "type": "Feature", "properties": { "edgeId": "MYS-S-002:substation:way:324258659->MYS-S-002:transmission_segment:way:250878579:substation_to_transmission", "sourceNodeId": "MYS-S-002:substation:way:324258659", "targetNodeId": "MYS-S-002:transmission_segment:way:250878579", "edgeType": "substation_to_transmission", "distanceKm": 0.0, "rank": null, "withinThreshold": true, "metadataScore": 0.675, "voltageCompatible": "True", "projectId": "MYS-S-002", "countryCode": "MYS" }, "geometry": { "type": "LineString", "coordinates": [ [ 100.533643990810077, 5.81169495 ], [ 100.458346, 6.264051 ] ] } },
{ "type": "Feature", "properties": { "edgeId": "MYS-S-002:substation:way:324258659->MYS-S-002:transmission_segment:way:1452928071:substation_to_transmission", "sourceNodeId": "MYS-S-002:substation:way:324258659", "targetNodeId": "MYS-S-002:transmission_segment:way:1452928071", "edgeType": "substation_to_transmission", "distanceKm": 0.0, "rank": null, "withinThreshold": true, "metadataScore": 0.681, "voltageCompatible": "True", "projectId": "MYS-S-002", "countryCode": "MYS" }, "geometry": { "type": "LineString", "coordinates": [ [ 100.533643990810077, 5.81169495 ], [ 100.533236, 5.811372 ] ] } },
{ "type": "Feature", "properties": { "edgeId": "MYS-S-002:substation:way:324258659->MYS-S-002:transmission_segment:way:1452928072:substation_to_transmission", "sourceNodeId": "MYS-S-002:substation:way:324258659", "targetNodeId": "MYS-S-002:transmission_segment:way:1452928072", "edgeType": "substation_to_transmission", "distanceKm": 0.0, "rank": null, "withinThreshold": true, "metadataScore": 0.629, "voltageCompatible": "True", "projectId": "MYS-S-002", "countryCode": "MYS" }, "geometry": { "type": "LineString", "coordinates": [ [ 100.533643990810077, 5.81169495 ], [ 100.5320182, 5.8114547 ] ] } },
{ "type": "Feature", "properties": { "edgeId": "MYS-S-002:substation:way:324258659->MYS-S-002:transmission_segment:way:1452928070:substation_to_transmission", "sourceNodeId": "MYS-S-002:substation:way:324258659", "targetNodeId": "MYS-S-002:transmission_segment:way:1452928070", "edgeType": "substation_to_transmission", "distanceKm": 0.0, "rank": null, "withinThreshold": true, "metadataScore": 0.681, "voltageCompatible": "True", "projectId": "MYS-S-002", "countryCode": "MYS" }, "geometry": { "type": "LineString", "coordinates": [ [ 100.533643990810077, 5.81169495 ], [ 100.5346844, 5.8101018 ] ] } },
{ "type": "Feature", "properties": { "edgeId": "MYS-S-002:substation:way:324258659->MYS-S-002:transmission_segment:way:1452928073:substation_to_transmission", "sourceNodeId": "MYS-S-002:substation:way:324258659", "targetNodeId": "MYS-S-002:transmission_segment:way:1452928073", "edgeType": "substation_to_transmission", "distanceKm": 0.0, "rank": null, "withinThreshold": true, "metadataScore": 0.629, "voltageCompatible": "True", "projectId": "MYS-S-002", "countryCode": "MYS" }, "geometry": { "type": "LineString", "coordinates": [ [ 100.533643990810077, 5.81169495 ], [ 100.533185, 5.8103553 ] ] } },
{ "type": "Feature", "properties": { "edgeId": "MYS-S-002:substation:way:324258659->MYS-S-002:transmission_segment:way:1493592454:substation_to_transmission", "sourceNodeId": "MYS-S-002:substation:way:324258659", "targetNodeId": "MYS-S-002:transmission_segment:way:1493592454", "edgeType": "substation_to_transmission", "distanceKm": 0.0, "rank": null, "withinThreshold": true, "metadataScore": 0.738, "voltageCompatible": "True", "projectId": "MYS-S-002", "countryCode": "MYS" }, "geometry": { "type": "LineString", "coordinates": [ [ 100.533643990810077, 5.81169495 ], [ 100.5329385, 5.8097566 ] ] } },
{ "type": "Feature", "properties": { "edgeId": "MYS-S-002:substation:way:324258659->MYS-S-002:transmission_segment:way:396569815:substation_to_transmission", "sourceNodeId": "MYS-S-002:substation:way:324258659", "targetNodeId": "MYS-S-002:transmission_segment:way:396569815", "edgeType": "substation_to_transmission", "distanceKm": 0.0, "rank": null, "withinThreshold": true, "metadataScore": 0.703, "voltageCompatible": "True", "projectId": "MYS-S-002", "countryCode": "MYS" }, "geometry": { "type": "LineString", "coordinates": [ [ 100.533643990810077, 5.81169495 ], [ 100.5292274, 5.7829954 ] ] } },
{ "type": "Feature", "properties": { "edgeId": "MYS-S-002:substation:way:324258659->MYS-S-002:transmission_segment:way:397022272:substation_to_transmission", "sourceNodeId": "MYS-S-002:substation:way:324258659", "targetNodeId": "MYS-S-002:transmission_segment:way:397022272", "edgeType": "substation_to_transmission", "distanceKm": 0.0, "rank": null, "withinThreshold": true, "metadataScore": 0.588, "voltageCompatible": "True", "projectId": "MYS-S-002", "countryCode": "MYS" }, "geometry": { "type": "LineString", "coordinates": [ [ 100.533643990810077, 5.81169495 ], [ 100.5548599, 5.7978271 ] ] } },
{ "type": "Feature", "properties": { "edgeId": "MYS-S-002:substation:way:324258659->MYS-S-002:transmission_segment:way:397022270:substation_to_transmission", "sourceNodeId": "MYS-S-002:substation:way:324258659", "targetNodeId": "MYS-S-002:transmission_segment:way:397022270", "edgeType": "substation_to_transmission", "distanceKm": 0.0, "rank": null, "withinThreshold": true, "metadataScore": 0.588, "voltageCompatible": "True", "projectId": "MYS-S-002", "countryCode": "MYS" }, "geometry": { "type": "LineString", "coordinates": [ [ 100.533643990810077, 5.81169495 ], [ 100.5296482, 5.7892445 ] ] } },
{ "type": "Feature", "properties": { "edgeId": "MYS-S-002:substation:way:324258659->MYS-S-002:transmission_segment:way:397022267:substation_to_transmission", "sourceNodeId": "MYS-S-002:substation:way:324258659", "targetNodeId": "MYS-S-002:transmission_segment:way:397022267", "edgeType": "substation_to_transmission", "distanceKm": 0.0, "rank": null, "withinThreshold": true, "metadataScore": 0.588, "voltageCompatible": "True", "projectId": "MYS-S-002", "countryCode": "MYS" }, "geometry": { "type": "LineString", "coordinates": [ [ 100.533643990810077, 5.81169495 ], [ 100.5271813, 5.7980649 ] ] } },
{ "type": "Feature", "properties": { "edgeId": "MYS-S-002:substation:way:324258659->MYS-S-002:transmission_segment:way:317226726:substation_to_transmission", "sourceNodeId": "MYS-S-002:substation:way:324258659", "targetNodeId": "MYS-S-002:transmission_segment:way:317226726", "edgeType": "substation_to_transmission", "distanceKm": 0.181, "rank": null, "withinThreshold": true, "metadataScore": 0.693, "voltageCompatible": "True", "projectId": "MYS-S-002", "countryCode": "MYS" }, "geometry": { "type": "LineString", "coordinates": [ [ 100.533643990810077, 5.81169495 ], [ 100.5927563, 5.5454746 ] ] } },
{ "type": "Feature", "properties": { "edgeId": "MYS-S-002:substation:way:552000740->MYS-S-002:transmission_segment:way:552000750:substation_to_transmission", "sourceNodeId": "MYS-S-002:substation:way:552000740", "targetNodeId": "MYS-S-002:transmission_segment:way:552000750", "edgeType": "substation_to_transmission", "distanceKm": 0.023, "rank": null, "withinThreshold": true, "metadataScore": 0.802, "voltageCompatible": "True", "projectId": "MYS-S-002", "countryCode": "MYS" }, "geometry": { "type": "LineString", "coordinates": [ [ 100.467899323492304, 5.82176075 ], [ 100.4255171, 5.9025887 ] ] } },
{ "type": "Feature", "properties": { "edgeId": "MYS-S-002:substation:way:552000740->MYS-S-002:transmission_segment:way:552000739:substation_to_transmission", "sourceNodeId": "MYS-S-002:substation:way:552000740", "targetNodeId": "MYS-S-002:transmission_segment:way:552000739", "edgeType": "substation_to_transmission", "distanceKm": 0.0, "rank": null, "withinThreshold": true, "metadataScore": 0.877, "voltageCompatible": "True", "projectId": "MYS-S-002", "countryCode": "MYS" }, "geometry": { "type": "LineString", "coordinates": [ [ 100.467899323492304, 5.82176075 ], [ 100.4636152, 5.8402343 ] ] } },
{ "type": "Feature", "properties": { "edgeId": "MYS-S-002:substation:way:552000740->MYS-S-002:transmission_segment:way:552000744:substation_to_transmission", "sourceNodeId": "MYS-S-002:substation:way:552000740", "targetNodeId": "MYS-S-002:transmission_segment:way:552000744", "edgeType": "substation_to_transmission", "distanceKm": 0.043, "rank": null, "withinThreshold": true, "metadataScore": 0.867, "voltageCompatible": "True", "projectId": "MYS-S-002", "countryCode": "MYS" }, "geometry": { "type": "LineString", "coordinates": [ [ 100.467899323492304, 5.82176075 ], [ 100.4737781, 5.7816743 ] ] } },
{ "type": "Feature", "properties": { "edgeId": "MYS-S-002:substation:way:552000740->MYS-S-002:transmission_segment:way:1454193770:substation_to_transmission", "sourceNodeId": "MYS-S-002:substation:way:552000740", "targetNodeId": "MYS-S-002:transmission_segment:way:1454193770", "edgeType": "substation_to_transmission", "distanceKm": 0.0, "rank": null, "withinThreshold": true, "metadataScore": 0.822, "voltageCompatible": "True", "projectId": "MYS-S-002", "countryCode": "MYS" }, "geometry": { "type": "LineString", "coordinates": [ [ 100.467899323492304, 5.82176075 ], [ 100.4688184, 5.8216162 ] ] } },
{ "type": "Feature", "properties": { "edgeId": "MYS-S-002:substation:way:552000740->MYS-S-002:transmission_segment:way:1454193771:substation_to_transmission", "sourceNodeId": "MYS-S-002:substation:way:552000740", "targetNodeId": "MYS-S-002:transmission_segment:way:1454193771", "edgeType": "substation_to_transmission", "distanceKm": 0.0, "rank": null, "withinThreshold": true, "metadataScore": 0.822, "voltageCompatible": "True", "projectId": "MYS-S-002", "countryCode": "MYS" }, "geometry": { "type": "LineString", "coordinates": [ [ 100.467899323492304, 5.82176075 ], [ 100.4688212, 5.8214959 ] ] } },
{ "type": "Feature", "properties": { "edgeId": "MYS-S-002:substation:way:552000740->MYS-S-002:transmission_segment:way:1454193774:substation_to_transmission", "sourceNodeId": "MYS-S-002:substation:way:552000740", "targetNodeId": "MYS-S-002:transmission_segment:way:1454193774", "edgeType": "substation_to_transmission", "distanceKm": 0.0, "rank": null, "withinThreshold": true, "metadataScore": 0.822, "voltageCompatible": "True", "projectId": "MYS-S-002", "countryCode": "MYS" }, "geometry": { "type": "LineString", "coordinates": [ [ 100.467899323492304, 5.82176075 ], [ 100.4683447, 5.8220978 ] ] } },
{ "type": "Feature", "properties": { "edgeId": "MYS-S-002:substation:way:552000740->MYS-S-002:transmission_segment:way:1454193775:substation_to_transmission", "sourceNodeId": "MYS-S-002:substation:way:552000740", "targetNodeId": "MYS-S-002:transmission_segment:way:1454193775", "edgeType": "substation_to_transmission", "distanceKm": 0.0, "rank": null, "withinThreshold": true, "metadataScore": 0.822, "voltageCompatible": "True", "projectId": "MYS-S-002", "countryCode": "MYS" }, "geometry": { "type": "LineString", "coordinates": [ [ 100.467899323492304, 5.82176075 ], [ 100.4683402, 5.8222241 ] ] } },
{ "type": "Feature", "properties": { "edgeId": "MYS-S-002:substation:way:552000740->MYS-S-002:transmission_segment:way:552000747:substation_to_transmission", "sourceNodeId": "MYS-S-002:substation:way:552000740", "targetNodeId": "MYS-S-002:transmission_segment:way:552000747", "edgeType": "substation_to_transmission", "distanceKm": 0.001, "rank": null, "withinThreshold": true, "metadataScore": 0.877, "voltageCompatible": "True", "projectId": "MYS-S-002", "countryCode": "MYS" }, "geometry": { "type": "LineString", "coordinates": [ [ 100.467899323492304, 5.82176075 ], [ 100.4852757, 5.7590589 ] ] } },
{ "type": "Feature", "properties": { "edgeId": "MYS-S-002:substation:way:552000740->MYS-S-002:transmission_segment:way:1454193768:substation_to_transmission", "sourceNodeId": "MYS-S-002:substation:way:552000740", "targetNodeId": "MYS-S-002:transmission_segment:way:1454193768", "edgeType": "substation_to_transmission", "distanceKm": 0.0, "rank": null, "withinThreshold": true, "metadataScore": 0.822, "voltageCompatible": "True", "projectId": "MYS-S-002", "countryCode": "MYS" }, "geometry": { "type": "LineString", "coordinates": [ [ 100.467899323492304, 5.82176075 ], [ 100.4686926, 5.8213692 ] ] } },
{ "type": "Feature", "properties": { "edgeId": "MYS-S-002:substation:way:552000740->MYS-S-002:transmission_segment:way:1454193769:substation_to_transmission", "sourceNodeId": "MYS-S-002:substation:way:552000740", "targetNodeId": "MYS-S-002:transmission_segment:way:1454193769", "edgeType": "substation_to_transmission", "distanceKm": 0.0, "rank": null, "withinThreshold": true, "metadataScore": 0.822, "voltageCompatible": "True", "projectId": "MYS-S-002", "countryCode": "MYS" }, "geometry": { "type": "LineString", "coordinates": [ [ 100.467899323492304, 5.82176075 ], [ 100.4683818, 5.8214078 ] ] } },
{ "type": "Feature", "properties": { "edgeId": "MYS-S-002:substation:way:505013804->MYS-S-002:transmission_segment:way:552000750:substation_to_transmission", "sourceNodeId": "MYS-S-002:substation:way:505013804", "targetNodeId": "MYS-S-002:transmission_segment:way:552000750", "edgeType": "substation_to_transmission", "distanceKm": 0.003, "rank": null, "withinThreshold": true, "metadataScore": 0.83, "voltageCompatible": "True", "projectId": "MYS-S-002", "countryCode": "MYS" }, "geometry": { "type": "LineString", "coordinates": [ [ 100.453968040762859, 5.85673585 ], [ 100.4255171, 5.9025887 ] ] } },
{ "type": "Feature", "properties": { "edgeId": "MYS-S-002:substation:way:505013804->MYS-S-002:transmission_segment:way:552000739:substation_to_transmission", "sourceNodeId": "MYS-S-002:substation:way:505013804", "targetNodeId": "MYS-S-002:transmission_segment:way:552000739", "edgeType": "substation_to_transmission", "distanceKm": 0.042, "rank": null, "withinThreshold": true, "metadataScore": 0.885, "voltageCompatible": "True", "projectId": "MYS-S-002", "countryCode": "MYS" }, "geometry": { "type": "LineString", "coordinates": [ [ 100.453968040762859, 5.85673585 ], [ 100.4636152, 5.8402343 ] ] } },
{ "type": "Feature", "properties": { "edgeId": "MYS-S-002:substation:way:505013804->MYS-S-002:transmission_segment:way:1454193469:substation_to_transmission", "sourceNodeId": "MYS-S-002:substation:way:505013804", "targetNodeId": "MYS-S-002:transmission_segment:way:1454193469", "edgeType": "substation_to_transmission", "distanceKm": 0.0, "rank": null, "withinThreshold": true, "metadataScore": 0.839, "voltageCompatible": "True", "projectId": "MYS-S-002", "countryCode": "MYS" }, "geometry": { "type": "LineString", "coordinates": [ [ 100.453968040762859, 5.85673585 ], [ 100.4541504, 5.8566022 ] ] } },
{ "type": "Feature", "properties": { "edgeId": "MYS-S-002:substation:way:505013804->MYS-S-002:transmission_segment:way:1454193470:substation_to_transmission", "sourceNodeId": "MYS-S-002:substation:way:505013804", "targetNodeId": "MYS-S-002:transmission_segment:way:1454193470", "edgeType": "substation_to_transmission", "distanceKm": 0.0, "rank": null, "withinThreshold": true, "metadataScore": 0.839, "voltageCompatible": "True", "projectId": "MYS-S-002", "countryCode": "MYS" }, "geometry": { "type": "LineString", "coordinates": [ [ 100.453968040762859, 5.85673585 ], [ 100.4538866, 5.8565314 ] ] } },
{ "type": "Feature", "properties": { "edgeId": "MYS-S-002:substation:way:505013804->MYS-S-002:transmission_segment:way:1454193471:substation_to_transmission", "sourceNodeId": "MYS-S-002:substation:way:505013804", "targetNodeId": "MYS-S-002:transmission_segment:way:1454193471", "edgeType": "substation_to_transmission", "distanceKm": 0.0, "rank": null, "withinThreshold": true, "metadataScore": 0.839, "voltageCompatible": "True", "projectId": "MYS-S-002", "countryCode": "MYS" }, "geometry": { "type": "LineString", "coordinates": [ [ 100.453968040762859, 5.85673585 ], [ 100.4540822, 5.8568819 ] ] } },
{ "type": "Feature", "properties": { "edgeId": "MYS-S-002:substation:way:505013804->MYS-S-002:transmission_segment:way:552000736:substation_to_transmission", "sourceNodeId": "MYS-S-002:substation:way:505013804", "targetNodeId": "MYS-S-002:transmission_segment:way:552000736", "edgeType": "substation_to_transmission", "distanceKm": 0.082, "rank": null, "withinThreshold": true, "metadataScore": 0.87, "voltageCompatible": "True", "projectId": "MYS-S-002", "countryCode": "MYS" }, "geometry": { "type": "LineString", "coordinates": [ [ 100.453968040762859, 5.85673585 ], [ 100.4307427, 5.8941364 ] ] } },
{ "type": "Feature", "properties": { "edgeId": "MYS-S-002:substation:way:505013804->MYS-S-002:transmission_segment:way:1454193472:substation_to_transmission", "sourceNodeId": "MYS-S-002:substation:way:505013804", "targetNodeId": "MYS-S-002:transmission_segment:way:1454193472", "edgeType": "substation_to_transmission", "distanceKm": 0.0, "rank": null, "withinThreshold": true, "metadataScore": 0.839, "voltageCompatible": "True", "projectId": "MYS-S-002", "countryCode": "MYS" }, "geometry": { "type": "LineString", "coordinates": [ [ 100.453968040762859, 5.85673585 ], [ 100.4538088, 5.8568126 ] ] } },
{ "type": "Feature", "properties": { "edgeId": "MYS-S-002:substation:way:552000742->MYS-S-002:transmission_segment:way:552000754:substation_to_transmission", "sourceNodeId": "MYS-S-002:substation:way:552000742", "targetNodeId": "MYS-S-002:transmission_segment:way:552000754", "edgeType": "substation_to_transmission", "distanceKm": 0.0, "rank": null, "withinThreshold": true, "metadataScore": 0.919, "voltageCompatible": "True", "projectId": "MYS-S-002", "countryCode": "MYS" }, "geometry": { "type": "LineString", "coordinates": [ [ 100.500400013373934, 5.78408285 ], [ 100.4855999, 5.7592606 ] ] } },
{ "type": "Feature", "properties": { "edgeId": "PHL-S-001:site->PHL-S-001:road_segment:way:148049003:site_to_road", "sourceNodeId": "PHL-S-001:site", "targetNodeId": "PHL-S-001:road_segment:way:148049003", "edgeType": "site_to_road", "distanceKm": 3.525, "rank": 1.0, "withinThreshold": true, "metadataScore": null, "voltageCompatible": null, "projectId": "PHL-S-001", "countryCode": "PHL" }, "geometry": { "type": "LineString", "coordinates": [ [ 120.2842, 14.8386 ], [ 120.3297088, 14.7978184 ] ] } },
{ "type": "Feature", "properties": { "edgeId": "PHL-S-001:site->PHL-S-001:settlement:node:9027934217:site_to_settlement", "sourceNodeId": "PHL-S-001:site", "targetNodeId": "PHL-S-001:settlement:node:9027934217", "edgeType": "site_to_settlement", "distanceKm": 2.327, "rank": 1.0, "withinThreshold": true, "metadataScore": null, "voltageCompatible": null, "projectId": "PHL-S-001", "countryCode": "PHL" }, "geometry": { "type": "LineString", "coordinates": [ [ 120.2842, 14.8386 ], [ 120.3475662, 14.8137644 ] ] } },
{ "type": "Feature", "properties": { "edgeId": "PHL-S-001:site->PHL-S-001:substation:way:520432597:site_to_substation", "sourceNodeId": "PHL-S-001:site", "targetNodeId": "PHL-S-001:substation:way:520432597", "edgeType": "site_to_substation", "distanceKm": 0.27, "rank": 1.0, "withinThreshold": true, "metadataScore": 0.405, "voltageCompatible": null, "projectId": "PHL-S-001", "countryCode": "PHL" }, "geometry": { "type": "LineString", "coordinates": [ [ 120.2842, 14.8386 ], [ 120.361293847364564, 14.8023801 ] ] } },
{ "type": "Feature", "properties": { "edgeId": "PHL-S-001:site->PHL-S-001:substation:way:1211829495:site_to_substation", "sourceNodeId": "PHL-S-001:site", "targetNodeId": "PHL-S-001:substation:way:1211829495", "edgeType": "site_to_substation", "distanceKm": 6.505, "rank": 2.0, "withinThreshold": true, "metadataScore": 0.59, "voltageCompatible": null, "projectId": "PHL-S-001", "countryCode": "PHL" }, "geometry": { "type": "LineString", "coordinates": [ [ 120.2842, 14.8386 ], [ 120.390365269201183, 14.84969695 ] ] } },
{ "type": "Feature", "properties": { "edgeId": "PHL-S-001:site->PHL-S-001:substation:way:972983003:site_to_substation", "sourceNodeId": "PHL-S-001:site", "targetNodeId": "PHL-S-001:substation:way:972983003", "edgeType": "site_to_substation", "distanceKm": 7.073, "rank": 3.0, "withinThreshold": true, "metadataScore": 0.345, "voltageCompatible": null, "projectId": "PHL-S-001", "countryCode": "PHL" }, "geometry": { "type": "LineString", "coordinates": [ [ 120.2842, 14.8386 ], [ 120.301038791030436, 14.81760765 ] ] } },
{ "type": "Feature", "properties": { "edgeId": "PHL-S-001:site->PHL-S-001:transmission_segment:way:478081497:site_to_transmission", "sourceNodeId": "PHL-S-001:site", "targetNodeId": "PHL-S-001:transmission_segment:way:478081497", "edgeType": "site_to_transmission", "distanceKm": 0.396, "rank": 1.0, "withinThreshold": true, "metadataScore": 0.748, "voltageCompatible": null, "projectId": "PHL-S-001", "countryCode": "PHL" }, "geometry": { "type": "LineString", "coordinates": [ [ 120.2842, 14.8386 ], [ 120.3285256, 14.8071699 ] ] } },
{ "type": "Feature", "properties": { "edgeId": "PHL-S-001:site->PHL-S-001:transmission_segment:way:156804789:site_to_transmission", "sourceNodeId": "PHL-S-001:site", "targetNodeId": "PHL-S-001:transmission_segment:way:156804789", "edgeType": "site_to_transmission", "distanceKm": 6.329, "rank": 2.0, "withinThreshold": true, "metadataScore": 0.71, "voltageCompatible": null, "projectId": "PHL-S-001", "countryCode": "PHL" }, "geometry": { "type": "LineString", "coordinates": [ [ 120.2842, 14.8386 ], [ 120.4033929, 14.8549653 ] ] } },
{ "type": "Feature", "properties": { "edgeId": "PHL-S-001:site->PHL-S-001:transmission_segment:way:1177475693:site_to_transmission", "sourceNodeId": "PHL-S-001:site", "targetNodeId": "PHL-S-001:transmission_segment:way:1177475693", "edgeType": "site_to_transmission", "distanceKm": 6.527, "rank": 3.0, "withinThreshold": true, "metadataScore": 0.423, "voltageCompatible": null, "projectId": "PHL-S-001", "countryCode": "PHL" }, "geometry": { "type": "LineString", "coordinates": [ [ 120.2842, 14.8386 ], [ 120.4309691, 14.8546406 ] ] } },
{ "type": "Feature", "properties": { "edgeId": "PHL-S-001:substation:way:520432597->PHL-S-001:transmission_segment:way:478081497:substation_to_transmission", "sourceNodeId": "PHL-S-001:substation:way:520432597", "targetNodeId": "PHL-S-001:transmission_segment:way:478081497", "edgeType": "substation_to_transmission", "distanceKm": 0.006, "rank": null, "withinThreshold": true, "metadataScore": 0.486, "voltageCompatible": "True", "projectId": "PHL-S-001", "countryCode": "PHL" }, "geometry": { "type": "LineString", "coordinates": [ [ 120.361293847364564, 14.8023801 ], [ 120.3285256, 14.8071699 ] ] } },
{ "type": "Feature", "properties": { "edgeId": "PHL-S-001:substation:way:1211829495->PHL-S-001:transmission_segment:way:1177475693:substation_to_transmission", "sourceNodeId": "PHL-S-001:substation:way:1211829495", "targetNodeId": "PHL-S-001:transmission_segment:way:1177475693", "edgeType": "substation_to_transmission", "distanceKm": 0.0, "rank": null, "withinThreshold": true, "metadataScore": 0.612, "voltageCompatible": "True", "projectId": "PHL-S-001", "countryCode": "PHL" }, "geometry": { "type": "LineString", "coordinates": [ [ 120.390365269201183, 14.84969695 ], [ 120.4309691, 14.8546406 ] ] } },
{ "type": "Feature", "properties": { "edgeId": "PHL-S-001:substation:way:972983003->PHL-S-001:transmission_segment:way:478081497:substation_to_transmission", "sourceNodeId": "PHL-S-001:substation:way:972983003", "targetNodeId": "PHL-S-001:transmission_segment:way:478081497", "edgeType": "substation_to_transmission", "distanceKm": 0.0, "rank": null, "withinThreshold": true, "metadataScore": 0.486, "voltageCompatible": "True", "projectId": "PHL-S-001", "countryCode": "PHL" }, "geometry": { "type": "LineString", "coordinates": [ [ 120.301038791030436, 14.81760765 ], [ 120.3285256, 14.8071699 ] ] } },
{ "type": "Feature", "properties": { "edgeId": "PHL-S-001:substation:way:972983003->PHL-S-001:transmission_segment:way:474348677:substation_to_transmission", "sourceNodeId": "PHL-S-001:substation:way:972983003", "targetNodeId": "PHL-S-001:transmission_segment:way:474348677", "edgeType": "substation_to_transmission", "distanceKm": 0.0, "rank": null, "withinThreshold": true, "metadataScore": 0.473, "voltageCompatible": "True", "projectId": "PHL-S-001", "countryCode": "PHL" }, "geometry": { "type": "LineString", "coordinates": [ [ 120.301038791030436, 14.81760765 ], [ 120.3014436, 14.8218694 ] ] } },
{ "type": "Feature", "properties": { "edgeId": "PHL-S-001:substation:way:972983003->PHL-S-001:transmission_segment:way:474348676:substation_to_transmission", "sourceNodeId": "PHL-S-001:substation:way:972983003", "targetNodeId": "PHL-S-001:transmission_segment:way:474348676", "edgeType": "substation_to_transmission", "distanceKm": 0.0, "rank": null, "withinThreshold": true, "metadataScore": 0.473, "voltageCompatible": "True", "projectId": "PHL-S-001", "countryCode": "PHL" }, "geometry": { "type": "LineString", "coordinates": [ [ 120.301038791030436, 14.81760765 ], [ 120.3009907, 14.8261031 ] ] } },
{ "type": "Feature", "properties": { "edgeId": "PHL-S-001:substation:way:1183710168->PHL-S-001:transmission_segment:way:478081497:substation_to_transmission", "sourceNodeId": "PHL-S-001:substation:way:1183710168", "targetNodeId": "PHL-S-001:transmission_segment:way:478081497", "edgeType": "substation_to_transmission", "distanceKm": 0.195, "rank": null, "withinThreshold": true, "metadataScore": 0.442, "voltageCompatible": "True", "projectId": "PHL-S-001", "countryCode": "PHL" }, "geometry": { "type": "LineString", "coordinates": [ [ 120.298823560249105, 14.8175992 ], [ 120.3285256, 14.8071699 ] ] } },
{ "type": "Feature", "properties": { "edgeId": "PHL-S-001:substation:way:289014005->PHL-S-001:transmission_segment:way:477404302:substation_to_transmission", "sourceNodeId": "PHL-S-001:substation:way:289014005", "targetNodeId": "PHL-S-001:transmission_segment:way:477404302", "edgeType": "substation_to_transmission", "distanceKm": 0.0, "rank": null, "withinThreshold": true, "metadataScore": 0.42, "voltageCompatible": "True", "projectId": "PHL-S-001", "countryCode": "PHL" }, "geometry": { "type": "LineString", "coordinates": [ [ 120.285173960131999, 14.82344065 ], [ 120.2709799, 14.8257882 ] ] } },
{ "type": "Feature", "properties": { "edgeId": "PHL-S-001:substation:way:1183710165->PHL-S-001:transmission_segment:way:477404302:substation_to_transmission", "sourceNodeId": "PHL-S-001:substation:way:1183710165", "targetNodeId": "PHL-S-001:transmission_segment:way:477404302", "edgeType": "substation_to_transmission", "distanceKm": 0.116, "rank": null, "withinThreshold": true, "metadataScore": 0.375, "voltageCompatible": "True", "projectId": "PHL-S-001", "countryCode": "PHL" }, "geometry": { "type": "LineString", "coordinates": [ [ 120.271975949010027, 14.8370183 ], [ 120.2709799, 14.8257882 ] ] } },
{ "type": "Feature", "properties": { "edgeId": "PHL-S-001:substation:way:1183710165->PHL-S-001:transmission_segment:way:536254660:substation_to_transmission", "sourceNodeId": "PHL-S-001:substation:way:1183710165", "targetNodeId": "PHL-S-001:transmission_segment:way:536254660", "edgeType": "substation_to_transmission", "distanceKm": 0.041, "rank": null, "withinThreshold": true, "metadataScore": 0.477, "voltageCompatible": "True", "projectId": "PHL-S-001", "countryCode": "PHL" }, "geometry": { "type": "LineString", "coordinates": [ [ 120.271975949010027, 14.8370183 ], [ 120.2581091, 14.8826132 ] ] } },
{ "type": "Feature", "properties": { "edgeId": "PHL-S-001:substation:way:1183710165->PHL-S-001:transmission_segment:way:477266681:substation_to_transmission", "sourceNodeId": "PHL-S-001:substation:way:1183710165", "targetNodeId": "PHL-S-001:transmission_segment:way:477266681", "edgeType": "substation_to_transmission", "distanceKm": 0.071, "rank": null, "withinThreshold": true, "metadataScore": 0.465, "voltageCompatible": "True", "projectId": "PHL-S-001", "countryCode": "PHL" }, "geometry": { "type": "LineString", "coordinates": [ [ 120.271975949010027, 14.8370183 ], [ 120.2745099, 14.8433121 ] ] } },
{ "type": "Feature", "properties": { "edgeId": "PHL-S-001:substation:way:1183710165->PHL-S-001:transmission_segment:way:1119246170:substation_to_transmission", "sourceNodeId": "PHL-S-001:substation:way:1183710165", "targetNodeId": "PHL-S-001:transmission_segment:way:1119246170", "edgeType": "substation_to_transmission", "distanceKm": 0.068, "rank": null, "withinThreshold": true, "metadataScore": 0.448, "voltageCompatible": "True", "projectId": "PHL-S-001", "countryCode": "PHL" }, "geometry": { "type": "LineString", "coordinates": [ [ 120.271975949010027, 14.8370183 ], [ 120.2714353, 14.8378017 ] ] } },
{ "type": "Feature", "properties": { "edgeId": "PHL-S-001:substation:way:1183710165->PHL-S-001:transmission_segment:way:1119246536:substation_to_transmission", "sourceNodeId": "PHL-S-001:substation:way:1183710165", "targetNodeId": "PHL-S-001:transmission_segment:way:1119246536", "edgeType": "substation_to_transmission", "distanceKm": 0.057, "rank": null, "withinThreshold": true, "metadataScore": 0.448, "voltageCompatible": "True", "projectId": "PHL-S-001", "countryCode": "PHL" }, "geometry": { "type": "LineString", "coordinates": [ [ 120.271975949010027, 14.8370183 ], [ 120.271505, 14.837678 ] ] } },
{ "type": "Feature", "properties": { "edgeId": "PHL-S-001:substation:way:114823642->PHL-S-001:transmission_segment:way:477404302:substation_to_transmission", "sourceNodeId": "PHL-S-001:substation:way:114823642", "targetNodeId": "PHL-S-001:transmission_segment:way:477404302", "edgeType": "substation_to_transmission", "distanceKm": 0.0, "rank": null, "withinThreshold": true, "metadataScore": 0.508, "voltageCompatible": "True", "projectId": "PHL-S-001", "countryCode": "PHL" }, "geometry": { "type": "LineString", "coordinates": [ [ 120.271130749181879, 14.8374504 ], [ 120.2709799, 14.8257882 ] ] } },
{ "type": "Feature", "properties": { "edgeId": "PHL-S-001:substation:way:114823642->PHL-S-001:transmission_segment:way:536254660:substation_to_transmission", "sourceNodeId": "PHL-S-001:substation:way:114823642", "targetNodeId": "PHL-S-001:transmission_segment:way:536254660", "edgeType": "substation_to_transmission", "distanceKm": 0.0, "rank": null, "withinThreshold": true, "metadataScore": 0.574, "voltageCompatible": "True", "projectId": "PHL-S-001", "countryCode": "PHL" }, "geometry": { "type": "LineString", "coordinates": [ [ 120.271130749181879, 14.8374504 ], [ 120.2581091, 14.8826132 ] ] } },
{ "type": "Feature", "properties": { "edgeId": "PHL-S-001:substation:way:114823642->PHL-S-001:transmission_segment:way:477266681:substation_to_transmission", "sourceNodeId": "PHL-S-001:substation:way:114823642", "targetNodeId": "PHL-S-001:transmission_segment:way:477266681", "edgeType": "substation_to_transmission", "distanceKm": 0.041, "rank": null, "withinThreshold": true, "metadataScore": 0.568, "voltageCompatible": "True", "projectId": "PHL-S-001", "countryCode": "PHL" }, "geometry": { "type": "LineString", "coordinates": [ [ 120.271130749181879, 14.8374504 ], [ 120.2745099, 14.8433121 ] ] } },
{ "type": "Feature", "properties": { "edgeId": "PHL-S-001:substation:way:114823642->PHL-S-001:transmission_segment:way:1119246170:substation_to_transmission", "sourceNodeId": "PHL-S-001:substation:way:114823642", "targetNodeId": "PHL-S-001:transmission_segment:way:1119246170", "edgeType": "substation_to_transmission", "distanceKm": 0.0, "rank": null, "withinThreshold": true, "metadataScore": 0.56, "voltageCompatible": "True", "projectId": "PHL-S-001", "countryCode": "PHL" }, "geometry": { "type": "LineString", "coordinates": [ [ 120.271130749181879, 14.8374504 ], [ 120.2714353, 14.8378017 ] ] } },
{ "type": "Feature", "properties": { "edgeId": "PHL-S-001:substation:way:114823642->PHL-S-001:transmission_segment:way:1119246536:substation_to_transmission", "sourceNodeId": "PHL-S-001:substation:way:114823642", "targetNodeId": "PHL-S-001:transmission_segment:way:1119246536", "edgeType": "substation_to_transmission", "distanceKm": 0.0, "rank": null, "withinThreshold": true, "metadataScore": 0.56, "voltageCompatible": "True", "projectId": "PHL-S-001", "countryCode": "PHL" }, "geometry": { "type": "LineString", "coordinates": [ [ 120.271130749181879, 14.8374504 ], [ 120.271505, 14.837678 ] ] } },
{ "type": "Feature", "properties": { "edgeId": "PHL-S-002:site->PHL-S-002:road_segment:way:180659522:site_to_road", "sourceNodeId": "PHL-S-002:site", "targetNodeId": "PHL-S-002:road_segment:way:180659522", "edgeType": "site_to_road", "distanceKm": 3.648, "rank": 1.0, "withinThreshold": true, "metadataScore": null, "voltageCompatible": null, "projectId": "PHL-S-002", "countryCode": "PHL" }, "geometry": { "type": "LineString", "coordinates": [ [ 120.1983, 15.9122 ], [ 120.164136, 15.9410122 ] ] } },
{ "type": "Feature", "properties": { "edgeId": "PHL-S-002:site->PHL-S-002:settlement:node:7721572456:site_to_settlement", "sourceNodeId": "PHL-S-002:site", "targetNodeId": "PHL-S-002:settlement:node:7721572456", "edgeType": "site_to_settlement", "distanceKm": 4.57, "rank": 1.0, "withinThreshold": true, "metadataScore": null, "voltageCompatible": null, "projectId": "PHL-S-002", "countryCode": "PHL" }, "geometry": { "type": "LineString", "coordinates": [ [ 120.1983, 15.9122 ], [ 120.1672205, 15.9243431 ] ] } },
{ "type": "Feature", "properties": { "edgeId": "PHL-S-002:site->PHL-S-002:substation:way:1330857196:site_to_substation", "sourceNodeId": "PHL-S-002:site", "targetNodeId": "PHL-S-002:substation:way:1330857196", "edgeType": "site_to_substation", "distanceKm": 1.053, "rank": 1.0, "withinThreshold": true, "metadataScore": 0.37, "voltageCompatible": null, "projectId": "PHL-S-002", "countryCode": "PHL" }, "geometry": { "type": "LineString", "coordinates": [ [ 120.1983, 15.9122 ], [ 120.133979009316619, 15.93994425 ] ] } },
{ "type": "Feature", "properties": { "edgeId": "PHL-S-002:site->PHL-S-002:substation:way:157339625:site_to_substation", "sourceNodeId": "PHL-S-002:site", "targetNodeId": "PHL-S-002:substation:way:157339625", "edgeType": "site_to_substation", "distanceKm": 6.24, "rank": 2.0, "withinThreshold": true, "metadataScore": 0.94, "voltageCompatible": null, "projectId": "PHL-S-002", "countryCode": "PHL" }, "geometry": { "type": "LineString", "coordinates": [ [ 120.1983, 15.9122 ], [ 120.161845005260503, 15.9779206 ] ] } },
{ "type": "Feature", "properties": { "edgeId": "PHL-S-002:site->PHL-S-002:substation:way:1083847248:site_to_substation", "sourceNodeId": "PHL-S-002:site", "targetNodeId": "PHL-S-002:substation:way:1083847248", "edgeType": "site_to_substation", "distanceKm": 10.536, "rank": 3.0, "withinThreshold": true, "metadataScore": 0.22, "voltageCompatible": null, "projectId": "PHL-S-002", "countryCode": "PHL" }, "geometry": { "type": "LineString", "coordinates": [ [ 120.1983, 15.9122 ], [ 120.213486963778479, 15.9705726 ] ] } },
{ "type": "Feature", "properties": { "edgeId": "PHL-S-002:site->PHL-S-002:transmission_segment:way:1329553927:site_to_transmission", "sourceNodeId": "PHL-S-002:site", "targetNodeId": "PHL-S-002:transmission_segment:way:1329553927", "edgeType": "site_to_transmission", "distanceKm": 0.825, "rank": 1.0, "withinThreshold": true, "metadataScore": 0.839, "voltageCompatible": null, "projectId": "PHL-S-002", "countryCode": "PHL" }, "geometry": { "type": "LineString", "coordinates": [ [ 120.1983, 15.9122 ], [ 120.1460079, 15.8827842 ] ] } },
{ "type": "Feature", "properties": { "edgeId": "PHL-S-002:site->PHL-S-002:transmission_segment:way:1289893167:site_to_transmission", "sourceNodeId": "PHL-S-002:site", "targetNodeId": "PHL-S-002:transmission_segment:way:1289893167", "edgeType": "site_to_transmission", "distanceKm": 1.145, "rank": 2.0, "withinThreshold": true, "metadataScore": 0.86, "voltageCompatible": null, "projectId": "PHL-S-002", "countryCode": "PHL" }, "geometry": { "type": "LineString", "coordinates": [ [ 120.1983, 15.9122 ], [ 120.1431477, 15.9595404 ] ] } },
{ "type": "Feature", "properties": { "edgeId": "PHL-S-002:site->PHL-S-002:transmission_segment:way:247291928:site_to_transmission", "sourceNodeId": "PHL-S-002:site", "targetNodeId": "PHL-S-002:transmission_segment:way:247291928", "edgeType": "site_to_transmission", "distanceKm": 5.925, "rank": 3.0, "withinThreshold": true, "metadataScore": 0.71, "voltageCompatible": null, "projectId": "PHL-S-002", "countryCode": "PHL" }, "geometry": { "type": "LineString", "coordinates": [ [ 120.1983, 15.9122 ], [ 120.4061006, 15.9301647 ] ] } },
{ "type": "Feature", "properties": { "edgeId": "PHL-S-002:substation:way:1330857196->PHL-S-002:transmission_segment:way:1329553927:substation_to_transmission", "sourceNodeId": "PHL-S-002:substation:way:1330857196", "targetNodeId": "PHL-S-002:transmission_segment:way:1329553927", "edgeType": "substation_to_transmission", "distanceKm": 0.0, "rank": null, "withinThreshold": true, "metadataScore": 0.515, "voltageCompatible": "True", "projectId": "PHL-S-002", "countryCode": "PHL" }, "geometry": { "type": "LineString", "coordinates": [ [ 120.133979009316619, 15.93994425 ], [ 120.1460079, 15.8827842 ] ] } },
{ "type": "Feature", "properties": { "edgeId": "PHL-S-002:substation:way:1330857196->PHL-S-002:transmission_segment:way:1289893167:substation_to_transmission", "sourceNodeId": "PHL-S-002:substation:way:1330857196", "targetNodeId": "PHL-S-002:transmission_segment:way:1289893167", "edgeType": "substation_to_transmission", "distanceKm": 0.0, "rank": null, "withinThreshold": true, "metadataScore": 0.525, "voltageCompatible": "True", "projectId": "PHL-S-002", "countryCode": "PHL" }, "geometry": { "type": "LineString", "coordinates": [ [ 120.133979009316619, 15.93994425 ], [ 120.1431477, 15.9595404 ] ] } },
{ "type": "Feature", "properties": { "edgeId": "PHL-S-002:substation:way:157339625->PHL-S-002:transmission_segment:way:1289893167:substation_to_transmission", "sourceNodeId": "PHL-S-002:substation:way:157339625", "targetNodeId": "PHL-S-002:transmission_segment:way:1289893167", "edgeType": "substation_to_transmission", "distanceKm": 0.058, "rank": null, "withinThreshold": true, "metadataScore": 0.815, "voltageCompatible": "True", "projectId": "PHL-S-002", "countryCode": "PHL" }, "geometry": { "type": "LineString", "coordinates": [ [ 120.161845005260503, 15.9779206 ], [ 120.1431477, 15.9595404 ] ] } },
{ "type": "Feature", "properties": { "edgeId": "PHL-S-002:substation:way:157339625->PHL-S-002:transmission_segment:way:247291928:substation_to_transmission", "sourceNodeId": "PHL-S-002:substation:way:157339625", "targetNodeId": "PHL-S-002:transmission_segment:way:247291928", "edgeType": "substation_to_transmission", "distanceKm": 0.022, "rank": null, "withinThreshold": true, "metadataScore": 0.92, "voltageCompatible": "True", "projectId": "PHL-S-002", "countryCode": "PHL" }, "geometry": { "type": "LineString", "coordinates": [ [ 120.161845005260503, 15.9779206 ], [ 120.4061006, 15.9301647 ] ] } },
{ "type": "Feature", "properties": { "edgeId": "PHL-S-002:substation:way:157339625->PHL-S-002:transmission_segment:way:157339502:substation_to_transmission", "sourceNodeId": "PHL-S-002:substation:way:157339625", "targetNodeId": "PHL-S-002:transmission_segment:way:157339502", "edgeType": "substation_to_transmission", "distanceKm": 0.053, "rank": null, "withinThreshold": true, "metadataScore": 0.815, "voltageCompatible": "True", "projectId": "PHL-S-002", "countryCode": "PHL" }, "geometry": { "type": "LineString", "coordinates": [ [ 120.161845005260503, 15.9779206 ], [ 120.2865562, 15.8713603 ] ] } },
{ "type": "Feature", "properties": { "edgeId": "PHL-S-002:substation:way:157339625->PHL-S-002:transmission_segment:way:1290420122:substation_to_transmission", "sourceNodeId": "PHL-S-002:substation:way:157339625", "targetNodeId": "PHL-S-002:transmission_segment:way:1290420122", "edgeType": "substation_to_transmission", "distanceKm": 0.0, "rank": null, "withinThreshold": true, "metadataScore": 0.805, "voltageCompatible": "True", "projectId": "PHL-S-002", "countryCode": "PHL" }, "geometry": { "type": "LineString", "coordinates": [ [ 120.161845005260503, 15.9779206 ], [ 120.1606115, 15.9759811 ] ] } },
{ "type": "Feature", "properties": { "edgeId": "PHL-S-002:substation:way:157339625->PHL-S-002:transmission_segment:way:487898664:substation_to_transmission", "sourceNodeId": "PHL-S-002:substation:way:157339625", "targetNodeId": "PHL-S-002:transmission_segment:way:487898664", "edgeType": "substation_to_transmission", "distanceKm": 0.0, "rank": null, "withinThreshold": true, "metadataScore": 0.784, "voltageCompatible": "True", "projectId": "PHL-S-002", "countryCode": "PHL" }, "geometry": { "type": "LineString", "coordinates": [ [ 120.161845005260503, 15.9779206 ], [ 120.1601662, 15.9789158 ] ] } },
{ "type": "Feature", "properties": { "edgeId": "PHL-S-002:substation:way:157339625->PHL-S-002:transmission_segment:way:687271740:substation_to_transmission", "sourceNodeId": "PHL-S-002:substation:way:157339625", "targetNodeId": "PHL-S-002:transmission_segment:way:687271740", "edgeType": "substation_to_transmission", "distanceKm": 0.0, "rank": null, "withinThreshold": true, "metadataScore": 0.93, "voltageCompatible": "True", "projectId": "PHL-S-002", "countryCode": "PHL" }, "geometry": { "type": "LineString", "coordinates": [ [ 120.161845005260503, 15.9779206 ], [ 119.95522, 15.5844171 ] ] } },
{ "type": "Feature", "properties": { "edgeId": "PHL-S-002:substation:way:157339625->PHL-S-002:transmission_segment:way:247293516:substation_to_transmission", "sourceNodeId": "PHL-S-002:substation:way:157339625", "targetNodeId": "PHL-S-002:transmission_segment:way:247293516", "edgeType": "substation_to_transmission", "distanceKm": 0.063, "rank": null, "withinThreshold": true, "metadataScore": 0.77, "voltageCompatible": "True", "projectId": "PHL-S-002", "countryCode": "PHL" }, "geometry": { "type": "LineString", "coordinates": [ [ 120.161845005260503, 15.9779206 ], [ 120.1513149, 15.9930947 ] ] } },
{ "type": "Feature", "properties": { "edgeId": "PHL-S-002:substation:way:157339625->PHL-S-002:transmission_segment:way:1139148155:substation_to_transmission", "sourceNodeId": "PHL-S-002:substation:way:157339625", "targetNodeId": "PHL-S-002:transmission_segment:way:1139148155", "edgeType": "substation_to_transmission", "distanceKm": 0.0, "rank": null, "withinThreshold": true, "metadataScore": 0.843, "voltageCompatible": "True", "projectId": "PHL-S-002", "countryCode": "PHL" }, "geometry": { "type": "LineString", "coordinates": [ [ 120.161845005260503, 15.9779206 ], [ 120.1625361, 15.9764819 ] ] } },
{ "type": "Feature", "properties": { "edgeId": "PHL-S-002:substation:way:157339625->PHL-S-002:transmission_segment:way:489382505:substation_to_transmission", "sourceNodeId": "PHL-S-002:substation:way:157339625", "targetNodeId": "PHL-S-002:transmission_segment:way:489382505", "edgeType": "substation_to_transmission", "distanceKm": 0.0, "rank": null, "withinThreshold": true, "metadataScore": 0.822, "voltageCompatible": "True", "projectId": "PHL-S-002", "countryCode": "PHL" }, "geometry": { "type": "LineString", "coordinates": [ [ 120.161845005260503, 15.9779206 ], [ 120.1630823, 15.9768507 ] ] } },
{ "type": "Feature", "properties": { "edgeId": "PHL-S-002:substation:way:157339625->PHL-S-002:transmission_segment:way:1147688179:substation_to_transmission", "sourceNodeId": "PHL-S-002:substation:way:157339625", "targetNodeId": "PHL-S-002:transmission_segment:way:1147688179", "edgeType": "substation_to_transmission", "distanceKm": 0.0, "rank": null, "withinThreshold": true, "metadataScore": 0.853, "voltageCompatible": "True", "projectId": "PHL-S-002", "countryCode": "PHL" }, "geometry": { "type": "LineString", "coordinates": [ [ 120.161845005260503, 15.9779206 ], [ 120.1627197, 15.9762374 ] ] } },
{ "type": "Feature", "properties": { "edgeId": "PHL-S-002:substation:way:157339625->PHL-S-002:transmission_segment:way:1147688180:substation_to_transmission", "sourceNodeId": "PHL-S-002:substation:way:157339625", "targetNodeId": "PHL-S-002:transmission_segment:way:1147688180", "edgeType": "substation_to_transmission", "distanceKm": 0.0, "rank": null, "withinThreshold": true, "metadataScore": 0.853, "voltageCompatible": "True", "projectId": "PHL-S-002", "countryCode": "PHL" }, "geometry": { "type": "LineString", "coordinates": [ [ 120.161845005260503, 15.9779206 ], [ 120.1630175, 15.9763947 ] ] } },
{ "type": "Feature", "properties": { "edgeId": "PHL-S-002:substation:way:157339625->PHL-S-002:transmission_segment:way:247291935:substation_to_transmission", "sourceNodeId": "PHL-S-002:substation:way:157339625", "targetNodeId": "PHL-S-002:transmission_segment:way:247291935", "edgeType": "substation_to_transmission", "distanceKm": 0.0, "rank": null, "withinThreshold": true, "metadataScore": 0.864, "voltageCompatible": "True", "projectId": "PHL-S-002", "countryCode": "PHL" }, "geometry": { "type": "LineString", "coordinates": [ [ 120.161845005260503, 15.9779206 ], [ 120.1622602, 15.9768537 ] ] } },
{ "type": "Feature", "properties": { "edgeId": "PHL-S-002:substation:way:157339625->PHL-S-002:transmission_segment:way:489382504:substation_to_transmission", "sourceNodeId": "PHL-S-002:substation:way:157339625", "targetNodeId": "PHL-S-002:transmission_segment:way:489382504", "edgeType": "substation_to_transmission", "distanceKm": 0.0, "rank": null, "withinThreshold": true, "metadataScore": 0.822, "voltageCompatible": "True", "projectId": "PHL-S-002", "countryCode": "PHL" }, "geometry": { "type": "LineString", "coordinates": [ [ 120.161845005260503, 15.9779206 ], [ 120.1624193, 15.9777095 ] ] } },
{ "type": "Feature", "properties": { "edgeId": "PHL-S-002:substation:way:157339625->PHL-S-002:transmission_segment:way:247294054:substation_to_transmission", "sourceNodeId": "PHL-S-002:substation:way:157339625", "targetNodeId": "PHL-S-002:transmission_segment:way:247294054", "edgeType": "substation_to_transmission", "distanceKm": 0.0, "rank": null, "withinThreshold": true, "metadataScore": 0.864, "voltageCompatible": "True", "projectId": "PHL-S-002", "countryCode": "PHL" }, "geometry": { "type": "LineString", "coordinates": [ [ 120.161845005260503, 15.9779206 ], [ 120.1621611, 15.9775371 ] ] } },
{ "type": "Feature", "properties": { "edgeId": "PHL-S-002:substation:way:157339625->PHL-S-002:transmission_segment:way:1427506002:substation_to_transmission", "sourceNodeId": "PHL-S-002:substation:way:157339625", "targetNodeId": "PHL-S-002:transmission_segment:way:1427506002", "edgeType": "substation_to_transmission", "distanceKm": 0.0, "rank": null, "withinThreshold": true, "metadataScore": 0.864, "voltageCompatible": "True", "projectId": "PHL-S-002", "countryCode": "PHL" }, "geometry": { "type": "LineString", "coordinates": [ [ 120.161845005260503, 15.9779206 ], [ 120.1618883, 15.9773549 ] ] } },
{ "type": "Feature", "properties": { "edgeId": "PHL-S-002:substation:way:157339625->PHL-S-002:transmission_segment:way:157355356:substation_to_transmission", "sourceNodeId": "PHL-S-002:substation:way:157339625", "targetNodeId": "PHL-S-002:transmission_segment:way:157355356", "edgeType": "substation_to_transmission", "distanceKm": 0.0, "rank": null, "withinThreshold": true, "metadataScore": 0.864, "voltageCompatible": "True", "projectId": "PHL-S-002", "countryCode": "PHL" }, "geometry": { "type": "LineString", "coordinates": [ [ 120.161845005260503, 15.9779206 ], [ 120.1632132, 15.9766802 ] ] } },
{ "type": "Feature", "properties": { "edgeId": "PHL-S-002:substation:way:157339625->PHL-S-002:transmission_segment:way:247291934:substation_to_transmission", "sourceNodeId": "PHL-S-002:substation:way:157339625", "targetNodeId": "PHL-S-002:transmission_segment:way:247291934", "edgeType": "substation_to_transmission", "distanceKm": 0.0, "rank": null, "withinThreshold": true, "metadataScore": 0.864, "voltageCompatible": "True", "projectId": "PHL-S-002", "countryCode": "PHL" }, "geometry": { "type": "LineString", "coordinates": [ [ 120.161845005260503, 15.9779206 ], [ 120.163468, 15.9768942 ] ] } },
{ "type": "Feature", "properties": { "edgeId": "PHL-S-002:substation:way:157339625->PHL-S-002:transmission_segment:way:247291927:substation_to_transmission", "sourceNodeId": "PHL-S-002:substation:way:157339625", "targetNodeId": "PHL-S-002:transmission_segment:way:247291927", "edgeType": "substation_to_transmission", "distanceKm": 0.0, "rank": null, "withinThreshold": true, "metadataScore": 0.774, "voltageCompatible": "True", "projectId": "PHL-S-002", "countryCode": "PHL" }, "geometry": { "type": "LineString", "coordinates": [ [ 120.161845005260503, 15.9779206 ], [ 120.16124, 15.9783477 ] ] } },
{ "type": "Feature", "properties": { "edgeId": "PHL-S-002:substation:way:157339625->PHL-S-002:transmission_segment:way:1290420121:substation_to_transmission", "sourceNodeId": "PHL-S-002:substation:way:157339625", "targetNodeId": "PHL-S-002:transmission_segment:way:1290420121", "edgeType": "substation_to_transmission", "distanceKm": 0.0, "rank": null, "withinThreshold": true, "metadataScore": 0.84, "voltageCompatible": "True", "projectId": "PHL-S-002", "countryCode": "PHL" }, "geometry": { "type": "LineString", "coordinates": [ [ 120.161845005260503, 15.9779206 ], [ 120.1614773, 15.9780005 ] ] } },
{ "type": "Feature", "properties": { "edgeId": "PHL-S-002:substation:way:157339625->PHL-S-002:transmission_segment:way:489382508:substation_to_transmission", "sourceNodeId": "PHL-S-002:substation:way:157339625", "targetNodeId": "PHL-S-002:transmission_segment:way:489382508", "edgeType": "substation_to_transmission", "distanceKm": 0.0, "rank": null, "withinThreshold": true, "metadataScore": 0.774, "voltageCompatible": "True", "projectId": "PHL-S-002", "countryCode": "PHL" }, "geometry": { "type": "LineString", "coordinates": [ [ 120.161845005260503, 15.9779206 ], [ 120.1615556, 15.9781884 ] ] } },
{ "type": "Feature", "properties": { "edgeId": "PHL-S-002:substation:way:157339625->PHL-S-002:transmission_segment:way:487898662:substation_to_transmission", "sourceNodeId": "PHL-S-002:substation:way:157339625", "targetNodeId": "PHL-S-002:transmission_segment:way:487898662", "edgeType": "substation_to_transmission", "distanceKm": 0.0, "rank": null, "withinThreshold": true, "metadataScore": 0.732, "voltageCompatible": "True", "projectId": "PHL-S-002", "countryCode": "PHL" }, "geometry": { "type": "LineString", "coordinates": [ [ 120.161845005260503, 15.9779206 ], [ 120.1615097, 15.9785338 ] ] } },
{ "type": "Feature", "properties": { "edgeId": "PHL-S-002:substation:way:157339625->PHL-S-002:transmission_segment:way:1427506000:substation_to_transmission", "sourceNodeId": "PHL-S-002:substation:way:157339625", "targetNodeId": "PHL-S-002:transmission_segment:way:1427506000", "edgeType": "substation_to_transmission", "distanceKm": 0.0, "rank": null, "withinThreshold": true, "metadataScore": 0.864, "voltageCompatible": "True", "projectId": "PHL-S-002", "countryCode": "PHL" }, "geometry": { "type": "LineString", "coordinates": [ [ 120.161845005260503, 15.9779206 ], [ 120.1624193, 15.9777095 ] ] } },
{ "type": "Feature", "properties": { "edgeId": "PHL-S-002:substation:way:157339625->PHL-S-002:transmission_segment:way:487898667:substation_to_transmission", "sourceNodeId": "PHL-S-002:substation:way:157339625", "targetNodeId": "PHL-S-002:transmission_segment:way:487898667", "edgeType": "substation_to_transmission", "distanceKm": 0.0, "rank": null, "withinThreshold": true, "metadataScore": 0.774, "voltageCompatible": "True", "projectId": "PHL-S-002", "countryCode": "PHL" }, "geometry": { "type": "LineString", "coordinates": [ [ 120.161845005260503, 15.9779206 ], [ 120.1616524, 15.9786322 ] ] } },
{ "type": "Feature", "properties": { "edgeId": "PHL-S-002:substation:way:157339625->PHL-S-002:transmission_segment:way:487898660:substation_to_transmission", "sourceNodeId": "PHL-S-002:substation:way:157339625", "targetNodeId": "PHL-S-002:transmission_segment:way:487898660", "edgeType": "substation_to_transmission", "distanceKm": 0.0, "rank": null, "withinThreshold": true, "metadataScore": 0.732, "voltageCompatible": "True", "projectId": "PHL-S-002", "countryCode": "PHL" }, "geometry": { "type": "LineString", "coordinates": [ [ 120.161845005260503, 15.9779206 ], [ 120.1612969, 15.9790985 ] ] } },
{ "type": "Feature", "properties": { "edgeId": "PHL-S-002:substation:way:157339625->PHL-S-002:transmission_segment:way:247291922:substation_to_transmission", "sourceNodeId": "PHL-S-002:substation:way:157339625", "targetNodeId": "PHL-S-002:transmission_segment:way:247291922", "edgeType": "substation_to_transmission", "distanceKm": 0.0, "rank": null, "withinThreshold": true, "metadataScore": 0.774, "voltageCompatible": "True", "projectId": "PHL-S-002", "countryCode": "PHL" }, "geometry": { "type": "LineString", "coordinates": [ [ 120.161845005260503, 15.9779206 ], [ 120.1610241, 15.9789021 ] ] } },
{ "type": "Feature", "properties": { "edgeId": "PHL-S-002:substation:way:157339625->PHL-S-002:transmission_segment:way:156772591:substation_to_transmission", "sourceNodeId": "PHL-S-002:substation:way:157339625", "targetNodeId": "PHL-S-002:transmission_segment:way:156772591", "edgeType": "substation_to_transmission", "distanceKm": 0.0, "rank": null, "withinThreshold": true, "metadataScore": 0.805, "voltageCompatible": "True", "projectId": "PHL-S-002", "countryCode": "PHL" }, "geometry": { "type": "LineString", "coordinates": [ [ 120.161845005260503, 15.9779206 ], [ 119.9195693, 15.8659009 ] ] } },
{ "type": "Feature", "properties": { "edgeId": "PHL-S-002:substation:way:157339625->PHL-S-002:transmission_segment:way:487898665:substation_to_transmission", "sourceNodeId": "PHL-S-002:substation:way:157339625", "targetNodeId": "PHL-S-002:transmission_segment:way:487898665", "edgeType": "substation_to_transmission", "distanceKm": 0.0, "rank": null, "withinThreshold": true, "metadataScore": 0.774, "voltageCompatible": "True", "projectId": "PHL-S-002", "countryCode": "PHL" }, "geometry": { "type": "LineString", "coordinates": [ [ 120.161845005260503, 15.9779206 ], [ 120.1615097, 15.9785338 ] ] } },
{ "type": "Feature", "properties": { "edgeId": "PHL-S-002:substation:way:157339625->PHL-S-002:transmission_segment:way:1427506001:substation_to_transmission", "sourceNodeId": "PHL-S-002:substation:way:157339625", "targetNodeId": "PHL-S-002:transmission_segment:way:1427506001", "edgeType": "substation_to_transmission", "distanceKm": 0.0, "rank": null, "withinThreshold": true, "metadataScore": 0.864, "voltageCompatible": "True", "projectId": "PHL-S-002", "countryCode": "PHL" }, "geometry": { "type": "LineString", "coordinates": [ [ 120.161845005260503, 15.9779206 ], [ 120.1627074, 15.9779019 ] ] } },
{ "type": "Feature", "properties": { "edgeId": "PHL-S-002:substation:way:157339625->PHL-S-002:transmission_segment:way:487898668:substation_to_transmission", "sourceNodeId": "PHL-S-002:substation:way:157339625", "targetNodeId": "PHL-S-002:transmission_segment:way:487898668", "edgeType": "substation_to_transmission", "distanceKm": 0.0, "rank": null, "withinThreshold": true, "metadataScore": 0.774, "voltageCompatible": "True", "projectId": "PHL-S-002", "countryCode": "PHL" }, "geometry": { "type": "LineString", "coordinates": [ [ 120.161845005260503, 15.9779206 ], [ 120.1617817, 15.9787215 ] ] } },
{ "type": "Feature", "properties": { "edgeId": "PHL-S-002:substation:way:157339625->PHL-S-002:transmission_segment:way:247291930:substation_to_transmission", "sourceNodeId": "PHL-S-002:substation:way:157339625", "targetNodeId": "PHL-S-002:transmission_segment:way:247291930", "edgeType": "substation_to_transmission", "distanceKm": 0.0, "rank": null, "withinThreshold": true, "metadataScore": 0.774, "voltageCompatible": "True", "projectId": "PHL-S-002", "countryCode": "PHL" }, "geometry": { "type": "LineString", "coordinates": [ [ 120.161845005260503, 15.9779206 ], [ 120.1607567, 15.9793851 ] ] } },
{ "type": "Feature", "properties": { "edgeId": "PHL-S-002:substation:way:157339625->PHL-S-002:transmission_segment:way:157339669:substation_to_transmission", "sourceNodeId": "PHL-S-002:substation:way:157339625", "targetNodeId": "PHL-S-002:transmission_segment:way:157339669", "edgeType": "substation_to_transmission", "distanceKm": 0.0, "rank": null, "withinThreshold": true, "metadataScore": 0.774, "voltageCompatible": "True", "projectId": "PHL-S-002", "countryCode": "PHL" }, "geometry": { "type": "LineString", "coordinates": [ [ 120.161845005260503, 15.9779206 ], [ 120.1619204, 15.9788172 ] ] } },
{ "type": "Feature", "properties": { "edgeId": "PHL-S-002:substation:way:157339625->PHL-S-002:transmission_segment:way:247291921:substation_to_transmission", "sourceNodeId": "PHL-S-002:substation:way:157339625", "targetNodeId": "PHL-S-002:transmission_segment:way:247291921", "edgeType": "substation_to_transmission", "distanceKm": 0.0, "rank": null, "withinThreshold": true, "metadataScore": 0.774, "voltageCompatible": "True", "projectId": "PHL-S-002", "countryCode": "PHL" }, "geometry": { "type": "LineString", "coordinates": [ [ 120.161845005260503, 15.9779206 ], [ 120.1515047, 15.993076 ] ] } },
{ "type": "Feature", "properties": { "edgeId": "PHL-S-002:substation:way:157339625->PHL-S-002:transmission_segment:way:247291924:substation_to_transmission", "sourceNodeId": "PHL-S-002:substation:way:157339625", "targetNodeId": "PHL-S-002:transmission_segment:way:247291924", "edgeType": "substation_to_transmission", "distanceKm": 0.0, "rank": null, "withinThreshold": true, "metadataScore": 0.774, "voltageCompatible": "True", "projectId": "PHL-S-002", "countryCode": "PHL" }, "geometry": { "type": "LineString", "coordinates": [ [ 120.161845005260503, 15.9779206 ], [ 120.1612267, 15.979499 ] ] } },
{ "type": "Feature", "properties": { "edgeId": "PHL-S-002:substation:way:157339625->PHL-S-002:transmission_segment:way:487898670:substation_to_transmission", "sourceNodeId": "PHL-S-002:substation:way:157339625", "targetNodeId": "PHL-S-002:transmission_segment:way:487898670", "edgeType": "substation_to_transmission", "distanceKm": 0.0, "rank": null, "withinThreshold": true, "metadataScore": 0.774, "voltageCompatible": "True", "projectId": "PHL-S-002", "countryCode": "PHL" }, "geometry": { "type": "LineString", "coordinates": [ [ 120.161845005260503, 15.9779206 ], [ 120.1614114, 15.9794938 ] ] } },
{ "type": "Feature", "properties": { "edgeId": "PHL-S-002:substation:way:157339625->PHL-S-002:transmission_segment:way:161851190:substation_to_transmission", "sourceNodeId": "PHL-S-002:substation:way:157339625", "targetNodeId": "PHL-S-002:transmission_segment:way:161851190", "edgeType": "substation_to_transmission", "distanceKm": 0.0, "rank": null, "withinThreshold": true, "metadataScore": 0.795, "voltageCompatible": "True", "projectId": "PHL-S-002", "countryCode": "PHL" }, "geometry": { "type": "LineString", "coordinates": [ [ 120.161845005260503, 15.9779206 ], [ 120.1012733, 16.055653 ] ] } },
{ "type": "Feature", "properties": { "edgeId": "PHL-S-002:substation:way:1329797725->PHL-S-002:transmission_segment:way:1329553927:substation_to_transmission", "sourceNodeId": "PHL-S-002:substation:way:1329797725", "targetNodeId": "PHL-S-002:transmission_segment:way:1329553927", "edgeType": "substation_to_transmission", "distanceKm": 0.0, "rank": null, "withinThreshold": true, "metadataScore": 0.725, "voltageCompatible": "True", "projectId": "PHL-S-002", "countryCode": "PHL" }, "geometry": { "type": "LineString", "coordinates": [ [ 120.187505212315585, 15.8451695 ], [ 120.1460079, 15.8827842 ] ] } },
{ "type": "Feature", "properties": { "edgeId": "PHL-S-002:substation:way:1329797725->PHL-S-002:transmission_segment:way:1329797740:substation_to_transmission", "sourceNodeId": "PHL-S-002:substation:way:1329797725", "targetNodeId": "PHL-S-002:transmission_segment:way:1329797740", "edgeType": "substation_to_transmission", "distanceKm": 0.0, "rank": null, "withinThreshold": true, "metadataScore": 0.49, "voltageCompatible": "True", "projectId": "PHL-S-002", "countryCode": "PHL" }, "geometry": { "type": "LineString", "coordinates": [ [ 120.187505212315585, 15.8451695 ], [ 120.1876197, 15.845606 ] ] } },
{ "type": "Feature", "properties": { "edgeId": "PHL-S-002:substation:way:1329797725->PHL-S-002:transmission_segment:way:1329797741:substation_to_transmission", "sourceNodeId": "PHL-S-002:substation:way:1329797725", "targetNodeId": "PHL-S-002:transmission_segment:way:1329797741", "edgeType": "substation_to_transmission", "distanceKm": 0.0, "rank": null, "withinThreshold": true, "metadataScore": 0.49, "voltageCompatible": "True", "projectId": "PHL-S-002", "countryCode": "PHL" }, "geometry": { "type": "LineString", "coordinates": [ [ 120.187505212315585, 15.8451695 ], [ 120.1870225, 15.8451278 ] ] } },
{ "type": "Feature", "properties": { "edgeId": "PHL-S-002:substation:way:1329797725->PHL-S-002:transmission_segment:way:1329797742:substation_to_transmission", "sourceNodeId": "PHL-S-002:substation:way:1329797725", "targetNodeId": "PHL-S-002:transmission_segment:way:1329797742", "edgeType": "substation_to_transmission", "distanceKm": 0.0, "rank": null, "withinThreshold": true, "metadataScore": 0.49, "voltageCompatible": "True", "projectId": "PHL-S-002", "countryCode": "PHL" }, "geometry": { "type": "LineString", "coordinates": [ [ 120.187505212315585, 15.8451695 ], [ 120.1872917, 15.8453469 ] ] } },
{ "type": "Feature", "properties": { "edgeId": "PHL-S-002:substation:way:1329797725->PHL-S-002:transmission_segment:way:1329797739:substation_to_transmission", "sourceNodeId": "PHL-S-002:substation:way:1329797725", "targetNodeId": "PHL-S-002:transmission_segment:way:1329797739", "edgeType": "substation_to_transmission", "distanceKm": 0.0, "rank": null, "withinThreshold": true, "metadataScore": 0.49, "voltageCompatible": "True", "projectId": "PHL-S-002", "countryCode": "PHL" }, "geometry": { "type": "LineString", "coordinates": [ [ 120.187505212315585, 15.8451695 ], [ 120.187534, 15.8452959 ] ] } },
{ "type": "Feature", "properties": { "edgeId": "PHL-S-002:substation:way:1329797725->PHL-S-002:transmission_segment:way:1329797743:substation_to_transmission", "sourceNodeId": "PHL-S-002:substation:way:1329797725", "targetNodeId": "PHL-S-002:transmission_segment:way:1329797743", "edgeType": "substation_to_transmission", "distanceKm": 0.0, "rank": null, "withinThreshold": true, "metadataScore": 0.49, "voltageCompatible": "True", "projectId": "PHL-S-002", "countryCode": "PHL" }, "geometry": { "type": "LineString", "coordinates": [ [ 120.187505212315585, 15.8451695 ], [ 120.187534, 15.8452959 ] ] } },
{ "type": "Feature", "properties": { "edgeId": "PHL-S-002:substation:way:1329797725->PHL-S-002:transmission_segment:way:1329797738:substation_to_transmission", "sourceNodeId": "PHL-S-002:substation:way:1329797725", "targetNodeId": "PHL-S-002:transmission_segment:way:1329797738", "edgeType": "substation_to_transmission", "distanceKm": 0.0, "rank": null, "withinThreshold": true, "metadataScore": 0.49, "voltageCompatible": "True", "projectId": "PHL-S-002", "countryCode": "PHL" }, "geometry": { "type": "LineString", "coordinates": [ [ 120.187505212315585, 15.8451695 ], [ 120.1874666, 15.8450199 ] ] } },
{ "type": "Feature", "properties": { "edgeId": "PHL-S-002:substation:way:1329797725->PHL-S-002:transmission_segment:way:1329797744:substation_to_transmission", "sourceNodeId": "PHL-S-002:substation:way:1329797725", "targetNodeId": "PHL-S-002:transmission_segment:way:1329797744", "edgeType": "substation_to_transmission", "distanceKm": 0.0, "rank": null, "withinThreshold": true, "metadataScore": 0.49, "voltageCompatible": "True", "projectId": "PHL-S-002", "countryCode": "PHL" }, "geometry": { "type": "LineString", "coordinates": [ [ 120.187505212315585, 15.8451695 ], [ 120.1877585, 15.8452326 ] ] } },
{ "type": "Feature", "properties": { "edgeId": "PHL-S-002:substation:way:1329797725->PHL-S-002:transmission_segment:way:1329797746:substation_to_transmission", "sourceNodeId": "PHL-S-002:substation:way:1329797725", "targetNodeId": "PHL-S-002:transmission_segment:way:1329797746", "edgeType": "substation_to_transmission", "distanceKm": 0.0, "rank": null, "withinThreshold": true, "metadataScore": 0.49, "voltageCompatible": "True", "projectId": "PHL-S-002", "countryCode": "PHL" }, "geometry": { "type": "LineString", "coordinates": [ [ 120.187505212315585, 15.8451695 ], [ 120.1874223, 15.8447423 ] ] } },
{ "type": "Feature", "properties": { "edgeId": "PHL-S-002:substation:way:1329797725->PHL-S-002:transmission_segment:way:1329797745:substation_to_transmission", "sourceNodeId": "PHL-S-002:substation:way:1329797725", "targetNodeId": "PHL-S-002:transmission_segment:way:1329797745", "edgeType": "substation_to_transmission", "distanceKm": 0.0, "rank": null, "withinThreshold": true, "metadataScore": 0.49, "voltageCompatible": "True", "projectId": "PHL-S-002", "countryCode": "PHL" }, "geometry": { "type": "LineString", "coordinates": [ [ 120.187505212315585, 15.8451695 ], [ 120.1876827, 15.8446789 ] ] } },
{ "type": "Feature", "properties": { "edgeId": "PHL-S-002:substation:way:1329797725->PHL-S-002:transmission_segment:way:1329553928:substation_to_transmission", "sourceNodeId": "PHL-S-002:substation:way:1329797725", "targetNodeId": "PHL-S-002:transmission_segment:way:1329553928", "edgeType": "substation_to_transmission", "distanceKm": 0.0, "rank": null, "withinThreshold": true, "metadataScore": 0.707, "voltageCompatible": "True", "projectId": "PHL-S-002", "countryCode": "PHL" }, "geometry": { "type": "LineString", "coordinates": [ [ 120.187505212315585, 15.8451695 ], [ 120.1874223, 15.8447423 ] ] } },
{ "type": "Feature", "properties": { "edgeId": "PHL-S-002:substation:way:1329797725->PHL-S-002:transmission_segment:way:1329555793:substation_to_transmission", "sourceNodeId": "PHL-S-002:substation:way:1329797725", "targetNodeId": "PHL-S-002:transmission_segment:way:1329555793", "edgeType": "substation_to_transmission", "distanceKm": 0.002, "rank": null, "withinThreshold": true, "metadataScore": 0.725, "voltageCompatible": "True", "projectId": "PHL-S-002", "countryCode": "PHL" }, "geometry": { "type": "LineString", "coordinates": [ [ 120.187505212315585, 15.8451695 ], [ 120.2008454, 15.8414927 ] ] } },
{ "type": "Feature", "properties": { "edgeId": "PHL-S-002:substation:way:1329797725->PHL-S-002:transmission_segment:way:1347342198:substation_to_transmission", "sourceNodeId": "PHL-S-002:substation:way:1329797725", "targetNodeId": "PHL-S-002:transmission_segment:way:1347342198", "edgeType": "substation_to_transmission", "distanceKm": 0.0, "rank": null, "withinThreshold": true, "metadataScore": 0.707, "voltageCompatible": "True", "projectId": "PHL-S-002", "countryCode": "PHL" }, "geometry": { "type": "LineString", "coordinates": [ [ 120.187505212315585, 15.8451695 ], [ 120.1876827, 15.8446789 ] ] } },
{ "type": "Feature", "properties": { "edgeId": "PHL-S-002:substation:way:1329797732->PHL-S-002:transmission_segment:way:1329555793:substation_to_transmission", "sourceNodeId": "PHL-S-002:substation:way:1329797732", "targetNodeId": "PHL-S-002:transmission_segment:way:1329555793", "edgeType": "substation_to_transmission", "distanceKm": 0.024, "rank": null, "withinThreshold": true, "metadataScore": 0.715, "voltageCompatible": "True", "projectId": "PHL-S-002", "countryCode": "PHL" }, "geometry": { "type": "LineString", "coordinates": [ [ 120.212814508206236, 15.8421411 ], [ 120.2008454, 15.8414927 ] ] } },
{ "type": "Feature", "properties": { "edgeId": "PHL-S-002:substation:way:1329797732->PHL-S-002:transmission_segment:way:1329797733:substation_to_transmission", "sourceNodeId": "PHL-S-002:substation:way:1329797732", "targetNodeId": "PHL-S-002:transmission_segment:way:1329797733", "edgeType": "substation_to_transmission", "distanceKm": 0.0, "rank": null, "withinThreshold": true, "metadataScore": 0.49, "voltageCompatible": "True", "projectId": "PHL-S-002", "countryCode": "PHL" }, "geometry": { "type": "LineString", "coordinates": [ [ 120.212814508206236, 15.8421411 ], [ 120.2125921, 15.8417463 ] ] } },
{ "type": "Feature", "properties": { "edgeId": "PHL-S-002:substation:way:1329797732->PHL-S-002:transmission_segment:way:1329797734:substation_to_transmission", "sourceNodeId": "PHL-S-002:substation:way:1329797732", "targetNodeId": "PHL-S-002:transmission_segment:way:1329797734", "edgeType": "substation_to_transmission", "distanceKm": 0.0, "rank": null, "withinThreshold": true, "metadataScore": 0.49, "voltageCompatible": "True", "projectId": "PHL-S-002", "countryCode": "PHL" }, "geometry": { "type": "LineString", "coordinates": [ [ 120.212814508206236, 15.8421411 ], [ 120.2128072, 15.8419284 ] ] } },
{ "type": "Feature", "properties": { "edgeId": "PHL-S-002:substation:way:1329797732->PHL-S-002:transmission_segment:way:1329797735:substation_to_transmission", "sourceNodeId": "PHL-S-002:substation:way:1329797732", "targetNodeId": "PHL-S-002:transmission_segment:way:1329797735", "edgeType": "substation_to_transmission", "distanceKm": 0.0, "rank": null, "withinThreshold": true, "metadataScore": 0.49, "voltageCompatible": "True", "projectId": "PHL-S-002", "countryCode": "PHL" }, "geometry": { "type": "LineString", "coordinates": [ [ 120.212814508206236, 15.8421411 ], [ 120.2130391, 15.8421319 ] ] } },
{ "type": "Feature", "properties": { "edgeId": "PHL-S-002:substation:way:1329797732->PHL-S-002:transmission_segment:way:1329555794:substation_to_transmission", "sourceNodeId": "PHL-S-002:substation:way:1329797732", "targetNodeId": "PHL-S-002:transmission_segment:way:1329555794", "edgeType": "substation_to_transmission", "distanceKm": 0.0, "rank": null, "withinThreshold": true, "metadataScore": 0.707, "voltageCompatible": "True", "projectId": "PHL-S-002", "countryCode": "PHL" }, "geometry": { "type": "LineString", "coordinates": [ [ 120.212814508206236, 15.8421411 ], [ 120.212466, 15.8418876 ] ] } },
{ "type": "Feature", "properties": { "edgeId": "PHL-S-002:substation:way:1329797732->PHL-S-002:transmission_segment:way:1329797736:substation_to_transmission", "sourceNodeId": "PHL-S-002:substation:way:1329797732", "targetNodeId": "PHL-S-002:transmission_segment:way:1329797736", "edgeType": "substation_to_transmission", "distanceKm": 0.0, "rank": null, "withinThreshold": true, "metadataScore": 0.49, "voltageCompatible": "True", "projectId": "PHL-S-002", "countryCode": "PHL" }, "geometry": { "type": "LineString", "coordinates": [ [ 120.212814508206236, 15.8421411 ], [ 120.2126714, 15.8420713 ] ] } },
{ "type": "Feature", "properties": { "edgeId": "PHL-S-002:substation:way:1329797732->PHL-S-002:transmission_segment:way:1329797737:substation_to_transmission", "sourceNodeId": "PHL-S-002:substation:way:1329797732", "targetNodeId": "PHL-S-002:transmission_segment:way:1329797737", "edgeType": "substation_to_transmission", "distanceKm": 0.0, "rank": null, "withinThreshold": true, "metadataScore": 0.49, "voltageCompatible": "True", "projectId": "PHL-S-002", "countryCode": "PHL" }, "geometry": { "type": "LineString", "coordinates": [ [ 120.212814508206236, 15.8421411 ], [ 120.2128072, 15.8419284 ] ] } },
{ "type": "Feature", "properties": { "edgeId": "PHL-S-002:substation:way:1329797732->PHL-S-002:transmission_segment:way:1347342197:substation_to_transmission", "sourceNodeId": "PHL-S-002:substation:way:1329797732", "targetNodeId": "PHL-S-002:transmission_segment:way:1347342197", "edgeType": "substation_to_transmission", "distanceKm": 0.0, "rank": null, "withinThreshold": true, "metadataScore": 0.707, "voltageCompatible": "True", "projectId": "PHL-S-002", "countryCode": "PHL" }, "geometry": { "type": "LineString", "coordinates": [ [ 120.212814508206236, 15.8421411 ], [ 120.2123397, 15.8414902 ] ] } },
{ "type": "Feature", "properties": { "edgeId": "PHL-S-003:site->PHL-S-003:road_segment:way:343333940:site_to_road", "sourceNodeId": "PHL-S-003:site", "targetNodeId": "PHL-S-003:road_segment:way:343333940", "edgeType": "site_to_road", "distanceKm": 0.001, "rank": 1.0, "withinThreshold": true, "metadataScore": null, "voltageCompatible": null, "projectId": "PHL-S-003", "countryCode": "PHL" }, "geometry": { "type": "LineString", "coordinates": [ [ 120.486786, 18.088064 ], [ 120.4857673, 18.0516332 ] ] } },
{ "type": "Feature", "properties": { "edgeId": "PHL-S-003:site->PHL-S-003:settlement:node:9777016880:site_to_settlement", "sourceNodeId": "PHL-S-003:site", "targetNodeId": "PHL-S-003:settlement:node:9777016880", "edgeType": "site_to_settlement", "distanceKm": 0.993, "rank": 1.0, "withinThreshold": true, "metadataScore": null, "voltageCompatible": null, "projectId": "PHL-S-003", "countryCode": "PHL" }, "geometry": { "type": "LineString", "coordinates": [ [ 120.486786, 18.088064 ], [ 120.4880261, 18.0585 ] ] } },
{ "type": "Feature", "properties": { "edgeId": "PHL-S-003:site->PHL-S-003:substation:way:1177952474:site_to_substation", "sourceNodeId": "PHL-S-003:site", "targetNodeId": "PHL-S-003:substation:way:1177952474", "edgeType": "site_to_substation", "distanceKm": 0.403, "rank": 1.0, "withinThreshold": true, "metadataScore": 0.93, "voltageCompatible": null, "projectId": "PHL-S-003", "countryCode": "PHL" }, "geometry": { "type": "LineString", "coordinates": [ [ 120.486786, 18.088064 ], [ 120.485137010774537, 18.0462802 ] ] } },
{ "type": "Feature", "properties": { "edgeId": "PHL-S-003:site->PHL-S-003:substation:way:742037790:site_to_substation", "sourceNodeId": "PHL-S-003:site", "targetNodeId": "PHL-S-003:substation:way:742037790", "edgeType": "site_to_substation", "distanceKm": 5.939, "rank": 2.0, "withinThreshold": true, "metadataScore": 0.94, "voltageCompatible": null, "projectId": "PHL-S-003", "countryCode": "PHL" }, "geometry": { "type": "LineString", "coordinates": [ [ 120.486786, 18.088064 ], [ 120.51257193041188, 18.0063428 ] ] } },
{ "type": "Feature", "properties": { "edgeId": "PHL-S-003:site->PHL-S-003:substation:way:460504926:site_to_substation", "sourceNodeId": "PHL-S-003:site", "targetNodeId": "PHL-S-003:substation:way:460504926", "edgeType": "site_to_substation", "distanceKm": 8.872, "rank": 3.0, "withinThreshold": true, "metadataScore": 0.5, "voltageCompatible": null, "projectId": "PHL-S-003", "countryCode": "PHL" }, "geometry": { "type": "LineString", "coordinates": [ [ 120.486786, 18.088064 ], [ 120.560135273346958, 18.0777241 ] ] } },
{ "type": "Feature", "properties": { "edgeId": "PHL-S-003:site->PHL-S-003:transmission_segment:way:1177952473:site_to_transmission", "sourceNodeId": "PHL-S-003:site", "targetNodeId": "PHL-S-003:transmission_segment:way:1177952473", "edgeType": "site_to_transmission", "distanceKm": 0.522, "rank": 1.0, "withinThreshold": true, "metadataScore": 0.706, "voltageCompatible": null, "projectId": "PHL-S-003", "countryCode": "PHL" }, "geometry": { "type": "LineString", "coordinates": [ [ 120.486786, 18.088064 ], [ 120.4974383, 18.0250203 ] ] } },
{ "type": "Feature", "properties": { "edgeId": "PHL-S-003:site->PHL-S-003:transmission_segment:way:442034600:site_to_transmission", "sourceNodeId": "PHL-S-003:site", "targetNodeId": "PHL-S-003:transmission_segment:way:442034600", "edgeType": "site_to_transmission", "distanceKm": 5.956, "rank": 2.0, "withinThreshold": true, "metadataScore": 0.549, "voltageCompatible": null, "projectId": "PHL-S-003", "countryCode": "PHL" }, "geometry": { "type": "LineString", "coordinates": [ [ 120.486786, 18.088064 ], [ 120.5639961, 18.0903341 ] ] } },
{ "type": "Feature", "properties": { "edgeId": "PHL-S-003:site->PHL-S-003:transmission_segment:way:1177856402:site_to_transmission", "sourceNodeId": "PHL-S-003:site", "targetNodeId": "PHL-S-003:transmission_segment:way:1177856402", "edgeType": "site_to_transmission", "distanceKm": 5.966, "rank": 3.0, "withinThreshold": true, "metadataScore": 0.619, "voltageCompatible": null, "projectId": "PHL-S-003", "countryCode": "PHL" }, "geometry": { "type": "LineString", "coordinates": [ [ 120.486786, 18.088064 ], [ 120.512069, 18.0059348 ] ] } },
{ "type": "Feature", "properties": { "edgeId": "PHL-S-003:substation:way:1177952474->PHL-S-003:transmission_segment:way:1177952473:substation_to_transmission", "sourceNodeId": "PHL-S-003:substation:way:1177952474", "targetNodeId": "PHL-S-003:transmission_segment:way:1177952473", "edgeType": "substation_to_transmission", "distanceKm": 0.0, "rank": null, "withinThreshold": true, "metadataScore": 0.818, "voltageCompatible": "True", "projectId": "PHL-S-003", "countryCode": "PHL" }, "geometry": { "type": "LineString", "coordinates": [ [ 120.485137010774537, 18.0462802 ], [ 120.4974383, 18.0250203 ] ] } },
{ "type": "Feature", "properties": { "edgeId": "PHL-S-003:substation:way:742037790->PHL-S-003:transmission_segment:way:1177952473:substation_to_transmission", "sourceNodeId": "PHL-S-003:substation:way:742037790", "targetNodeId": "PHL-S-003:transmission_segment:way:1177952473", "edgeType": "substation_to_transmission", "distanceKm": 0.0, "rank": null, "withinThreshold": true, "metadataScore": 0.763, "voltageCompatible": "True", "projectId": "PHL-S-003", "countryCode": "PHL" }, "geometry": { "type": "LineString", "coordinates": [ [ 120.51257193041188, 18.0063428 ], [ 120.4974383, 18.0250203 ] ] } },
{ "type": "Feature", "properties": { "edgeId": "PHL-S-003:substation:way:742037790->PHL-S-003:transmission_segment:way:1177856402:substation_to_transmission", "sourceNodeId": "PHL-S-003:substation:way:742037790", "targetNodeId": "PHL-S-003:transmission_segment:way:1177856402", "edgeType": "substation_to_transmission", "distanceKm": 0.0, "rank": null, "withinThreshold": true, "metadataScore": 0.885, "voltageCompatible": "True", "projectId": "PHL-S-003", "countryCode": "PHL" }, "geometry": { "type": "LineString", "coordinates": [ [ 120.51257193041188, 18.0063428 ], [ 120.512069, 18.0059348 ] ] } },
{ "type": "Feature", "properties": { "edgeId": "PHL-S-003:substation:way:742037790->PHL-S-003:transmission_segment:way:1177856400:substation_to_transmission", "sourceNodeId": "PHL-S-003:substation:way:742037790", "targetNodeId": "PHL-S-003:transmission_segment:way:1177856400", "edgeType": "substation_to_transmission", "distanceKm": 0.0, "rank": null, "withinThreshold": true, "metadataScore": 0.885, "voltageCompatible": "True", "projectId": "PHL-S-003", "countryCode": "PHL" }, "geometry": { "type": "LineString", "coordinates": [ [ 120.51257193041188, 18.0063428 ], [ 120.5125592, 18.0058319 ] ] } },
{ "type": "Feature", "properties": { "edgeId": "PHL-S-003:substation:way:742037790->PHL-S-003:transmission_segment:way:1177856401:substation_to_transmission", "sourceNodeId": "PHL-S-003:substation:way:742037790", "targetNodeId": "PHL-S-003:transmission_segment:way:1177856401", "edgeType": "substation_to_transmission", "distanceKm": 0.0, "rank": null, "withinThreshold": true, "metadataScore": 0.718, "voltageCompatible": "True", "projectId": "PHL-S-003", "countryCode": "PHL" }, "geometry": { "type": "LineString", "coordinates": [ [ 120.51257193041188, 18.0063428 ], [ 120.5689509, 18.0902347 ] ] } },
{ "type": "Feature", "properties": { "edgeId": "PHL-S-003:substation:way:742037790->PHL-S-003:transmission_segment:way:1177771387:substation_to_transmission", "sourceNodeId": "PHL-S-003:substation:way:742037790", "targetNodeId": "PHL-S-003:transmission_segment:way:1177771387", "edgeType": "substation_to_transmission", "distanceKm": 0.08, "rank": null, "withinThreshold": true, "metadataScore": 0.88, "voltageCompatible": "True", "projectId": "PHL-S-003", "countryCode": "PHL" }, "geometry": { "type": "LineString", "coordinates": [ [ 120.51257193041188, 18.0063428 ], [ 120.516184, 18.0017288 ] ] } },
{ "type": "Feature", "properties": { "edgeId": "PHL-S-003:substation:way:742037790->PHL-S-003:transmission_segment:way:1177856394:substation_to_transmission", "sourceNodeId": "PHL-S-003:substation:way:742037790", "targetNodeId": "PHL-S-003:transmission_segment:way:1177856394", "edgeType": "substation_to_transmission", "distanceKm": 0.202, "rank": null, "withinThreshold": true, "metadataScore": 0.673, "voltageCompatible": "True", "projectId": "PHL-S-003", "countryCode": "PHL" }, "geometry": { "type": "LineString", "coordinates": [ [ 120.51257193041188, 18.0063428 ], [ 120.496069, 17.9769527 ] ] } },
{ "type": "Feature", "properties": { "edgeId": "PHL-S-003:substation:way:460504926->PHL-S-003:transmission_segment:way:442034600:substation_to_transmission", "sourceNodeId": "PHL-S-003:substation:way:460504926", "targetNodeId": "PHL-S-003:transmission_segment:way:442034600", "edgeType": "substation_to_transmission", "distanceKm": 0.125, "rank": null, "withinThreshold": true, "metadataScore": 0.54, "voltageCompatible": "True", "projectId": "PHL-S-003", "countryCode": "PHL" }, "geometry": { "type": "LineString", "coordinates": [ [ 120.560135273346958, 18.0777241 ], [ 120.5639961, 18.0903341 ] ] } },
{ "type": "Feature", "properties": { "edgeId": "PHL-S-003:substation:way:460504926->PHL-S-003:transmission_segment:way:1177856397:substation_to_transmission", "sourceNodeId": "PHL-S-003:substation:way:460504926", "targetNodeId": "PHL-S-003:transmission_segment:way:1177856397", "edgeType": "substation_to_transmission", "distanceKm": 0.005, "rank": null, "withinThreshold": true, "metadataScore": 0.633, "voltageCompatible": "True", "projectId": "PHL-S-003", "countryCode": "PHL" }, "geometry": { "type": "LineString", "coordinates": [ [ 120.560135273346958, 18.0777241 ], [ 120.5620661, 18.0787441 ] ] } },
{ "type": "Feature", "properties": { "edgeId": "PHL-S-004:site->PHL-S-004:road_segment:way:124696365:site_to_road", "sourceNodeId": "PHL-S-004:site", "targetNodeId": "PHL-S-004:road_segment:way:124696365", "edgeType": "site_to_road", "distanceKm": 4.205, "rank": 1.0, "withinThreshold": true, "metadataScore": null, "voltageCompatible": null, "projectId": "PHL-S-004", "countryCode": "PHL" }, "geometry": { "type": "LineString", "coordinates": [ [ 120.23, 15.89 ], [ 120.1786213, 15.9434326 ] ] } },
{ "type": "Feature", "properties": { "edgeId": "PHL-S-004:site->PHL-S-004:settlement:node:7721572456:site_to_settlement", "sourceNodeId": "PHL-S-004:site", "targetNodeId": "PHL-S-004:settlement:node:7721572456", "edgeType": "site_to_settlement", "distanceKm": 4.019, "rank": 1.0, "withinThreshold": true, "metadataScore": null, "voltageCompatible": null, "projectId": "PHL-S-004", "countryCode": "PHL" }, "geometry": { "type": "LineString", "coordinates": [ [ 120.23, 15.89 ], [ 120.1672205, 15.9243431 ] ] } },
{ "type": "Feature", "properties": { "edgeId": "PHL-S-004:site->PHL-S-004:substation:way:1330857196:site_to_substation", "sourceNodeId": "PHL-S-004:site", "targetNodeId": "PHL-S-004:substation:way:1330857196", "edgeType": "site_to_substation", "distanceKm": 0.072, "rank": 1.0, "withinThreshold": true, "metadataScore": 0.37, "voltageCompatible": null, "projectId": "PHL-S-004", "countryCode": "PHL" }, "geometry": { "type": "LineString", "coordinates": [ [ 120.23, 15.89 ], [ 120.133979009316619, 15.93994425 ] ] } },
{ "type": "Feature", "properties": { "edgeId": "PHL-S-004:site->PHL-S-004:substation:way:157339625:site_to_substation", "sourceNodeId": "PHL-S-004:site", "targetNodeId": "PHL-S-004:substation:way:157339625", "edgeType": "site_to_substation", "distanceKm": 4.974, "rank": 2.0, "withinThreshold": true, "metadataScore": 0.94, "voltageCompatible": null, "projectId": "PHL-S-004", "countryCode": "PHL" }, "geometry": { "type": "LineString", "coordinates": [ [ 120.23, 15.89 ], [ 120.161845005260503, 15.9779206 ] ] } },
{ "type": "Feature", "properties": { "edgeId": "PHL-S-004:site->PHL-S-004:substation:way:1083847248:site_to_substation", "sourceNodeId": "PHL-S-004:site", "targetNodeId": "PHL-S-004:substation:way:1083847248", "edgeType": "site_to_substation", "distanceKm": 9.348, "rank": 3.0, "withinThreshold": true, "metadataScore": 0.22, "voltageCompatible": null, "projectId": "PHL-S-004", "countryCode": "PHL" }, "geometry": { "type": "LineString", "coordinates": [ [ 120.23, 15.89 ], [ 120.213486963778479, 15.9705726 ] ] } },
{ "type": "Feature", "properties": { "edgeId": "PHL-S-004:site->PHL-S-004:transmission_segment:way:1289893167:site_to_transmission", "sourceNodeId": "PHL-S-004:site", "targetNodeId": "PHL-S-004:transmission_segment:way:1289893167", "edgeType": "site_to_transmission", "distanceKm": 0.061, "rank": 1.0, "withinThreshold": true, "metadataScore": 0.86, "voltageCompatible": null, "projectId": "PHL-S-004", "countryCode": "PHL" }, "geometry": { "type": "LineString", "coordinates": [ [ 120.23, 15.89 ], [ 120.1431477, 15.9595404 ] ] } },
{ "type": "Feature", "properties": { "edgeId": "PHL-S-004:site->PHL-S-004:transmission_segment:way:1329553927:site_to_transmission", "sourceNodeId": "PHL-S-004:site", "targetNodeId": "PHL-S-004:transmission_segment:way:1329553927", "edgeType": "site_to_transmission", "distanceKm": 0.128, "rank": 2.0, "withinThreshold": true, "metadataScore": 0.839, "voltageCompatible": null, "projectId": "PHL-S-004", "countryCode": "PHL" }, "geometry": { "type": "LineString", "coordinates": [ [ 120.23, 15.89 ], [ 120.1460079, 15.8827842 ] ] } },
{ "type": "Feature", "properties": { "edgeId": "PHL-S-004:site->PHL-S-004:transmission_segment:way:247291928:site_to_transmission", "sourceNodeId": "PHL-S-004:site", "targetNodeId": "PHL-S-004:transmission_segment:way:247291928", "edgeType": "site_to_transmission", "distanceKm": 4.659, "rank": 3.0, "withinThreshold": true, "metadataScore": 0.8, "voltageCompatible": null, "projectId": "PHL-S-004", "countryCode": "PHL" }, "geometry": { "type": "LineString", "coordinates": [ [ 120.23, 15.89 ], [ 120.4061006, 15.9301647 ] ] } },
{ "type": "Feature", "properties": { "edgeId": "PHL-S-004:substation:way:1330857196->PHL-S-004:transmission_segment:way:1289893167:substation_to_transmission", "sourceNodeId": "PHL-S-004:substation:way:1330857196", "targetNodeId": "PHL-S-004:transmission_segment:way:1289893167", "edgeType": "substation_to_transmission", "distanceKm": 0.0, "rank": null, "withinThreshold": true, "metadataScore": 0.525, "voltageCompatible": "True", "projectId": "PHL-S-004", "countryCode": "PHL" }, "geometry": { "type": "LineString", "coordinates": [ [ 120.133979009316619, 15.93994425 ], [ 120.1431477, 15.9595404 ] ] } },
{ "type": "Feature", "properties": { "edgeId": "PHL-S-004:substation:way:1330857196->PHL-S-004:transmission_segment:way:1329553927:substation_to_transmission", "sourceNodeId": "PHL-S-004:substation:way:1330857196", "targetNodeId": "PHL-S-004:transmission_segment:way:1329553927", "edgeType": "substation_to_transmission", "distanceKm": 0.0, "rank": null, "withinThreshold": true, "metadataScore": 0.515, "voltageCompatible": "True", "projectId": "PHL-S-004", "countryCode": "PHL" }, "geometry": { "type": "LineString", "coordinates": [ [ 120.133979009316619, 15.93994425 ], [ 120.1460079, 15.8827842 ] ] } },
{ "type": "Feature", "properties": { "edgeId": "PHL-S-004:substation:way:157339625->PHL-S-004:transmission_segment:way:1289893167:substation_to_transmission", "sourceNodeId": "PHL-S-004:substation:way:157339625", "targetNodeId": "PHL-S-004:transmission_segment:way:1289893167", "edgeType": "substation_to_transmission", "distanceKm": 0.058, "rank": null, "withinThreshold": true, "metadataScore": 0.815, "voltageCompatible": "True", "projectId": "PHL-S-004", "countryCode": "PHL" }, "geometry": { "type": "LineString", "coordinates": [ [ 120.161845005260503, 15.9779206 ], [ 120.1431477, 15.9595404 ] ] } },
{ "type": "Feature", "properties": { "edgeId": "PHL-S-004:substation:way:157339625->PHL-S-004:transmission_segment:way:247291928:substation_to_transmission", "sourceNodeId": "PHL-S-004:substation:way:157339625", "targetNodeId": "PHL-S-004:transmission_segment:way:247291928", "edgeType": "substation_to_transmission", "distanceKm": 0.022, "rank": null, "withinThreshold": true, "metadataScore": 0.92, "voltageCompatible": "True", "projectId": "PHL-S-004", "countryCode": "PHL" }, "geometry": { "type": "LineString", "coordinates": [ [ 120.161845005260503, 15.9779206 ], [ 120.4061006, 15.9301647 ] ] } },
{ "type": "Feature", "properties": { "edgeId": "PHL-S-004:substation:way:157339625->PHL-S-004:transmission_segment:way:157339502:substation_to_transmission", "sourceNodeId": "PHL-S-004:substation:way:157339625", "targetNodeId": "PHL-S-004:transmission_segment:way:157339502", "edgeType": "substation_to_transmission", "distanceKm": 0.053, "rank": null, "withinThreshold": true, "metadataScore": 0.815, "voltageCompatible": "True", "projectId": "PHL-S-004", "countryCode": "PHL" }, "geometry": { "type": "LineString", "coordinates": [ [ 120.161845005260503, 15.9779206 ], [ 120.2865562, 15.8713603 ] ] } },
{ "type": "Feature", "properties": { "edgeId": "PHL-S-004:substation:way:157339625->PHL-S-004:transmission_segment:way:1147688179:substation_to_transmission", "sourceNodeId": "PHL-S-004:substation:way:157339625", "targetNodeId": "PHL-S-004:transmission_segment:way:1147688179", "edgeType": "substation_to_transmission", "distanceKm": 0.0, "rank": null, "withinThreshold": true, "metadataScore": 0.853, "voltageCompatible": "True", "projectId": "PHL-S-004", "countryCode": "PHL" }, "geometry": { "type": "LineString", "coordinates": [ [ 120.161845005260503, 15.9779206 ], [ 120.1627197, 15.9762374 ] ] } },
{ "type": "Feature", "properties": { "edgeId": "PHL-S-004:substation:way:157339625->PHL-S-004:transmission_segment:way:1147688180:substation_to_transmission", "sourceNodeId": "PHL-S-004:substation:way:157339625", "targetNodeId": "PHL-S-004:transmission_segment:way:1147688180", "edgeType": "substation_to_transmission", "distanceKm": 0.0, "rank": null, "withinThreshold": true, "metadataScore": 0.853, "voltageCompatible": "True", "projectId": "PHL-S-004", "countryCode": "PHL" }, "geometry": { "type": "LineString", "coordinates": [ [ 120.161845005260503, 15.9779206 ], [ 120.1630175, 15.9763947 ] ] } },
{ "type": "Feature", "properties": { "edgeId": "PHL-S-004:substation:way:157339625->PHL-S-004:transmission_segment:way:247291935:substation_to_transmission", "sourceNodeId": "PHL-S-004:substation:way:157339625", "targetNodeId": "PHL-S-004:transmission_segment:way:247291935", "edgeType": "substation_to_transmission", "distanceKm": 0.0, "rank": null, "withinThreshold": true, "metadataScore": 0.864, "voltageCompatible": "True", "projectId": "PHL-S-004", "countryCode": "PHL" }, "geometry": { "type": "LineString", "coordinates": [ [ 120.161845005260503, 15.9779206 ], [ 120.1622602, 15.9768537 ] ] } },
{ "type": "Feature", "properties": { "edgeId": "PHL-S-004:substation:way:157339625->PHL-S-004:transmission_segment:way:247294054:substation_to_transmission", "sourceNodeId": "PHL-S-004:substation:way:157339625", "targetNodeId": "PHL-S-004:transmission_segment:way:247294054", "edgeType": "substation_to_transmission", "distanceKm": 0.0, "rank": null, "withinThreshold": true, "metadataScore": 0.864, "voltageCompatible": "True", "projectId": "PHL-S-004", "countryCode": "PHL" }, "geometry": { "type": "LineString", "coordinates": [ [ 120.161845005260503, 15.9779206 ], [ 120.1621611, 15.9775371 ] ] } },
{ "type": "Feature", "properties": { "edgeId": "PHL-S-004:substation:way:157339625->PHL-S-004:transmission_segment:way:157355356:substation_to_transmission", "sourceNodeId": "PHL-S-004:substation:way:157339625", "targetNodeId": "PHL-S-004:transmission_segment:way:157355356", "edgeType": "substation_to_transmission", "distanceKm": 0.0, "rank": null, "withinThreshold": true, "metadataScore": 0.864, "voltageCompatible": "True", "projectId": "PHL-S-004", "countryCode": "PHL" }, "geometry": { "type": "LineString", "coordinates": [ [ 120.161845005260503, 15.9779206 ], [ 120.1632132, 15.9766802 ] ] } },
{ "type": "Feature", "properties": { "edgeId": "PHL-S-004:substation:way:157339625->PHL-S-004:transmission_segment:way:247291934:substation_to_transmission", "sourceNodeId": "PHL-S-004:substation:way:157339625", "targetNodeId": "PHL-S-004:transmission_segment:way:247291934", "edgeType": "substation_to_transmission", "distanceKm": 0.0, "rank": null, "withinThreshold": true, "metadataScore": 0.864, "voltageCompatible": "True", "projectId": "PHL-S-004", "countryCode": "PHL" }, "geometry": { "type": "LineString", "coordinates": [ [ 120.161845005260503, 15.9779206 ], [ 120.163468, 15.9768942 ] ] } },
{ "type": "Feature", "properties": { "edgeId": "PHL-S-004:substation:way:1329797725->PHL-S-004:transmission_segment:way:1329553927:substation_to_transmission", "sourceNodeId": "PHL-S-004:substation:way:1329797725", "targetNodeId": "PHL-S-004:transmission_segment:way:1329553927", "edgeType": "substation_to_transmission", "distanceKm": 0.0, "rank": null, "withinThreshold": true, "metadataScore": 0.725, "voltageCompatible": "True", "projectId": "PHL-S-004", "countryCode": "PHL" }, "geometry": { "type": "LineString", "coordinates": [ [ 120.187505212315585, 15.8451695 ], [ 120.1460079, 15.8827842 ] ] } },
{ "type": "Feature", "properties": { "edgeId": "PHL-S-004:substation:way:1329797725->PHL-S-004:transmission_segment:way:1329797740:substation_to_transmission", "sourceNodeId": "PHL-S-004:substation:way:1329797725", "targetNodeId": "PHL-S-004:transmission_segment:way:1329797740", "edgeType": "substation_to_transmission", "distanceKm": 0.0, "rank": null, "withinThreshold": true, "metadataScore": 0.49, "voltageCompatible": "True", "projectId": "PHL-S-004", "countryCode": "PHL" }, "geometry": { "type": "LineString", "coordinates": [ [ 120.187505212315585, 15.8451695 ], [ 120.1876197, 15.845606 ] ] } },
{ "type": "Feature", "properties": { "edgeId": "PHL-S-004:substation:way:1329797725->PHL-S-004:transmission_segment:way:1329797741:substation_to_transmission", "sourceNodeId": "PHL-S-004:substation:way:1329797725", "targetNodeId": "PHL-S-004:transmission_segment:way:1329797741", "edgeType": "substation_to_transmission", "distanceKm": 0.0, "rank": null, "withinThreshold": true, "metadataScore": 0.49, "voltageCompatible": "True", "projectId": "PHL-S-004", "countryCode": "PHL" }, "geometry": { "type": "LineString", "coordinates": [ [ 120.187505212315585, 15.8451695 ], [ 120.1870225, 15.8451278 ] ] } },
{ "type": "Feature", "properties": { "edgeId": "PHL-S-004:substation:way:1329797725->PHL-S-004:transmission_segment:way:1329797742:substation_to_transmission", "sourceNodeId": "PHL-S-004:substation:way:1329797725", "targetNodeId": "PHL-S-004:transmission_segment:way:1329797742", "edgeType": "substation_to_transmission", "distanceKm": 0.0, "rank": null, "withinThreshold": true, "metadataScore": 0.49, "voltageCompatible": "True", "projectId": "PHL-S-004", "countryCode": "PHL" }, "geometry": { "type": "LineString", "coordinates": [ [ 120.187505212315585, 15.8451695 ], [ 120.1872917, 15.8453469 ] ] } },
{ "type": "Feature", "properties": { "edgeId": "PHL-S-004:substation:way:1329797725->PHL-S-004:transmission_segment:way:1329797739:substation_to_transmission", "sourceNodeId": "PHL-S-004:substation:way:1329797725", "targetNodeId": "PHL-S-004:transmission_segment:way:1329797739", "edgeType": "substation_to_transmission", "distanceKm": 0.0, "rank": null, "withinThreshold": true, "metadataScore": 0.49, "voltageCompatible": "True", "projectId": "PHL-S-004", "countryCode": "PHL" }, "geometry": { "type": "LineString", "coordinates": [ [ 120.187505212315585, 15.8451695 ], [ 120.187534, 15.8452959 ] ] } },
{ "type": "Feature", "properties": { "edgeId": "PHL-S-004:substation:way:1329797725->PHL-S-004:transmission_segment:way:1329797743:substation_to_transmission", "sourceNodeId": "PHL-S-004:substation:way:1329797725", "targetNodeId": "PHL-S-004:transmission_segment:way:1329797743", "edgeType": "substation_to_transmission", "distanceKm": 0.0, "rank": null, "withinThreshold": true, "metadataScore": 0.49, "voltageCompatible": "True", "projectId": "PHL-S-004", "countryCode": "PHL" }, "geometry": { "type": "LineString", "coordinates": [ [ 120.187505212315585, 15.8451695 ], [ 120.187534, 15.8452959 ] ] } },
{ "type": "Feature", "properties": { "edgeId": "PHL-S-004:substation:way:1329797725->PHL-S-004:transmission_segment:way:1329797738:substation_to_transmission", "sourceNodeId": "PHL-S-004:substation:way:1329797725", "targetNodeId": "PHL-S-004:transmission_segment:way:1329797738", "edgeType": "substation_to_transmission", "distanceKm": 0.0, "rank": null, "withinThreshold": true, "metadataScore": 0.49, "voltageCompatible": "True", "projectId": "PHL-S-004", "countryCode": "PHL" }, "geometry": { "type": "LineString", "coordinates": [ [ 120.187505212315585, 15.8451695 ], [ 120.1874666, 15.8450199 ] ] } },
{ "type": "Feature", "properties": { "edgeId": "PHL-S-004:substation:way:1329797725->PHL-S-004:transmission_segment:way:1329797744:substation_to_transmission", "sourceNodeId": "PHL-S-004:substation:way:1329797725", "targetNodeId": "PHL-S-004:transmission_segment:way:1329797744", "edgeType": "substation_to_transmission", "distanceKm": 0.0, "rank": null, "withinThreshold": true, "metadataScore": 0.49, "voltageCompatible": "True", "projectId": "PHL-S-004", "countryCode": "PHL" }, "geometry": { "type": "LineString", "coordinates": [ [ 120.187505212315585, 15.8451695 ], [ 120.1877585, 15.8452326 ] ] } },
{ "type": "Feature", "properties": { "edgeId": "PHL-S-004:substation:way:1329797725->PHL-S-004:transmission_segment:way:1329797746:substation_to_transmission", "sourceNodeId": "PHL-S-004:substation:way:1329797725", "targetNodeId": "PHL-S-004:transmission_segment:way:1329797746", "edgeType": "substation_to_transmission", "distanceKm": 0.0, "rank": null, "withinThreshold": true, "metadataScore": 0.49, "voltageCompatible": "True", "projectId": "PHL-S-004", "countryCode": "PHL" }, "geometry": { "type": "LineString", "coordinates": [ [ 120.187505212315585, 15.8451695 ], [ 120.1874223, 15.8447423 ] ] } },
{ "type": "Feature", "properties": { "edgeId": "PHL-S-004:substation:way:1329797725->PHL-S-004:transmission_segment:way:1329553928:substation_to_transmission", "sourceNodeId": "PHL-S-004:substation:way:1329797725", "targetNodeId": "PHL-S-004:transmission_segment:way:1329553928", "edgeType": "substation_to_transmission", "distanceKm": 0.0, "rank": null, "withinThreshold": true, "metadataScore": 0.707, "voltageCompatible": "True", "projectId": "PHL-S-004", "countryCode": "PHL" }, "geometry": { "type": "LineString", "coordinates": [ [ 120.187505212315585, 15.8451695 ], [ 120.1874223, 15.8447423 ] ] } },
{ "type": "Feature", "properties": { "edgeId": "PHL-S-004:substation:way:1329797725->PHL-S-004:transmission_segment:way:1329555793:substation_to_transmission", "sourceNodeId": "PHL-S-004:substation:way:1329797725", "targetNodeId": "PHL-S-004:transmission_segment:way:1329555793", "edgeType": "substation_to_transmission", "distanceKm": 0.002, "rank": null, "withinThreshold": true, "metadataScore": 0.725, "voltageCompatible": "True", "projectId": "PHL-S-004", "countryCode": "PHL" }, "geometry": { "type": "LineString", "coordinates": [ [ 120.187505212315585, 15.8451695 ], [ 120.2008454, 15.8414927 ] ] } },
{ "type": "Feature", "properties": { "edgeId": "PHL-S-004:substation:way:1329797725->PHL-S-004:transmission_segment:way:1347342198:substation_to_transmission", "sourceNodeId": "PHL-S-004:substation:way:1329797725", "targetNodeId": "PHL-S-004:transmission_segment:way:1347342198", "edgeType": "substation_to_transmission", "distanceKm": 0.0, "rank": null, "withinThreshold": true, "metadataScore": 0.707, "voltageCompatible": "True", "projectId": "PHL-S-004", "countryCode": "PHL" }, "geometry": { "type": "LineString", "coordinates": [ [ 120.187505212315585, 15.8451695 ], [ 120.1876827, 15.8446789 ] ] } },
{ "type": "Feature", "properties": { "edgeId": "PHL-S-004:substation:way:1329797725->PHL-S-004:transmission_segment:way:1329797745:substation_to_transmission", "sourceNodeId": "PHL-S-004:substation:way:1329797725", "targetNodeId": "PHL-S-004:transmission_segment:way:1329797745", "edgeType": "substation_to_transmission", "distanceKm": 0.0, "rank": null, "withinThreshold": true, "metadataScore": 0.49, "voltageCompatible": "True", "projectId": "PHL-S-004", "countryCode": "PHL" }, "geometry": { "type": "LineString", "coordinates": [ [ 120.187505212315585, 15.8451695 ], [ 120.1876827, 15.8446789 ] ] } },
{ "type": "Feature", "properties": { "edgeId": "PHL-S-004:substation:way:1329797732->PHL-S-004:transmission_segment:way:1329555793:substation_to_transmission", "sourceNodeId": "PHL-S-004:substation:way:1329797732", "targetNodeId": "PHL-S-004:transmission_segment:way:1329555793", "edgeType": "substation_to_transmission", "distanceKm": 0.024, "rank": null, "withinThreshold": true, "metadataScore": 0.715, "voltageCompatible": "True", "projectId": "PHL-S-004", "countryCode": "PHL" }, "geometry": { "type": "LineString", "coordinates": [ [ 120.212814508206236, 15.8421411 ], [ 120.2008454, 15.8414927 ] ] } },
{ "type": "Feature", "properties": { "edgeId": "PHL-S-004:substation:way:1329797732->PHL-S-004:transmission_segment:way:1329797733:substation_to_transmission", "sourceNodeId": "PHL-S-004:substation:way:1329797732", "targetNodeId": "PHL-S-004:transmission_segment:way:1329797733", "edgeType": "substation_to_transmission", "distanceKm": 0.0, "rank": null, "withinThreshold": true, "metadataScore": 0.49, "voltageCompatible": "True", "projectId": "PHL-S-004", "countryCode": "PHL" }, "geometry": { "type": "LineString", "coordinates": [ [ 120.212814508206236, 15.8421411 ], [ 120.2125921, 15.8417463 ] ] } },
{ "type": "Feature", "properties": { "edgeId": "PHL-S-004:substation:way:1329797732->PHL-S-004:transmission_segment:way:1329797735:substation_to_transmission", "sourceNodeId": "PHL-S-004:substation:way:1329797732", "targetNodeId": "PHL-S-004:transmission_segment:way:1329797735", "edgeType": "substation_to_transmission", "distanceKm": 0.0, "rank": null, "withinThreshold": true, "metadataScore": 0.49, "voltageCompatible": "True", "projectId": "PHL-S-004", "countryCode": "PHL" }, "geometry": { "type": "LineString", "coordinates": [ [ 120.212814508206236, 15.8421411 ], [ 120.2130391, 15.8421319 ] ] } },
{ "type": "Feature", "properties": { "edgeId": "PHL-S-004:substation:way:1329797732->PHL-S-004:transmission_segment:way:1329797734:substation_to_transmission", "sourceNodeId": "PHL-S-004:substation:way:1329797732", "targetNodeId": "PHL-S-004:transmission_segment:way:1329797734", "edgeType": "substation_to_transmission", "distanceKm": 0.0, "rank": null, "withinThreshold": true, "metadataScore": 0.49, "voltageCompatible": "True", "projectId": "PHL-S-004", "countryCode": "PHL" }, "geometry": { "type": "LineString", "coordinates": [ [ 120.212814508206236, 15.8421411 ], [ 120.2128072, 15.8419284 ] ] } },
{ "type": "Feature", "properties": { "edgeId": "PHL-S-004:substation:way:1329797732->PHL-S-004:transmission_segment:way:1329797736:substation_to_transmission", "sourceNodeId": "PHL-S-004:substation:way:1329797732", "targetNodeId": "PHL-S-004:transmission_segment:way:1329797736", "edgeType": "substation_to_transmission", "distanceKm": 0.0, "rank": null, "withinThreshold": true, "metadataScore": 0.49, "voltageCompatible": "True", "projectId": "PHL-S-004", "countryCode": "PHL" }, "geometry": { "type": "LineString", "coordinates": [ [ 120.212814508206236, 15.8421411 ], [ 120.2126714, 15.8420713 ] ] } },
{ "type": "Feature", "properties": { "edgeId": "PHL-S-004:substation:way:1329797732->PHL-S-004:transmission_segment:way:1329555794:substation_to_transmission", "sourceNodeId": "PHL-S-004:substation:way:1329797732", "targetNodeId": "PHL-S-004:transmission_segment:way:1329555794", "edgeType": "substation_to_transmission", "distanceKm": 0.0, "rank": null, "withinThreshold": true, "metadataScore": 0.707, "voltageCompatible": "True", "projectId": "PHL-S-004", "countryCode": "PHL" }, "geometry": { "type": "LineString", "coordinates": [ [ 120.212814508206236, 15.8421411 ], [ 120.212466, 15.8418876 ] ] } },
{ "type": "Feature", "properties": { "edgeId": "PHL-S-004:substation:way:1329797732->PHL-S-004:transmission_segment:way:1329797737:substation_to_transmission", "sourceNodeId": "PHL-S-004:substation:way:1329797732", "targetNodeId": "PHL-S-004:transmission_segment:way:1329797737", "edgeType": "substation_to_transmission", "distanceKm": 0.0, "rank": null, "withinThreshold": true, "metadataScore": 0.49, "voltageCompatible": "True", "projectId": "PHL-S-004", "countryCode": "PHL" }, "geometry": { "type": "LineString", "coordinates": [ [ 120.212814508206236, 15.8421411 ], [ 120.2128072, 15.8419284 ] ] } },
{ "type": "Feature", "properties": { "edgeId": "PHL-S-004:substation:way:1329797732->PHL-S-004:transmission_segment:way:1347342197:substation_to_transmission", "sourceNodeId": "PHL-S-004:substation:way:1329797732", "targetNodeId": "PHL-S-004:transmission_segment:way:1347342197", "edgeType": "substation_to_transmission", "distanceKm": 0.0, "rank": null, "withinThreshold": true, "metadataScore": 0.707, "voltageCompatible": "True", "projectId": "PHL-S-004", "countryCode": "PHL" }, "geometry": { "type": "LineString", "coordinates": [ [ 120.212814508206236, 15.8421411 ], [ 120.2123397, 15.8414902 ] ] } },
{ "type": "Feature", "properties": { "edgeId": "PHL-S-005:site->PHL-S-005:road_segment:way:163214143:site_to_road", "sourceNodeId": "PHL-S-005:site", "targetNodeId": "PHL-S-005:road_segment:way:163214143", "edgeType": "site_to_road", "distanceKm": 1.087, "rank": 1.0, "withinThreshold": true, "metadataScore": null, "voltageCompatible": null, "projectId": "PHL-S-005", "countryCode": "PHL" }, "geometry": { "type": "LineString", "coordinates": [ [ 123.477, 10.598 ], [ 123.4523213, 10.5417952 ] ] } },
{ "type": "Feature", "properties": { "edgeId": "PHL-S-005:site->PHL-S-005:settlement:node:3157309749:site_to_settlement", "sourceNodeId": "PHL-S-005:site", "targetNodeId": "PHL-S-005:settlement:node:3157309749", "edgeType": "site_to_settlement", "distanceKm": 0.099, "rank": 1.0, "withinThreshold": true, "metadataScore": null, "voltageCompatible": null, "projectId": "PHL-S-005", "countryCode": "PHL" }, "geometry": { "type": "LineString", "coordinates": [ [ 123.477, 10.598 ], [ 123.4296081, 10.5194983 ] ] } },
{ "type": "Feature", "properties": { "edgeId": "PHL-S-005:site->PHL-S-005:substation:node:410401292:site_to_substation", "sourceNodeId": "PHL-S-005:site", "targetNodeId": "PHL-S-005:substation:node:410401292", "edgeType": "site_to_substation", "distanceKm": 0.482, "rank": 1.0, "withinThreshold": true, "metadataScore": 0.405, "voltageCompatible": null, "projectId": "PHL-S-005", "countryCode": "PHL" }, "geometry": { "type": "LineString", "coordinates": [ [ 123.477, 10.598 ], [ 123.4323806, 10.5162149 ] ] } },
{ "type": "Feature", "properties": { "edgeId": "PHL-S-005:site->PHL-S-005:substation:way:1362017481:site_to_substation", "sourceNodeId": "PHL-S-005:site", "targetNodeId": "PHL-S-005:substation:way:1362017481", "edgeType": "site_to_substation", "distanceKm": 0.565, "rank": 2.0, "withinThreshold": true, "metadataScore": 1.0, "voltageCompatible": null, "projectId": "PHL-S-005", "countryCode": "PHL" }, "geometry": { "type": "LineString", "coordinates": [ [ 123.477, 10.598 ], [ 123.433057030650247, 10.51522705 ] ] } },
{ "type": "Feature", "properties": { "edgeId": "PHL-S-005:site->PHL-S-005:substation:way:1332408417:site_to_substation", "sourceNodeId": "PHL-S-005:site", "targetNodeId": "PHL-S-005:substation:way:1332408417", "edgeType": "site_to_substation", "distanceKm": 4.971, "rank": 3.0, "withinThreshold": true, "metadataScore": 0.94, "voltageCompatible": null, "projectId": "PHL-S-005", "countryCode": "PHL" }, "geometry": { "type": "LineString", "coordinates": [ [ 123.477, 10.598 ], [ 123.461076210381947, 10.5516381 ] ] } },
{ "type": "Feature", "properties": { "edgeId": "PHL-S-005:site->PHL-S-005:transmission_segment:way:1332485657:site_to_transmission", "sourceNodeId": "PHL-S-005:site", "targetNodeId": "PHL-S-005:transmission_segment:way:1332485657", "edgeType": "site_to_transmission", "distanceKm": 0.462, "rank": 1.0, "withinThreshold": true, "metadataScore": 0.811, "voltageCompatible": null, "projectId": "PHL-S-005", "countryCode": "PHL" }, "geometry": { "type": "LineString", "coordinates": [ [ 123.477, 10.598 ], [ 123.4429948, 10.5348651 ] ] } },
{ "type": "Feature", "properties": { "edgeId": "PHL-S-005:site->PHL-S-005:transmission_segment:way:611680191:site_to_transmission", "sourceNodeId": "PHL-S-005:site", "targetNodeId": "PHL-S-005:transmission_segment:way:611680191", "edgeType": "site_to_transmission", "distanceKm": 0.463, "rank": 2.0, "withinThreshold": true, "metadataScore": 0.615, "voltageCompatible": null, "projectId": "PHL-S-005", "countryCode": "PHL" }, "geometry": { "type": "LineString", "coordinates": [ [ 123.477, 10.598 ], [ 123.4551555, 10.5467389 ] ] } },
{ "type": "Feature", "properties": { "edgeId": "PHL-S-005:site->PHL-S-005:transmission_segment:way:1332488125:site_to_transmission", "sourceNodeId": "PHL-S-005:site", "targetNodeId": "PHL-S-005:transmission_segment:way:1332488125", "edgeType": "site_to_transmission", "distanceKm": 5.01, "rank": 3.0, "withinThreshold": true, "metadataScore": 0.465, "voltageCompatible": null, "projectId": "PHL-S-005", "countryCode": "PHL" }, "geometry": { "type": "LineString", "coordinates": [ [ 123.477, 10.598 ], [ 123.4585467, 10.5522342 ] ] } },
{ "type": "Feature", "properties": { "edgeId": "PHL-S-005:substation:node:410401292->PHL-S-005:transmission_segment:way:1332485657:substation_to_transmission", "sourceNodeId": "PHL-S-005:substation:node:410401292", "targetNodeId": "PHL-S-005:transmission_segment:way:1332485657", "edgeType": "substation_to_transmission", "distanceKm": 0.051, "rank": null, "withinThreshold": true, "metadataScore": 0.493, "voltageCompatible": "True", "projectId": "PHL-S-005", "countryCode": "PHL" }, "geometry": { "type": "LineString", "coordinates": [ [ 123.4323806, 10.5162149 ], [ 123.4429948, 10.5348651 ] ] } },
{ "type": "Feature", "properties": { "edgeId": "PHL-S-005:substation:node:410401292->PHL-S-005:transmission_segment:way:611680191:substation_to_transmission", "sourceNodeId": "PHL-S-005:substation:node:410401292", "targetNodeId": "PHL-S-005:transmission_segment:way:611680191", "edgeType": "substation_to_transmission", "distanceKm": 0.028, "rank": null, "withinThreshold": true, "metadataScore": 0.41, "voltageCompatible": "True", "projectId": "PHL-S-005", "countryCode": "PHL" }, "geometry": { "type": "LineString", "coordinates": [ [ 123.4323806, 10.5162149 ], [ 123.4551555, 10.5467389 ] ] } },
{ "type": "Feature", "properties": { "edgeId": "PHL-S-005:substation:way:1362017481->PHL-S-005:transmission_segment:way:1332485657:substation_to_transmission", "sourceNodeId": "PHL-S-005:substation:way:1362017481", "targetNodeId": "PHL-S-005:transmission_segment:way:1332485657", "edgeType": "substation_to_transmission", "distanceKm": 0.0, "rank": null, "withinThreshold": true, "metadataScore": 0.905, "voltageCompatible": "True", "projectId": "PHL-S-005", "countryCode": "PHL" }, "geometry": { "type": "LineString", "coordinates": [ [ 123.433057030650247, 10.51522705 ], [ 123.4429948, 10.5348651 ] ] } },
{ "type": "Feature", "properties": { "edgeId": "PHL-S-005:substation:way:1362017481->PHL-S-005:transmission_segment:way:611680191:substation_to_transmission", "sourceNodeId": "PHL-S-005:substation:way:1362017481", "targetNodeId": "PHL-S-005:transmission_segment:way:611680191", "edgeType": "substation_to_transmission", "distanceKm": 0.119, "rank": null, "withinThreshold": true, "metadataScore": 0.673, "voltageCompatible": "True", "projectId": "PHL-S-005", "countryCode": "PHL" }, "geometry": { "type": "LineString", "coordinates": [ [ 123.433057030650247, 10.51522705 ], [ 123.4551555, 10.5467389 ] ] } },
{ "type": "Feature", "properties": { "edgeId": "PHL-S-005:substation:way:1332408417->PHL-S-005:transmission_segment:way:1332485657:substation_to_transmission", "sourceNodeId": "PHL-S-005:substation:way:1332408417", "targetNodeId": "PHL-S-005:transmission_segment:way:1332485657", "edgeType": "substation_to_transmission", "distanceKm": 0.0, "rank": null, "withinThreshold": true, "metadataScore": 0.816, "voltageCompatible": "True", "projectId": "PHL-S-005", "countryCode": "PHL" }, "geometry": { "type": "LineString", "coordinates": [ [ 123.461076210381947, 10.5516381 ], [ 123.4429948, 10.5348651 ] ] } },
{ "type": "Feature", "properties": { "edgeId": "PHL-S-005:substation:way:1332408417->PHL-S-005:transmission_segment:way:611680191:substation_to_transmission", "sourceNodeId": "PHL-S-005:substation:way:1332408417", "targetNodeId": "PHL-S-005:transmission_segment:way:611680191", "edgeType": "substation_to_transmission", "distanceKm": 0.046, "rank": null, "withinThreshold": true, "metadataScore": 0.648, "voltageCompatible": "False", "projectId": "PHL-S-005", "countryCode": "PHL" }, "geometry": { "type": "LineString", "coordinates": [ [ 123.461076210381947, 10.5516381 ], [ 123.4551555, 10.5467389 ] ] } },
{ "type": "Feature", "properties": { "edgeId": "PHL-S-005:substation:way:1332408417->PHL-S-005:transmission_segment:way:1332488125:substation_to_transmission", "sourceNodeId": "PHL-S-005:substation:way:1332408417", "targetNodeId": "PHL-S-005:transmission_segment:way:1332488125", "edgeType": "substation_to_transmission", "distanceKm": 0.0, "rank": null, "withinThreshold": true, "metadataScore": 0.658, "voltageCompatible": "False", "projectId": "PHL-S-005", "countryCode": "PHL" }, "geometry": { "type": "LineString", "coordinates": [ [ 123.461076210381947, 10.5516381 ], [ 123.4585467, 10.5522342 ] ] } },
{ "type": "Feature", "properties": { "edgeId": "PHL-S-005:substation:way:1332408417->PHL-S-005:transmission_segment:way:1332482406:substation_to_transmission", "sourceNodeId": "PHL-S-005:substation:way:1332408417", "targetNodeId": "PHL-S-005:transmission_segment:way:1332482406", "edgeType": "substation_to_transmission", "distanceKm": 0.0, "rank": null, "withinThreshold": true, "metadataScore": 0.93, "voltageCompatible": "True", "projectId": "PHL-S-005", "countryCode": "PHL" }, "geometry": { "type": "LineString", "coordinates": [ [ 123.461076210381947, 10.5516381 ], [ 123.4540749, 10.7504565 ] ] } },
{ "type": "Feature", "properties": { "edgeId": "PHL-S-005:substation:way:1332408417->PHL-S-005:transmission_segment:way:1332408416:substation_to_transmission", "sourceNodeId": "PHL-S-005:substation:way:1332408417", "targetNodeId": "PHL-S-005:transmission_segment:way:1332408416", "edgeType": "substation_to_transmission", "distanceKm": 0.0, "rank": null, "withinThreshold": true, "metadataScore": 0.93, "voltageCompatible": "True", "projectId": "PHL-S-005", "countryCode": "PHL" }, "geometry": { "type": "LineString", "coordinates": [ [ 123.461076210381947, 10.5516381 ], [ 123.4674984, 10.550175 ] ] } },
{ "type": "Feature", "properties": { "edgeId": "PHL-S-005:substation:way:1332372973->PHL-S-005:transmission_segment:way:1332408416:substation_to_transmission", "sourceNodeId": "PHL-S-005:substation:way:1332372973", "targetNodeId": "PHL-S-005:transmission_segment:way:1332408416", "edgeType": "substation_to_transmission", "distanceKm": 0.053, "rank": null, "withinThreshold": true, "metadataScore": 0.518, "voltageCompatible": "True", "projectId": "PHL-S-005", "countryCode": "PHL" }, "geometry": { "type": "LineString", "coordinates": [ [ 123.470667229170488, 10.55343905 ], [ 123.4674984, 10.550175 ] ] } },
{ "type": "Feature", "properties": { "edgeId": "PHL-S-005:substation:way:1332372973->PHL-S-005:transmission_segment:way:1332408415:substation_to_transmission", "sourceNodeId": "PHL-S-005:substation:way:1332372973", "targetNodeId": "PHL-S-005:transmission_segment:way:1332408415", "edgeType": "substation_to_transmission", "distanceKm": 0.0, "rank": null, "withinThreshold": true, "metadataScore": 0.543, "voltageCompatible": "True", "projectId": "PHL-S-005", "countryCode": "PHL" }, "geometry": { "type": "LineString", "coordinates": [ [ 123.470667229170488, 10.55343905 ], [ 123.4702607, 10.552978 ] ] } },
{ "type": "Feature", "properties": { "edgeId": "PHL-S-005:substation:way:1332372973->PHL-S-005:transmission_segment:way:1332407593:substation_to_transmission", "sourceNodeId": "PHL-S-005:substation:way:1332372973", "targetNodeId": "PHL-S-005:transmission_segment:way:1332407593", "edgeType": "substation_to_transmission", "distanceKm": 0.0, "rank": null, "withinThreshold": true, "metadataScore": 0.473, "voltageCompatible": "True", "projectId": "PHL-S-005", "countryCode": "PHL" }, "geometry": { "type": "LineString", "coordinates": [ [ 123.470667229170488, 10.55343905 ], [ 123.4708477, 10.5535116 ] ] } },
{ "type": "Feature", "properties": { "edgeId": "PHL-S-005:substation:way:1332372973->PHL-S-005:transmission_segment:way:1332407594:substation_to_transmission", "sourceNodeId": "PHL-S-005:substation:way:1332372973", "targetNodeId": "PHL-S-005:transmission_segment:way:1332407594", "edgeType": "substation_to_transmission", "distanceKm": 0.0, "rank": null, "withinThreshold": true, "metadataScore": 0.473, "voltageCompatible": "True", "projectId": "PHL-S-005", "countryCode": "PHL" }, "geometry": { "type": "LineString", "coordinates": [ [ 123.470667229170488, 10.55343905 ], [ 123.4708477, 10.5535116 ] ] } },
{ "type": "Feature", "properties": { "edgeId": "PHL-S-005:substation:way:1332372973->PHL-S-005:transmission_segment:way:1332387138:substation_to_transmission", "sourceNodeId": "PHL-S-005:substation:way:1332372973", "targetNodeId": "PHL-S-005:transmission_segment:way:1332387138", "edgeType": "substation_to_transmission", "distanceKm": 0.005, "rank": null, "withinThreshold": true, "metadataScore": 0.515, "voltageCompatible": "True", "projectId": "PHL-S-005", "countryCode": "PHL" }, "geometry": { "type": "LineString", "coordinates": [ [ 123.470667229170488, 10.55343905 ], [ 123.4752242, 10.5530723 ] ] } },
{ "type": "Feature", "properties": { "edgeId": "PHL-S-006:site->PHL-S-006:road_segment:way:154076549:site_to_road", "sourceNodeId": "PHL-S-006:site", "targetNodeId": "PHL-S-006:road_segment:way:154076549", "edgeType": "site_to_road", "distanceKm": 0.48, "rank": 1.0, "withinThreshold": true, "metadataScore": null, "voltageCompatible": null, "projectId": "PHL-S-006", "countryCode": "PHL" }, "geometry": { "type": "LineString", "coordinates": [ [ 120.551, 15.43 ], [ 120.5294629, 15.4194773 ] ] } },
{ "type": "Feature", "properties": { "edgeId": "PHL-S-006:site->PHL-S-006:settlement:node:9427242564:site_to_settlement", "sourceNodeId": "PHL-S-006:site", "targetNodeId": "PHL-S-006:settlement:node:9427242564", "edgeType": "site_to_settlement", "distanceKm": 3.663, "rank": 1.0, "withinThreshold": true, "metadataScore": null, "voltageCompatible": null, "projectId": "PHL-S-006", "countryCode": "PHL" }, "geometry": { "type": "LineString", "coordinates": [ [ 120.551, 15.43 ], [ 120.5617949, 15.4344077 ] ] } },
{ "type": "Feature", "properties": { "edgeId": "PHL-S-006:site->PHL-S-006:substation:way:992474021:site_to_substation", "sourceNodeId": "PHL-S-006:site", "targetNodeId": "PHL-S-006:substation:way:992474021", "edgeType": "site_to_substation", "distanceKm": 6.6, "rank": 1.0, "withinThreshold": true, "metadataScore": 0.59, "voltageCompatible": null, "projectId": "PHL-S-006", "countryCode": "PHL" }, "geometry": { "type": "LineString", "coordinates": [ [ 120.551, 15.43 ], [ 120.52374635009528, 15.3608808 ] ] } },
{ "type": "Feature", "properties": { "edgeId": "PHL-S-006:site->PHL-S-006:substation:way:1058549651:site_to_substation", "sourceNodeId": "PHL-S-006:site", "targetNodeId": "PHL-S-006:substation:way:1058549651", "edgeType": "site_to_substation", "distanceKm": 9.4, "rank": 2.0, "withinThreshold": true, "metadataScore": 0.22, "voltageCompatible": null, "projectId": "PHL-S-006", "countryCode": "PHL" }, "geometry": { "type": "LineString", "coordinates": [ [ 120.551, 15.43 ], [ 120.61521885, 15.44015465 ] ] } },
{ "type": "Feature", "properties": { "edgeId": "PHL-S-006:site->PHL-S-006:substation:way:102140324:site_to_substation", "sourceNodeId": "PHL-S-006:site", "targetNodeId": "PHL-S-006:substation:way:102140324", "edgeType": "site_to_substation", "distanceKm": 10.146, "rank": 3.0, "withinThreshold": true, "metadataScore": 0.85, "voltageCompatible": null, "projectId": "PHL-S-006", "countryCode": "PHL" }, "geometry": { "type": "LineString", "coordinates": [ [ 120.551, 15.43 ], [ 120.616849234280409, 15.37744785 ] ] } },
{ "type": "Feature", "properties": { "edgeId": "PHL-S-006:site->PHL-S-006:transmission_segment:way:1163880278:site_to_transmission", "sourceNodeId": "PHL-S-006:site", "targetNodeId": "PHL-S-006:transmission_segment:way:1163880278", "edgeType": "site_to_transmission", "distanceKm": 7.598, "rank": 1.0, "withinThreshold": true, "metadataScore": 0.465, "voltageCompatible": null, "projectId": "PHL-S-006", "countryCode": "PHL" }, "geometry": { "type": "LineString", "coordinates": [ [ 120.551, 15.43 ], [ 120.606958, 15.3910973 ] ] } },
{ "type": "Feature", "properties": { "edgeId": "PHL-S-006:site->PHL-S-006:transmission_segment:way:102129496:site_to_transmission", "sourceNodeId": "PHL-S-006:site", "targetNodeId": "PHL-S-006:transmission_segment:way:102129496", "edgeType": "site_to_transmission", "distanceKm": 9.141, "rank": 2.0, "withinThreshold": true, "metadataScore": 0.71, "voltageCompatible": null, "projectId": "PHL-S-006", "countryCode": "PHL" }, "geometry": { "type": "LineString", "coordinates": [ [ 120.551, 15.43 ], [ 120.5862086, 15.7267374 ] ] } },
{ "type": "Feature", "properties": { "edgeId": "PHL-S-006:site->PHL-S-006:transmission_segment:way:1168756142:site_to_transmission", "sourceNodeId": "PHL-S-006:site", "targetNodeId": "PHL-S-006:transmission_segment:way:1168756142", "edgeType": "site_to_transmission", "distanceKm": 9.273, "rank": 3.0, "withinThreshold": true, "metadataScore": 0.465, "voltageCompatible": null, "projectId": "PHL-S-006", "countryCode": "PHL" }, "geometry": { "type": "LineString", "coordinates": [ [ 120.551, 15.43 ], [ 120.6118467, 15.3799236 ] ] } },
{ "type": "Feature", "properties": { "edgeId": "PHL-S-006:substation:way:1058549651->PHL-S-006:transmission_segment:way:102129496:substation_to_transmission", "sourceNodeId": "PHL-S-006:substation:way:1058549651", "targetNodeId": "PHL-S-006:transmission_segment:way:102129496", "edgeType": "substation_to_transmission", "distanceKm": 0.004, "rank": null, "withinThreshold": true, "metadataScore": 0.525, "voltageCompatible": "True", "projectId": "PHL-S-006", "countryCode": "PHL" }, "geometry": { "type": "LineString", "coordinates": [ [ 120.61521885, 15.44015465 ], [ 120.5862086, 15.7267374 ] ] } },
{ "type": "Feature", "properties": { "edgeId": "PHL-S-006:substation:way:102140324->PHL-S-006:transmission_segment:way:1163880278:substation_to_transmission", "sourceNodeId": "PHL-S-006:substation:way:102140324", "targetNodeId": "PHL-S-006:transmission_segment:way:1163880278", "edgeType": "substation_to_transmission", "distanceKm": 0.0, "rank": null, "withinThreshold": true, "metadataScore": 0.658, "voltageCompatible": "False", "projectId": "PHL-S-006", "countryCode": "PHL" }, "geometry": { "type": "LineString", "coordinates": [ [ 120.616849234280409, 15.37744785 ], [ 120.606958, 15.3910973 ] ] } },
{ "type": "Feature", "properties": { "edgeId": "PHL-S-006:substation:way:102140324->PHL-S-006:transmission_segment:way:102129496:substation_to_transmission", "sourceNodeId": "PHL-S-006:substation:way:102140324", "targetNodeId": "PHL-S-006:transmission_segment:way:102129496", "edgeType": "substation_to_transmission", "distanceKm": 0.032, "rank": null, "withinThreshold": true, "metadataScore": 0.92, "voltageCompatible": "True", "projectId": "PHL-S-006", "countryCode": "PHL" }, "geometry": { "type": "LineString", "coordinates": [ [ 120.616849234280409, 15.37744785 ], [ 120.5862086, 15.7267374 ] ] } },
{ "type": "Feature", "properties": { "edgeId": "PHL-S-006:substation:way:102140324->PHL-S-006:transmission_segment:way:1168756142:substation_to_transmission", "sourceNodeId": "PHL-S-006:substation:way:102140324", "targetNodeId": "PHL-S-006:transmission_segment:way:1168756142", "edgeType": "substation_to_transmission", "distanceKm": 0.149, "rank": null, "withinThreshold": true, "metadataScore": 0.613, "voltageCompatible": "False", "projectId": "PHL-S-006", "countryCode": "PHL" }, "geometry": { "type": "LineString", "coordinates": [ [ 120.616849234280409, 15.37744785 ], [ 120.6118467, 15.3799236 ] ] } },
{ "type": "Feature", "properties": { "edgeId": "PHL-S-006:substation:way:102140324->PHL-S-006:transmission_segment:way:461355595:substation_to_transmission", "sourceNodeId": "PHL-S-006:substation:way:102140324", "targetNodeId": "PHL-S-006:transmission_segment:way:461355595", "edgeType": "substation_to_transmission", "distanceKm": 0.0, "rank": null, "withinThreshold": true, "metadataScore": 0.874, "voltageCompatible": "True", "projectId": "PHL-S-006", "countryCode": "PHL" }, "geometry": { "type": "LineString", "coordinates": [ [ 120.616849234280409, 15.37744785 ], [ 120.6163772, 15.3776832 ] ] } },
{ "type": "Feature", "properties": { "edgeId": "PHL-S-006:substation:way:102140324->PHL-S-006:transmission_segment:way:461355598:substation_to_transmission", "sourceNodeId": "PHL-S-006:substation:way:102140324", "targetNodeId": "PHL-S-006:transmission_segment:way:461355598", "edgeType": "substation_to_transmission", "distanceKm": 0.0, "rank": null, "withinThreshold": true, "metadataScore": 0.874, "voltageCompatible": "True", "projectId": "PHL-S-006", "countryCode": "PHL" }, "geometry": { "type": "LineString", "coordinates": [ [ 120.616849234280409, 15.37744785 ], [ 120.6161546, 15.3782504 ] ] } },
{ "type": "Feature", "properties": { "edgeId": "PHL-S-006:substation:way:102140324->PHL-S-006:transmission_segment:way:461355603:substation_to_transmission", "sourceNodeId": "PHL-S-006:substation:way:102140324", "targetNodeId": "PHL-S-006:transmission_segment:way:461355603", "edgeType": "substation_to_transmission", "distanceKm": 0.0, "rank": null, "withinThreshold": true, "metadataScore": 0.822, "voltageCompatible": "True", "projectId": "PHL-S-006", "countryCode": "PHL" }, "geometry": { "type": "LineString", "coordinates": [ [ 120.616849234280409, 15.37744785 ], [ 120.6163974, 15.3776159 ] ] } },
{ "type": "Feature", "properties": { "edgeId": "PHL-S-006:substation:way:102140324->PHL-S-006:transmission_segment:way:461355590:substation_to_transmission", "sourceNodeId": "PHL-S-006:substation:way:102140324", "targetNodeId": "PHL-S-006:transmission_segment:way:461355590", "edgeType": "substation_to_transmission", "distanceKm": 0.0, "rank": null, "withinThreshold": true, "metadataScore": 0.874, "voltageCompatible": "True", "projectId": "PHL-S-006", "countryCode": "PHL" }, "geometry": { "type": "LineString", "coordinates": [ [ 120.616849234280409, 15.37744785 ], [ 120.6169506, 15.3768361 ] ] } },
{ "type": "Feature", "properties": { "edgeId": "PHL-S-006:substation:way:102140324->PHL-S-006:transmission_segment:way:461355601:substation_to_transmission", "sourceNodeId": "PHL-S-006:substation:way:102140324", "targetNodeId": "PHL-S-006:transmission_segment:way:461355601", "edgeType": "substation_to_transmission", "distanceKm": 0.0, "rank": null, "withinThreshold": true, "metadataScore": 0.874, "voltageCompatible": "True", "projectId": "PHL-S-006", "countryCode": "PHL" }, "geometry": { "type": "LineString", "coordinates": [ [ 120.616849234280409, 15.37744785 ], [ 120.6163064, 15.3772971 ] ] } },
{ "type": "Feature", "properties": { "edgeId": "PHL-S-006:substation:way:102140324->PHL-S-006:transmission_segment:way:461355581:substation_to_transmission", "sourceNodeId": "PHL-S-006:substation:way:102140324", "targetNodeId": "PHL-S-006:transmission_segment:way:461355581", "edgeType": "substation_to_transmission", "distanceKm": 0.0, "rank": null, "withinThreshold": true, "metadataScore": 0.658, "voltageCompatible": "False", "projectId": "PHL-S-006", "countryCode": "PHL" }, "geometry": { "type": "LineString", "coordinates": [ [ 120.616849234280409, 15.37744785 ], [ 120.616433, 15.3780051 ] ] } },
{ "type": "Feature", "properties": { "edgeId": "PHL-S-006:substation:way:102140324->PHL-S-006:transmission_segment:way:461355604:substation_to_transmission", "sourceNodeId": "PHL-S-006:substation:way:102140324", "targetNodeId": "PHL-S-006:transmission_segment:way:461355604", "edgeType": "substation_to_transmission", "distanceKm": 0.0, "rank": null, "withinThreshold": true, "metadataScore": 0.822, "voltageCompatible": "True", "projectId": "PHL-S-006", "countryCode": "PHL" }, "geometry": { "type": "LineString", "coordinates": [ [ 120.616849234280409, 15.37744785 ], [ 120.6163897, 15.3770391 ] ] } },
{ "type": "Feature", "properties": { "edgeId": "PHL-S-006:substation:way:102140324->PHL-S-006:transmission_segment:way:461355606:substation_to_transmission", "sourceNodeId": "PHL-S-006:substation:way:102140324", "targetNodeId": "PHL-S-006:transmission_segment:way:461355606", "edgeType": "substation_to_transmission", "distanceKm": 0.0, "rank": null, "withinThreshold": true, "metadataScore": 0.874, "voltageCompatible": "True", "projectId": "PHL-S-006", "countryCode": "PHL" }, "geometry": { "type": "LineString", "coordinates": [ [ 120.616849234280409, 15.37744785 ], [ 120.6164784, 15.3773455 ] ] } },
{ "type": "Feature", "properties": { "edgeId": "PHL-S-006:substation:way:102140324->PHL-S-006:transmission_segment:way:461355586:substation_to_transmission", "sourceNodeId": "PHL-S-006:substation:way:102140324", "targetNodeId": "PHL-S-006:transmission_segment:way:461355586", "edgeType": "substation_to_transmission", "distanceKm": 0.0, "rank": null, "withinThreshold": true, "metadataScore": 0.874, "voltageCompatible": "True", "projectId": "PHL-S-006", "countryCode": "PHL" }, "geometry": { "type": "LineString", "coordinates": [ [ 120.616849234280409, 15.37744785 ], [ 120.6167374, 15.3771361 ] ] } },
{ "type": "Feature", "properties": { "edgeId": "PHL-S-006:substation:way:102140324->PHL-S-006:transmission_segment:way:461355577:substation_to_transmission", "sourceNodeId": "PHL-S-006:substation:way:102140324", "targetNodeId": "PHL-S-006:transmission_segment:way:461355577", "edgeType": "substation_to_transmission", "distanceKm": 0.0, "rank": null, "withinThreshold": true, "metadataScore": 0.658, "voltageCompatible": "False", "projectId": "PHL-S-006", "countryCode": "PHL" }, "geometry": { "type": "LineString", "coordinates": [ [ 120.616849234280409, 15.37744785 ], [ 120.6166529, 15.3780516 ] ] } },
{ "type": "Feature", "properties": { "edgeId": "PHL-S-006:substation:way:102140324->PHL-S-006:transmission_segment:way:461355584:substation_to_transmission", "sourceNodeId": "PHL-S-006:substation:way:102140324", "targetNodeId": "PHL-S-006:transmission_segment:way:461355584", "edgeType": "substation_to_transmission", "distanceKm": 0.0, "rank": null, "withinThreshold": true, "metadataScore": 0.588, "voltageCompatible": "False", "projectId": "PHL-S-006", "countryCode": "PHL" }, "geometry": { "type": "LineString", "coordinates": [ [ 120.616849234280409, 15.37744785 ], [ 120.6166529, 15.3780516 ] ] } },
{ "type": "Feature", "properties": { "edgeId": "PHL-S-006:substation:way:102140324->PHL-S-006:transmission_segment:way:461355588:substation_to_transmission", "sourceNodeId": "PHL-S-006:substation:way:102140324", "targetNodeId": "PHL-S-006:transmission_segment:way:461355588", "edgeType": "substation_to_transmission", "distanceKm": 0.0, "rank": null, "withinThreshold": true, "metadataScore": 0.874, "voltageCompatible": "True", "projectId": "PHL-S-006", "countryCode": "PHL" }, "geometry": { "type": "LineString", "coordinates": [ [ 120.616849234280409, 15.37744785 ], [ 120.6168935, 15.3771796 ] ] } },
{ "type": "Feature", "properties": { "edgeId": "PHL-S-006:substation:way:102140324->PHL-S-006:transmission_segment:way:461355594:substation_to_transmission", "sourceNodeId": "PHL-S-006:substation:way:102140324", "targetNodeId": "PHL-S-006:transmission_segment:way:461355594", "edgeType": "substation_to_transmission", "distanceKm": 0.0, "rank": null, "withinThreshold": true, "metadataScore": 0.874, "voltageCompatible": "True", "projectId": "PHL-S-006", "countryCode": "PHL" }, "geometry": { "type": "LineString", "coordinates": [ [ 120.616849234280409, 15.37744785 ], [ 120.6165817, 15.3766621 ] ] } },
{ "type": "Feature", "properties": { "edgeId": "PHL-S-006:substation:way:102140324->PHL-S-006:transmission_segment:way:461355592:substation_to_transmission", "sourceNodeId": "PHL-S-006:substation:way:102140324", "targetNodeId": "PHL-S-006:transmission_segment:way:461355592", "edgeType": "substation_to_transmission", "distanceKm": 0.0, "rank": null, "withinThreshold": true, "metadataScore": 0.874, "voltageCompatible": "True", "projectId": "PHL-S-006", "countryCode": "PHL" }, "geometry": { "type": "LineString", "coordinates": [ [ 120.616849234280409, 15.37744785 ], [ 120.6165814, 15.3768328 ] ] } },
{ "type": "Feature", "properties": { "edgeId": "PHL-S-006:substation:way:102140324->PHL-S-006:transmission_segment:way:102140323:substation_to_transmission", "sourceNodeId": "PHL-S-006:substation:way:102140324", "targetNodeId": "PHL-S-006:transmission_segment:way:102140323", "edgeType": "substation_to_transmission", "distanceKm": 0.0, "rank": null, "withinThreshold": true, "metadataScore": 0.93, "voltageCompatible": "True", "projectId": "PHL-S-006", "countryCode": "PHL" }, "geometry": { "type": "LineString", "coordinates": [ [ 120.616849234280409, 15.37744785 ], [ 120.6524669, 15.2559813 ] ] } },
{ "type": "Feature", "properties": { "edgeId": "PHL-S-006:substation:way:102140324->PHL-S-006:transmission_segment:way:102369222:substation_to_transmission", "sourceNodeId": "PHL-S-006:substation:way:102140324", "targetNodeId": "PHL-S-006:transmission_segment:way:102369222", "edgeType": "substation_to_transmission", "distanceKm": 0.013, "rank": null, "withinThreshold": true, "metadataScore": 0.93, "voltageCompatible": "True", "projectId": "PHL-S-006", "countryCode": "PHL" }, "geometry": { "type": "LineString", "coordinates": [ [ 120.616849234280409, 15.37744785 ], [ 120.6225584, 15.3545271 ] ] } },
{ "type": "Feature", "properties": { "edgeId": "SGP-S-001:site->SGP-S-001:road_segment:way:119663633:site_to_road", "sourceNodeId": "SGP-S-001:site", "targetNodeId": "SGP-S-001:road_segment:way:119663633", "edgeType": "site_to_road", "distanceKm": 0.533, "rank": 1.0, "withinThreshold": true, "metadataScore": null, "voltageCompatible": null, "projectId": "SGP-S-001", "countryCode": "SGP" }, "geometry": { "type": "LineString", "coordinates": [ [ 103.636, 1.3364 ], [ 103.6429857, 1.3425289 ] ] } },
{ "type": "Feature", "properties": { "edgeId": "SGP-S-001:site->SGP-S-001:settlement:node:13348031213:site_to_settlement", "sourceNodeId": "SGP-S-001:site", "targetNodeId": "SGP-S-001:settlement:node:13348031213", "edgeType": "site_to_settlement", "distanceKm": 1.132, "rank": 1.0, "withinThreshold": true, "metadataScore": null, "voltageCompatible": null, "projectId": "SGP-S-001", "countryCode": "SGP" }, "geometry": { "type": "LineString", "coordinates": [ [ 103.636, 1.3364 ], [ 103.6517937, 1.3376392 ] ] } },
{ "type": "Feature", "properties": { "edgeId": "SGP-S-001:site->SGP-S-001:substation:way:835220402:site_to_substation", "sourceNodeId": "SGP-S-001:site", "targetNodeId": "SGP-S-001:substation:way:835220402", "edgeType": "site_to_substation", "distanceKm": 0.928, "rank": 1.0, "withinThreshold": true, "metadataScore": 0.37, "voltageCompatible": null, "projectId": "SGP-S-001", "countryCode": "SGP" }, "geometry": { "type": "LineString", "coordinates": [ [ 103.636, 1.3364 ], [ 103.637971636103231, 1.3484297 ] ] } },
{ "type": "Feature", "properties": { "edgeId": "SGP-S-001:site->SGP-S-001:substation:way:758091923:site_to_substation", "sourceNodeId": "SGP-S-001:site", "targetNodeId": "SGP-S-001:substation:way:758091923", "edgeType": "site_to_substation", "distanceKm": 1.223, "rank": 2.0, "withinThreshold": true, "metadataScore": 0.37, "voltageCompatible": null, "projectId": "SGP-S-001", "countryCode": "SGP" }, "geometry": { "type": "LineString", "coordinates": [ [ 103.636, 1.3364 ], [ 103.637765448744233, 1.33877455 ] ] } },
{ "type": "Feature", "properties": { "edgeId": "SGP-S-001:site->SGP-S-001:substation:way:1429689746:site_to_substation", "sourceNodeId": "SGP-S-001:site", "targetNodeId": "SGP-S-001:substation:way:1429689746", "edgeType": "site_to_substation", "distanceKm": 3.473, "rank": 3.0, "withinThreshold": true, "metadataScore": 0.31, "voltageCompatible": null, "projectId": "SGP-S-001", "countryCode": "SGP" }, "geometry": { "type": "LineString", "coordinates": [ [ 103.636, 1.3364 ], [ 103.669606632963607, 1.32532795 ] ] } },
{ "type": "Feature", "properties": { "edgeId": "SGP-S-001:site->SGP-S-001:transmission_segment:way:1125327086:site_to_transmission", "sourceNodeId": "SGP-S-001:site", "targetNodeId": "SGP-S-001:transmission_segment:way:1125327086", "edgeType": "site_to_transmission", "distanceKm": 6.25, "rank": 1.0, "withinThreshold": true, "metadataScore": 0.759, "voltageCompatible": null, "projectId": "SGP-S-001", "countryCode": "SGP" }, "geometry": { "type": "LineString", "coordinates": [ [ 103.636, 1.3364 ], [ 103.6145094, 1.4401771 ] ] } },
{ "type": "Feature", "properties": { "edgeId": "SGP-S-001:site->SGP-S-001:transmission_segment:way:182168448:site_to_transmission", "sourceNodeId": "SGP-S-001:site", "targetNodeId": "SGP-S-001:transmission_segment:way:182168448", "edgeType": "site_to_transmission", "distanceKm": 7.118, "rank": 2.0, "withinThreshold": true, "metadataScore": 0.535, "voltageCompatible": null, "projectId": "SGP-S-001", "countryCode": "SGP" }, "geometry": { "type": "LineString", "coordinates": [ [ 103.636, 1.3364 ], [ 103.691603, 1.2904334 ] ] } },
{ "type": "Feature", "properties": { "edgeId": "SGP-S-001:site->SGP-S-001:transmission_segment:way:235389889:site_to_transmission", "sourceNodeId": "SGP-S-001:site", "targetNodeId": "SGP-S-001:transmission_segment:way:235389889", "edgeType": "site_to_transmission", "distanceKm": 9.928, "rank": 3.0, "withinThreshold": true, "metadataScore": 0.619, "voltageCompatible": null, "projectId": "SGP-S-001", "countryCode": "SGP" }, "geometry": { "type": "LineString", "coordinates": [ [ 103.636, 1.3364 ], [ 103.5592962, 1.4220578 ] ] } },
{ "type": "Feature", "properties": { "edgeId": "SGP-S-001:substation:way:1160870304->SGP-S-001:transmission_segment:way:1125327086:substation_to_transmission", "sourceNodeId": "SGP-S-001:substation:way:1160870304", "targetNodeId": "SGP-S-001:transmission_segment:way:1125327086", "edgeType": "substation_to_transmission", "distanceKm": 0.065, "rank": null, "withinThreshold": true, "metadataScore": 0.542, "voltageCompatible": "True", "projectId": "SGP-S-001", "countryCode": "SGP" }, "geometry": { "type": "LineString", "coordinates": [ [ 103.623522655169438, 1.40349605 ], [ 103.6145094, 1.4401771 ] ] } },
{ "type": "Feature", "properties": { "edgeId": "SGP-S-001:substation:way:1160870017->SGP-S-001:transmission_segment:way:1125327086:substation_to_transmission", "sourceNodeId": "SGP-S-001:substation:way:1160870017", "targetNodeId": "SGP-S-001:transmission_segment:way:1125327086", "edgeType": "substation_to_transmission", "distanceKm": 0.192, "rank": null, "withinThreshold": true, "metadataScore": 0.522, "voltageCompatible": "True", "projectId": "SGP-S-001", "countryCode": "SGP" }, "geometry": { "type": "LineString", "coordinates": [ [ 103.62408065, 1.4059457 ], [ 103.6145094, 1.4401771 ] ] } },
{ "type": "Feature", "properties": { "edgeId": "SGP-S-001:substation:way:1160870382->SGP-S-001:transmission_segment:way:1125327086:substation_to_transmission", "sourceNodeId": "SGP-S-001:substation:way:1160870382", "targetNodeId": "SGP-S-001:transmission_segment:way:1125327086", "edgeType": "substation_to_transmission", "distanceKm": 0.052, "rank": null, "withinThreshold": true, "metadataScore": 0.542, "voltageCompatible": "True", "projectId": "SGP-S-001", "countryCode": "SGP" }, "geometry": { "type": "LineString", "coordinates": [ [ 103.621457504615535, 1.40582775 ], [ 103.6145094, 1.4401771 ] ] } },
{ "type": "Feature", "properties": { "edgeId": "SGP-S-001:substation:way:1160870136->SGP-S-001:transmission_segment:way:1125327086:substation_to_transmission", "sourceNodeId": "SGP-S-001:substation:way:1160870136", "targetNodeId": "SGP-S-001:transmission_segment:way:1125327086", "edgeType": "substation_to_transmission", "distanceKm": 0.063, "rank": null, "withinThreshold": true, "metadataScore": 0.542, "voltageCompatible": "True", "projectId": "SGP-S-001", "countryCode": "SGP" }, "geometry": { "type": "LineString", "coordinates": [ [ 103.620072947240487, 1.40827005 ], [ 103.6145094, 1.4401771 ] ] } },
{ "type": "Feature", "properties": { "edgeId": "SGP-S-001:substation:way:1160870251->SGP-S-001:transmission_segment:way:1125327086:substation_to_transmission", "sourceNodeId": "SGP-S-001:substation:way:1160870251", "targetNodeId": "SGP-S-001:transmission_segment:way:1125327086", "edgeType": "substation_to_transmission", "distanceKm": 0.045, "rank": null, "withinThreshold": true, "metadataScore": 0.557, "voltageCompatible": "True", "projectId": "SGP-S-001", "countryCode": "SGP" }, "geometry": { "type": "LineString", "coordinates": [ [ 103.619639850267703, 1.40896755 ], [ 103.6145094, 1.4401771 ] ] } },
{ "type": "Feature", "properties": { "edgeId": "SGP-S-001:substation:way:1160870137->SGP-S-001:transmission_segment:way:1125327086:substation_to_transmission", "sourceNodeId": "SGP-S-001:substation:way:1160870137", "targetNodeId": "SGP-S-001:transmission_segment:way:1125327086", "edgeType": "substation_to_transmission", "distanceKm": 0.217, "rank": null, "withinThreshold": true, "metadataScore": 0.522, "voltageCompatible": "True", "projectId": "SGP-S-001", "countryCode": "SGP" }, "geometry": { "type": "LineString", "coordinates": [ [ 103.620059590396309, 1.41045 ], [ 103.6145094, 1.4401771 ] ] } },
{ "type": "Feature", "properties": { "edgeId": "SGP-S-001:substation:way:1160870249->SGP-S-001:transmission_segment:way:1125327086:substation_to_transmission", "sourceNodeId": "SGP-S-001:substation:way:1160870249", "targetNodeId": "SGP-S-001:transmission_segment:way:1125327086", "edgeType": "substation_to_transmission", "distanceKm": 0.026, "rank": null, "withinThreshold": true, "metadataScore": 0.557, "voltageCompatible": "True", "projectId": "SGP-S-001", "countryCode": "SGP" }, "geometry": { "type": "LineString", "coordinates": [ [ 103.6179205, 1.4102422 ], [ 103.6145094, 1.4401771 ] ] } },
{ "type": "Feature", "properties": { "edgeId": "SGP-S-001:substation:way:1160870254->SGP-S-001:transmission_segment:way:1125327086:substation_to_transmission", "sourceNodeId": "SGP-S-001:substation:way:1160870254", "targetNodeId": "SGP-S-001:transmission_segment:way:1125327086", "edgeType": "substation_to_transmission", "distanceKm": 0.217, "rank": null, "withinThreshold": true, "metadataScore": 0.522, "voltageCompatible": "True", "projectId": "SGP-S-001", "countryCode": "SGP" }, "geometry": { "type": "LineString", "coordinates": [ [ 103.6194786, 1.41096685 ], [ 103.6145094, 1.4401771 ] ] } },
{ "type": "Feature", "properties": { "edgeId": "SGP-S-001:substation:way:1160870011->SGP-S-001:transmission_segment:way:1125327086:substation_to_transmission", "sourceNodeId": "SGP-S-001:substation:way:1160870011", "targetNodeId": "SGP-S-001:transmission_segment:way:1125327086", "edgeType": "substation_to_transmission", "distanceKm": 0.09, "rank": null, "withinThreshold": true, "metadataScore": 0.542, "voltageCompatible": "True", "projectId": "SGP-S-001", "countryCode": "SGP" }, "geometry": { "type": "LineString", "coordinates": [ [ 103.619158959479932, 1.41252265 ], [ 103.6145094, 1.4401771 ] ] } },
{ "type": "Feature", "properties": { "edgeId": "SGP-S-001:substation:way:235895179->SGP-S-001:transmission_segment:way:235389889:substation_to_transmission", "sourceNodeId": "SGP-S-001:substation:way:235895179", "targetNodeId": "SGP-S-001:transmission_segment:way:235389889", "edgeType": "substation_to_transmission", "distanceKm": 0.179, "rank": null, "withinThreshold": true, "metadataScore": 0.54, "voltageCompatible": "True", "projectId": "SGP-S-001", "countryCode": "SGP" }, "geometry": { "type": "LineString", "coordinates": [ [ 103.556702878723627, 1.36616365 ], [ 103.5592962, 1.4220578 ] ] } },
{ "type": "Feature", "properties": { "edgeId": "SGP-S-001:substation:way:235895179->SGP-S-001:transmission_segment:way:235850504:substation_to_transmission", "sourceNodeId": "SGP-S-001:substation:way:235895179", "targetNodeId": "SGP-S-001:transmission_segment:way:235850504", "edgeType": "substation_to_transmission", "distanceKm": 0.129, "rank": null, "withinThreshold": true, "metadataScore": 0.61, "voltageCompatible": "True", "projectId": "SGP-S-001", "countryCode": "SGP" }, "geometry": { "type": "LineString", "coordinates": [ [ 103.556702878723627, 1.36616365 ], [ 103.5158543, 1.4260689 ] ] } },
{ "type": "Feature", "properties": { "edgeId": "SGP-S-001:substation:way:235895179->SGP-S-001:transmission_segment:way:235895175:substation_to_transmission", "sourceNodeId": "SGP-S-001:substation:way:235895179", "targetNodeId": "SGP-S-001:transmission_segment:way:235895175", "edgeType": "substation_to_transmission", "distanceKm": 0.0, "rank": null, "withinThreshold": true, "metadataScore": 0.629, "voltageCompatible": "True", "projectId": "SGP-S-001", "countryCode": "SGP" }, "geometry": { "type": "LineString", "coordinates": [ [ 103.556702878723627, 1.36616365 ], [ 103.5565871, 1.3656382 ] ] } },
{ "type": "Feature", "properties": { "edgeId": "SGP-S-001:substation:way:235895179->SGP-S-001:transmission_segment:way:235895177:substation_to_transmission", "sourceNodeId": "SGP-S-001:substation:way:235895179", "targetNodeId": "SGP-S-001:transmission_segment:way:235895177", "edgeType": "substation_to_transmission", "distanceKm": 0.0, "rank": null, "withinThreshold": true, "metadataScore": 0.629, "voltageCompatible": "True", "projectId": "SGP-S-001", "countryCode": "SGP" }, "geometry": { "type": "LineString", "coordinates": [ [ 103.556702878723627, 1.36616365 ], [ 103.5565549, 1.3657561 ] ] } },
{ "type": "Feature", "properties": { "edgeId": "SGP-S-001:substation:way:235895179->SGP-S-001:transmission_segment:way:235895176:substation_to_transmission", "sourceNodeId": "SGP-S-001:substation:way:235895179", "targetNodeId": "SGP-S-001:transmission_segment:way:235895176", "edgeType": "substation_to_transmission", "distanceKm": 0.0, "rank": null, "withinThreshold": true, "metadataScore": 0.629, "voltageCompatible": "True", "projectId": "SGP-S-001", "countryCode": "SGP" }, "geometry": { "type": "LineString", "coordinates": [ [ 103.556702878723627, 1.36616365 ], [ 103.5565281, 1.3658688 ] ] } },
{ "type": "Feature", "properties": { "edgeId": "SGP-S-001:substation:way:235895179->SGP-S-001:transmission_segment:way:235895180:substation_to_transmission", "sourceNodeId": "SGP-S-001:substation:way:235895179", "targetNodeId": "SGP-S-001:transmission_segment:way:235895180", "edgeType": "substation_to_transmission", "distanceKm": 0.0, "rank": null, "withinThreshold": true, "metadataScore": 0.629, "voltageCompatible": "True", "projectId": "SGP-S-001", "countryCode": "SGP" }, "geometry": { "type": "LineString", "coordinates": [ [ 103.556702878723627, 1.36616365 ], [ 103.5564932, 1.3659733 ] ] } },
{ "type": "Feature", "properties": { "edgeId": "SGP-S-001:substation:way:235895179->SGP-S-001:transmission_segment:way:235895182:substation_to_transmission", "sourceNodeId": "SGP-S-001:substation:way:235895179", "targetNodeId": "SGP-S-001:transmission_segment:way:235895182", "edgeType": "substation_to_transmission", "distanceKm": 0.0, "rank": null, "withinThreshold": true, "metadataScore": 0.629, "voltageCompatible": "True", "projectId": "SGP-S-001", "countryCode": "SGP" }, "geometry": { "type": "LineString", "coordinates": [ [ 103.556702878723627, 1.36616365 ], [ 103.5564712, 1.366098 ] ] } },
{ "type": "Feature", "properties": { "edgeId": "SGP-S-001:substation:way:235895179->SGP-S-001:transmission_segment:way:235895184:substation_to_transmission", "sourceNodeId": "SGP-S-001:substation:way:235895179", "targetNodeId": "SGP-S-001:transmission_segment:way:235895184", "edgeType": "substation_to_transmission", "distanceKm": 0.0, "rank": null, "withinThreshold": true, "metadataScore": 0.629, "voltageCompatible": "True", "projectId": "SGP-S-001", "countryCode": "SGP" }, "geometry": { "type": "LineString", "coordinates": [ [ 103.556702878723627, 1.36616365 ], [ 103.5564406, 1.3662123 ] ] } },
{ "type": "Feature", "properties": { "edgeId": "SGP-S-001:substation:way:235895179->SGP-S-001:transmission_segment:way:235895183:substation_to_transmission", "sourceNodeId": "SGP-S-001:substation:way:235895179", "targetNodeId": "SGP-S-001:transmission_segment:way:235895183", "edgeType": "substation_to_transmission", "distanceKm": 0.0, "rank": null, "withinThreshold": true, "metadataScore": 0.629, "voltageCompatible": "True", "projectId": "SGP-S-001", "countryCode": "SGP" }, "geometry": { "type": "LineString", "coordinates": [ [ 103.556702878723627, 1.36616365 ], [ 103.5564165, 1.3663302 ] ] } },
{ "type": "Feature", "properties": { "edgeId": "SGP-S-001:substation:way:235895179->SGP-S-001:transmission_segment:way:235895181:substation_to_transmission", "sourceNodeId": "SGP-S-001:substation:way:235895179", "targetNodeId": "SGP-S-001:transmission_segment:way:235895181", "edgeType": "substation_to_transmission", "distanceKm": 0.127, "rank": null, "withinThreshold": true, "metadataScore": 0.498, "voltageCompatible": "True", "projectId": "SGP-S-001", "countryCode": "SGP" }, "geometry": { "type": "LineString", "coordinates": [ [ 103.556702878723627, 1.36616365 ], [ 103.5569787, 1.3680032 ] ] } },
{ "type": "Feature", "properties": { "edgeId": "SGP-S-001:substation:way:235895179->SGP-S-001:transmission_segment:way:553263243:substation_to_transmission", "sourceNodeId": "SGP-S-001:substation:way:235895179", "targetNodeId": "SGP-S-001:transmission_segment:way:553263243", "edgeType": "substation_to_transmission", "distanceKm": 0.074, "rank": null, "withinThreshold": true, "metadataScore": 0.518, "voltageCompatible": "True", "projectId": "SGP-S-001", "countryCode": "SGP" }, "geometry": { "type": "LineString", "coordinates": [ [ 103.556702878723627, 1.36616365 ], [ 103.5569787, 1.3680032 ] ] } },
{ "type": "Feature", "properties": { "edgeId": "SGP-S-001:substation:way:235895179->SGP-S-001:transmission_segment:way:553263245:substation_to_transmission", "sourceNodeId": "SGP-S-001:substation:way:235895179", "targetNodeId": "SGP-S-001:transmission_segment:way:553263245", "edgeType": "substation_to_transmission", "distanceKm": 0.046, "rank": null, "withinThreshold": true, "metadataScore": 0.64, "voltageCompatible": "True", "projectId": "SGP-S-001", "countryCode": "SGP" }, "geometry": { "type": "LineString", "coordinates": [ [ 103.556702878723627, 1.36616365 ], [ 103.5551613, 1.3679203 ] ] } },
{ "type": "Feature", "properties": { "edgeId": "SGP-S-001:substation:way:235895179->SGP-S-001:transmission_segment:way:553263247:substation_to_transmission", "sourceNodeId": "SGP-S-001:substation:way:235895179", "targetNodeId": "SGP-S-001:transmission_segment:way:553263247", "edgeType": "substation_to_transmission", "distanceKm": 0.088, "rank": null, "withinThreshold": true, "metadataScore": 0.625, "voltageCompatible": "True", "projectId": "SGP-S-001", "countryCode": "SGP" }, "geometry": { "type": "LineString", "coordinates": [ [ 103.556702878723627, 1.36616365 ], [ 103.5556752, 1.3655067 ] ] } },
{ "type": "Feature", "properties": { "edgeId": "SGP-S-001:substation:way:235895179->SGP-S-001:transmission_segment:way:553263246:substation_to_transmission", "sourceNodeId": "SGP-S-001:substation:way:235895179", "targetNodeId": "SGP-S-001:transmission_segment:way:553263246", "edgeType": "substation_to_transmission", "distanceKm": 0.074, "rank": null, "withinThreshold": true, "metadataScore": 0.518, "voltageCompatible": "True", "projectId": "SGP-S-001", "countryCode": "SGP" }, "geometry": { "type": "LineString", "coordinates": [ [ 103.556702878723627, 1.36616365 ], [ 103.5550905, 1.3670459 ] ] } },
{ "type": "Feature", "properties": { "edgeId": "SGP-S-001:substation:way:235895179->SGP-S-001:transmission_segment:way:553263244:substation_to_transmission", "sourceNodeId": "SGP-S-001:substation:way:235895179", "targetNodeId": "SGP-S-001:transmission_segment:way:553263244", "edgeType": "substation_to_transmission", "distanceKm": 0.161, "rank": null, "withinThreshold": true, "metadataScore": 0.498, "voltageCompatible": "True", "projectId": "SGP-S-001", "countryCode": "SGP" }, "geometry": { "type": "LineString", "coordinates": [ [ 103.556702878723627, 1.36616365 ], [ 103.5551613, 1.3679203 ] ] } },
{ "type": "Feature", "properties": { "edgeId": "SGP-S-001:substation:way:1309090568->SGP-S-001:transmission_segment:way:1125327086:substation_to_transmission", "sourceNodeId": "SGP-S-001:substation:way:1309090568", "targetNodeId": "SGP-S-001:transmission_segment:way:1125327086", "edgeType": "substation_to_transmission", "distanceKm": 0.091, "rank": null, "withinThreshold": true, "metadataScore": 0.542, "voltageCompatible": "True", "projectId": "SGP-S-001", "countryCode": "SGP" }, "geometry": { "type": "LineString", "coordinates": [ [ 103.618221649637604, 1.4351309 ], [ 103.6145094, 1.4401771 ] ] } },
{ "type": "Feature", "properties": { "edgeId": "SGP-S-001:substation:way:235851822->SGP-S-001:transmission_segment:way:235851810:substation_to_transmission", "sourceNodeId": "SGP-S-001:substation:way:235851822", "targetNodeId": "SGP-S-001:transmission_segment:way:235851810", "edgeType": "substation_to_transmission", "distanceKm": 0.0, "rank": null, "withinThreshold": true, "metadataScore": 0.864, "voltageCompatible": "True", "projectId": "SGP-S-001", "countryCode": "SGP" }, "geometry": { "type": "LineString", "coordinates": [ [ 103.536844022664155, 1.33585105 ], [ 103.5414909, 1.3367076 ] ] } },
{ "type": "Feature", "properties": { "edgeId": "SGP-S-001:substation:way:235851822->SGP-S-001:transmission_segment:way:235851813:substation_to_transmission", "sourceNodeId": "SGP-S-001:substation:way:235851822", "targetNodeId": "SGP-S-001:transmission_segment:way:235851813", "edgeType": "substation_to_transmission", "distanceKm": 0.0, "rank": null, "withinThreshold": true, "metadataScore": 0.864, "voltageCompatible": "True", "projectId": "SGP-S-001", "countryCode": "SGP" }, "geometry": { "type": "LineString", "coordinates": [ [ 103.536844022664155, 1.33585105 ], [ 103.5408318, 1.3362949 ] ] } },
{ "type": "Feature", "properties": { "edgeId": "SGP-S-001:substation:way:235851822->SGP-S-001:transmission_segment:way:235851823:substation_to_transmission", "sourceNodeId": "SGP-S-001:substation:way:235851822", "targetNodeId": "SGP-S-001:transmission_segment:way:235851823", "edgeType": "substation_to_transmission", "distanceKm": 0.0, "rank": null, "withinThreshold": true, "metadataScore": 0.864, "voltageCompatible": "True", "projectId": "SGP-S-001", "countryCode": "SGP" }, "geometry": { "type": "LineString", "coordinates": [ [ 103.536844022664155, 1.33585105 ], [ 103.5400755, 1.3358444 ] ] } },
{ "type": "Feature", "properties": { "edgeId": "SGP-S-001:substation:way:235851822->SGP-S-001:transmission_segment:way:848514268:substation_to_transmission", "sourceNodeId": "SGP-S-001:substation:way:235851822", "targetNodeId": "SGP-S-001:transmission_segment:way:848514268", "edgeType": "substation_to_transmission", "distanceKm": 0.0, "rank": null, "withinThreshold": true, "metadataScore": 0.864, "voltageCompatible": "True", "projectId": "SGP-S-001", "countryCode": "SGP" }, "geometry": { "type": "LineString", "coordinates": [ [ 103.536844022664155, 1.33585105 ], [ 103.5384385, 1.3359085 ] ] } },
{ "type": "Feature", "properties": { "edgeId": "SGP-S-001:substation:way:235851822->SGP-S-001:transmission_segment:way:848514269:substation_to_transmission", "sourceNodeId": "SGP-S-001:substation:way:235851822", "targetNodeId": "SGP-S-001:transmission_segment:way:848514269", "edgeType": "substation_to_transmission", "distanceKm": 0.0, "rank": null, "withinThreshold": true, "metadataScore": 0.811, "voltageCompatible": "True", "projectId": "SGP-S-001", "countryCode": "SGP" }, "geometry": { "type": "LineString", "coordinates": [ [ 103.536844022664155, 1.33585105 ], [ 103.5364764, 1.3354816 ] ] } },
{ "type": "Feature", "properties": { "edgeId": "SGP-S-001:substation:way:235851822->SGP-S-001:transmission_segment:way:848514270:substation_to_transmission", "sourceNodeId": "SGP-S-001:substation:way:235851822", "targetNodeId": "SGP-S-001:transmission_segment:way:848514270", "edgeType": "substation_to_transmission", "distanceKm": 0.0, "rank": null, "withinThreshold": true, "metadataScore": 0.811, "voltageCompatible": "True", "projectId": "SGP-S-001", "countryCode": "SGP" }, "geometry": { "type": "LineString", "coordinates": [ [ 103.536844022664155, 1.33585105 ], [ 103.5363525, 1.335764 ] ] } },
{ "type": "Feature", "properties": { "edgeId": "SGP-S-001:substation:way:235851822->SGP-S-001:transmission_segment:way:235851824:substation_to_transmission", "sourceNodeId": "SGP-S-001:substation:way:235851822", "targetNodeId": "SGP-S-001:transmission_segment:way:235851824", "edgeType": "substation_to_transmission", "distanceKm": 0.0, "rank": null, "withinThreshold": true, "metadataScore": 0.774, "voltageCompatible": "True", "projectId": "SGP-S-001", "countryCode": "SGP" }, "geometry": { "type": "LineString", "coordinates": [ [ 103.536844022664155, 1.33585105 ], [ 103.5358953, 1.3348024 ] ] } },
{ "type": "Feature", "properties": { "edgeId": "SGP-S-001:substation:way:235851822->SGP-S-001:transmission_segment:way:755469306:substation_to_transmission", "sourceNodeId": "SGP-S-001:substation:way:235851822", "targetNodeId": "SGP-S-001:transmission_segment:way:755469306", "edgeType": "substation_to_transmission", "distanceKm": 0.0, "rank": null, "withinThreshold": true, "metadataScore": 0.811, "voltageCompatible": "True", "projectId": "SGP-S-001", "countryCode": "SGP" }, "geometry": { "type": "LineString", "coordinates": [ [ 103.536844022664155, 1.33585105 ], [ 103.5356061, 1.3358495 ] ] } },
{ "type": "Feature", "properties": { "edgeId": "SGP-S-001:substation:way:235851822->SGP-S-001:transmission_segment:way:755469307:substation_to_transmission", "sourceNodeId": "SGP-S-001:substation:way:235851822", "targetNodeId": "SGP-S-001:transmission_segment:way:755469307", "edgeType": "substation_to_transmission", "distanceKm": 0.0, "rank": null, "withinThreshold": true, "metadataScore": 0.811, "voltageCompatible": "True", "projectId": "SGP-S-001", "countryCode": "SGP" }, "geometry": { "type": "LineString", "coordinates": [ [ 103.536844022664155, 1.33585105 ], [ 103.5360533, 1.3364466 ] ] } },
{ "type": "Feature", "properties": { "edgeId": "SGP-S-001:substation:way:235851822->SGP-S-001:transmission_segment:way:235851821:substation_to_transmission", "sourceNodeId": "SGP-S-001:substation:way:235851822", "targetNodeId": "SGP-S-001:transmission_segment:way:235851821", "edgeType": "substation_to_transmission", "distanceKm": 0.0, "rank": null, "withinThreshold": true, "metadataScore": 0.774, "voltageCompatible": "True", "projectId": "SGP-S-001", "countryCode": "SGP" }, "geometry": { "type": "LineString", "coordinates": [ [ 103.536844022664155, 1.33585105 ], [ 103.5356324, 1.3342918 ] ] } },
{ "type": "Feature", "properties": { "edgeId": "SGP-S-001:substation:way:235851822->SGP-S-001:transmission_segment:way:235851830:substation_to_transmission", "sourceNodeId": "SGP-S-001:substation:way:235851822", "targetNodeId": "SGP-S-001:transmission_segment:way:235851830", "edgeType": "substation_to_transmission", "distanceKm": 0.0, "rank": null, "withinThreshold": true, "metadataScore": 0.774, "voltageCompatible": "True", "projectId": "SGP-S-001", "countryCode": "SGP" }, "geometry": { "type": "LineString", "coordinates": [ [ 103.536844022664155, 1.33585105 ], [ 103.5355559, 1.3344613 ] ] } },
{ "type": "Feature", "properties": { "edgeId": "SGP-S-001:substation:way:235851822->SGP-S-001:transmission_segment:way:235851811:substation_to_transmission", "sourceNodeId": "SGP-S-001:substation:way:235851822", "targetNodeId": "SGP-S-001:transmission_segment:way:235851811", "edgeType": "substation_to_transmission", "distanceKm": 0.0, "rank": null, "withinThreshold": true, "metadataScore": 0.721, "voltageCompatible": "True", "projectId": "SGP-S-001", "countryCode": "SGP" }, "geometry": { "type": "LineString", "coordinates": [ [ 103.536844022664155, 1.33585105 ], [ 103.5359703, 1.334623 ] ] } },
{ "type": "Feature", "properties": { "edgeId": "SGP-S-001:substation:way:235851822->SGP-S-001:transmission_segment:way:235851820:substation_to_transmission", "sourceNodeId": "SGP-S-001:substation:way:235851822", "targetNodeId": "SGP-S-001:transmission_segment:way:235851820", "edgeType": "substation_to_transmission", "distanceKm": 0.0, "rank": null, "withinThreshold": true, "metadataScore": 0.721, "voltageCompatible": "True", "projectId": "SGP-S-001", "countryCode": "SGP" }, "geometry": { "type": "LineString", "coordinates": [ [ 103.536844022664155, 1.33585105 ], [ 103.5358694, 1.3345766 ] ] } },
{ "type": "Feature", "properties": { "edgeId": "SGP-S-001:substation:way:235851822->SGP-S-001:transmission_segment:way:1288755631:substation_to_transmission", "sourceNodeId": "SGP-S-001:substation:way:235851822", "targetNodeId": "SGP-S-001:transmission_segment:way:1288755631", "edgeType": "substation_to_transmission", "distanceKm": 0.0, "rank": null, "withinThreshold": true, "metadataScore": 0.919, "voltageCompatible": "True", "projectId": "SGP-S-001", "countryCode": "SGP" }, "geometry": { "type": "LineString", "coordinates": [ [ 103.536844022664155, 1.33585105 ], [ 103.4955642, 1.3497719 ] ] } },
{ "type": "Feature", "properties": { "edgeId": "SGP-S-001:substation:way:235851822->SGP-S-001:transmission_segment:way:235501399:substation_to_transmission", "sourceNodeId": "SGP-S-001:substation:way:235851822", "targetNodeId": "SGP-S-001:transmission_segment:way:235501399", "edgeType": "substation_to_transmission", "distanceKm": 0.0, "rank": null, "withinThreshold": true, "metadataScore": 0.93, "voltageCompatible": "True", "projectId": "SGP-S-001", "countryCode": "SGP" }, "geometry": { "type": "LineString", "coordinates": [ [ 103.536844022664155, 1.33585105 ], [ 103.4635888, 1.5479181 ] ] } },
{ "type": "Feature", "properties": { "edgeId": "SGP-S-001:substation:way:235851822->SGP-S-001:transmission_segment:way:235851817:substation_to_transmission", "sourceNodeId": "SGP-S-001:substation:way:235851822", "targetNodeId": "SGP-S-001:transmission_segment:way:235851817", "edgeType": "substation_to_transmission", "distanceKm": 0.037, "rank": null, "withinThreshold": true, "metadataScore": 0.82, "voltageCompatible": "True", "projectId": "SGP-S-001", "countryCode": "SGP" }, "geometry": { "type": "LineString", "coordinates": [ [ 103.536844022664155, 1.33585105 ], [ 103.5062421, 1.3586101 ] ] } },
{ "type": "Feature", "properties": { "edgeId": "VNM-S-001:site->VNM-S-001:road_segment:way:301020997:site_to_road", "sourceNodeId": "VNM-S-001:site", "targetNodeId": "VNM-S-001:road_segment:way:301020997", "edgeType": "site_to_road", "distanceKm": 1.671, "rank": 1.0, "withinThreshold": true, "metadataScore": null, "voltageCompatible": null, "projectId": "VNM-S-001", "countryCode": "VNM" }, "geometry": { "type": "LineString", "coordinates": [ [ 109.0268, 11.68597 ], [ 109.0276961, 11.6736261 ] ] } },
{ "type": "Feature", "properties": { "edgeId": "VNM-S-001:site->VNM-S-001:settlement:node:369498749:site_to_settlement", "sourceNodeId": "VNM-S-001:site", "targetNodeId": "VNM-S-001:settlement:node:369498749", "edgeType": "site_to_settlement", "distanceKm": 1.737, "rank": 1.0, "withinThreshold": true, "metadataScore": null, "voltageCompatible": null, "projectId": "VNM-S-001", "countryCode": "VNM" }, "geometry": { "type": "LineString", "coordinates": [ [ 109.0268, 11.68597 ], [ 109.0377643, 11.68086 ] ] } },
{ "type": "Feature", "properties": { "edgeId": "VNM-S-001:site->VNM-S-001:substation:way:549038673:site_to_substation", "sourceNodeId": "VNM-S-001:site", "targetNodeId": "VNM-S-001:substation:way:549038673", "edgeType": "site_to_substation", "distanceKm": 0.354, "rank": 1.0, "withinThreshold": true, "metadataScore": 1.0, "voltageCompatible": null, "projectId": "VNM-S-001", "countryCode": "VNM" }, "geometry": { "type": "LineString", "coordinates": [ [ 109.0268, 11.68597 ], [ 109.026733898305224, 11.6855232 ] ] } },
{ "type": "Feature", "properties": { "edgeId": "VNM-S-001:site->VNM-S-001:substation:way:1273527205:site_to_substation", "sourceNodeId": "VNM-S-001:site", "targetNodeId": "VNM-S-001:substation:way:1273527205", "edgeType": "site_to_substation", "distanceKm": 1.135, "rank": 2.0, "withinThreshold": true, "metadataScore": 0.601, "voltageCompatible": null, "projectId": "VNM-S-001", "countryCode": "VNM" }, "geometry": { "type": "LineString", "coordinates": [ [ 109.0268, 11.68597 ], [ 109.032152872612045, 11.68165785 ] ] } },
{ "type": "Feature", "properties": { "edgeId": "VNM-S-001:site->VNM-S-001:substation:way:1273527210:site_to_substation", "sourceNodeId": "VNM-S-001:site", "targetNodeId": "VNM-S-001:substation:way:1273527210", "edgeType": "site_to_substation", "distanceKm": 1.172, "rank": 3.0, "withinThreshold": true, "metadataScore": 0.636, "voltageCompatible": null, "projectId": "VNM-S-001", "countryCode": "VNM" }, "geometry": { "type": "LineString", "coordinates": [ [ 109.0268, 11.68597 ], [ 109.02890726727324, 11.6987908 ] ] } },
{ "type": "Feature", "properties": { "edgeId": "VNM-S-001:site->VNM-S-001:transmission_segment:way:931979268:site_to_transmission", "sourceNodeId": "VNM-S-001:site", "targetNodeId": "VNM-S-001:transmission_segment:way:931979268", "edgeType": "site_to_transmission", "distanceKm": 0.115, "rank": 1.0, "withinThreshold": true, "metadataScore": 0.769, "voltageCompatible": null, "projectId": "VNM-S-001", "countryCode": "VNM" }, "geometry": { "type": "LineString", "coordinates": [ [ 109.0268, 11.68597 ], [ 109.0130961, 11.6885488 ] ] } },
{ "type": "Feature", "properties": { "edgeId": "VNM-S-001:site->VNM-S-001:transmission_segment:way:1273527211:site_to_transmission", "sourceNodeId": "VNM-S-001:site", "targetNodeId": "VNM-S-001:transmission_segment:way:1273527211", "edgeType": "site_to_transmission", "distanceKm": 0.136, "rank": 2.0, "withinThreshold": true, "metadataScore": 0.762, "voltageCompatible": null, "projectId": "VNM-S-001", "countryCode": "VNM" }, "geometry": { "type": "LineString", "coordinates": [ [ 109.0268, 11.68597 ], [ 109.026145, 11.6929614 ] ] } },
{ "type": "Feature", "properties": { "edgeId": "VNM-S-001:site->VNM-S-001:transmission_segment:way:1318441707:site_to_transmission", "sourceNodeId": "VNM-S-001:site", "targetNodeId": "VNM-S-001:transmission_segment:way:1318441707", "edgeType": "site_to_transmission", "distanceKm": 0.162, "rank": 3.0, "withinThreshold": true, "metadataScore": 0.839, "voltageCompatible": null, "projectId": "VNM-S-001", "countryCode": "VNM" }, "geometry": { "type": "LineString", "coordinates": [ [ 109.0268, 11.68597 ], [ 108.9958146, 11.6804325 ] ] } },
{ "type": "Feature", "properties": { "edgeId": "VNM-S-001:substation:way:549038673->VNM-S-001:transmission_segment:way:931979268:substation_to_transmission", "sourceNodeId": "VNM-S-001:substation:way:549038673", "targetNodeId": "VNM-S-001:transmission_segment:way:931979268", "edgeType": "substation_to_transmission", "distanceKm": 0.0, "rank": null, "withinThreshold": true, "metadataScore": 0.885, "voltageCompatible": "True", "projectId": "VNM-S-001", "countryCode": "VNM" }, "geometry": { "type": "LineString", "coordinates": [ [ 109.026733898305224, 11.6855232 ], [ 109.0130961, 11.6885488 ] ] } },
{ "type": "Feature", "properties": { "edgeId": "VNM-S-001:substation:way:549038673->VNM-S-001:transmission_segment:way:1273527211:substation_to_transmission", "sourceNodeId": "VNM-S-001:substation:way:549038673", "targetNodeId": "VNM-S-001:transmission_segment:way:1273527211", "edgeType": "substation_to_transmission", "distanceKm": 0.0, "rank": null, "withinThreshold": true, "metadataScore": 0.881, "voltageCompatible": "True", "projectId": "VNM-S-001", "countryCode": "VNM" }, "geometry": { "type": "LineString", "coordinates": [ [ 109.026733898305224, 11.6855232 ], [ 109.026145, 11.6929614 ] ] } },
{ "type": "Feature", "properties": { "edgeId": "VNM-S-001:substation:way:549038673->VNM-S-001:transmission_segment:way:1318441707:substation_to_transmission", "sourceNodeId": "VNM-S-001:substation:way:549038673", "targetNodeId": "VNM-S-001:transmission_segment:way:1318441707", "edgeType": "substation_to_transmission", "distanceKm": 0.0, "rank": null, "withinThreshold": true, "metadataScore": 0.919, "voltageCompatible": "True", "projectId": "VNM-S-001", "countryCode": "VNM" }, "geometry": { "type": "LineString", "coordinates": [ [ 109.026733898305224, 11.6855232 ], [ 108.9958146, 11.6804325 ] ] } },
{ "type": "Feature", "properties": { "edgeId": "VNM-S-001:substation:way:549038673->VNM-S-001:transmission_segment:way:1273527221:substation_to_transmission", "sourceNodeId": "VNM-S-001:substation:way:549038673", "targetNodeId": "VNM-S-001:transmission_segment:way:1273527221", "edgeType": "substation_to_transmission", "distanceKm": 0.0, "rank": null, "withinThreshold": true, "metadataScore": 0.919, "voltageCompatible": "True", "projectId": "VNM-S-001", "countryCode": "VNM" }, "geometry": { "type": "LineString", "coordinates": [ [ 109.026733898305224, 11.6855232 ], [ 108.9505282, 11.6784021 ] ] } },
{ "type": "Feature", "properties": { "edgeId": "VNM-S-001:substation:way:549038673->VNM-S-001:transmission_segment:way:1273527207:substation_to_transmission", "sourceNodeId": "VNM-S-001:substation:way:549038673", "targetNodeId": "VNM-S-001:transmission_segment:way:1273527207", "edgeType": "substation_to_transmission", "distanceKm": 0.0, "rank": null, "withinThreshold": true, "metadataScore": 0.805, "voltageCompatible": "True", "projectId": "VNM-S-001", "countryCode": "VNM" }, "geometry": { "type": "LineString", "coordinates": [ [ 109.026733898305224, 11.6855232 ], [ 109.0266509, 11.6922435 ] ] } },
{ "type": "Feature", "properties": { "edgeId": "VNM-S-001:substation:way:549038673->VNM-S-001:transmission_segment:way:1273527206:substation_to_transmission", "sourceNodeId": "VNM-S-001:substation:way:549038673", "targetNodeId": "VNM-S-001:transmission_segment:way:1273527206", "edgeType": "substation_to_transmission", "distanceKm": 0.0, "rank": null, "withinThreshold": true, "metadataScore": 0.728, "voltageCompatible": "True", "projectId": "VNM-S-001", "countryCode": "VNM" }, "geometry": { "type": "LineString", "coordinates": [ [ 109.026733898305224, 11.6855232 ], [ 108.9967427, 11.6347431 ] ] } },
{ "type": "Feature", "properties": { "edgeId": "VNM-S-001:substation:way:549038673->VNM-S-001:transmission_segment:way:1320783799:substation_to_transmission", "sourceNodeId": "VNM-S-001:substation:way:549038673", "targetNodeId": "VNM-S-001:transmission_segment:way:1320783799", "edgeType": "substation_to_transmission", "distanceKm": 0.0, "rank": null, "withinThreshold": true, "metadataScore": 0.728, "voltageCompatible": "True", "projectId": "VNM-S-001", "countryCode": "VNM" }, "geometry": { "type": "LineString", "coordinates": [ [ 109.026733898305224, 11.6855232 ], [ 109.027226, 11.6841833 ] ] } },
{ "type": "Feature", "properties": { "edgeId": "VNM-S-001:substation:way:1273527205->VNM-S-001:transmission_segment:way:1273527206:substation_to_transmission", "sourceNodeId": "VNM-S-001:substation:way:1273527205", "targetNodeId": "VNM-S-001:transmission_segment:way:1273527206", "edgeType": "substation_to_transmission", "distanceKm": 0.029, "rank": null, "withinThreshold": true, "metadataScore": 0.609, "voltageCompatible": "True", "projectId": "VNM-S-001", "countryCode": "VNM" }, "geometry": { "type": "LineString", "coordinates": [ [ 109.032152872612045, 11.68165785 ], [ 108.9967427, 11.6347431 ] ] } },
{ "type": "Feature", "properties": { "edgeId": "VNM-S-001:substation:way:1273527205->VNM-S-001:transmission_segment:way:1320783799:substation_to_transmission", "sourceNodeId": "VNM-S-001:substation:way:1273527205", "targetNodeId": "VNM-S-001:transmission_segment:way:1320783799", "edgeType": "substation_to_transmission", "distanceKm": 0.045, "rank": null, "withinThreshold": true, "metadataScore": 0.609, "voltageCompatible": "True", "projectId": "VNM-S-001", "countryCode": "VNM" }, "geometry": { "type": "LineString", "coordinates": [ [ 109.032152872612045, 11.68165785 ], [ 109.027226, 11.6841833 ] ] } },
{ "type": "Feature", "properties": { "edgeId": "VNM-S-001:substation:way:1273527205->VNM-S-001:transmission_segment:way:1320783797:substation_to_transmission", "sourceNodeId": "VNM-S-001:substation:way:1273527205", "targetNodeId": "VNM-S-001:transmission_segment:way:1320783797", "edgeType": "substation_to_transmission", "distanceKm": 0.216, "rank": null, "withinThreshold": true, "metadataScore": 0.574, "voltageCompatible": "True", "projectId": "VNM-S-001", "countryCode": "VNM" }, "geometry": { "type": "LineString", "coordinates": [ [ 109.032152872612045, 11.68165785 ], [ 109.0553033, 11.7007148 ] ] } },
{ "type": "Feature", "properties": { "edgeId": "VNM-S-001:substation:way:1273527210->VNM-S-001:transmission_segment:way:1273527211:substation_to_transmission", "sourceNodeId": "VNM-S-001:substation:way:1273527210", "targetNodeId": "VNM-S-001:transmission_segment:way:1273527211", "edgeType": "substation_to_transmission", "distanceKm": 0.0, "rank": null, "withinThreshold": true, "metadataScore": 0.699, "voltageCompatible": "True", "projectId": "VNM-S-001", "countryCode": "VNM" }, "geometry": { "type": "LineString", "coordinates": [ [ 109.02890726727324, 11.6987908 ], [ 109.026145, 11.6929614 ] ] } },
{ "type": "Feature", "properties": { "edgeId": "VNM-S-001:substation:way:1273527210->VNM-S-001:transmission_segment:way:1273527207:substation_to_transmission", "sourceNodeId": "VNM-S-001:substation:way:1273527210", "targetNodeId": "VNM-S-001:transmission_segment:way:1273527207", "edgeType": "substation_to_transmission", "distanceKm": 0.024, "rank": null, "withinThreshold": true, "metadataScore": 0.613, "voltageCompatible": "True", "projectId": "VNM-S-001", "countryCode": "VNM" }, "geometry": { "type": "LineString", "coordinates": [ [ 109.02890726727324, 11.6987908 ], [ 109.0266509, 11.6922435 ] ] } },
{ "type": "Feature", "properties": { "edgeId": "VNM-S-001:substation:way:1273527210->VNM-S-001:transmission_segment:way:1273527208:substation_to_transmission", "sourceNodeId": "VNM-S-001:substation:way:1273527210", "targetNodeId": "VNM-S-001:transmission_segment:way:1273527208", "edgeType": "substation_to_transmission", "distanceKm": 0.0, "rank": null, "withinThreshold": true, "metadataScore": 0.585, "voltageCompatible": "True", "projectId": "VNM-S-001", "countryCode": "VNM" }, "geometry": { "type": "LineString", "coordinates": [ [ 109.02890726727324, 11.6987908 ], [ 109.0290626, 11.6979373 ] ] } },
{ "type": "Feature", "properties": { "edgeId": "VNM-S-001:substation:way:1273527210->VNM-S-001:transmission_segment:way:1273527209:substation_to_transmission", "sourceNodeId": "VNM-S-001:substation:way:1273527210", "targetNodeId": "VNM-S-001:transmission_segment:way:1273527209", "edgeType": "substation_to_transmission", "distanceKm": 0.0, "rank": null, "withinThreshold": true, "metadataScore": 0.585, "voltageCompatible": "True", "projectId": "VNM-S-001", "countryCode": "VNM" }, "geometry": { "type": "LineString", "coordinates": [ [ 109.02890726727324, 11.6987908 ], [ 109.0290626, 11.6979373 ] ] } },
{ "type": "Feature", "properties": { "edgeId": "VNM-S-001:substation:way:1091782693->VNM-S-001:transmission_segment:way:1318441707:substation_to_transmission", "sourceNodeId": "VNM-S-001:substation:way:1091782693", "targetNodeId": "VNM-S-001:transmission_segment:way:1318441707", "edgeType": "substation_to_transmission", "distanceKm": 0.023, "rank": null, "withinThreshold": true, "metadataScore": 0.909, "voltageCompatible": "True", "projectId": "VNM-S-001", "countryCode": "VNM" }, "geometry": { "type": "LineString", "coordinates": [ [ 109.003716735648908, 11.6851506 ], [ 108.9958146, 11.6804325 ] ] } },
{ "type": "Feature", "properties": { "edgeId": "VNM-S-001:substation:way:1091782693->VNM-S-001:transmission_segment:way:1273527221:substation_to_transmission", "sourceNodeId": "VNM-S-001:substation:way:1091782693", "targetNodeId": "VNM-S-001:transmission_segment:way:1273527221", "edgeType": "substation_to_transmission", "distanceKm": 0.061, "rank": null, "withinThreshold": true, "metadataScore": 0.894, "voltageCompatible": "True", "projectId": "VNM-S-001", "countryCode": "VNM" }, "geometry": { "type": "LineString", "coordinates": [ [ 109.003716735648908, 11.6851506 ], [ 108.9505282, 11.6784021 ] ] } },
{ "type": "Feature", "properties": { "edgeId": "VNM-S-001:substation:way:1091782693->VNM-S-001:transmission_segment:way:1273527213:substation_to_transmission", "sourceNodeId": "VNM-S-001:substation:way:1091782693", "targetNodeId": "VNM-S-001:transmission_segment:way:1273527213", "edgeType": "substation_to_transmission", "distanceKm": 0.0, "rank": null, "withinThreshold": true, "metadataScore": 0.919, "voltageCompatible": "True", "projectId": "VNM-S-001", "countryCode": "VNM" }, "geometry": { "type": "LineString", "coordinates": [ [ 109.003716735648908, 11.6851506 ], [ 109.0040058, 11.6845514 ] ] } },
{ "type": "Feature", "properties": { "edgeId": "VNM-S-001:substation:way:931979222->VNM-S-001:transmission_segment:way:1273527202:substation_to_transmission", "sourceNodeId": "VNM-S-001:substation:way:931979222", "targetNodeId": "VNM-S-001:transmission_segment:way:1273527202", "edgeType": "substation_to_transmission", "distanceKm": 0.116, "rank": null, "withinThreshold": true, "metadataScore": 0.651, "voltageCompatible": "True", "projectId": "VNM-S-001", "countryCode": "VNM" }, "geometry": { "type": "LineString", "coordinates": [ [ 109.059147406130378, 11.66800675 ], [ 109.0606926, 11.6832476 ] ] } },
{ "type": "Feature", "properties": { "edgeId": "VNM-S-001:substation:way:931979222->VNM-S-001:transmission_segment:way:1273527204:substation_to_transmission", "sourceNodeId": "VNM-S-001:substation:way:931979222", "targetNodeId": "VNM-S-001:transmission_segment:way:1273527204", "edgeType": "substation_to_transmission", "distanceKm": 0.0, "rank": null, "withinThreshold": true, "metadataScore": 0.657, "voltageCompatible": "True", "projectId": "VNM-S-001", "countryCode": "VNM" }, "geometry": { "type": "LineString", "coordinates": [ [ 109.059147406130378, 11.66800675 ], [ 109.0592938, 11.6679601 ] ] } },
{ "type": "Feature", "properties": { "edgeId": "VNM-S-001:substation:way:931979222->VNM-S-001:transmission_segment:way:1273527203:substation_to_transmission", "sourceNodeId": "VNM-S-001:substation:way:931979222", "targetNodeId": "VNM-S-001:transmission_segment:way:1273527203", "edgeType": "substation_to_transmission", "distanceKm": 0.0, "rank": null, "withinThreshold": true, "metadataScore": 0.657, "voltageCompatible": "True", "projectId": "VNM-S-001", "countryCode": "VNM" }, "geometry": { "type": "LineString", "coordinates": [ [ 109.059147406130378, 11.66800675 ], [ 109.0593367, 11.6677671 ] ] } },
{ "type": "Feature", "properties": { "edgeId": "VNM-S-001:substation:way:931979222->VNM-S-001:transmission_segment:way:1273527200:substation_to_transmission", "sourceNodeId": "VNM-S-001:substation:way:931979222", "targetNodeId": "VNM-S-001:transmission_segment:way:1273527200", "edgeType": "substation_to_transmission", "distanceKm": 0.0, "rank": null, "withinThreshold": true, "metadataScore": 0.696, "voltageCompatible": "True", "projectId": "VNM-S-001", "countryCode": "VNM" }, "geometry": { "type": "LineString", "coordinates": [ [ 109.059147406130378, 11.66800675 ], [ 109.0594795, 11.6679076 ] ] } },
{ "type": "Feature", "properties": { "edgeId": "VNM-S-001:substation:way:931979222->VNM-S-001:transmission_segment:way:1273527201:substation_to_transmission", "sourceNodeId": "VNM-S-001:substation:way:931979222", "targetNodeId": "VNM-S-001:transmission_segment:way:1273527201", "edgeType": "substation_to_transmission", "distanceKm": 0.113, "rank": null, "withinThreshold": true, "metadataScore": 0.651, "voltageCompatible": "True", "projectId": "VNM-S-001", "countryCode": "VNM" }, "geometry": { "type": "LineString", "coordinates": [ [ 109.059147406130378, 11.66800675 ], [ 109.0580422, 11.6544713 ] ] } },
{ "type": "Feature", "properties": { "edgeId": "VNM-S-001:substation:way:1273527199->VNM-S-001:transmission_segment:way:1273527201:substation_to_transmission", "sourceNodeId": "VNM-S-001:substation:way:1273527199", "targetNodeId": "VNM-S-001:transmission_segment:way:1273527201", "edgeType": "substation_to_transmission", "distanceKm": 0.044, "rank": null, "withinThreshold": true, "metadataScore": 0.685, "voltageCompatible": "True", "projectId": "VNM-S-001", "countryCode": "VNM" }, "geometry": { "type": "LineString", "coordinates": [ [ 109.05119095, 11.6422986 ], [ 109.0580422, 11.6544713 ] ] } },
{ "type": "Feature", "properties": { "edgeId": "VNM-S-001:substation:way:1273527199->VNM-S-001:transmission_segment:way:1273527196:substation_to_transmission", "sourceNodeId": "VNM-S-001:substation:way:1273527199", "targetNodeId": "VNM-S-001:transmission_segment:way:1273527196", "edgeType": "substation_to_transmission", "distanceKm": 0.043, "rank": null, "withinThreshold": true, "metadataScore": 0.647, "voltageCompatible": "True", "projectId": "VNM-S-001", "countryCode": "VNM" }, "geometry": { "type": "LineString", "coordinates": [ [ 109.05119095, 11.6422986 ], [ 109.0515147, 11.6429277 ] ] } },
{ "type": "Feature", "properties": { "edgeId": "VNM-S-001:substation:way:1273527199->VNM-S-001:transmission_segment:way:1273527197:substation_to_transmission", "sourceNodeId": "VNM-S-001:substation:way:1273527199", "targetNodeId": "VNM-S-001:transmission_segment:way:1273527197", "edgeType": "substation_to_transmission", "distanceKm": 0.0, "rank": null, "withinThreshold": true, "metadataScore": 0.657, "voltageCompatible": "True", "projectId": "VNM-S-001", "countryCode": "VNM" }, "geometry": { "type": "LineString", "coordinates": [ [ 109.05119095, 11.6422986 ], [ 109.0515147, 11.6429277 ] ] } },
{ "type": "Feature", "properties": { "edgeId": "VNM-S-001:substation:way:1273527199->VNM-S-001:transmission_segment:way:1273527198:substation_to_transmission", "sourceNodeId": "VNM-S-001:substation:way:1273527199", "targetNodeId": "VNM-S-001:transmission_segment:way:1273527198", "edgeType": "substation_to_transmission", "distanceKm": 0.0, "rank": null, "withinThreshold": true, "metadataScore": 0.657, "voltageCompatible": "True", "projectId": "VNM-S-001", "countryCode": "VNM" }, "geometry": { "type": "LineString", "coordinates": [ [ 109.05119095, 11.6422986 ], [ 109.0517132, 11.6428331 ] ] } },
{ "type": "Feature", "properties": { "edgeId": "VNM-S-001:substation:way:1273527195->VNM-S-001:transmission_segment:way:1273527192:substation_to_transmission", "sourceNodeId": "VNM-S-001:substation:way:1273527195", "targetNodeId": "VNM-S-001:transmission_segment:way:1273527192", "edgeType": "substation_to_transmission", "distanceKm": 0.016, "rank": null, "withinThreshold": true, "metadataScore": 0.619, "voltageCompatible": "True", "projectId": "VNM-S-001", "countryCode": "VNM" }, "geometry": { "type": "LineString", "coordinates": [ [ 109.063925874577379, 11.73400705 ], [ 109.0617587, 11.7312551 ] ] } },
{ "type": "Feature", "properties": { "edgeId": "VNM-S-001:substation:way:1273527195->VNM-S-001:transmission_segment:way:1273527194:substation_to_transmission", "sourceNodeId": "VNM-S-001:substation:way:1273527195", "targetNodeId": "VNM-S-001:transmission_segment:way:1273527194", "edgeType": "substation_to_transmission", "distanceKm": 0.0, "rank": null, "withinThreshold": true, "metadataScore": 0.657, "voltageCompatible": "True", "projectId": "VNM-S-001", "countryCode": "VNM" }, "geometry": { "type": "LineString", "coordinates": [ [ 109.063925874577379, 11.73400705 ], [ 109.0638187, 11.7342036 ] ] } },
{ "type": "Feature", "properties": { "edgeId": "VNM-S-001:substation:way:1273527195->VNM-S-001:transmission_segment:way:1273527193:substation_to_transmission", "sourceNodeId": "VNM-S-001:substation:way:1273527195", "targetNodeId": "VNM-S-001:transmission_segment:way:1273527193", "edgeType": "substation_to_transmission", "distanceKm": 0.0, "rank": null, "withinThreshold": true, "metadataScore": 0.657, "voltageCompatible": "True", "projectId": "VNM-S-001", "countryCode": "VNM" }, "geometry": { "type": "LineString", "coordinates": [ [ 109.063925874577379, 11.73400705 ], [ 109.0640279, 11.7342102 ] ] } },
{ "type": "Feature", "properties": { "edgeId": "VNM-S-001:substation:way:1273527212->VNM-S-001:transmission_segment:way:1318441707:substation_to_transmission", "sourceNodeId": "VNM-S-001:substation:way:1273527212", "targetNodeId": "VNM-S-001:transmission_segment:way:1318441707", "edgeType": "substation_to_transmission", "distanceKm": 0.035, "rank": null, "withinThreshold": true, "metadataScore": 0.728, "voltageCompatible": "True", "projectId": "VNM-S-001", "countryCode": "VNM" }, "geometry": { "type": "LineString", "coordinates": [ [ 108.962159474731337, 11.6822136 ], [ 108.9958146, 11.6804325 ] ] } },
{ "type": "Feature", "properties": { "edgeId": "VNM-S-001:substation:way:1273527212->VNM-S-001:transmission_segment:way:1466077629:substation_to_transmission", "sourceNodeId": "VNM-S-001:substation:way:1273527212", "targetNodeId": "VNM-S-001:transmission_segment:way:1466077629", "edgeType": "substation_to_transmission", "distanceKm": 0.0, "rank": null, "withinThreshold": true, "metadataScore": 0.699, "voltageCompatible": "True", "projectId": "VNM-S-001", "countryCode": "VNM" }, "geometry": { "type": "LineString", "coordinates": [ [ 108.962159474731337, 11.6822136 ], [ 108.9616084, 11.68147 ] ] } },
{ "type": "Feature", "properties": { "edgeId": "VNM-S-001:substation:way:1273527212->VNM-S-001:transmission_segment:way:1466077628:substation_to_transmission", "sourceNodeId": "VNM-S-001:substation:way:1273527212", "targetNodeId": "VNM-S-001:transmission_segment:way:1466077628", "edgeType": "substation_to_transmission", "distanceKm": 0.0, "rank": null, "withinThreshold": true, "metadataScore": 0.699, "voltageCompatible": "True", "projectId": "VNM-S-001", "countryCode": "VNM" }, "geometry": { "type": "LineString", "coordinates": [ [ 108.962159474731337, 11.6822136 ], [ 108.9616084, 11.68147 ] ] } },
{ "type": "Feature", "properties": { "edgeId": "VNM-S-001:substation:way:1273527212->VNM-S-001:transmission_segment:way:549039425:substation_to_transmission", "sourceNodeId": "VNM-S-001:substation:way:1273527212", "targetNodeId": "VNM-S-001:transmission_segment:way:549039425", "edgeType": "substation_to_transmission", "distanceKm": 0.03, "rank": null, "withinThreshold": true, "metadataScore": 0.728, "voltageCompatible": "True", "projectId": "VNM-S-001", "countryCode": "VNM" }, "geometry": { "type": "LineString", "coordinates": [ [ 108.962159474731337, 11.6822136 ], [ 108.9200449, 11.7517609 ] ] } },
{ "type": "Feature", "properties": { "edgeId": "VNM-S-001:substation:way:1273527191->VNM-S-001:transmission_segment:way:1320783797:substation_to_transmission", "sourceNodeId": "VNM-S-001:substation:way:1273527191", "targetNodeId": "VNM-S-001:transmission_segment:way:1320783797", "edgeType": "substation_to_transmission", "distanceKm": 0.014, "rank": null, "withinThreshold": true, "metadataScore": 0.619, "voltageCompatible": "True", "projectId": "VNM-S-001", "countryCode": "VNM" }, "geometry": { "type": "LineString", "coordinates": [ [ 109.062931266088199, 11.7407046 ], [ 109.0553033, 11.7007148 ] ] } },
{ "type": "Feature", "properties": { "edgeId": "VNM-S-001:substation:way:1273527191->VNM-S-001:transmission_segment:way:1273527189:substation_to_transmission", "sourceNodeId": "VNM-S-001:substation:way:1273527191", "targetNodeId": "VNM-S-001:transmission_segment:way:1273527189", "edgeType": "substation_to_transmission", "distanceKm": 0.0, "rank": null, "withinThreshold": true, "metadataScore": 0.657, "voltageCompatible": "True", "projectId": "VNM-S-001", "countryCode": "VNM" }, "geometry": { "type": "LineString", "coordinates": [ [ 109.062931266088199, 11.7407046 ], [ 109.0634251, 11.7406435 ] ] } },
{ "type": "Feature", "properties": { "edgeId": "VNM-S-001:substation:way:1273527191->VNM-S-001:transmission_segment:way:1273527190:substation_to_transmission", "sourceNodeId": "VNM-S-001:substation:way:1273527191", "targetNodeId": "VNM-S-001:transmission_segment:way:1273527190", "edgeType": "substation_to_transmission", "distanceKm": 0.0, "rank": null, "withinThreshold": true, "metadataScore": 0.657, "voltageCompatible": "True", "projectId": "VNM-S-001", "countryCode": "VNM" }, "geometry": { "type": "LineString", "coordinates": [ [ 109.062931266088199, 11.7407046 ], [ 109.0634251, 11.7406435 ] ] } },
{ "type": "Feature", "properties": { "edgeId": "VNM-S-001:substation:way:1273527191->VNM-S-001:transmission_segment:way:1273527188:substation_to_transmission", "sourceNodeId": "VNM-S-001:substation:way:1273527191", "targetNodeId": "VNM-S-001:transmission_segment:way:1273527188", "edgeType": "substation_to_transmission", "distanceKm": 0.015, "rank": null, "withinThreshold": true, "metadataScore": 0.619, "voltageCompatible": "True", "projectId": "VNM-S-001", "countryCode": "VNM" }, "geometry": { "type": "LineString", "coordinates": [ [ 109.062931266088199, 11.7407046 ], [ 109.0709393, 11.7567328 ] ] } },
{ "type": "Feature", "properties": { "edgeId": "VNM-S-002:site->VNM-S-002:road_segment:way:128777471:site_to_road", "sourceNodeId": "VNM-S-002:site", "targetNodeId": "VNM-S-002:road_segment:way:128777471", "edgeType": "site_to_road", "distanceKm": 1.839, "rank": 1.0, "withinThreshold": true, "metadataScore": null, "voltageCompatible": null, "projectId": "VNM-S-002", "countryCode": "VNM" }, "geometry": { "type": "LineString", "coordinates": [ [ 106.2132, 11.45169 ], [ 106.2187554, 11.4424081 ] ] } },
{ "type": "Feature", "properties": { "edgeId": "VNM-S-002:site->VNM-S-002:settlement:node:12013438546:site_to_settlement", "sourceNodeId": "VNM-S-002:site", "targetNodeId": "VNM-S-002:settlement:node:12013438546", "edgeType": "site_to_settlement", "distanceKm": 5.111, "rank": 1.0, "withinThreshold": true, "metadataScore": null, "voltageCompatible": null, "projectId": "VNM-S-002", "countryCode": "VNM" }, "geometry": { "type": "LineString", "coordinates": [ [ 106.2132, 11.45169 ], [ 106.2592229, 11.4884483 ] ] } },
{ "type": "Feature", "properties": { "edgeId": "VNM-S-002:site->VNM-S-002:substation:way:775832889:site_to_substation", "sourceNodeId": "VNM-S-002:site", "targetNodeId": "VNM-S-002:substation:way:775832889", "edgeType": "site_to_substation", "distanceKm": 3.851, "rank": 1.0, "withinThreshold": true, "metadataScore": 0.94, "voltageCompatible": null, "projectId": "VNM-S-002", "countryCode": "VNM" }, "geometry": { "type": "LineString", "coordinates": [ [ 106.2132, 11.45169 ], [ 106.199072933991729, 11.46371565 ] ] } },
{ "type": "Feature", "properties": { "edgeId": "VNM-S-002:site->VNM-S-002:substation:way:1192103470:site_to_substation", "sourceNodeId": "VNM-S-002:site", "targetNodeId": "VNM-S-002:substation:way:1192103470", "edgeType": "site_to_substation", "distanceKm": 4.069, "rank": 2.0, "withinThreshold": true, "metadataScore": 0.31, "voltageCompatible": null, "projectId": "VNM-S-002", "countryCode": "VNM" }, "geometry": { "type": "LineString", "coordinates": [ [ 106.2132, 11.45169 ], [ 106.260180701519303, 11.4753326 ] ] } },
{ "type": "Feature", "properties": { "edgeId": "VNM-S-002:site->VNM-S-002:substation:way:1192103454:site_to_substation", "sourceNodeId": "VNM-S-002:site", "targetNodeId": "VNM-S-002:substation:way:1192103454", "edgeType": "site_to_substation", "distanceKm": 9.283, "rank": 3.0, "withinThreshold": true, "metadataScore": 0.836, "voltageCompatible": null, "projectId": "VNM-S-002", "countryCode": "VNM" }, "geometry": { "type": "LineString", "coordinates": [ [ 106.2132, 11.45169 ], [ 106.164448799600251, 11.50041455 ] ] } },
{ "type": "Feature", "properties": { "edgeId": "VNM-S-002:site->VNM-S-002:transmission_segment:way:1192103453:site_to_transmission", "sourceNodeId": "VNM-S-002:site", "targetNodeId": "VNM-S-002:transmission_segment:way:1192103453", "edgeType": "site_to_transmission", "distanceKm": 2.519, "rank": 1.0, "withinThreshold": true, "metadataScore": 0.576, "voltageCompatible": null, "projectId": "VNM-S-002", "countryCode": "VNM" }, "geometry": { "type": "LineString", "coordinates": [ [ 106.2132, 11.45169 ], [ 106.2091699, 11.4878918 ] ] } },
{ "type": "Feature", "properties": { "edgeId": "VNM-S-002:site->VNM-S-002:transmission_segment:way:1051605924:site_to_transmission", "sourceNodeId": "VNM-S-002:site", "targetNodeId": "VNM-S-002:transmission_segment:way:1051605924", "edgeType": "site_to_transmission", "distanceKm": 2.579, "rank": 2.0, "withinThreshold": true, "metadataScore": 0.779, "voltageCompatible": null, "projectId": "VNM-S-002", "countryCode": "VNM" }, "geometry": { "type": "LineString", "coordinates": [ [ 106.2132, 11.45169 ], [ 106.3988797, 11.6085126 ] ] } },
{ "type": "Feature", "properties": { "edgeId": "VNM-S-002:site->VNM-S-002:transmission_segment:way:1051605922:site_to_transmission", "sourceNodeId": "VNM-S-002:site", "targetNodeId": "VNM-S-002:transmission_segment:way:1051605922", "edgeType": "site_to_transmission", "distanceKm": 2.584, "rank": 3.0, "withinThreshold": true, "metadataScore": 0.849, "voltageCompatible": null, "projectId": "VNM-S-002", "countryCode": "VNM" }, "geometry": { "type": "LineString", "coordinates": [ [ 106.2132, 11.45169 ], [ 106.2082125, 11.4608747 ] ] } },
{ "type": "Feature", "properties": { "edgeId": "VNM-S-002:substation:way:775832889->VNM-S-002:transmission_segment:way:1192103432:substation_to_transmission", "sourceNodeId": "VNM-S-002:substation:way:775832889", "targetNodeId": "VNM-S-002:transmission_segment:way:1192103432", "edgeType": "substation_to_transmission", "distanceKm": 0.026, "rank": null, "withinThreshold": true, "metadataScore": 0.833, "voltageCompatible": "True", "projectId": "VNM-S-002", "countryCode": "VNM" }, "geometry": { "type": "LineString", "coordinates": [ [ 106.199072933991729, 11.46371565 ], [ 106.1996788, 11.4630595 ] ] } },
{ "type": "Feature", "properties": { "edgeId": "VNM-S-002:substation:way:775832889->VNM-S-002:transmission_segment:way:1192103435:substation_to_transmission", "sourceNodeId": "VNM-S-002:substation:way:775832889", "targetNodeId": "VNM-S-002:transmission_segment:way:1192103435", "edgeType": "substation_to_transmission", "distanceKm": 0.0, "rank": null, "withinThreshold": true, "metadataScore": 0.843, "voltageCompatible": "True", "projectId": "VNM-S-002", "countryCode": "VNM" }, "geometry": { "type": "LineString", "coordinates": [ [ 106.199072933991729, 11.46371565 ], [ 106.2000972, 11.4639059 ] ] } },
{ "type": "Feature", "properties": { "edgeId": "VNM-S-002:substation:way:775832889->VNM-S-002:transmission_segment:way:1192103434:substation_to_transmission", "sourceNodeId": "VNM-S-002:substation:way:775832889", "targetNodeId": "VNM-S-002:transmission_segment:way:1192103434", "edgeType": "substation_to_transmission", "distanceKm": 0.0, "rank": null, "withinThreshold": true, "metadataScore": 0.843, "voltageCompatible": "True", "projectId": "VNM-S-002", "countryCode": "VNM" }, "geometry": { "type": "LineString", "coordinates": [ [ 106.199072933991729, 11.46371565 ], [ 106.1996169, 11.4639158 ] ] } },
{ "type": "Feature", "properties": { "edgeId": "VNM-S-002:substation:way:775832889->VNM-S-002:transmission_segment:way:1192103433:substation_to_transmission", "sourceNodeId": "VNM-S-002:substation:way:775832889", "targetNodeId": "VNM-S-002:transmission_segment:way:1192103433", "edgeType": "substation_to_transmission", "distanceKm": 0.0, "rank": null, "withinThreshold": true, "metadataScore": 0.843, "voltageCompatible": "True", "projectId": "VNM-S-002", "countryCode": "VNM" }, "geometry": { "type": "LineString", "coordinates": [ [ 106.199072933991729, 11.46371565 ], [ 106.1996788, 11.4630595 ] ] } },
{ "type": "Feature", "properties": { "edgeId": "VNM-S-002:substation:way:775832889->VNM-S-002:transmission_segment:way:1192103439:substation_to_transmission", "sourceNodeId": "VNM-S-002:substation:way:775832889", "targetNodeId": "VNM-S-002:transmission_segment:way:1192103439", "edgeType": "substation_to_transmission", "distanceKm": 0.0, "rank": null, "withinThreshold": true, "metadataScore": 0.56, "voltageCompatible": "True", "projectId": "VNM-S-002", "countryCode": "VNM" }, "geometry": { "type": "LineString", "coordinates": [ [ 106.199072933991729, 11.46371565 ], [ 106.1990356, 11.4631333 ] ] } },
{ "type": "Feature", "properties": { "edgeId": "VNM-S-002:substation:way:775832889->VNM-S-002:transmission_segment:way:1192103440:substation_to_transmission", "sourceNodeId": "VNM-S-002:substation:way:775832889", "targetNodeId": "VNM-S-002:transmission_segment:way:1192103440", "edgeType": "substation_to_transmission", "distanceKm": 0.0, "rank": null, "withinThreshold": true, "metadataScore": 0.56, "voltageCompatible": "True", "projectId": "VNM-S-002", "countryCode": "VNM" }, "geometry": { "type": "LineString", "coordinates": [ [ 106.199072933991729, 11.46371565 ], [ 106.1991628, 11.4635659 ] ] } },
{ "type": "Feature", "properties": { "edgeId": "VNM-S-002:substation:way:775832889->VNM-S-002:transmission_segment:way:1192103441:substation_to_transmission", "sourceNodeId": "VNM-S-002:substation:way:775832889", "targetNodeId": "VNM-S-002:transmission_segment:way:1192103441", "edgeType": "substation_to_transmission", "distanceKm": 0.0, "rank": null, "withinThreshold": true, "metadataScore": 0.56, "voltageCompatible": "True", "projectId": "VNM-S-002", "countryCode": "VNM" }, "geometry": { "type": "LineString", "coordinates": [ [ 106.199072933991729, 11.46371565 ], [ 106.1991328, 11.464063 ] ] } },
{ "type": "Feature", "properties": { "edgeId": "VNM-S-002:substation:way:775832889->VNM-S-002:transmission_segment:way:1192103442:substation_to_transmission", "sourceNodeId": "VNM-S-002:substation:way:775832889", "targetNodeId": "VNM-S-002:transmission_segment:way:1192103442", "edgeType": "substation_to_transmission", "distanceKm": 0.0, "rank": null, "withinThreshold": true, "metadataScore": 0.56, "voltageCompatible": "True", "projectId": "VNM-S-002", "countryCode": "VNM" }, "geometry": { "type": "LineString", "coordinates": [ [ 106.199072933991729, 11.46371565 ], [ 106.1993803, 11.4643051 ] ] } },
{ "type": "Feature", "properties": { "edgeId": "VNM-S-002:substation:way:775832889->VNM-S-002:transmission_segment:way:1192103445:substation_to_transmission", "sourceNodeId": "VNM-S-002:substation:way:775832889", "targetNodeId": "VNM-S-002:transmission_segment:way:1192103445", "edgeType": "substation_to_transmission", "distanceKm": 0.0, "rank": null, "withinThreshold": true, "metadataScore": 0.56, "voltageCompatible": "True", "projectId": "VNM-S-002", "countryCode": "VNM" }, "geometry": { "type": "LineString", "coordinates": [ [ 106.199072933991729, 11.46371565 ], [ 106.1993162, 11.4635198 ] ] } },
{ "type": "Feature", "properties": { "edgeId": "VNM-S-002:substation:way:775832889->VNM-S-002:transmission_segment:way:1192103446:substation_to_transmission", "sourceNodeId": "VNM-S-002:substation:way:775832889", "targetNodeId": "VNM-S-002:transmission_segment:way:1192103446", "edgeType": "substation_to_transmission", "distanceKm": 0.0, "rank": null, "withinThreshold": true, "metadataScore": 0.56, "voltageCompatible": "True", "projectId": "VNM-S-002", "countryCode": "VNM" }, "geometry": { "type": "LineString", "coordinates": [ [ 106.199072933991729, 11.46371565 ], [ 106.1991628, 11.4635659 ] ] } },
{ "type": "Feature", "properties": { "edgeId": "VNM-S-002:substation:way:775832889->VNM-S-002:transmission_segment:way:1192103444:substation_to_transmission", "sourceNodeId": "VNM-S-002:substation:way:775832889", "targetNodeId": "VNM-S-002:transmission_segment:way:1192103444", "edgeType": "substation_to_transmission", "distanceKm": 0.0, "rank": null, "withinThreshold": true, "metadataScore": 0.56, "voltageCompatible": "True", "projectId": "VNM-S-002", "countryCode": "VNM" }, "geometry": { "type": "LineString", "coordinates": [ [ 106.199072933991729, 11.46371565 ], [ 106.1990007, 11.4636145 ] ] } },
{ "type": "Feature", "properties": { "edgeId": "VNM-S-002:substation:way:775832889->VNM-S-002:transmission_segment:way:1192103431:substation_to_transmission", "sourceNodeId": "VNM-S-002:substation:way:775832889", "targetNodeId": "VNM-S-002:transmission_segment:way:1192103431", "edgeType": "substation_to_transmission", "distanceKm": 0.0, "rank": null, "withinThreshold": true, "metadataScore": 0.56, "voltageCompatible": "True", "projectId": "VNM-S-002", "countryCode": "VNM" }, "geometry": { "type": "LineString", "coordinates": [ [ 106.199072933991729, 11.46371565 ], [ 106.1987918, 11.4635545 ] ] } },
{ "type": "Feature", "properties": { "edgeId": "VNM-S-002:substation:way:1192103470->VNM-S-002:transmission_segment:way:1192103453:substation_to_transmission", "sourceNodeId": "VNM-S-002:substation:way:1192103470", "targetNodeId": "VNM-S-002:transmission_segment:way:1192103453", "edgeType": "substation_to_transmission", "distanceKm": 0.0, "rank": null, "withinThreshold": true, "metadataScore": 0.413, "voltageCompatible": "True", "projectId": "VNM-S-002", "countryCode": "VNM" }, "geometry": { "type": "LineString", "coordinates": [ [ 106.260180701519303, 11.4753326 ], [ 106.2091699, 11.4878918 ] ] } },
{ "type": "Feature", "properties": { "edgeId": "VNM-S-002:substation:way:1192103454->VNM-S-002:transmission_segment:way:1192103453:substation_to_transmission", "sourceNodeId": "VNM-S-002:substation:way:1192103454", "targetNodeId": "VNM-S-002:transmission_segment:way:1192103453", "edgeType": "substation_to_transmission", "distanceKm": 0.009, "rank": null, "withinThreshold": true, "metadataScore": 0.811, "voltageCompatible": "True", "projectId": "VNM-S-002", "countryCode": "VNM" }, "geometry": { "type": "LineString", "coordinates": [ [ 106.164448799600251, 11.50041455 ], [ 106.2091699, 11.4878918 ] ] } },
{ "type": "Feature", "properties": { "edgeId": "VNM-S-002:substation:way:1192103454->VNM-S-002:transmission_segment:way:1197924252:substation_to_transmission", "sourceNodeId": "VNM-S-002:substation:way:1192103454", "targetNodeId": "VNM-S-002:transmission_segment:way:1197924252", "edgeType": "substation_to_transmission", "distanceKm": 0.0, "rank": null, "withinThreshold": true, "metadataScore": 0.553, "voltageCompatible": "True", "projectId": "VNM-S-002", "countryCode": "VNM" }, "geometry": { "type": "LineString", "coordinates": [ [ 106.164448799600251, 11.50041455 ], [ 106.1644654, 11.5003007 ] ] } },
{ "type": "Feature", "properties": { "edgeId": "VNM-S-002:substation:way:1192103454->VNM-S-002:transmission_segment:way:1197924253:substation_to_transmission", "sourceNodeId": "VNM-S-002:substation:way:1192103454", "targetNodeId": "VNM-S-002:transmission_segment:way:1197924253", "edgeType": "substation_to_transmission", "distanceKm": 0.0, "rank": null, "withinThreshold": true, "metadataScore": 0.553, "voltageCompatible": "True", "projectId": "VNM-S-002", "countryCode": "VNM" }, "geometry": { "type": "LineString", "coordinates": [ [ 106.164448799600251, 11.50041455 ], [ 106.164482, 11.5004995 ] ] } },
{ "type": "Feature", "properties": { "edgeId": "VNM-S-002:substation:way:1192103454->VNM-S-002:transmission_segment:way:1192103450:substation_to_transmission", "sourceNodeId": "VNM-S-002:substation:way:1192103454", "targetNodeId": "VNM-S-002:transmission_segment:way:1192103450", "edgeType": "substation_to_transmission", "distanceKm": 0.0, "rank": null, "withinThreshold": true, "metadataScore": 0.553, "voltageCompatible": "True", "projectId": "VNM-S-002", "countryCode": "VNM" }, "geometry": { "type": "LineString", "coordinates": [ [ 106.164448799600251, 11.50041455 ], [ 106.1644654, 11.5003007 ] ] } },
{ "type": "Feature", "properties": { "edgeId": "VNM-S-002:substation:way:1192103454->VNM-S-002:transmission_segment:way:1192103449:substation_to_transmission", "sourceNodeId": "VNM-S-002:substation:way:1192103454", "targetNodeId": "VNM-S-002:transmission_segment:way:1192103449", "edgeType": "substation_to_transmission", "distanceKm": 0.0, "rank": null, "withinThreshold": true, "metadataScore": 0.553, "voltageCompatible": "True", "projectId": "VNM-S-002", "countryCode": "VNM" }, "geometry": { "type": "LineString", "coordinates": [ [ 106.164448799600251, 11.50041455 ], [ 106.1643313, 11.5005098 ] ] } },
{ "type": "Feature", "properties": { "edgeId": "VNM-S-002:substation:way:1192103454->VNM-S-002:transmission_segment:way:1192103448:substation_to_transmission", "sourceNodeId": "VNM-S-002:substation:way:1192103454", "targetNodeId": "VNM-S-002:transmission_segment:way:1192103448", "edgeType": "substation_to_transmission", "distanceKm": 0.009, "rank": null, "withinThreshold": true, "metadataScore": 0.811, "voltageCompatible": "True", "projectId": "VNM-S-002", "countryCode": "VNM" }, "geometry": { "type": "LineString", "coordinates": [ [ 106.164448799600251, 11.50041455 ], [ 106.1570052, 11.5190665 ] ] } },
{ "type": "Feature", "properties": { "edgeId": "VNM-S-002:substation:way:1192103454->VNM-S-002:transmission_segment:way:1197924251:substation_to_transmission", "sourceNodeId": "VNM-S-002:substation:way:1192103454", "targetNodeId": "VNM-S-002:transmission_segment:way:1197924251", "edgeType": "substation_to_transmission", "distanceKm": 0.011, "rank": null, "withinThreshold": true, "metadataScore": 0.811, "voltageCompatible": "True", "projectId": "VNM-S-002", "countryCode": "VNM" }, "geometry": { "type": "LineString", "coordinates": [ [ 106.164448799600251, 11.50041455 ], [ 106.1641422, 11.5006291 ] ] } },
{ "type": "Feature", "properties": { "edgeId": "VNM-S-003:site->VNM-S-003:road_segment:way:154993371:site_to_road", "sourceNodeId": "VNM-S-003:site", "targetNodeId": "VNM-S-003:road_segment:way:154993371", "edgeType": "site_to_road", "distanceKm": 0.426, "rank": 1.0, "withinThreshold": true, "metadataScore": null, "voltageCompatible": null, "projectId": "VNM-S-003", "countryCode": "VNM" }, "geometry": { "type": "LineString", "coordinates": [ [ 107.88506, 13.06619 ], [ 107.8875669, 13.0531896 ] ] } },
{ "type": "Feature", "properties": { "edgeId": "VNM-S-003:site->VNM-S-003:settlement:node:12618282838:site_to_settlement", "sourceNodeId": "VNM-S-003:site", "targetNodeId": "VNM-S-003:settlement:node:12618282838", "edgeType": "site_to_settlement", "distanceKm": 0.452, "rank": 1.0, "withinThreshold": true, "metadataScore": null, "voltageCompatible": null, "projectId": "VNM-S-003", "countryCode": "VNM" }, "geometry": { "type": "LineString", "coordinates": [ [ 107.88506, 13.06619 ], [ 107.8892292, 13.0454468 ] ] } },
{ "type": "Feature", "properties": { "edgeId": "VNM-S-003:site->VNM-S-003:transmission_segment:way:1308751335:site_to_transmission", "sourceNodeId": "VNM-S-003:site", "targetNodeId": "VNM-S-003:transmission_segment:way:1308751335", "edgeType": "site_to_transmission", "distanceKm": 6.619, "rank": 1.0, "withinThreshold": true, "metadataScore": 0.563, "voltageCompatible": null, "projectId": "VNM-S-003", "countryCode": "VNM" }, "geometry": { "type": "LineString", "coordinates": [ [ 107.88506, 13.06619 ], [ 107.7700371, 13.2077563 ] ] } },
{ "type": "Feature", "properties": { "edgeId": "VNM-S-003:site->VNM-S-003:transmission_segment:way:1051117553:site_to_transmission", "sourceNodeId": "VNM-S-003:site", "targetNodeId": "VNM-S-003:transmission_segment:way:1051117553", "edgeType": "site_to_transmission", "distanceKm": 10.916, "rank": 2.0, "withinThreshold": true, "metadataScore": 0.599, "voltageCompatible": null, "projectId": "VNM-S-003", "countryCode": "VNM" }, "geometry": { "type": "LineString", "coordinates": [ [ 107.88506, 13.06619 ], [ 107.9902022, 13.0208349 ] ] } },
{ "type": "Feature", "properties": { "edgeId": "VNM-S-003:site->VNM-S-003:transmission_segment:way:1051117552:site_to_transmission", "sourceNodeId": "VNM-S-003:site", "targetNodeId": "VNM-S-003:transmission_segment:way:1051117552", "edgeType": "site_to_transmission", "distanceKm": 11.964, "rank": 3.0, "withinThreshold": true, "metadataScore": 0.522, "voltageCompatible": null, "projectId": "VNM-S-003", "countryCode": "VNM" }, "geometry": { "type": "LineString", "coordinates": [ [ 107.88506, 13.06619 ], [ 107.988802, 13.0968007 ] ] } },
{ "type": "Feature", "properties": { "edgeId": "VNM-S-004:site->VNM-S-004:road_segment:way:232091108:site_to_road", "sourceNodeId": "VNM-S-004:site", "targetNodeId": "VNM-S-004:road_segment:way:232091108", "edgeType": "site_to_road", "distanceKm": 6.02, "rank": 1.0, "withinThreshold": true, "metadataScore": null, "voltageCompatible": null, "projectId": "VNM-S-004", "countryCode": "VNM" }, "geometry": { "type": "LineString", "coordinates": [ [ 109.1558, 13.0489 ], [ 109.1067803, 13.0372886 ] ] } },
{ "type": "Feature", "properties": { "edgeId": "VNM-S-004:site->VNM-S-004:settlement:node:11980539753:site_to_settlement", "sourceNodeId": "VNM-S-004:site", "targetNodeId": "VNM-S-004:settlement:node:11980539753", "edgeType": "site_to_settlement", "distanceKm": 7.556, "rank": 1.0, "withinThreshold": true, "metadataScore": null, "voltageCompatible": null, "projectId": "VNM-S-004", "countryCode": "VNM" }, "geometry": { "type": "LineString", "coordinates": [ [ 109.1558, 13.0489 ], [ 109.2028141, 13.0980377 ] ] } },
{ "type": "Feature", "properties": { "edgeId": "VNM-S-004:site->VNM-S-004:substation:way:1273140706:site_to_substation", "sourceNodeId": "VNM-S-004:site", "targetNodeId": "VNM-S-004:substation:way:1273140706", "edgeType": "site_to_substation", "distanceKm": 4.571, "rank": 1.0, "withinThreshold": true, "metadataScore": 0.94, "voltageCompatible": null, "projectId": "VNM-S-004", "countryCode": "VNM" }, "geometry": { "type": "LineString", "coordinates": [ [ 109.1558, 13.0489 ], [ 109.097546060003083, 13.0685207 ] ] } },
{ "type": "Feature", "properties": { "edgeId": "VNM-S-004:site->VNM-S-004:substation:way:549197475:site_to_substation", "sourceNodeId": "VNM-S-004:site", "targetNodeId": "VNM-S-004:substation:way:549197475", "edgeType": "site_to_substation", "distanceKm": 7.43, "rank": 2.0, "withinThreshold": true, "metadataScore": 0.94, "voltageCompatible": null, "projectId": "VNM-S-004", "countryCode": "VNM" }, "geometry": { "type": "LineString", "coordinates": [ [ 109.1558, 13.0489 ], [ 109.204585754276494, 13.08762905 ] ] } },
{ "type": "Feature", "properties": { "edgeId": "VNM-S-004:site->VNM-S-004:substation:way:1273140682:site_to_substation", "sourceNodeId": "VNM-S-004:site", "targetNodeId": "VNM-S-004:substation:way:1273140682", "edgeType": "site_to_substation", "distanceKm": 10.369, "rank": 3.0, "withinThreshold": true, "metadataScore": 0.451, "voltageCompatible": null, "projectId": "VNM-S-004", "countryCode": "VNM" }, "geometry": { "type": "LineString", "coordinates": [ [ 109.1558, 13.0489 ], [ 109.08915705, 13.00291275 ] ] } },
{ "type": "Feature", "properties": { "edgeId": "VNM-S-004:site->VNM-S-004:transmission_segment:way:1273140703:site_to_transmission", "sourceNodeId": "VNM-S-004:site", "targetNodeId": "VNM-S-004:transmission_segment:way:1273140703", "edgeType": "site_to_transmission", "distanceKm": 0.139, "rank": 1.0, "withinThreshold": true, "metadataScore": 0.839, "voltageCompatible": null, "projectId": "VNM-S-004", "countryCode": "VNM" }, "geometry": { "type": "LineString", "coordinates": [ [ 109.1558, 13.0489 ], [ 109.1506961, 13.0824122 ] ] } },
{ "type": "Feature", "properties": { "edgeId": "VNM-S-004:site->VNM-S-004:transmission_segment:way:1273140707:site_to_transmission", "sourceNodeId": "VNM-S-004:site", "targetNodeId": "VNM-S-004:transmission_segment:way:1273140707", "edgeType": "site_to_transmission", "distanceKm": 0.186, "rank": 2.0, "withinThreshold": true, "metadataScore": 0.762, "voltageCompatible": null, "projectId": "VNM-S-004", "countryCode": "VNM" }, "geometry": { "type": "LineString", "coordinates": [ [ 109.1558, 13.0489 ], [ 109.1506881, 13.0826826 ] ] } },
{ "type": "Feature", "properties": { "edgeId": "VNM-S-004:site->VNM-S-004:transmission_segment:way:1273140680:site_to_transmission", "sourceNodeId": "VNM-S-004:site", "targetNodeId": "VNM-S-004:transmission_segment:way:1273140680", "edgeType": "site_to_transmission", "distanceKm": 0.387, "rank": 3.0, "withinThreshold": true, "metadataScore": 0.72, "voltageCompatible": null, "projectId": "VNM-S-004", "countryCode": "VNM" }, "geometry": { "type": "LineString", "coordinates": [ [ 109.1558, 13.0489 ], [ 109.1278826, 13.0650522 ] ] } },
{ "type": "Feature", "properties": { "edgeId": "VNM-S-004:substation:way:1273140706->VNM-S-004:transmission_segment:way:1273140703:substation_to_transmission", "sourceNodeId": "VNM-S-004:substation:way:1273140706", "targetNodeId": "VNM-S-004:transmission_segment:way:1273140703", "edgeType": "substation_to_transmission", "distanceKm": 0.185, "rank": null, "withinThreshold": true, "metadataScore": 0.875, "voltageCompatible": "True", "projectId": "VNM-S-004", "countryCode": "VNM" }, "geometry": { "type": "LineString", "coordinates": [ [ 109.097546060003083, 13.0685207 ], [ 109.1506961, 13.0824122 ] ] } },
{ "type": "Feature", "properties": { "edgeId": "VNM-S-004:substation:way:1273140706->VNM-S-004:transmission_segment:way:1273140707:substation_to_transmission", "sourceNodeId": "VNM-S-004:substation:way:1273140706", "targetNodeId": "VNM-S-004:transmission_segment:way:1273140707", "edgeType": "substation_to_transmission", "distanceKm": 0.236, "rank": null, "withinThreshold": true, "metadataScore": 0.836, "voltageCompatible": "True", "projectId": "VNM-S-004", "countryCode": "VNM" }, "geometry": { "type": "LineString", "coordinates": [ [ 109.097546060003083, 13.0685207 ], [ 109.1506881, 13.0826826 ] ] } },
{ "type": "Feature", "properties": { "edgeId": "VNM-S-004:substation:way:1273140706->VNM-S-004:transmission_segment:way:549197474:substation_to_transmission", "sourceNodeId": "VNM-S-004:substation:way:1273140706", "targetNodeId": "VNM-S-004:transmission_segment:way:549197474", "edgeType": "substation_to_transmission", "distanceKm": 0.071, "rank": null, "withinThreshold": true, "metadataScore": 0.894, "voltageCompatible": "True", "projectId": "VNM-S-004", "countryCode": "VNM" }, "geometry": { "type": "LineString", "coordinates": [ [ 109.097546060003083, 13.0685207 ], [ 108.9940336, 13.0776233 ] ] } },
{ "type": "Feature", "properties": { "edgeId": "VNM-S-004:substation:way:1273140706->VNM-S-004:transmission_segment:way:1273140702:substation_to_transmission", "sourceNodeId": "VNM-S-004:substation:way:1273140706", "targetNodeId": "VNM-S-004:transmission_segment:way:1273140702", "edgeType": "substation_to_transmission", "distanceKm": 0.119, "rank": null, "withinThreshold": true, "metadataScore": 0.91, "voltageCompatible": "True", "projectId": "VNM-S-004", "countryCode": "VNM" }, "geometry": { "type": "LineString", "coordinates": [ [ 109.097546060003083, 13.0685207 ], [ 109.0988101, 13.0695945 ] ] } },
{ "type": "Feature", "properties": { "edgeId": "VNM-S-004:substation:way:1273140706->VNM-S-004:transmission_segment:way:1273140704:substation_to_transmission", "sourceNodeId": "VNM-S-004:substation:way:1273140706", "targetNodeId": "VNM-S-004:transmission_segment:way:1273140704", "edgeType": "substation_to_transmission", "distanceKm": 0.0, "rank": null, "withinThreshold": true, "metadataScore": 0.919, "voltageCompatible": "True", "projectId": "VNM-S-004", "countryCode": "VNM" }, "geometry": { "type": "LineString", "coordinates": [ [ 109.097546060003083, 13.0685207 ], [ 109.0981583, 13.0691072 ] ] } },
{ "type": "Feature", "properties": { "edgeId": "VNM-S-004:substation:way:1273140706->VNM-S-004:transmission_segment:way:1273140705:substation_to_transmission", "sourceNodeId": "VNM-S-004:substation:way:1273140706", "targetNodeId": "VNM-S-004:transmission_segment:way:1273140705", "edgeType": "substation_to_transmission", "distanceKm": 0.0, "rank": null, "withinThreshold": true, "metadataScore": 0.919, "voltageCompatible": "True", "projectId": "VNM-S-004", "countryCode": "VNM" }, "geometry": { "type": "LineString", "coordinates": [ [ 109.097546060003083, 13.0685207 ], [ 109.0980296, 13.0693385 ] ] } },
{ "type": "Feature", "properties": { "edgeId": "VNM-S-004:substation:way:1273140706->VNM-S-004:transmission_segment:way:1273140697:substation_to_transmission", "sourceNodeId": "VNM-S-004:substation:way:1273140706", "targetNodeId": "VNM-S-004:transmission_segment:way:1273140697", "edgeType": "substation_to_transmission", "distanceKm": 0.069, "rank": null, "withinThreshold": true, "metadataScore": 0.742, "voltageCompatible": "True", "projectId": "VNM-S-004", "countryCode": "VNM" }, "geometry": { "type": "LineString", "coordinates": [ [ 109.097546060003083, 13.0685207 ], [ 109.0521008, 13.0711622 ] ] } },
{ "type": "Feature", "properties": { "edgeId": "VNM-S-004:substation:way:549197475->VNM-S-004:transmission_segment:way:1273140703:substation_to_transmission", "sourceNodeId": "VNM-S-004:substation:way:549197475", "targetNodeId": "VNM-S-004:transmission_segment:way:1273140703", "edgeType": "substation_to_transmission", "distanceKm": 0.0, "rank": null, "withinThreshold": true, "metadataScore": 0.919, "voltageCompatible": "True", "projectId": "VNM-S-004", "countryCode": "VNM" }, "geometry": { "type": "LineString", "coordinates": [ [ 109.204585754276494, 13.08762905 ], [ 109.1506961, 13.0824122 ] ] } },
{ "type": "Feature", "properties": { "edgeId": "VNM-S-004:substation:way:549197475->VNM-S-004:transmission_segment:way:1273140707:substation_to_transmission", "sourceNodeId": "VNM-S-004:substation:way:549197475", "targetNodeId": "VNM-S-004:transmission_segment:way:1273140707", "edgeType": "substation_to_transmission", "distanceKm": 0.0, "rank": null, "withinThreshold": true, "metadataScore": 0.881, "voltageCompatible": "True", "projectId": "VNM-S-004", "countryCode": "VNM" }, "geometry": { "type": "LineString", "coordinates": [ [ 109.204585754276494, 13.08762905 ], [ 109.1506881, 13.0826826 ] ] } },
{ "type": "Feature", "properties": { "edgeId": "VNM-S-004:substation:way:549197475->VNM-S-004:transmission_segment:way:1273140680:substation_to_transmission", "sourceNodeId": "VNM-S-004:substation:way:549197475", "targetNodeId": "VNM-S-004:transmission_segment:way:1273140680", "edgeType": "substation_to_transmission", "distanceKm": 0.0, "rank": null, "withinThreshold": true, "metadataScore": 0.77, "voltageCompatible": "True", "projectId": "VNM-S-004", "countryCode": "VNM" }, "geometry": { "type": "LineString", "coordinates": [ [ 109.204585754276494, 13.08762905 ], [ 109.1278826, 13.0650522 ] ] } },
{ "type": "Feature", "properties": { "edgeId": "VNM-S-004:substation:way:549197475->VNM-S-004:transmission_segment:way:480825553:substation_to_transmission", "sourceNodeId": "VNM-S-004:substation:way:549197475", "targetNodeId": "VNM-S-004:transmission_segment:way:480825553", "edgeType": "substation_to_transmission", "distanceKm": 0.0, "rank": null, "withinThreshold": true, "metadataScore": 0.919, "voltageCompatible": "True", "projectId": "VNM-S-004", "countryCode": "VNM" }, "geometry": { "type": "LineString", "coordinates": [ [ 109.204585754276494, 13.08762905 ], [ 109.1924326, 13.0552488 ] ] } },
{ "type": "Feature", "properties": { "edgeId": "VNM-S-004:substation:way:549197475->VNM-S-004:transmission_segment:way:1273140684:substation_to_transmission", "sourceNodeId": "VNM-S-004:substation:way:549197475", "targetNodeId": "VNM-S-004:transmission_segment:way:1273140684", "edgeType": "substation_to_transmission", "distanceKm": 0.0, "rank": null, "withinThreshold": true, "metadataScore": 0.805, "voltageCompatible": "True", "projectId": "VNM-S-004", "countryCode": "VNM" }, "geometry": { "type": "LineString", "coordinates": [ [ 109.204585754276494, 13.08762905 ], [ 109.202743, 13.0850157 ] ] } },
{ "type": "Feature", "properties": { "edgeId": "VNM-S-004:substation:way:549197475->VNM-S-004:transmission_segment:way:549221603:substation_to_transmission", "sourceNodeId": "VNM-S-004:substation:way:549197475", "targetNodeId": "VNM-S-004:transmission_segment:way:549221603", "edgeType": "substation_to_transmission", "distanceKm": 0.0, "rank": null, "withinThreshold": true, "metadataScore": 0.864, "voltageCompatible": "True", "projectId": "VNM-S-004", "countryCode": "VNM" }, "geometry": { "type": "LineString", "coordinates": [ [ 109.204585754276494, 13.08762905 ], [ 109.243463, 13.2715016 ] ] } },
{ "type": "Feature", "properties": { "edgeId": "VNM-S-004:substation:way:549197475->VNM-S-004:transmission_segment:way:1273140691:substation_to_transmission", "sourceNodeId": "VNM-S-004:substation:way:549197475", "targetNodeId": "VNM-S-004:transmission_segment:way:1273140691", "edgeType": "substation_to_transmission", "distanceKm": 0.0, "rank": null, "withinThreshold": true, "metadataScore": 0.805, "voltageCompatible": "True", "projectId": "VNM-S-004", "countryCode": "VNM" }, "geometry": { "type": "LineString", "coordinates": [ [ 109.204585754276494, 13.08762905 ], [ 109.2387222, 13.1123938 ] ] } },
{ "type": "Feature", "properties": { "edgeId": "VNM-S-004:substation:way:549197475->VNM-S-004:transmission_segment:way:1273140690:substation_to_transmission", "sourceNodeId": "VNM-S-004:substation:way:549197475", "targetNodeId": "VNM-S-004:transmission_segment:way:1273140690", "edgeType": "substation_to_transmission", "distanceKm": 0.0, "rank": null, "withinThreshold": true, "metadataScore": 0.805, "voltageCompatible": "True", "projectId": "VNM-S-004", "countryCode": "VNM" }, "geometry": { "type": "LineString", "coordinates": [ [ 109.204585754276494, 13.08762905 ], [ 109.2378699, 13.1125747 ] ] } },
{ "type": "Feature", "properties": { "edgeId": "VNM-S-004:substation:way:1273140682->VNM-S-004:transmission_segment:way:1273140681:substation_to_transmission", "sourceNodeId": "VNM-S-004:substation:way:1273140682", "targetNodeId": "VNM-S-004:transmission_segment:way:1273140681", "edgeType": "substation_to_transmission", "distanceKm": 0.0, "rank": null, "withinThreshold": true, "metadataScore": 0.657, "voltageCompatible": "True", "projectId": "VNM-S-004", "countryCode": "VNM" }, "geometry": { "type": "LineString", "coordinates": [ [ 109.08915705, 13.00291275 ], [ 109.0892943, 13.0032942 ] ] } },
{ "type": "Feature", "properties": { "edgeId": "VNM-S-004:substation:way:1273140682->VNM-S-004:transmission_segment:way:1320783758:substation_to_transmission", "sourceNodeId": "VNM-S-004:substation:way:1273140682", "targetNodeId": "VNM-S-004:transmission_segment:way:1320783758", "edgeType": "substation_to_transmission", "distanceKm": 0.146, "rank": null, "withinThreshold": true, "metadataScore": 0.616, "voltageCompatible": "True", "projectId": "VNM-S-004", "countryCode": "VNM" }, "geometry": { "type": "LineString", "coordinates": [ [ 109.08915705, 13.00291275 ], [ 109.0843865, 13.0043265 ] ] } },
{ "type": "Feature", "properties": { "edgeId": "VNM-S-004:substation:way:1320783760->VNM-S-004:transmission_segment:way:1320783759:substation_to_transmission", "sourceNodeId": "VNM-S-004:substation:way:1320783760", "targetNodeId": "VNM-S-004:transmission_segment:way:1320783759", "edgeType": "substation_to_transmission", "distanceKm": 0.009, "rank": null, "withinThreshold": true, "metadataScore": 0.455, "voltageCompatible": "True", "projectId": "VNM-S-004", "countryCode": "VNM" }, "geometry": { "type": "LineString", "coordinates": [ [ 109.09432670222057, 12.9679228 ], [ 109.0731668, 12.9813495 ] ] } },
{ "type": "Feature", "properties": { "edgeId": "VNM-W-001:site->VNM-W-001:road_segment:way:532672182:site_to_road", "sourceNodeId": "VNM-W-001:site", "targetNodeId": "VNM-W-001:road_segment:way:532672182", "edgeType": "site_to_road", "distanceKm": 0.278, "rank": 1.0, "withinThreshold": true, "metadataScore": null, "voltageCompatible": null, "projectId": "VNM-W-001", "countryCode": "VNM" }, "geometry": { "type": "LineString", "coordinates": [ [ 103.018, 21.386 ], [ 103.0159903, 21.3776377 ] ] } },
{ "type": "Feature", "properties": { "edgeId": "VNM-W-001:site->VNM-W-001:settlement:node:11186666814:site_to_settlement", "sourceNodeId": "VNM-W-001:site", "targetNodeId": "VNM-W-001:settlement:node:11186666814", "edgeType": "site_to_settlement", "distanceKm": 0.198, "rank": 1.0, "withinThreshold": true, "metadataScore": null, "voltageCompatible": null, "projectId": "VNM-W-001", "countryCode": "VNM" }, "geometry": { "type": "LineString", "coordinates": [ [ 103.018, 21.386 ], [ 103.0168652, 21.3872796 ] ] } },
{ "type": "Feature", "properties": { "edgeId": "VNM-W-001:site->VNM-W-001:substation:way:1458074472:site_to_substation", "sourceNodeId": "VNM-W-001:site", "targetNodeId": "VNM-W-001:substation:way:1458074472", "edgeType": "site_to_substation", "distanceKm": 3.213, "rank": 1.0, "withinThreshold": true, "metadataScore": 0.31, "voltageCompatible": null, "projectId": "VNM-W-001", "countryCode": "VNM" }, "geometry": { "type": "LineString", "coordinates": [ [ 103.018, 21.386 ], [ 103.036023528158452, 21.407575 ] ] } },
{ "type": "Feature", "properties": { "edgeId": "VNM-W-001:site->VNM-W-001:substation:way:1458074470:site_to_substation", "sourceNodeId": "VNM-W-001:site", "targetNodeId": "VNM-W-001:substation:way:1458074470", "edgeType": "site_to_substation", "distanceKm": 6.976, "rank": 2.0, "withinThreshold": true, "metadataScore": 0.31, "voltageCompatible": null, "projectId": "VNM-W-001", "countryCode": "VNM" }, "geometry": { "type": "LineString", "coordinates": [ [ 103.018, 21.386 ], [ 103.04734657317168, 21.43778125 ] ] } },
{ "type": "Feature", "properties": { "edgeId": "VNM-W-001:site->VNM-W-001:transmission_segment:way:1462548664:site_to_transmission", "sourceNodeId": "VNM-W-001:site", "targetNodeId": "VNM-W-001:transmission_segment:way:1462548664", "edgeType": "site_to_transmission", "distanceKm": 2.387, "rank": 1.0, "withinThreshold": true, "metadataScore": 0.31, "voltageCompatible": null, "projectId": "VNM-W-001", "countryCode": "VNM" }, "geometry": { "type": "LineString", "coordinates": [ [ 103.018, 21.386 ], [ 103.0126136, 21.3460546 ] ] } },
{ "type": "Feature", "properties": { "edgeId": "VNM-W-001:site->VNM-W-001:transmission_segment:way:1462548663:site_to_transmission", "sourceNodeId": "VNM-W-001:site", "targetNodeId": "VNM-W-001:transmission_segment:way:1462548663", "edgeType": "site_to_transmission", "distanceKm": 3.288, "rank": 2.0, "withinThreshold": true, "metadataScore": 0.31, "voltageCompatible": null, "projectId": "VNM-W-001", "countryCode": "VNM" }, "geometry": { "type": "LineString", "coordinates": [ [ 103.018, 21.386 ], [ 103.0393821, 21.406259 ] ] } },
{ "type": "Feature", "properties": { "edgeId": "VNM-W-001:site->VNM-W-001:transmission_segment:way:1462548662:site_to_transmission", "sourceNodeId": "VNM-W-001:site", "targetNodeId": "VNM-W-001:transmission_segment:way:1462548662", "edgeType": "site_to_transmission", "distanceKm": 4.083, "rank": 3.0, "withinThreshold": true, "metadataScore": 0.31, "voltageCompatible": null, "projectId": "VNM-W-001", "countryCode": "VNM" }, "geometry": { "type": "LineString", "coordinates": [ [ 103.018, 21.386 ], [ 103.0254078, 21.4820537 ] ] } },
{ "type": "Feature", "properties": { "edgeId": "VNM-W-001:substation:way:1458074472->VNM-W-001:transmission_segment:way:1462548664:substation_to_transmission", "sourceNodeId": "VNM-W-001:substation:way:1458074472", "targetNodeId": "VNM-W-001:transmission_segment:way:1462548664", "edgeType": "substation_to_transmission", "distanceKm": 0.0, "rank": null, "withinThreshold": true, "metadataScore": 0.28, "voltageCompatible": "True", "projectId": "VNM-W-001", "countryCode": "VNM" }, "geometry": { "type": "LineString", "coordinates": [ [ 103.036023528158452, 21.407575 ], [ 103.0126136, 21.3460546 ] ] } },
{ "type": "Feature", "properties": { "edgeId": "VNM-W-001:substation:way:1458074472->VNM-W-001:transmission_segment:way:1462548663:substation_to_transmission", "sourceNodeId": "VNM-W-001:substation:way:1458074472", "targetNodeId": "VNM-W-001:transmission_segment:way:1462548663", "edgeType": "substation_to_transmission", "distanceKm": 0.0, "rank": null, "withinThreshold": true, "metadataScore": 0.28, "voltageCompatible": "True", "projectId": "VNM-W-001", "countryCode": "VNM" }, "geometry": { "type": "LineString", "coordinates": [ [ 103.036023528158452, 21.407575 ], [ 103.0393821, 21.406259 ] ] } },
{ "type": "Feature", "properties": { "edgeId": "VNM-W-002:site->VNM-W-002:road_segment:way:605327389:site_to_road", "sourceNodeId": "VNM-W-002:site", "targetNodeId": "VNM-W-002:road_segment:way:605327389", "edgeType": "site_to_road", "distanceKm": 0.49, "rank": 1.0, "withinThreshold": true, "metadataScore": null, "voltageCompatible": null, "projectId": "VNM-W-002", "countryCode": "VNM" }, "geometry": { "type": "LineString", "coordinates": [ [ 104.281, 21.735 ], [ 104.2789851, 21.7386533 ] ] } },
{ "type": "Feature", "properties": { "edgeId": "VNM-W-002:site->VNM-W-002:settlement:node:4444222260:site_to_settlement", "sourceNodeId": "VNM-W-002:site", "targetNodeId": "VNM-W-002:settlement:node:4444222260", "edgeType": "site_to_settlement", "distanceKm": 6.857, "rank": 1.0, "withinThreshold": true, "metadataScore": null, "voltageCompatible": null, "projectId": "VNM-W-002", "countryCode": "VNM" }, "geometry": { "type": "LineString", "coordinates": [ [ 104.281, 21.735 ], [ 104.3023595, 21.7886613 ] ] } }
]
}
