{
"type": "FeatureCollection",
"name": "context_landuse",
"crs": { "type": "name", "properties": { "name": "urn:ogc:def:crs:OGC:1.3:CRS84" } },
"features": [
{ "type": "Feature", "properties": { "contextFeatureId": "IDN-W-001::landuse::way::314249919", "projectId": "IDN-W-001", "projectName": "Sidrap I Wind Power Plant", "countryCode": "IDN", "osmType": "way", "osmId": 314249919, "highway": null, "place": null, "power": null, "landuse": "residential", "name": "Bilalang", "voltage": null, "circuits": null, "cables": null, "frequency": null, "substationTag": null, "lineTag": null, "operator": null, "location": null }, "geometry": { "type": "Polygon", "coordinates": [ [ [ 119.6872078, -4.0155317 ], [ 119.6866714, -4.0153819 ], [ 119.6857916, -4.016816 ], [ 119.6856199, -4.0186996 ], [ 119.6853624, -4.0194488 ], [ 119.6849547, -4.0204976 ], [ 119.684311, -4.0210756 ], [ 119.6835171, -4.0217391 ], [ 119.6829377, -4.0215037 ], [ 119.6823798, -4.0214394 ], [ 119.6819936, -4.0219746 ], [ 119.6812211, -4.0222956 ], [ 119.6804272, -4.0226167 ], [ 119.6788608, -4.0236441 ], [ 119.6781097, -4.0243505 ], [ 119.6770154, -4.0248856 ], [ 119.6763931, -4.0253137 ], [ 119.6757923, -4.0256134 ], [ 119.6760713, -4.0261271 ], [ 119.6773802, -4.0260629 ], [ 119.6786247, -4.025592 ], [ 119.6797405, -4.0250354 ], [ 119.6808563, -4.0239438 ], [ 119.6823369, -4.0233017 ], [ 119.6833883, -4.0229592 ], [ 119.6842177, -4.0227403 ], [ 119.6846536, -4.0226092 ], [ 119.6850191, -4.0223813 ], [ 119.6860062, -4.0204976 ], [ 119.6865855, -4.0191063 ], [ 119.6866284, -4.0183357 ], [ 119.6869932, -4.0170728 ], [ 119.6870361, -4.0164735 ], [ 119.6874438, -4.0160454 ], [ 119.6872078, -4.0155317 ] ] ] } },
{ "type": "Feature", "properties": { "contextFeatureId": "IDN-W-001::landuse::way::588958679", "projectId": "IDN-W-001", "projectName": "Sidrap I Wind Power Plant", "countryCode": "IDN", "osmType": "way", "osmId": 588958679, "highway": null, "place": null, "power": null, "landuse": "forest", "name": null, "voltage": null, "circuits": null, "cables": null, "frequency": null, "substationTag": null, "lineTag": null, "operator": null, "location": null }, "geometry": { "type": "Polygon", "coordinates": [ [ [ 119.7447357, -3.9387169 ], [ 119.744606, -3.9399548 ], [ 119.7448959, -3.9408875 ], [ 119.7451096, -3.9419301 ], [ 119.744072, -3.9425159 ], [ 119.7437286, -3.9429798 ], [ 119.7429352, -3.9431319 ], [ 119.7425232, -3.9442093 ], [ 119.742897, -3.9446657 ], [ 119.7432861, -3.9453046 ], [ 119.7437897, -3.9456668 ], [ 119.7440872, -3.9464908 ], [ 119.7447815, -3.9467638 ], [ 119.74543, -3.9460135 ], [ 119.7462921, -3.9458885 ], [ 119.7472534, -3.9460535 ], [ 119.7471161, -3.9468055 ], [ 119.7475891, -3.9474885 ], [ 119.7484818, -3.9479351 ], [ 119.7493057, -3.9484687 ], [ 119.7498322, -3.9491394 ], [ 119.7492828, -3.9498074 ], [ 119.7492124, -3.950136 ], [ 119.749054, -3.9508758 ], [ 119.7487488, -3.9517336 ], [ 119.7482605, -3.9523263 ], [ 119.7474899, -3.95293 ], [ 119.747139, -3.9535198 ], [ 119.7465057, -3.954001 ], [ 119.7459564, -3.9539254 ], [ 119.7455597, -3.9536297 ], [ 119.7451553, -3.9531395 ], [ 119.7443695, -3.952857 ], [ 119.7436026, -3.9532322 ], [ 119.7435913, -3.9532378 ], [ 119.7425308, -3.9538755 ], [ 119.7425401, -3.9541368 ], [ 119.7425613, -3.9547327 ], [ 119.7427521, -3.9554784 ], [ 119.7433243, -3.9558165 ], [ 119.7441254, -3.9561391 ], [ 119.7450256, -3.9563966 ], [ 119.7457581, -3.9564114 ], [ 119.7463989, -3.9570627 ], [ 119.7465286, -3.9582558 ], [ 119.7469559, -3.9592431 ], [ 119.7470016, -3.9601231 ], [ 119.747673, -3.9607565 ], [ 119.7475281, -3.9615715 ], [ 119.7474747, -3.9626191 ], [ 119.7465668, -3.9637344 ], [ 119.7463684, -3.9643559 ], [ 119.7459946, -3.9653583 ], [ 119.7453766, -3.965673 ], [ 119.7444305, -3.9664459 ], [ 119.7441406, -3.9673893 ], [ 119.7438431, -3.9684131 ], [ 119.743187, -3.9689801 ], [ 119.7425995, -3.9692886 ], [ 119.7426682, -3.9705627 ], [ 119.7429962, -3.9713516 ], [ 119.7440872, -3.971657 ], [ 119.7444916, -3.9727876 ], [ 119.7452545, -3.972842 ], [ 119.7454376, -3.9733419 ], [ 119.7458801, -3.974489 ], [ 119.7455826, -3.9750438 ], [ 119.7459412, -3.9753516 ], [ 119.7463455, -3.9762933 ], [ 119.7462845, -3.9770608 ], [ 119.7472534, -3.9776204 ], [ 119.7468872, -3.978205 ], [ 119.7464676, -3.9787848 ], [ 119.7468491, -3.9792867 ], [ 119.7467728, -3.9798715 ], [ 119.7471619, -3.9803503 ], [ 119.7477646, -3.9806135 ], [ 119.7487412, -3.9812472 ], [ 119.7486877, -3.9822264 ], [ 119.7487946, -3.9828763 ], [ 119.7494278, -3.9833906 ], [ 119.7495575, -3.9841204 ], [ 119.749794, -3.9847734 ], [ 119.7501297, -3.9850874 ], [ 119.7504959, -3.9860873 ], [ 119.7505341, -3.9869215 ], [ 119.7507706, -3.9873748 ], [ 119.7513123, -3.9877477 ], [ 119.7517776, -3.9882195 ], [ 119.752037, -3.9897473 ], [ 119.7523117, -3.9911892 ], [ 119.752327, -3.9919555 ], [ 119.7527618, -3.992748 ], [ 119.7532806, -3.9929268 ], [ 119.7538452, -3.9937458 ], [ 119.7539291, -3.9944134 ], [ 119.7541351, -3.9951129 ], [ 119.7544785, -3.9959645 ], [ 119.7543869, -3.9968357 ], [ 119.7545547, -3.9982052 ], [ 119.753746, -3.9983692 ], [ 119.7527695, -3.9981074 ], [ 119.7523117, -3.9970632 ], [ 119.7520981, -3.996604 ], [ 119.751709, -3.9956217 ], [ 119.7514343, -3.9949579 ], [ 119.7503586, -3.9941831 ], [ 119.749382, -3.9932523 ], [ 119.749054, -3.9924061 ], [ 119.7484818, -3.9915476 ], [ 119.7478561, -3.9902895 ], [ 119.747673, -3.989269 ], [ 119.7476807, -3.9881651 ], [ 119.7463608, -3.9879897 ], [ 119.7454071, -3.9875329 ], [ 119.7442856, -3.9881489 ], [ 119.742897, -3.987174 ], [ 119.7423096, -3.9862814 ], [ 119.7414093, -3.9856236 ], [ 119.7406464, -3.9849401 ], [ 119.7398911, -3.9841993 ], [ 119.7387619, -3.9841006 ], [ 119.7377319, -3.9845545 ], [ 119.7368011, -3.9847722 ], [ 119.7357941, -3.9851687 ], [ 119.7345963, -3.9854088 ], [ 119.733139, -3.9863684 ], [ 119.7325821, -3.9870195 ], [ 119.7316437, -3.9868312 ], [ 119.7300644, -3.9868095 ], [ 119.7293015, -3.9856684 ], [ 119.728096, -3.9851365 ], [ 119.7275467, -3.9847407 ], [ 119.7273102, -3.9838929 ], [ 119.7273331, -3.9828172 ], [ 119.7270584, -3.9817243 ], [ 119.7267914, -3.9811745 ], [ 119.7264252, -3.9803348 ], [ 119.7259903, -3.9795077 ], [ 119.7250748, -3.9785929 ], [ 119.7242508, -3.9777846 ], [ 119.7237167, -3.9772112 ], [ 119.7236328, -3.9764009 ], [ 119.7229309, -3.9751613 ], [ 119.7223969, -3.9744391 ], [ 119.7225723, -3.9737954 ], [ 119.7225952, -3.9733603 ], [ 119.7224027, -3.9731964 ], [ 119.7219772, -3.9728343 ], [ 119.7217575, -3.9725497 ], [ 119.7212677, -3.9719152 ], [ 119.7211533, -3.9712653 ], [ 119.7204285, -3.9698491 ], [ 119.7202301, -3.9689033 ], [ 119.7203393, -3.9686417 ], [ 119.7205429, -3.968154 ], [ 119.7199934, -3.9677162 ], [ 119.7199326, -3.9676678 ], [ 119.719162, -3.9680257 ], [ 119.7184143, -3.9683771 ], [ 119.716835, -3.9686699 ], [ 119.7161789, -3.9691684 ], [ 119.7147064, -3.9695222 ], [ 119.713501, -3.9701054 ], [ 119.71315, -3.9709871 ], [ 119.7121658, -3.9718122 ], [ 119.7115707, -3.9713659 ], [ 119.7105789, -3.9709384 ], [ 119.7103348, -3.9699764 ], [ 119.7099152, -3.9691834 ], [ 119.7100372, -3.9680603 ], [ 119.7103195, -3.9675171 ], [ 119.7106705, -3.9665382 ], [ 119.7108459, -3.9660659 ], [ 119.7112656, -3.9655547 ], [ 119.7121048, -3.9644635 ], [ 119.7131805, -3.9634709 ], [ 119.7140198, -3.9627573 ], [ 119.7141876, -3.9618847 ], [ 119.7142715, -3.9608421 ], [ 119.7143631, -3.9596622 ], [ 119.7147598, -3.958688 ], [ 119.7158737, -3.9590104 ], [ 119.7167816, -3.9591134 ], [ 119.7176666, -3.9587479 ], [ 119.718689, -3.9584026 ], [ 119.7184296, -3.9577782 ], [ 119.718132, -3.9571033 ], [ 119.7180786, -3.9564636 ], [ 119.7183151, -3.9558473 ], [ 119.7188721, -3.9552019 ], [ 119.7195892, -3.9547708 ], [ 119.7205353, -3.9544153 ], [ 119.7221756, -3.9544246 ], [ 119.7234116, -3.9546187 ], [ 119.7242432, -3.9541397 ], [ 119.7246475, -3.952668 ], [ 119.7248535, -3.9518976 ], [ 119.7252655, -3.951009 ], [ 119.7254791, -3.9502785 ], [ 119.7257866, -3.9498348 ], [ 119.7258606, -3.949728 ], [ 119.7258566, -3.9495779 ], [ 119.7258301, -3.9485791 ], [ 119.7260055, -3.9482824 ], [ 119.726326, -3.9477403 ], [ 119.7262115, -3.9469302 ], [ 119.7262573, -3.946506 ], [ 119.7264023, -3.9456112 ], [ 119.7266083, -3.9448752 ], [ 119.7271576, -3.9439781 ], [ 119.7284927, -3.9439645 ], [ 119.7290344, -3.9444864 ], [ 119.7295303, -3.9448431 ], [ 119.7295227, -3.9455695 ], [ 119.7295532, -3.9463239 ], [ 119.7292557, -3.9467871 ], [ 119.7294998, -3.9472973 ], [ 119.7298203, -3.9477658 ], [ 119.72995, -3.9483414 ], [ 119.7300797, -3.9488764 ], [ 119.7302551, -3.9494164 ], [ 119.7302856, -3.9500394 ], [ 119.7298813, -3.9504473 ], [ 119.7296448, -3.9512756 ], [ 119.7293472, -3.9520304 ], [ 119.7292404, -3.9529934 ], [ 119.7294006, -3.9535966 ], [ 119.7294388, -3.954185 ], [ 119.7290344, -3.9546387 ], [ 119.7295837, -3.9548628 ], [ 119.7305603, -3.9552906 ], [ 119.7311935, -3.9552958 ], [ 119.7314224, -3.9548225 ], [ 119.7322769, -3.9541202 ], [ 119.7321014, -3.9533226 ], [ 119.7324448, -3.9523439 ], [ 119.7323074, -3.9513969 ], [ 119.733078, -3.950736 ], [ 119.7337036, -3.9501979 ], [ 119.7334061, -3.9496088 ], [ 119.733345, -3.9489694 ], [ 119.7328949, -3.9483488 ], [ 119.7322464, -3.9480922 ], [ 119.7318344, -3.947711 ], [ 119.731926, -3.9470916 ], [ 119.7318726, -3.946017 ], [ 119.7319031, -3.9448955 ], [ 119.7318039, -3.9438794 ], [ 119.7322922, -3.9431779 ], [ 119.733017, -3.9431357 ], [ 119.7335892, -3.9424787 ], [ 119.7337112, -3.9415669 ], [ 119.7336578, -3.9408417 ], [ 119.7340698, -3.9403419 ], [ 119.7349396, -3.9389758 ], [ 119.7356567, -3.9381728 ], [ 119.736412, -3.9384675 ], [ 119.73703, -3.9380155 ], [ 119.7376022, -3.9385481 ], [ 119.7387695, -3.9383774 ], [ 119.7398224, -3.9381516 ], [ 119.7399292, -3.9383554 ], [ 119.7403793, -3.9387188 ], [ 119.7410889, -3.9383338 ], [ 119.7418823, -3.9372492 ], [ 119.742569, -3.936939 ], [ 119.7433472, -3.9363351 ], [ 119.7438354, -3.9372182 ], [ 119.7445831, -3.9380507 ], [ 119.7447357, -3.9387169 ] ] ] } },
{ "type": "Feature", "properties": { "contextFeatureId": "IDN-W-001::landuse::way::779033354", "projectId": "IDN-W-001", "projectName": "Sidrap I Wind Power Plant", "countryCode": "IDN", "osmType": "way", "osmId": 779033354, "highway": null, "place": null, "power": null, "landuse": "farmland", "name": null, "voltage": null, "circuits": null, "cables": null, "frequency": null, "substationTag": null, "lineTag": null, "operator": null, "location": null }, "geometry": { "type": "Polygon", "coordinates": [ [ [ 119.6686073, -3.9858268 ], [ 119.6688487, -3.9858161 ], [ 119.6689667, -3.9863566 ], [ 119.6686663, -3.9864851 ], [ 119.6686341, -3.9866081 ], [ 119.6683981, -3.9866242 ], [ 119.6683927, -3.9864583 ], [ 119.6686073, -3.9858268 ] ] ] } },
{ "type": "Feature", "properties": { "contextFeatureId": "IDN-W-001::landuse::way::779033355", "projectId": "IDN-W-001", "projectName": "Sidrap I Wind Power Plant", "countryCode": "IDN", "osmType": "way", "osmId": 779033355, "highway": null, "place": null, "power": null, "landuse": "farmland", "name": null, "voltage": null, "circuits": null, "cables": null, "frequency": null, "substationTag": null, "lineTag": null, "operator": null, "location": null }, "geometry": { "type": "Polygon", "coordinates": [ [ [ 119.6680862, -3.9861752 ], [ 119.6680427, -3.9863059 ], [ 119.6683672, -3.9864985 ], [ 119.6683538, -3.9863326 ], [ 119.6683592, -3.9862309 ], [ 119.6680862, -3.9861752 ] ] ] } },
{ "type": "Feature", "properties": { "contextFeatureId": "IDN-W-001::landuse::way::779033356", "projectId": "IDN-W-001", "projectName": "Sidrap I Wind Power Plant", "countryCode": "IDN", "osmType": "way", "osmId": 779033356, "highway": null, "place": null, "power": null, "landuse": "farmland", "name": null, "voltage": null, "circuits": null, "cables": null, "frequency": null, "substationTag": null, "lineTag": null, "operator": null, "location": null }, "geometry": { "type": "Polygon", "coordinates": [ [ [ 119.6676646, -3.9858064 ], [ 119.668268, -3.9854416 ], [ 119.6685255, -3.9854523 ], [ 119.6684718, -3.985752 ], [ 119.6685925, -3.9858429 ], [ 119.6683699, -3.9862068 ], [ 119.6680969, -3.9861672 ], [ 119.667821, -3.9860949 ], [ 119.6676646, -3.9858064 ] ] ] } },
{ "type": "Feature", "properties": { "contextFeatureId": "IDN-W-001::landuse::way::1365273609", "projectId": "IDN-W-001", "projectName": "Sidrap I Wind Power Plant", "countryCode": "IDN", "osmType": "way", "osmId": 1365273609, "highway": null, "place": null, "power": null, "landuse": "residential", "name": "BTN Grand Zam Zam", "voltage": null, "circuits": null, "cables": null, "frequency": null, "substationTag": null, "lineTag": null, "operator": null, "location": null }, "geometry": { "type": "Polygon", "coordinates": [ [ [ 119.6790271, -3.9932996 ], [ 119.6792269, -3.9937184 ], [ 119.6795756, -3.9937371 ], [ 119.6796641, -3.9935672 ], [ 119.6797862, -3.9932468 ], [ 119.6800732, -3.9930836 ], [ 119.6803793, -3.9923563 ], [ 119.6804007, -3.9920486 ], [ 119.6803471, -3.9920058 ], [ 119.6801137, -3.992145 ], [ 119.6798321, -3.9921664 ], [ 119.6795907, -3.9922841 ], [ 119.6790271, -3.9932996 ] ] ] } },
{ "type": "Feature", "properties": { "contextFeatureId": "IDN-W-001::landuse::way::1365273614", "projectId": "IDN-W-001", "projectName": "Sidrap I Wind Power Plant", "countryCode": "IDN", "osmType": "way", "osmId": 1365273614, "highway": null, "place": null, "power": null, "landuse": "industrial", "name": null, "voltage": null, "circuits": null, "cables": null, "frequency": null, "substationTag": null, "lineTag": null, "operator": null, "location": null }, "geometry": { "type": "Polygon", "coordinates": [ [ [ 119.6683253, -3.990082 ], [ 119.6687759, -3.989991 ], [ 119.6688751, -3.9904299 ], [ 119.6684513, -3.9905101 ], [ 119.6683253, -3.990082 ] ] ] } },
{ "type": "Feature", "properties": { "contextFeatureId": "MYS-S-001::landuse::way::159783270", "projectId": "MYS-S-001", "projectName": "TNB Sepang Solar", "countryCode": "MYS", "osmType": "way", "osmId": 159783270, "highway": null, "place": null, "power": null, "landuse": "orchard", "name": null, "voltage": null, "circuits": null, "cables": null, "frequency": null, "substationTag": null, "lineTag": null, "operator": null, "location": null }, "geometry": { "type": "Polygon", "coordinates": [ [ [ 101.5168448, 2.786246 ], [ 101.5184411, 2.7853183 ], [ 101.5241875, 2.782275 ], [ 101.5260819, 2.7813053 ], [ 101.5314021, 2.7783014 ], [ 101.5322072, 2.7781358 ], [ 101.5354041, 2.7781674 ], [ 101.5355462, 2.7596158 ], [ 101.5187726, 2.7591585 ], [ 101.5186621, 2.7593556 ], [ 101.5174307, 2.7592531 ], [ 101.5123046, 2.7627597 ], [ 101.5070142, 2.7660631 ], [ 101.4942969, 2.7735796 ], [ 101.4949198, 2.7746425 ], [ 101.4950684, 2.7747212 ], [ 101.4980647, 2.7806624 ], [ 101.4990397, 2.7818557 ], [ 101.5076859, 2.7765709 ], [ 101.5082069, 2.7762222 ], [ 101.5138537, 2.7832538 ], [ 101.5147176, 2.7828151 ], [ 101.5168448, 2.786246 ] ] ] } },
{ "type": "Feature", "properties": { "contextFeatureId": "MYS-S-001::landuse::way::159783292", "projectId": "MYS-S-001", "projectName": "TNB Sepang Solar", "countryCode": "MYS", "osmType": "way", "osmId": 159783292, "highway": null, "place": null, "power": null, "landuse": "orchard", "name": null, "voltage": null, "circuits": null, "cables": null, "frequency": null, "substationTag": null, "lineTag": null, "operator": null, "location": null }, "geometry": { "type": "Polygon", "coordinates": [ [ [ 101.5188728, 2.7587569 ], [ 101.53582, 2.7591117 ], [ 101.5359621, 2.7594822 ], [ 101.5392221, 2.7595374 ], [ 101.5439739, 2.7534429 ], [ 101.5432477, 2.7515033 ], [ 101.5456158, 2.7491696 ], [ 101.5429478, 2.7340473 ], [ 101.5367909, 2.7342365 ], [ 101.5367435, 2.7110875 ], [ 101.5375184, 2.7031731 ], [ 101.5381944, 2.6971597 ], [ 101.5349268, 2.6877376 ], [ 101.5359977, 2.6846917 ], [ 101.5341672, 2.6856479 ], [ 101.5327227, 2.6858905 ], [ 101.5289144, 2.6866996 ], [ 101.5240406, 2.6883693 ], [ 101.5219682, 2.6893781 ], [ 101.5131129, 2.6942783 ], [ 101.5116747, 2.6916667 ], [ 101.5088096, 2.6933765 ], [ 101.5093569, 2.6944055 ], [ 101.5075618, 2.6954553 ], [ 101.5074171, 2.6952095 ], [ 101.5068967, 2.6955288 ], [ 101.506577, 2.6949572 ], [ 101.5070716, 2.6946592 ], [ 101.5066956, 2.6939515 ], [ 101.5058722, 2.6945264 ], [ 101.5050134, 2.6926137 ], [ 101.50347, 2.6934599 ], [ 101.4999125, 2.6870495 ], [ 101.4956708, 2.6895597 ], [ 101.4988187, 2.6952695 ], [ 101.498305, 2.6956145 ], [ 101.5003334, 2.6994208 ], [ 101.4961675, 2.7019446 ], [ 101.4943739, 2.6991642 ], [ 101.4910864, 2.7010937 ], [ 101.4921442, 2.7022717 ], [ 101.4908848, 2.7031258 ], [ 101.4973643, 2.7146526 ], [ 101.4992424, 2.7135993 ], [ 101.5028534, 2.7202541 ], [ 101.5018945, 2.7208152 ], [ 101.5009869, 2.7191946 ], [ 101.5018022, 2.718742 ], [ 101.500976, 2.7172429 ], [ 101.4994261, 2.7181124 ], [ 101.5002587, 2.7196325 ], [ 101.4994209, 2.7201157 ], [ 101.4976218, 2.7169429 ], [ 101.4992574, 2.7159914 ], [ 101.5000617, 2.7175157 ], [ 101.5008816, 2.7170714 ], [ 101.499158, 2.7139438 ], [ 101.48877, 2.7199058 ], [ 101.489513, 2.7213697 ], [ 101.4931799, 2.7193238 ], [ 101.4941271, 2.7209939 ], [ 101.4937895, 2.721232 ], [ 101.4954454, 2.7242996 ], [ 101.4946349, 2.7248231 ], [ 101.4929154, 2.7218109 ], [ 101.4897628, 2.7234903 ], [ 101.4950326, 2.7329632 ], [ 101.4928797, 2.7342443 ], [ 101.4926651, 2.7338585 ], [ 101.491761, 2.7343239 ], [ 101.4913574, 2.7336269 ], [ 101.4935508, 2.7325072 ], [ 101.4928923, 2.7309346 ], [ 101.4934704, 2.7306136 ], [ 101.4877995, 2.7204919 ], [ 101.4799985, 2.7247292 ], [ 101.4857207, 2.7347967 ], [ 101.4896615, 2.7324526 ], [ 101.4902363, 2.7336172 ], [ 101.4894648, 2.734095 ], [ 101.4889424, 2.7331609 ], [ 101.4858258, 2.7349986 ], [ 101.4891394, 2.7408629 ], [ 101.4905086, 2.7400489 ], [ 101.491286, 2.7417988 ], [ 101.4909836, 2.7420098 ], [ 101.4918688, 2.7436059 ], [ 101.4970867, 2.7406189 ], [ 101.4990676, 2.7441199 ], [ 101.4983286, 2.7446439 ], [ 101.499856, 2.7473005 ], [ 101.5005024, 2.7467287 ], [ 101.5008158, 2.7469708 ], [ 101.5010482, 2.7473288 ], [ 101.500186, 2.7478744 ], [ 101.5019845, 2.7510026 ], [ 101.4988627, 2.7529152 ], [ 101.4988047, 2.7555233 ], [ 101.4945921, 2.7555002 ], [ 101.4975282, 2.7603571 ], [ 101.5024023, 2.7575635 ], [ 101.5114775, 2.7517792 ], [ 101.5104678, 2.7500984 ], [ 101.5092957, 2.7508519 ], [ 101.5074041, 2.7476757 ], [ 101.514766, 2.7427248 ], [ 101.5165489, 2.7460181 ], [ 101.5115935, 2.7493565 ], [ 101.5125568, 2.7508982 ], [ 101.5138217, 2.7501912 ], [ 101.5188728, 2.7587569 ] ] ] } },
{ "type": "Feature", "properties": { "contextFeatureId": "MYS-S-001::landuse::way::159783295", "projectId": "MYS-S-001", "projectName": "TNB Sepang Solar", "countryCode": "MYS", "osmType": "way", "osmId": 159783295, "highway": null, "place": null, "power": null, "landuse": "orchard", "name": null, "voltage": null, "circuits": null, "cables": null, "frequency": null, "substationTag": null, "lineTag": null, "operator": null, "location": null }, "geometry": { "type": "Polygon", "coordinates": [ [ [ 101.5637883, 2.7778105 ], [ 101.5638567, 2.7666997 ], [ 101.563897, 2.7601445 ], [ 101.5359858, 2.7596399 ], [ 101.5361121, 2.7777421 ], [ 101.5503992, 2.7777579 ], [ 101.5637883, 2.7778105 ] ] ] } },
{ "type": "Feature", "properties": { "contextFeatureId": "MYS-S-001::landuse::way::159783304", "projectId": "MYS-S-001", "projectName": "TNB Sepang Solar", "countryCode": "MYS", "osmType": "way", "osmId": 159783304, "highway": null, "place": null, "power": null, "landuse": "orchard", "name": null, "voltage": null, "circuits": null, "cables": null, "frequency": null, "substationTag": null, "lineTag": null, "operator": null, "location": null }, "geometry": { "type": "Polygon", "coordinates": [ [ [ 101.5818628, 2.799448 ], [ 101.5867048, 2.799232 ], [ 101.5869287, 2.7985019 ], [ 101.5876654, 2.7977103 ], [ 101.589485, 2.7975988 ], [ 101.5895743, 2.7956699 ], [ 101.59366, 2.7954357 ], [ 101.5931242, 2.7940978 ], [ 101.5870515, 2.7944769 ], [ 101.5876721, 2.7906356 ], [ 101.5878999, 2.7892253 ], [ 101.5857454, 2.7896825 ], [ 101.5848859, 2.789794 ], [ 101.5845063, 2.7902177 ], [ 101.5841268, 2.7904407 ], [ 101.5836244, 2.7911319 ], [ 101.5822291, 2.7916448 ], [ 101.5822737, 2.7802497 ], [ 101.5732875, 2.7801828 ], [ 101.5732763, 2.7824128 ], [ 101.5708874, 2.7824128 ], [ 101.5709879, 2.7802051 ], [ 101.5679739, 2.7801828 ], [ 101.5681748, 2.7822567 ], [ 101.5637878, 2.7822567 ], [ 101.5636092, 2.7780532 ], [ 101.5355342, 2.7782204 ], [ 101.5355565, 2.7860922 ], [ 101.5484163, 2.7856239 ], [ 101.5534955, 2.7855236 ], [ 101.5534731, 2.7892811 ], [ 101.5551141, 2.7893034 ], [ 101.5550918, 2.7898943 ], [ 101.5577597, 2.789794 ], [ 101.5591551, 2.789649 ], [ 101.5591663, 2.7890023 ], [ 101.560651, 2.7889354 ], [ 101.5606621, 2.7896044 ], [ 101.5637431, 2.7893257 ], [ 101.5644129, 2.7895598 ], [ 101.5644352, 2.7981005 ], [ 101.5579597, 2.7988825 ], [ 101.5577039, 2.8018022 ], [ 101.5727814, 2.8001236 ], [ 101.5818628, 2.799448 ] ] ] } },
{ "type": "Feature", "properties": { "contextFeatureId": "MYS-S-001::landuse::way::1315284517", "projectId": "MYS-S-001", "projectName": "TNB Sepang Solar", "countryCode": "MYS", "osmType": "way", "osmId": 1315284517, "highway": null, "place": null, "power": null, "landuse": "farmland", "name": null, "voltage": null, "circuits": null, "cables": null, "frequency": null, "substationTag": null, "lineTag": null, "operator": null, "location": null }, "geometry": { "type": "Polygon", "coordinates": [ [ [ 101.5027447, 2.7858726 ], [ 101.5015638, 2.7848389 ], [ 101.5013825, 2.7849273 ], [ 101.5001441, 2.7834783 ], [ 101.4999185, 2.7827671 ], [ 101.5000866, 2.7816583 ], [ 101.5062918, 2.7779165 ], [ 101.5073623, 2.7797279 ], [ 101.5077593, 2.7794671 ], [ 101.5067668, 2.7777141 ], [ 101.5083704, 2.7767333 ], [ 101.5128572, 2.7822322 ], [ 101.5140063, 2.7836356 ], [ 101.5143406, 2.7844495 ], [ 101.5139593, 2.7846895 ], [ 101.5144033, 2.7860772 ], [ 101.5131915, 2.7868076 ], [ 101.511823, 2.7871937 ], [ 101.5117551, 2.7876945 ], [ 101.5101359, 2.7885919 ], [ 101.5096867, 2.7877519 ], [ 101.5106321, 2.7872041 ], [ 101.5102455, 2.7864685 ], [ 101.5093001, 2.7869067 ], [ 101.5090494, 2.7864268 ], [ 101.5096292, 2.7860042 ], [ 101.5100105, 2.7851694 ], [ 101.5101829, 2.7845955 ], [ 101.5100314, 2.783813 ], [ 101.5088666, 2.7838495 ], [ 101.508104, 2.78278 ], [ 101.5027447, 2.7858726 ] ] ] } },
{ "type": "Feature", "properties": { "contextFeatureId": "MYS-S-001::landuse::way::1315284518", "projectId": "MYS-S-001", "projectName": "TNB Sepang Solar", "countryCode": "MYS", "osmType": "way", "osmId": 1315284518, "highway": null, "place": null, "power": null, "landuse": "farmland", "name": null, "voltage": null, "circuits": null, "cables": null, "frequency": null, "substationTag": null, "lineTag": null, "operator": null, "location": null }, "geometry": { "type": "Polygon", "coordinates": [ [ [ 101.5093163, 2.7506203 ], [ 101.5151457, 2.7468432 ], [ 101.5163732, 2.745919 ], [ 101.5147324, 2.7429244 ], [ 101.5145165, 2.7429676 ], [ 101.510661, 2.7456047 ], [ 101.5109571, 2.7461593 ], [ 101.510624, 2.7463318 ], [ 101.5102662, 2.7457896 ], [ 101.5082984, 2.7471636 ], [ 101.5081689, 2.7474409 ], [ 101.507589, 2.747749 ], [ 101.5093163, 2.7506203 ] ] ] } },
{ "type": "Feature", "properties": { "contextFeatureId": "MYS-S-002::landuse::way::396592167", "projectId": "MYS-S-002", "projectName": "Gurun Quantum Solar PV Park", "countryCode": "MYS", "osmType": "way", "osmId": 396592167, "highway": null, "place": null, "power": null, "landuse": "residential", "name": "Taman Makmur", "voltage": null, "circuits": null, "cables": null, "frequency": null, "substationTag": null, "lineTag": null, "operator": null, "location": null }, "geometry": { "type": "Polygon", "coordinates": [ [ [ 100.52846, 5.8293847 ], [ 100.5287781, 5.8300133 ], [ 100.5290464, 5.8299893 ], [ 100.5291992, 5.8306457 ], [ 100.5304795, 5.830383 ], [ 100.5303714, 5.8298825 ], [ 100.530213, 5.8295751 ], [ 100.5299424, 5.8291636 ], [ 100.52846, 5.8293847 ] ] ] } },
{ "type": "Feature", "properties": { "contextFeatureId": "MYS-S-002::landuse::way::680386616", "projectId": "MYS-S-002", "projectName": "Gurun Quantum Solar PV Park", "countryCode": "MYS", "osmType": "way", "osmId": 680386616, "highway": null, "place": null, "power": null, "landuse": "residential", "name": null, "voltage": null, "circuits": null, "cables": null, "frequency": null, "substationTag": null, "lineTag": null, "operator": null, "location": null }, "geometry": { "type": "Polygon", "coordinates": [ [ [ 100.5308682, 5.8406582 ], [ 100.5317531, 5.8421253 ], [ 100.5335523, 5.8434163 ], [ 100.5355579, 5.8424481 ], [ 100.5354596, 5.8431034 ], [ 100.5356267, 5.8438173 ], [ 100.5346829, 5.8441205 ], [ 100.5353711, 5.8454018 ], [ 100.5355677, 5.8474752 ], [ 100.5380551, 5.8470742 ], [ 100.5382419, 5.8475437 ], [ 100.5386942, 5.847485 ], [ 100.5388023, 5.848062 ], [ 100.5393529, 5.847798 ], [ 100.5382222, 5.8461451 ], [ 100.5387335, 5.8458419 ], [ 100.5396282, 5.8469471 ], [ 100.5401197, 5.8464972 ], [ 100.540218, 5.8458125 ], [ 100.5398641, 5.84459 ], [ 100.5405916, 5.8441303 ], [ 100.5406015, 5.8426241 ], [ 100.5398051, 5.8411277 ], [ 100.5398149, 5.8406582 ], [ 100.5389104, 5.8397976 ], [ 100.5380944, 5.8393281 ], [ 100.5376618, 5.8394063 ], [ 100.5355677, 5.8376947 ], [ 100.5338079, 5.8387217 ], [ 100.5333261, 5.837757 ], [ 100.5330411, 5.8368164 ], [ 100.5326587, 5.8361248 ], [ 100.5320748, 5.8365467 ], [ 100.5325475, 5.8375288 ], [ 100.5315812, 5.8378054 ], [ 100.531456, 5.8386076 ], [ 100.5316438, 5.8389811 ], [ 100.5319774, 5.839396 ], [ 100.5313101, 5.8398594 ], [ 100.5314978, 5.8402467 ], [ 100.5308682, 5.8406582 ] ] ] } },
{ "type": "Feature", "properties": { "contextFeatureId": "MYS-S-002::landuse::way::810846312", "projectId": "MYS-S-002", "projectName": "Gurun Quantum Solar PV Park", "countryCode": "MYS", "osmType": "way", "osmId": 810846312, "highway": null, "place": null, "power": null, "landuse": "industrial", "name": null, "voltage": null, "circuits": null, "cables": null, "frequency": null, "substationTag": null, "lineTag": null, "operator": null, "location": null }, "geometry": { "type": "Polygon", "coordinates": [ [ [ 100.5390215, 5.8523388 ], [ 100.5396491, 5.8516344 ], [ 100.5403197, 5.8503323 ], [ 100.5386406, 5.8494224 ], [ 100.53808, 5.8500548 ], [ 100.5386326, 5.8505324 ], [ 100.5391046, 5.8510794 ], [ 100.5385521, 5.8521014 ], [ 100.5390215, 5.8523388 ] ] ] } },
{ "type": "Feature", "properties": { "contextFeatureId": "MYS-S-002::landuse::way::810846313", "projectId": "MYS-S-002", "projectName": "Gurun Quantum Solar PV Park", "countryCode": "MYS", "osmType": "way", "osmId": 810846313, "highway": null, "place": null, "power": null, "landuse": "industrial", "name": null, "voltage": null, "circuits": null, "cables": null, "frequency": null, "substationTag": null, "lineTag": null, "operator": null, "location": null }, "geometry": { "type": "Polygon", "coordinates": [ [ [ 100.543404, 5.8532846 ], [ 100.5439367, 5.8522866 ], [ 100.5426011, 5.8515811 ], [ 100.5420684, 5.8525792 ], [ 100.543404, 5.8532846 ] ] ] } },
{ "type": "Feature", "properties": { "contextFeatureId": "MYS-S-002::landuse::way::1343517064", "projectId": "MYS-S-002", "projectName": "Gurun Quantum Solar PV Park", "countryCode": "MYS", "osmType": "way", "osmId": 1343517064, "highway": null, "place": null, "power": null, "landuse": "residential", "name": "Taman Akasia", "voltage": null, "circuits": null, "cables": null, "frequency": null, "substationTag": null, "lineTag": null, "operator": null, "location": null }, "geometry": { "type": "Polygon", "coordinates": [ [ [ 100.5066039, 5.8776105 ], [ 100.5066025, 5.8775421 ], [ 100.5065782, 5.8764012 ], [ 100.5065699, 5.8760136 ], [ 100.506685, 5.8760112 ], [ 100.5071794, 5.876332 ], [ 100.5076274, 5.8772198 ], [ 100.50762, 5.8776781 ], [ 100.5073299, 5.8776735 ], [ 100.5066039, 5.8776105 ] ] ] } },
{ "type": "Feature", "properties": { "contextFeatureId": "MYS-S-002::landuse::way::1343517066", "projectId": "MYS-S-002", "projectName": "Gurun Quantum Solar PV Park", "countryCode": "MYS", "osmType": "way", "osmId": 1343517066, "highway": null, "place": null, "power": null, "landuse": "recreation_ground", "name": null, "voltage": null, "circuits": null, "cables": null, "frequency": null, "substationTag": null, "lineTag": null, "operator": null, "location": null }, "geometry": { "type": "Polygon", "coordinates": [ [ [ 100.5071794, 5.876332 ], [ 100.506685, 5.8760112 ], [ 100.5066898, 5.8763392 ], [ 100.5071794, 5.876332 ] ] ] } },
{ "type": "Feature", "properties": { "contextFeatureId": "PHL-S-001::landuse::way::29251047", "projectId": "PHL-S-001", "projectName": "Olongapo Solar Power Project", "countryCode": "PHL", "osmType": "way", "osmId": 29251047, "highway": null, "place": null, "power": null, "landuse": "grass", "name": null, "voltage": null, "circuits": null, "cables": null, "frequency": null, "substationTag": null, "lineTag": null, "operator": null, "location": null }, "geometry": { "type": "Polygon", "coordinates": [ [ [ 120.2872267, 14.8250045 ], [ 120.2872497, 14.8250215 ], [ 120.2872877, 14.8250325 ], [ 120.2873257, 14.8250355 ], [ 120.2873867, 14.8250225 ], [ 120.2874177, 14.8250015 ], [ 120.2874407, 14.8249705 ], [ 120.2874487, 14.8249225 ], [ 120.2874487, 14.8248705 ], [ 120.2874487, 14.8245225 ], [ 120.2874327, 14.8244795 ], [ 120.2874097, 14.8244395 ], [ 120.2873867, 14.8244095 ], [ 120.2873487, 14.8243835 ], [ 120.2873187, 14.8243605 ], [ 120.2872957, 14.8243385 ], [ 120.2872957, 14.8243155 ], [ 120.2873037, 14.8242965 ], [ 120.2873257, 14.8242865 ], [ 120.2873567, 14.8242875 ], [ 120.2874027, 14.8243015 ], [ 120.2874707, 14.8243405 ], [ 120.2875167, 14.8243775 ], [ 120.2875477, 14.8244245 ], [ 120.2875547, 14.8244595 ], [ 120.2875627, 14.8251195 ], [ 120.2875547, 14.8251595 ], [ 120.2875317, 14.8251805 ], [ 120.2875017, 14.8252015 ], [ 120.2874637, 14.8252035 ], [ 120.2874257, 14.8251955 ], [ 120.2873867, 14.8251675 ], [ 120.2873107, 14.8251195 ], [ 120.2872727, 14.8251065 ], [ 120.2872427, 14.8251085 ], [ 120.2871967, 14.8251265 ], [ 120.2871587, 14.8251485 ], [ 120.2871277, 14.8251525 ], [ 120.2870897, 14.8251305 ], [ 120.2870747, 14.8250965 ], [ 120.2870667, 14.8250365 ], [ 120.2870587, 14.8246245 ], [ 120.2870667, 14.8245915 ], [ 120.2870897, 14.8245635 ], [ 120.2871127, 14.8245465 ], [ 120.2871507, 14.8245415 ], [ 120.2871807, 14.8245505 ], [ 120.2872197, 14.8245705 ], [ 120.2872347, 14.8245945 ], [ 120.2872347, 14.8246285 ], [ 120.2872267, 14.8246955 ], [ 120.2872037, 14.8248865 ], [ 120.2872037, 14.8249555 ], [ 120.2872267, 14.8250045 ] ] ] } },
{ "type": "Feature", "properties": { "contextFeatureId": "PHL-S-001::landuse::way::29251048", "projectId": "PHL-S-001", "projectName": "Olongapo Solar Power Project", "countryCode": "PHL", "osmType": "way", "osmId": 29251048, "highway": null, "place": null, "power": null, "landuse": "recreation_ground", "name": null, "voltage": null, "circuits": null, "cables": null, "frequency": null, "substationTag": null, "lineTag": null, "operator": null, "location": null }, "geometry": { "type": "Polygon", "coordinates": [ [ [ 120.2868573, 14.8254186 ], [ 120.2868975, 14.8239445 ], [ 120.2881273, 14.8238863 ], [ 120.28901, 14.8238558 ], [ 120.289956, 14.823909 ], [ 120.2904204, 14.8238875 ], [ 120.2904143, 14.8240143 ], [ 120.2903683, 14.8240903 ], [ 120.2903223, 14.8241213 ], [ 120.2902993, 14.8241833 ], [ 120.2901693, 14.8247493 ], [ 120.2896893, 14.8255963 ], [ 120.2895443, 14.8256353 ], [ 120.2886743, 14.8255493 ], [ 120.2868573, 14.8254186 ] ] ] } },
{ "type": "Feature", "properties": { "contextFeatureId": "PHL-S-001::landuse::way::29251052", "projectId": "PHL-S-001", "projectName": "Olongapo Solar Power Project", "countryCode": "PHL", "osmType": "way", "osmId": 29251052, "highway": null, "place": null, "power": null, "landuse": "recreation_ground", "name": null, "voltage": null, "circuits": null, "cables": null, "frequency": null, "substationTag": null, "lineTag": null, "operator": null, "location": null }, "geometry": { "type": "Polygon", "coordinates": [ [ [ 120.286532, 14.8250709 ], [ 120.2865366, 14.8240775 ], [ 120.286828, 14.8240841 ], [ 120.2868448, 14.8250735 ], [ 120.286532, 14.8250709 ] ] ] } },
{ "type": "Feature", "properties": { "contextFeatureId": "PHL-S-001::landuse::way::29252694", "projectId": "PHL-S-001", "projectName": "Olongapo Solar Power Project", "countryCode": "PHL", "osmType": "way", "osmId": 29252694, "highway": null, "place": null, "power": null, "landuse": "industrial", "name": "Royal Cargo", "voltage": null, "circuits": null, "cables": null, "frequency": null, "substationTag": null, "lineTag": null, "operator": null, "location": null }, "geometry": { "type": "Polygon", "coordinates": [ [ [ 120.2751994, 14.8242616 ], [ 120.2755869, 14.8240001 ], [ 120.2753398, 14.8236341 ], [ 120.2749524, 14.8238956 ], [ 120.2751994, 14.8242616 ] ] ] } },
{ "type": "Feature", "properties": { "contextFeatureId": "PHL-S-001::landuse::way::29252704", "projectId": "PHL-S-001", "projectName": "Olongapo Solar Power Project", "countryCode": "PHL", "osmType": "way", "osmId": 29252704, "highway": null, "place": null, "power": null, "landuse": "commercial", "name": null, "voltage": null, "circuits": null, "cables": null, "frequency": null, "substationTag": null, "lineTag": null, "operator": null, "location": null }, "geometry": { "type": "Polygon", "coordinates": [ [ [ 120.2829458, 14.8192211 ], [ 120.2833459, 14.819009 ], [ 120.2832938, 14.8189171 ], [ 120.2831375, 14.819 ], [ 120.2830906, 14.8189173 ], [ 120.2831058, 14.8189093 ], [ 120.2830173, 14.8187532 ], [ 120.2831419, 14.8186871 ], [ 120.2830891, 14.818594 ], [ 120.2826953, 14.8188027 ], [ 120.2827591, 14.8189153 ], [ 120.2828735, 14.8188547 ], [ 120.2829583, 14.8190041 ], [ 120.2829922, 14.8189862 ], [ 120.2830383, 14.8190675 ], [ 120.2829002, 14.8191407 ], [ 120.2829458, 14.8192211 ] ] ] } },
{ "type": "Feature", "properties": { "contextFeatureId": "PHL-S-001::landuse::way::29265196", "projectId": "PHL-S-001", "projectName": "Olongapo Solar Power Project", "countryCode": "PHL", "osmType": "way", "osmId": 29265196, "highway": null, "place": null, "power": null, "landuse": "industrial", "name": "Elecktruck Pacific Inc", "voltage": null, "circuits": null, "cables": null, "frequency": null, "substationTag": null, "lineTag": null, "operator": null, "location": null }, "geometry": { "type": "Polygon", "coordinates": [ [ [ 120.2873251, 14.8148643 ], [ 120.2873212, 14.8145024 ], [ 120.2890064, 14.8144855 ], [ 120.2890109, 14.8149025 ], [ 120.2872851, 14.8149198 ], [ 120.2872845, 14.8148647 ], [ 120.2873251, 14.8148643 ] ] ] } },
{ "type": "Feature", "properties": { "contextFeatureId": "PHL-S-001::landuse::way::29265199", "projectId": "PHL-S-001", "projectName": "Olongapo Solar Power Project", "countryCode": "PHL", "osmType": "way", "osmId": 29265199, "highway": null, "place": null, "power": null, "landuse": "industrial", "name": null, "voltage": null, "circuits": null, "cables": null, "frequency": null, "substationTag": null, "lineTag": null, "operator": null, "location": null }, "geometry": { "type": "Polygon", "coordinates": [ [ [ 120.2851096, 14.8171368 ], [ 120.2860162, 14.8171064 ], [ 120.2859749, 14.8156294 ], [ 120.2859366, 14.8156246 ], [ 120.2859254, 14.8155385 ], [ 120.2859189, 14.8154887 ], [ 120.2850446, 14.8159719 ], [ 120.285065, 14.8160079 ], [ 120.2850943, 14.8160598 ], [ 120.2851096, 14.8171368 ] ] ] } },
{ "type": "Feature", "properties": { "contextFeatureId": "PHL-S-001::landuse::way::29265201", "projectId": "PHL-S-001", "projectName": "Olongapo Solar Power Project", "countryCode": "PHL", "osmType": "way", "osmId": 29265201, "highway": null, "place": null, "power": null, "landuse": "industrial", "name": null, "voltage": null, "circuits": null, "cables": null, "frequency": null, "substationTag": null, "lineTag": null, "operator": null, "location": null }, "geometry": { "type": "Polygon", "coordinates": [ [ [ 120.2864428, 14.8144009 ], [ 120.2862081, 14.8144024 ], [ 120.286208, 14.814377 ], [ 120.2861459, 14.8143774 ], [ 120.2861444, 14.81415 ], [ 120.2861684, 14.8141499 ], [ 120.2861673, 14.8139872 ], [ 120.2868559, 14.8139828 ], [ 120.2868563, 14.8140538 ], [ 120.2871095, 14.8140522 ], [ 120.2871123, 14.81448 ], [ 120.2870458, 14.8144805 ], [ 120.2870487, 14.8149048 ], [ 120.2866321, 14.8149074 ], [ 120.2866298, 14.8145655 ], [ 120.2864439, 14.8145667 ], [ 120.2864428, 14.8144009 ] ] ] } },
{ "type": "Feature", "properties": { "contextFeatureId": "PHL-S-001::landuse::way::29265203", "projectId": "PHL-S-001", "projectName": "Olongapo Solar Power Project", "countryCode": "PHL", "osmType": "way", "osmId": 29265203, "highway": null, "place": null, "power": null, "landuse": "industrial", "name": null, "voltage": null, "circuits": null, "cables": null, "frequency": null, "substationTag": null, "lineTag": null, "operator": null, "location": null }, "geometry": { "type": "Polygon", "coordinates": [ [ [ 120.2857741, 14.8180364 ], [ 120.2857973, 14.8186414 ], [ 120.2859913, 14.8186344 ], [ 120.2859597, 14.8178117 ], [ 120.285647, 14.8178229 ], [ 120.2856554, 14.8180406 ], [ 120.2857741, 14.8180364 ] ] ] } },
{ "type": "Feature", "properties": { "contextFeatureId": "PHL-S-001::landuse::way::29265207", "projectId": "PHL-S-001", "projectName": "Olongapo Solar Power Project", "countryCode": "PHL", "osmType": "way", "osmId": 29265207, "highway": null, "place": null, "power": null, "landuse": "industrial", "name": null, "voltage": null, "circuits": null, "cables": null, "frequency": null, "substationTag": null, "lineTag": null, "operator": null, "location": null }, "geometry": { "type": "Polygon", "coordinates": [ [ [ 120.2875764, 14.8154043 ], [ 120.2875756, 14.8151232 ], [ 120.2882972, 14.8151211 ], [ 120.2882975, 14.8152341 ], [ 120.2883957, 14.8152339 ], [ 120.2883962, 14.815402 ], [ 120.2875764, 14.8154043 ] ] ] } },
{ "type": "Feature", "properties": { "contextFeatureId": "PHL-S-001::landuse::way::29265209", "projectId": "PHL-S-001", "projectName": "Olongapo Solar Power Project", "countryCode": "PHL", "osmType": "way", "osmId": 29265209, "highway": null, "place": null, "power": null, "landuse": "industrial", "name": null, "voltage": null, "circuits": null, "cables": null, "frequency": null, "substationTag": null, "lineTag": null, "operator": null, "location": null }, "geometry": { "type": "Polygon", "coordinates": [ [ [ 120.2860849, 14.8149615 ], [ 120.2863974, 14.8149566 ], [ 120.2863939, 14.8147391 ], [ 120.2864694, 14.8147379 ], [ 120.2864669, 14.8145804 ], [ 120.2861245, 14.8145857 ], [ 120.2861258, 14.8146662 ], [ 120.2860803, 14.8146669 ], [ 120.2860849, 14.8149615 ] ] ] } },
{ "type": "Feature", "properties": { "contextFeatureId": "PHL-S-001::landuse::way::29265223", "projectId": "PHL-S-001", "projectName": "Olongapo Solar Power Project", "countryCode": "PHL", "osmType": "way", "osmId": 29265223, "highway": null, "place": null, "power": null, "landuse": "commercial", "name": "Times Square", "voltage": null, "circuits": null, "cables": null, "frequency": null, "substationTag": null, "lineTag": null, "operator": null, "location": null }, "geometry": { "type": "Polygon", "coordinates": [ [ [ 120.2819839, 14.8237574 ], [ 120.2823395, 14.8237526 ], [ 120.2823374, 14.8237347 ], [ 120.2824337, 14.8237308 ], [ 120.2824287, 14.8233896 ], [ 120.2823587, 14.8233905 ], [ 120.2823556, 14.8231779 ], [ 120.2820647, 14.8231819 ], [ 120.2820677, 14.8233861 ], [ 120.2820141, 14.8233869 ], [ 120.2820145, 14.8234121 ], [ 120.2819788, 14.8234126 ], [ 120.2819839, 14.8237574 ] ] ] } },
{ "type": "Feature", "properties": { "contextFeatureId": "PHL-S-001::landuse::way::29265226", "projectId": "PHL-S-001", "projectName": "Olongapo Solar Power Project", "countryCode": "PHL", "osmType": "way", "osmId": 29265226, "highway": null, "place": null, "power": null, "landuse": "commercial", "name": null, "voltage": null, "circuits": null, "cables": null, "frequency": null, "substationTag": null, "lineTag": null, "operator": null, "location": null }, "geometry": { "type": "Polygon", "coordinates": [ [ [ 120.2811914, 14.8237495 ], [ 120.2813214, 14.8237495 ], [ 120.2813214, 14.8237145 ], [ 120.2814814, 14.8237155 ], [ 120.2814814, 14.8236575 ], [ 120.2815734, 14.8236555 ], [ 120.2815734, 14.8234685 ], [ 120.2815433, 14.8234692 ], [ 120.2815442, 14.8233019 ], [ 120.2815734, 14.8233015 ], [ 120.2815734, 14.8230985 ], [ 120.2814584, 14.8230975 ], [ 120.2814577, 14.8230088 ], [ 120.2815734, 14.8230065 ], [ 120.2815734, 14.8228715 ], [ 120.2815424, 14.8228225 ], [ 120.2814894, 14.8227905 ], [ 120.2814514, 14.8227905 ], [ 120.2814054, 14.8228225 ], [ 120.2810234, 14.8228225 ], [ 120.2810234, 14.8236285 ], [ 120.2811914, 14.8236335 ], [ 120.2811914, 14.8237495 ] ] ] } },
{ "type": "Feature", "properties": { "contextFeatureId": "PHL-S-001::landuse::way::29265227", "projectId": "PHL-S-001", "projectName": "Olongapo Solar Power Project", "countryCode": "PHL", "osmType": "way", "osmId": 29265227, "highway": null, "place": null, "power": null, "landuse": "commercial", "name": null, "voltage": null, "circuits": null, "cables": null, "frequency": null, "substationTag": null, "lineTag": null, "operator": null, "location": null }, "geometry": { "type": "Polygon", "coordinates": [ [ [ 120.281788, 14.8233724 ], [ 120.2819745, 14.8233685 ], [ 120.2819714, 14.823222 ], [ 120.2817849, 14.8232259 ], [ 120.281788, 14.8233724 ] ] ] } },
{ "type": "Feature", "properties": { "contextFeatureId": "PHL-S-001::landuse::way::30951750", "projectId": "PHL-S-001", "projectName": "Olongapo Solar Power Project", "countryCode": "PHL", "osmType": "way", "osmId": 30951750, "highway": null, "place": null, "power": null, "landuse": "cemetery", "name": "Olongapo Public Cemetery", "voltage": null, "circuits": null, "cables": null, "frequency": null, "substationTag": null, "lineTag": null, "operator": null, "location": null }, "geometry": { "type": "Polygon", "coordinates": [ [ [ 120.2688199, 14.8292805 ], [ 120.2683036, 14.8287204 ], [ 120.2681204, 14.8288861 ], [ 120.268115, 14.8285898 ], [ 120.2682698, 14.828388 ], [ 120.2684699, 14.8281085 ], [ 120.2683733, 14.8277585 ], [ 120.2683569, 14.8273794 ], [ 120.2685385, 14.8268637 ], [ 120.2685554, 14.8265886 ], [ 120.2682714, 14.8261532 ], [ 120.2681346, 14.8258309 ], [ 120.2680905, 14.8255696 ], [ 120.268141, 14.8253689 ], [ 120.26828, 14.8252859 ], [ 120.2684363, 14.8253173 ], [ 120.2685863, 14.8254039 ], [ 120.2688054, 14.8255615 ], [ 120.2691814, 14.8259411 ], [ 120.2693372, 14.8261496 ], [ 120.2696735, 14.8264325 ], [ 120.2702049, 14.826822 ], [ 120.2704735, 14.826959 ], [ 120.2703249, 14.8271958 ], [ 120.2701505, 14.8273527 ], [ 120.2702377, 14.827669 ], [ 120.2703796, 14.8280458 ], [ 120.270327, 14.8283937 ], [ 120.2698662, 14.8289229 ], [ 120.2690315, 14.8294999 ], [ 120.2688199, 14.8292805 ] ] ] } },
{ "type": "Feature", "properties": { "contextFeatureId": "PHL-S-001::landuse::way::102440658", "projectId": "PHL-S-001", "projectName": "Olongapo Solar Power Project", "countryCode": "PHL", "osmType": "way", "osmId": 102440658, "highway": null, "place": null, "power": null, "landuse": "industrial", "name": "Warehouse Coca Cola", "voltage": null, "circuits": null, "cables": null, "frequency": null, "substationTag": null, "lineTag": null, "operator": null, "location": null }, "geometry": { "type": "Polygon", "coordinates": [ [ [ 120.3077608, 14.8486666 ], [ 120.3081801, 14.8487265 ], [ 120.3081603, 14.8488565 ], [ 120.3077409, 14.8487966 ], [ 120.3077608, 14.8486666 ] ] ] } },
{ "type": "Feature", "properties": { "contextFeatureId": "PHL-S-001::landuse::way::102441306", "projectId": "PHL-S-001", "projectName": "Olongapo Solar Power Project", "countryCode": "PHL", "osmType": "way", "osmId": 102441306, "highway": null, "place": null, "power": null, "landuse": "retail", "name": "Commercial Area", "voltage": null, "circuits": null, "cables": null, "frequency": null, "substationTag": null, "lineTag": null, "operator": null, "location": null }, "geometry": { "type": "Polygon", "coordinates": [ [ [ 120.3076446, 14.8484506 ], [ 120.3085722, 14.8486146 ], [ 120.3085876, 14.8485334 ], [ 120.3076599, 14.8483695 ], [ 120.3076446, 14.8484506 ] ] ] } },
{ "type": "Feature", "properties": { "contextFeatureId": "PHL-S-001::landuse::way::103259710", "projectId": "PHL-S-001", "projectName": "Olongapo Solar Power Project", "countryCode": "PHL", "osmType": "way", "osmId": 103259710, "highway": null, "place": null, "power": null, "landuse": "religious", "name": null, "voltage": null, "circuits": null, "cables": null, "frequency": null, "substationTag": null, "lineTag": null, "operator": null, "location": null }, "geometry": { "type": "Polygon", "coordinates": [ [ [ 120.2851586, 14.8379578 ], [ 120.2855466, 14.8375642 ], [ 120.2855606, 14.8375777 ], [ 120.2860982, 14.8380704 ], [ 120.2860147, 14.8381615 ], [ 120.2857008, 14.838504 ], [ 120.2851586, 14.8379578 ] ] ] } },
{ "type": "Feature", "properties": { "contextFeatureId": "PHL-S-001::landuse::way::103263026", "projectId": "PHL-S-001", "projectName": "Olongapo Solar Power Project", "countryCode": "PHL", "osmType": "way", "osmId": 103263026, "highway": null, "place": null, "power": null, "landuse": "retail", "name": "Jollibee", "voltage": null, "circuits": null, "cables": null, "frequency": null, "substationTag": null, "lineTag": null, "operator": null, "location": null }, "geometry": { "type": "Polygon", "coordinates": [ [ [ 120.2843359, 14.8386126 ], [ 120.2844592, 14.8384778 ], [ 120.2843642, 14.83841 ], [ 120.2842408, 14.8385448 ], [ 120.2843359, 14.8386126 ] ] ] } },
{ "type": "Feature", "properties": { "contextFeatureId": "PHL-S-001::landuse::way::103264996", "projectId": "PHL-S-001", "projectName": "Olongapo Solar Power Project", "countryCode": "PHL", "osmType": "way", "osmId": 103264996, "highway": null, "place": null, "power": null, "landuse": "commercial", "name": "The Lighthouse Marina Resort", "voltage": null, "circuits": null, "cables": null, "frequency": null, "substationTag": null, "lineTag": null, "operator": null, "location": null }, "geometry": { "type": "Polygon", "coordinates": [ [ [ 120.2718108, 14.8219362 ], [ 120.2721574, 14.8217081 ], [ 120.2719497, 14.8214512 ], [ 120.2719975, 14.821283 ], [ 120.2718575, 14.821126 ], [ 120.2718665, 14.8210418 ], [ 120.2718188, 14.8209786 ], [ 120.2717583, 14.8209455 ], [ 120.2716931, 14.8209779 ], [ 120.2716774, 14.8210368 ], [ 120.2715735, 14.8210977 ], [ 120.2716045, 14.8211475 ], [ 120.2713283, 14.8213218 ], [ 120.2718108, 14.8219362 ] ] ] } },
{ "type": "Feature", "properties": { "contextFeatureId": "PHL-S-001::landuse::way::103275289", "projectId": "PHL-S-001", "projectName": "Olongapo Solar Power Project", "countryCode": "PHL", "osmType": "way", "osmId": 103275289, "highway": null, "place": null, "power": null, "landuse": "retail", "name": "Petron", "voltage": null, "circuits": null, "cables": null, "frequency": null, "substationTag": null, "lineTag": null, "operator": null, "location": null }, "geometry": { "type": "Polygon", "coordinates": [ [ [ 120.304838, 14.8496318 ], [ 120.3047226, 14.849462 ], [ 120.3042868, 14.8496914 ], [ 120.3044451, 14.8499229 ], [ 120.304838, 14.8496318 ] ] ] } },
{ "type": "Feature", "properties": { "contextFeatureId": "PHL-S-001::landuse::way::114495122", "projectId": "PHL-S-001", "projectName": "Olongapo Solar Power Project", "countryCode": "PHL", "osmType": "way", "osmId": 114495122, "highway": null, "place": null, "power": null, "landuse": "industrial", "name": "(formerly) Transcon", "voltage": null, "circuits": null, "cables": null, "frequency": null, "substationTag": null, "lineTag": null, "operator": null, "location": null }, "geometry": { "type": "Polygon", "coordinates": [ [ [ 120.3131985, 14.8492015 ], [ 120.3132051, 14.8491483 ], [ 120.3132212, 14.8491068 ], [ 120.3132105, 14.8490187 ], [ 120.312658, 14.8490135 ], [ 120.312658, 14.8493194 ], [ 120.3131247, 14.8495216 ], [ 120.3131985, 14.8492015 ] ] ] } },
{ "type": "Feature", "properties": { "contextFeatureId": "PHL-S-001::landuse::way::114501590", "projectId": "PHL-S-001", "projectName": "Olongapo Solar Power Project", "countryCode": "PHL", "osmType": "way", "osmId": 114501590, "highway": null, "place": null, "power": null, "landuse": "commercial", "name": null, "voltage": null, "circuits": null, "cables": null, "frequency": null, "substationTag": null, "lineTag": null, "operator": null, "location": null }, "geometry": { "type": "Polygon", "coordinates": [ [ [ 120.2866408, 14.8439734 ], [ 120.2863833, 14.8430659 ], [ 120.287308, 14.8426427 ], [ 120.2870619, 14.842467 ], [ 120.28752, 14.8419793 ], [ 120.2881718, 14.8425672 ], [ 120.2877936, 14.8429354 ], [ 120.287542, 14.842734 ], [ 120.2875312, 14.8427627 ], [ 120.2872523, 14.8435015 ], [ 120.2873328, 14.8437996 ], [ 120.2868661, 14.8438904 ], [ 120.2866408, 14.8439734 ] ] ] } },
{ "type": "Feature", "properties": { "contextFeatureId": "PHL-S-001::landuse::way::114505776", "projectId": "PHL-S-001", "projectName": "Olongapo Solar Power Project", "countryCode": "PHL", "osmType": "way", "osmId": 114505776, "highway": null, "place": null, "power": null, "landuse": "retail", "name": "Caltex", "voltage": null, "circuits": null, "cables": null, "frequency": null, "substationTag": null, "lineTag": null, "operator": null, "location": null }, "geometry": { "type": "Polygon", "coordinates": [ [ [ 120.290821, 14.8451362 ], [ 120.2910423, 14.8453365 ], [ 120.2908744, 14.8455283 ], [ 120.2907906, 14.8454959 ], [ 120.2906178, 14.8453319 ], [ 120.290821, 14.8451362 ] ] ] } },
{ "type": "Feature", "properties": { "contextFeatureId": "PHL-S-001::landuse::way::114506005", "projectId": "PHL-S-001", "projectName": "Olongapo Solar Power Project", "countryCode": "PHL", "osmType": "way", "osmId": 114506005, "highway": null, "place": null, "power": null, "landuse": "retail", "name": "Mitsubishi Car World Olongapo", "voltage": null, "circuits": null, "cables": null, "frequency": null, "substationTag": null, "lineTag": null, "operator": null, "location": null }, "geometry": { "type": "Polygon", "coordinates": [ [ [ 120.2916994, 14.8459594 ], [ 120.2916902, 14.8459516 ], [ 120.2918711, 14.8461045 ], [ 120.2918067, 14.8461771 ], [ 120.2917531, 14.8461357 ], [ 120.2917048, 14.8461564 ], [ 120.2916029, 14.8460527 ], [ 120.2916994, 14.8459594 ] ] ] } },
{ "type": "Feature", "properties": { "contextFeatureId": "PHL-S-001::landuse::way::114506410", "projectId": "PHL-S-001", "projectName": "Olongapo Solar Power Project", "countryCode": "PHL", "osmType": "way", "osmId": 114506410, "highway": null, "place": null, "power": null, "landuse": "retail", "name": "West Bajac-Bajac Public Market", "voltage": null, "circuits": null, "cables": null, "frequency": null, "substationTag": null, "lineTag": null, "operator": null, "location": null }, "geometry": { "type": "Polygon", "coordinates": [ [ [ 120.2858683, 14.8438437 ], [ 120.285714, 14.8433602 ], [ 120.2863538, 14.8430789 ], [ 120.286496, 14.8435845 ], [ 120.2858683, 14.8438437 ] ] ] } },
{ "type": "Feature", "properties": { "contextFeatureId": "PHL-S-001::landuse::way::114506526", "projectId": "PHL-S-001", "projectName": "Olongapo Solar Power Project", "countryCode": "PHL", "osmType": "way", "osmId": 114506526, "highway": null, "place": null, "power": null, "landuse": "retail", "name": "Happy Valley Supermarket", "voltage": null, "circuits": null, "cables": null, "frequency": null, "substationTag": null, "lineTag": null, "operator": null, "location": null }, "geometry": { "type": "Polygon", "coordinates": [ [ [ 120.2865587, 14.8411748 ], [ 120.286603, 14.8413417 ], [ 120.2863207, 14.8414701 ], [ 120.2862546, 14.8413233 ], [ 120.2865587, 14.8411748 ] ] ] } },
{ "type": "Feature", "properties": { "contextFeatureId": "PHL-S-001::landuse::way::114506655", "projectId": "PHL-S-001", "projectName": "Olongapo Solar Power Project", "countryCode": "PHL", "osmType": "way", "osmId": 114506655, "highway": null, "place": null, "power": null, "landuse": "industrial", "name": "Happy Valley Warehouse", "voltage": null, "circuits": null, "cables": null, "frequency": null, "substationTag": null, "lineTag": null, "operator": null, "location": null }, "geometry": { "type": "Polygon", "coordinates": [ [ [ 120.2858898, 14.8416192 ], [ 120.285981, 14.8418422 ], [ 120.2863243, 14.8416762 ], [ 120.2862814, 14.8415725 ], [ 120.2861258, 14.8415051 ], [ 120.2858898, 14.8416192 ] ] ] } },
{ "type": "Feature", "properties": { "contextFeatureId": "PHL-S-001::landuse::way::114507504", "projectId": "PHL-S-001", "projectName": "Olongapo Solar Power Project", "countryCode": "PHL", "osmType": "way", "osmId": 114507504, "highway": null, "place": null, "power": null, "landuse": "retail", "name": "Manila Glass Aluminum Supply", "voltage": null, "circuits": null, "cables": null, "frequency": null, "substationTag": null, "lineTag": null, "operator": null, "location": null }, "geometry": { "type": "Polygon", "coordinates": [ [ [ 120.2844616, 14.8399418 ], [ 120.2843259, 14.8398169 ], [ 120.2842118, 14.8399328 ], [ 120.2843475, 14.8400577 ], [ 120.2844616, 14.8399418 ] ] ] } },
{ "type": "Feature", "properties": { "contextFeatureId": "PHL-S-001::landuse::way::114507919", "projectId": "PHL-S-001", "projectName": "Olongapo Solar Power Project", "countryCode": "PHL", "osmType": "way", "osmId": 114507919, "highway": null, "place": null, "power": null, "landuse": "retail", "name": "Choa's Supermarket", "voltage": null, "circuits": null, "cables": null, "frequency": null, "substationTag": null, "lineTag": null, "operator": null, "location": null }, "geometry": { "type": "Polygon", "coordinates": [ [ [ 120.286866, 14.8400849 ], [ 120.2869875, 14.8399623 ], [ 120.2871469, 14.8401098 ], [ 120.2870254, 14.8402324 ], [ 120.286866, 14.8400849 ] ] ] } },
{ "type": "Feature", "properties": { "contextFeatureId": "PHL-S-001::landuse::way::114507973", "projectId": "PHL-S-001", "projectName": "Olongapo Solar Power Project", "countryCode": "PHL", "osmType": "way", "osmId": 114507973, "highway": null, "place": null, "power": null, "landuse": "industrial", "name": "Choa's Bodega", "voltage": null, "circuits": null, "cables": null, "frequency": null, "substationTag": null, "lineTag": null, "operator": null, "location": null }, "geometry": { "type": "Polygon", "coordinates": [ [ [ 120.2873414, 14.8400147 ], [ 120.2870757, 14.8397816 ], [ 120.2871484, 14.8397041 ], [ 120.2874142, 14.8399372 ], [ 120.2873414, 14.8400147 ] ] ] } },
{ "type": "Feature", "properties": { "contextFeatureId": "PHL-S-001::landuse::way::114509926", "projectId": "PHL-S-001", "projectName": "Olongapo Solar Power Project", "countryCode": "PHL", "osmType": "way", "osmId": 114509926, "highway": null, "place": null, "power": null, "landuse": "retail", "name": "Vercon Supermarket", "voltage": null, "circuits": null, "cables": null, "frequency": null, "substationTag": null, "lineTag": null, "operator": null, "location": null }, "geometry": { "type": "Polygon", "coordinates": [ [ [ 120.2870865, 14.841038 ], [ 120.2872857, 14.8408512 ], [ 120.2875053, 14.8410613 ], [ 120.287485, 14.8410816 ], [ 120.28755, 14.8411437 ], [ 120.287373, 14.841321 ], [ 120.2870865, 14.841038 ] ] ] } },
{ "type": "Feature", "properties": { "contextFeatureId": "PHL-S-001::landuse::way::114548857", "projectId": "PHL-S-001", "projectName": "Olongapo Solar Power Project", "countryCode": "PHL", "osmType": "way", "osmId": 114548857, "highway": null, "place": null, "power": null, "landuse": "commercial", "name": "Bureau of Internal Revenue", "voltage": null, "circuits": null, "cables": null, "frequency": null, "substationTag": null, "lineTag": null, "operator": null, "location": null }, "geometry": { "type": "Polygon", "coordinates": [ [ [ 120.280482, 14.831387 ], [ 120.2804444, 14.8312677 ], [ 120.2802835, 14.8313351 ], [ 120.2802996, 14.8313921 ], [ 120.2801869, 14.8314336 ], [ 120.2802084, 14.8315114 ], [ 120.280482, 14.831387 ] ] ] } },
{ "type": "Feature", "properties": { "contextFeatureId": "PHL-S-001::landuse::way::114548894", "projectId": "PHL-S-001", "projectName": "Olongapo Solar Power Project", "countryCode": "PHL", "osmType": "way", "osmId": 114548894, "highway": null, "place": null, "power": null, "landuse": "commercial", "name": "Social Security System", "voltage": null, "circuits": null, "cables": null, "frequency": null, "substationTag": null, "lineTag": null, "operator": null, "location": null }, "geometry": { "type": "Polygon", "coordinates": [ [ [ 120.2807916, 14.8328859 ], [ 120.2807948, 14.8326666 ], [ 120.2810626, 14.8326333 ], [ 120.28107, 14.8328936 ], [ 120.2807916, 14.8328859 ] ] ] } },
{ "type": "Feature", "properties": { "contextFeatureId": "PHL-S-001::landuse::way::114625594", "projectId": "PHL-S-001", "projectName": "Olongapo Solar Power Project", "countryCode": "PHL", "osmType": "way", "osmId": 114625594, "highway": null, "place": null, "power": null, "landuse": "industrial", "name": null, "voltage": null, "circuits": null, "cables": null, "frequency": null, "substationTag": null, "lineTag": null, "operator": null, "location": null }, "geometry": { "type": "Polygon", "coordinates": [ [ [ 120.3031341, 14.8513065 ], [ 120.3032915, 14.8512641 ], [ 120.3034041, 14.8511552 ], [ 120.3034739, 14.8510567 ], [ 120.3035382, 14.8509167 ], [ 120.3036294, 14.8509322 ], [ 120.3040103, 14.8513833 ], [ 120.3041015, 14.8516063 ], [ 120.3044502, 14.8525241 ], [ 120.3043483, 14.8525863 ], [ 120.3041158, 14.8525199 ], [ 120.3040637, 14.8522318 ], [ 120.3038583, 14.8518976 ], [ 120.3037296, 14.851685 ], [ 120.3035365, 14.8515036 ], [ 120.3034453, 14.8515865 ], [ 120.3031341, 14.8513065 ] ] ] } },
{ "type": "Feature", "properties": { "contextFeatureId": "PHL-S-001::landuse::way::114625681", "projectId": "PHL-S-001", "projectName": "Olongapo Solar Power Project", "countryCode": "PHL", "osmType": "way", "osmId": 114625681, "highway": null, "place": null, "power": null, "landuse": "cemetery", "name": "Olongapo City Memorial Garden", "voltage": null, "circuits": null, "cables": null, "frequency": null, "substationTag": null, "lineTag": null, "operator": null, "location": null }, "geometry": { "type": "Polygon", "coordinates": [ [ [ 120.301337, 14.8524162 ], [ 120.3019808, 14.853308 ], [ 120.3022168, 14.8537073 ], [ 120.3025494, 14.8539976 ], [ 120.3026889, 14.8541999 ], [ 120.3026513, 14.8542673 ], [ 120.3027103, 14.8543139 ], [ 120.3031931, 14.8539925 ], [ 120.3032092, 14.853951 ], [ 120.3033997, 14.8538623 ], [ 120.3034005, 14.8536079 ], [ 120.3033755, 14.8533547 ], [ 120.3033219, 14.8529088 ], [ 120.3033487, 14.8527999 ], [ 120.303397, 14.8527376 ], [ 120.3034614, 14.8526858 ], [ 120.303515, 14.8526495 ], [ 120.3037403, 14.8525976 ], [ 120.303869, 14.8525717 ], [ 120.3041158, 14.8525199 ], [ 120.3040637, 14.8522318 ], [ 120.3038583, 14.8518976 ], [ 120.3037296, 14.851685 ], [ 120.3035365, 14.8515036 ], [ 120.3034453, 14.8515865 ], [ 120.3031341, 14.8513065 ], [ 120.3027264, 14.8513376 ], [ 120.302426, 14.8513532 ], [ 120.3022544, 14.8515243 ], [ 120.3022865, 14.8515502 ], [ 120.301337, 14.8524162 ] ] ] } },
{ "type": "Feature", "properties": { "contextFeatureId": "PHL-S-001::landuse::way::114625767", "projectId": "PHL-S-001", "projectName": "Olongapo Solar Power Project", "countryCode": "PHL", "osmType": "way", "osmId": 114625767, "highway": null, "place": null, "power": null, "landuse": "cemetery", "name": null, "voltage": null, "circuits": null, "cables": null, "frequency": null, "substationTag": null, "lineTag": null, "operator": null, "location": null }, "geometry": { "type": "Polygon", "coordinates": [ [ [ 120.3012969, 14.8522542 ], [ 120.3009911, 14.8519119 ], [ 120.3014417, 14.8516112 ], [ 120.3019031, 14.8511848 ], [ 120.3021337, 14.8514971 ], [ 120.3012969, 14.8522542 ] ] ] } },
{ "type": "Feature", "properties": { "contextFeatureId": "PHL-S-001::landuse::way::114682596", "projectId": "PHL-S-001", "projectName": "Olongapo Solar Power Project", "countryCode": "PHL", "osmType": "way", "osmId": 114682596, "highway": null, "place": null, "power": null, "landuse": "industrial", "name": null, "voltage": null, "circuits": null, "cables": null, "frequency": null, "substationTag": null, "lineTag": null, "operator": null, "location": null }, "geometry": { "type": "Polygon", "coordinates": [ [ [ 120.3026266, 14.8510718 ], [ 120.3030075, 14.8506933 ], [ 120.3030934, 14.8507762 ], [ 120.3027071, 14.8511651 ], [ 120.3026266, 14.8510718 ] ] ] } },
{ "type": "Feature", "properties": { "contextFeatureId": "PHL-S-001::landuse::way::114688715", "projectId": "PHL-S-001", "projectName": "Olongapo Solar Power Project", "countryCode": "PHL", "osmType": "way", "osmId": 114688715, "highway": null, "place": null, "power": null, "landuse": "retail", "name": null, "voltage": null, "circuits": null, "cables": null, "frequency": null, "substationTag": null, "lineTag": null, "operator": null, "location": null }, "geometry": { "type": "Polygon", "coordinates": [ [ [ 120.279624, 14.8386479 ], [ 120.2798989, 14.8384353 ], [ 120.2799155, 14.8384733 ], [ 120.2800116, 14.8386713 ], [ 120.2797581, 14.8388553 ], [ 120.279624, 14.8386479 ] ] ] } },
{ "type": "Feature", "properties": { "contextFeatureId": "PHL-S-001::landuse::way::114689941", "projectId": "PHL-S-001", "projectName": "Olongapo Solar Power Project", "countryCode": "PHL", "osmType": "way", "osmId": 114689941, "highway": null, "place": null, "power": null, "landuse": "residential", "name": "Moonstone Residential Apartment", "voltage": null, "circuits": null, "cables": null, "frequency": null, "substationTag": null, "lineTag": null, "operator": null, "location": null }, "geometry": { "type": "Polygon", "coordinates": [ [ [ 120.2801447, 14.8385771 ], [ 120.2802712, 14.8384931 ], [ 120.2801586, 14.8382973 ], [ 120.2799155, 14.8384733 ], [ 120.2800116, 14.8386713 ], [ 120.2801447, 14.8385771 ] ] ] } },
{ "type": "Feature", "properties": { "contextFeatureId": "PHL-S-001::landuse::way::114735743", "projectId": "PHL-S-001", "projectName": "Olongapo Solar Power Project", "countryCode": "PHL", "osmType": "way", "osmId": 114735743, "highway": null, "place": null, "power": null, "landuse": "industrial", "name": "KDIC open area", "voltage": null, "circuits": null, "cables": null, "frequency": null, "substationTag": null, "lineTag": null, "operator": null, "location": null }, "geometry": { "type": "Polygon", "coordinates": [ [ [ 120.3087957, 14.8487594 ], [ 120.3090157, 14.8485572 ], [ 120.3103407, 14.8486816 ], [ 120.3103031, 14.8488424 ], [ 120.3101583, 14.848972 ], [ 120.3089728, 14.849055 ], [ 120.3088977, 14.8490135 ], [ 120.3087957, 14.8487594 ] ] ] } },
{ "type": "Feature", "properties": { "contextFeatureId": "PHL-S-001::landuse::way::114738658", "projectId": "PHL-S-001", "projectName": "Olongapo Solar Power Project", "countryCode": "PHL", "osmType": "way", "osmId": 114738658, "highway": null, "place": null, "power": null, "landuse": "industrial", "name": "PDPC Standalone Warehouse", "voltage": null, "circuits": null, "cables": null, "frequency": null, "substationTag": null, "lineTag": null, "operator": null, "location": null }, "geometry": { "type": "Polygon", "coordinates": [ [ [ 120.2899185, 14.8361473 ], [ 120.2898434, 14.8360747 ], [ 120.2899024, 14.8360124 ], [ 120.2899883, 14.836085 ], [ 120.2899185, 14.8361473 ] ] ] } },
{ "type": "Feature", "properties": { "contextFeatureId": "PHL-S-001::landuse::way::114739696", "projectId": "PHL-S-001", "projectName": "Olongapo Solar Power Project", "countryCode": "PHL", "osmType": "way", "osmId": 114739696, "highway": null, "place": null, "power": null, "landuse": "industrial", "name": "Cindy's Warehouse", "voltage": null, "circuits": null, "cables": null, "frequency": null, "substationTag": null, "lineTag": null, "operator": null, "location": null }, "geometry": { "type": "Polygon", "coordinates": [ [ [ 120.2878292, 14.835647 ], [ 120.2876395, 14.8354622 ], [ 120.287508, 14.8356051 ], [ 120.2876978, 14.8357847 ], [ 120.2878292, 14.835647 ] ] ] } },
{ "type": "Feature", "properties": { "contextFeatureId": "PHL-S-001::landuse::way::114743925", "projectId": "PHL-S-001", "projectName": "Olongapo Solar Power Project", "countryCode": "PHL", "osmType": "way", "osmId": 114743925, "highway": null, "place": null, "power": null, "landuse": "retail", "name": null, "voltage": null, "circuits": null, "cables": null, "frequency": null, "substationTag": null, "lineTag": null, "operator": null, "location": null }, "geometry": { "type": "Polygon", "coordinates": [ [ [ 120.2811021, 14.8346215 ], [ 120.2810777, 14.834412 ], [ 120.2808927, 14.8344321 ], [ 120.2808949, 14.834451 ], [ 120.2807968, 14.8344617 ], [ 120.2808103, 14.8345781 ], [ 120.2808817, 14.8345704 ], [ 120.2808903, 14.8346445 ], [ 120.2811021, 14.8346215 ] ] ] } },
{ "type": "Feature", "properties": { "contextFeatureId": "PHL-S-001::landuse::way::114744512", "projectId": "PHL-S-001", "projectName": "Olongapo Solar Power Project", "countryCode": "PHL", "osmType": "way", "osmId": 114744512, "highway": null, "place": null, "power": null, "landuse": "retail", "name": "Caltex", "voltage": null, "circuits": null, "cables": null, "frequency": null, "substationTag": null, "lineTag": null, "operator": null, "location": null }, "geometry": { "type": "Polygon", "coordinates": [ [ [ 120.2807749, 14.8358383 ], [ 120.2812063, 14.835817 ], [ 120.2812145, 14.8361908 ], [ 120.2808549, 14.8361982 ], [ 120.2807749, 14.8358383 ] ] ] } },
{ "type": "Feature", "properties": { "contextFeatureId": "PHL-S-001::landuse::way::114748755", "projectId": "PHL-S-001", "projectName": "Olongapo Solar Power Project", "countryCode": "PHL", "osmType": "way", "osmId": 114748755, "highway": null, "place": null, "power": null, "landuse": "industrial", "name": "Sam's Pizza Warehouse Office", "voltage": null, "circuits": null, "cables": null, "frequency": null, "substationTag": null, "lineTag": null, "operator": null, "location": null }, "geometry": { "type": "Polygon", "coordinates": [ [ [ 120.2832343, 14.8310458 ], [ 120.2833952, 14.8307969 ], [ 120.283186, 14.8306932 ], [ 120.283009, 14.8309369 ], [ 120.2832343, 14.8310458 ] ] ] } },
{ "type": "Feature", "properties": { "contextFeatureId": "PHL-S-001::landuse::way::114749829", "projectId": "PHL-S-001", "projectName": "Olongapo Solar Power Project", "countryCode": "PHL", "osmType": "way", "osmId": 114749829, "highway": null, "place": null, "power": null, "landuse": "retail", "name": null, "voltage": null, "circuits": null, "cables": null, "frequency": null, "substationTag": null, "lineTag": null, "operator": null, "location": null }, "geometry": { "type": "Polygon", "coordinates": [ [ [ 120.2807277, 14.8309447 ], [ 120.2809745, 14.8306854 ], [ 120.2810174, 14.8305972 ], [ 120.2810979, 14.8306283 ], [ 120.2810603, 14.8306906 ], [ 120.2811783, 14.8307476 ], [ 120.2812427, 14.8306802 ], [ 120.2812642, 14.8307165 ], [ 120.2812543, 14.8308155 ], [ 120.2811676, 14.8308565 ], [ 120.2811193, 14.830841 ], [ 120.2809852, 14.830981 ], [ 120.2807599, 14.8310432 ], [ 120.2807277, 14.8309447 ] ] ] } },
{ "type": "Feature", "properties": { "contextFeatureId": "PHL-S-001::landuse::way::114750916", "projectId": "PHL-S-001", "projectName": "Olongapo Solar Power Project", "countryCode": "PHL", "osmType": "way", "osmId": 114750916, "highway": null, "place": null, "power": null, "landuse": "retail", "name": "Magsaysay Public Market Brgy. Asinan", "voltage": null, "circuits": null, "cables": null, "frequency": null, "substationTag": null, "lineTag": null, "operator": null, "location": null }, "geometry": { "type": "Polygon", "coordinates": [ [ [ 120.2869268, 14.8284805 ], [ 120.2878768, 14.82963 ], [ 120.2874316, 14.82991 ], [ 120.2865303, 14.8288485 ], [ 120.2869268, 14.8284805 ] ] ] } },
{ "type": "Feature", "properties": { "contextFeatureId": "PHL-S-001::landuse::way::114816066", "projectId": "PHL-S-001", "projectName": "Olongapo Solar Power Project", "countryCode": "PHL", "osmType": "way", "osmId": 114816066, "highway": null, "place": null, "power": null, "landuse": "retail", "name": null, "voltage": null, "circuits": null, "cables": null, "frequency": null, "substationTag": null, "lineTag": null, "operator": null, "location": null }, "geometry": { "type": "Polygon", "coordinates": [ [ [ 120.2674737, 14.8481477 ], [ 120.2672806, 14.8478937 ], [ 120.2675059, 14.8477122 ], [ 120.2677887, 14.8480598 ], [ 120.2676132, 14.848184 ], [ 120.2675488, 14.8480959 ], [ 120.2674737, 14.8481477 ] ] ] } },
{ "type": "Feature", "properties": { "contextFeatureId": "PHL-S-001::landuse::way::117837512", "projectId": "PHL-S-001", "projectName": "Olongapo Solar Power Project", "countryCode": "PHL", "osmType": "way", "osmId": 117837512, "highway": null, "place": null, "power": null, "landuse": "commercial", "name": "Dreamland Resort and Hotel", "voltage": null, "circuits": null, "cables": null, "frequency": null, "substationTag": null, "lineTag": null, "operator": null, "location": null }, "geometry": { "type": "Polygon", "coordinates": [ [ [ 120.2533867, 14.8513515 ], [ 120.2534908, 14.8512234 ], [ 120.2538223, 14.8510765 ], [ 120.2536548, 14.8508813 ], [ 120.2537661, 14.8508099 ], [ 120.2536599, 14.8506665 ], [ 120.253534, 14.8505771 ], [ 120.2533518, 14.8504641 ], [ 120.2531947, 14.8503904 ], [ 120.2530325, 14.8503968 ], [ 120.2528833, 14.850447 ], [ 120.2527214, 14.8505223 ], [ 120.2525426, 14.8506232 ], [ 120.2524197, 14.8507096 ], [ 120.2523144, 14.8508088 ], [ 120.2522479, 14.8509368 ], [ 120.2521215, 14.8513018 ], [ 120.2523456, 14.8514959 ], [ 120.2525024, 14.8514896 ], [ 120.2525698, 14.8514778 ], [ 120.2533867, 14.8513515 ] ] ] } },
{ "type": "Feature", "properties": { "contextFeatureId": "PHL-S-001::landuse::way::118534679", "projectId": "PHL-S-001", "projectName": "Olongapo Solar Power Project", "countryCode": "PHL", "osmType": "way", "osmId": 118534679, "highway": null, "place": null, "power": null, "landuse": "industrial", "name": null, "voltage": null, "circuits": null, "cables": null, "frequency": null, "substationTag": null, "lineTag": null, "operator": null, "location": null }, "geometry": { "type": "Polygon", "coordinates": [ [ [ 120.3001603, 14.8185925 ], [ 120.2991601, 14.8190228 ], [ 120.2991122, 14.8191145 ], [ 120.2985846, 14.8191166 ], [ 120.2984365, 14.8189976 ], [ 120.2984248, 14.8186697 ], [ 120.2984355, 14.8183028 ], [ 120.2985698, 14.8177921 ], [ 120.2990817, 14.8177764 ], [ 120.2990669, 14.817422 ], [ 120.2997456, 14.817942 ], [ 120.3000017, 14.818263 ], [ 120.3000783, 14.8183993 ], [ 120.3001603, 14.8185925 ] ] ] } },
{ "type": "Feature", "properties": { "contextFeatureId": "PHL-S-001::landuse::way::147251293", "projectId": "PHL-S-001", "projectName": "Olongapo Solar Power Project", "countryCode": "PHL", "osmType": "way", "osmId": 147251293, "highway": null, "place": null, "power": null, "landuse": "retail", "name": null, "voltage": null, "circuits": null, "cables": null, "frequency": null, "substationTag": null, "lineTag": null, "operator": null, "location": null }, "geometry": { "type": "Polygon", "coordinates": [ [ [ 120.3005589, 14.8248462 ], [ 120.3003004, 14.8243421 ], [ 120.3002465, 14.824237 ], [ 120.3004016, 14.824161 ], [ 120.3009217, 14.8239063 ], [ 120.3012321, 14.8245295 ], [ 120.3010586, 14.8246111 ], [ 120.3006188, 14.824818 ], [ 120.3005589, 14.8248462 ] ] ] } },
{ "type": "Feature", "properties": { "contextFeatureId": "PHL-S-001::landuse::way::195771827", "projectId": "PHL-S-001", "projectName": "Olongapo Solar Power Project", "countryCode": "PHL", "osmType": "way", "osmId": 195771827, "highway": null, "place": null, "power": null, "landuse": "retail", "name": "Harbor Point Mall", "voltage": null, "circuits": null, "cables": null, "frequency": null, "substationTag": null, "lineTag": null, "operator": null, "location": null }, "geometry": { "type": "Polygon", "coordinates": [ [ [ 120.2788396, 14.8256992 ], [ 120.2780088, 14.8246845 ], [ 120.278054, 14.8246522 ], [ 120.2780879, 14.8246172 ], [ 120.2780675, 14.8245768 ], [ 120.2784314, 14.8244057 ], [ 120.2784749, 14.8243412 ], [ 120.2786815, 14.8242536 ], [ 120.2788246, 14.8242169 ], [ 120.2789908, 14.8241833 ], [ 120.2792012, 14.8241623 ], [ 120.2804987, 14.8241463 ], [ 120.2806312, 14.8240512 ], [ 120.2816435, 14.8240346 ], [ 120.281663, 14.8244625 ], [ 120.2818514, 14.8244806 ], [ 120.2823444, 14.8244892 ], [ 120.2823523, 14.824782 ], [ 120.2823966, 14.8247821 ], [ 120.2823964, 14.8248286 ], [ 120.2823342, 14.8248279 ], [ 120.2823459, 14.8252729 ], [ 120.2817724, 14.8252794 ], [ 120.2811755, 14.8253738 ], [ 120.2811447, 14.8254101 ], [ 120.2809797, 14.8254347 ], [ 120.2809797, 14.8254119 ], [ 120.279235, 14.8257178 ], [ 120.2788986, 14.8257724 ], [ 120.2788396, 14.8256992 ] ] ] } },
{ "type": "Feature", "properties": { "contextFeatureId": "PHL-S-001::landuse::way::198247562", "projectId": "PHL-S-001", "projectName": "Olongapo Solar Power Project", "countryCode": "PHL", "osmType": "way", "osmId": 198247562, "highway": null, "place": null, "power": null, "landuse": "residential", "name": null, "voltage": null, "circuits": null, "cables": null, "frequency": null, "substationTag": null, "lineTag": null, "operator": null, "location": null }, "geometry": { "type": "Polygon", "coordinates": [ [ [ 120.2911599, 14.8359046 ], [ 120.2914569, 14.8363758 ], [ 120.2912458, 14.83669 ], [ 120.2912107, 14.8367136 ], [ 120.2911009, 14.8367872 ], [ 120.2908876, 14.8367756 ], [ 120.2907226, 14.8368378 ], [ 120.2906743, 14.8371257 ], [ 120.29063, 14.8375226 ], [ 120.2904328, 14.8375926 ], [ 120.2904587, 14.8374212 ], [ 120.2903015, 14.8373515 ], [ 120.2900207, 14.8372519 ], [ 120.2900268, 14.8369546 ], [ 120.2901772, 14.8366673 ], [ 120.2903455, 14.8364737 ], [ 120.2906424, 14.8361895 ], [ 120.2907925, 14.8360881 ], [ 120.2911599, 14.8359046 ] ] ] } },
{ "type": "Feature", "properties": { "contextFeatureId": "PHL-S-001::landuse::way::199823818", "projectId": "PHL-S-001", "projectName": "Olongapo Solar Power Project", "countryCode": "PHL", "osmType": "way", "osmId": 199823818, "highway": null, "place": null, "power": null, "landuse": "retail", "name": "Petron", "voltage": null, "circuits": null, "cables": null, "frequency": null, "substationTag": null, "lineTag": null, "operator": "Petron", "location": null }, "geometry": { "type": "Polygon", "coordinates": [ [ [ 120.2998629, 14.8215283 ], [ 120.2995015, 14.8217024 ], [ 120.2991998, 14.8218466 ], [ 120.2991045, 14.8218913 ], [ 120.2994429, 14.8225614 ], [ 120.2995204, 14.8226577 ], [ 120.2995636, 14.8226794 ], [ 120.2996199, 14.8226768 ], [ 120.2996974, 14.8226733 ], [ 120.2998383, 14.822624 ], [ 120.3002951, 14.8224006 ], [ 120.3000217, 14.8218628 ], [ 120.2998629, 14.8215283 ] ] ] } },
{ "type": "Feature", "properties": { "contextFeatureId": "PHL-S-001::landuse::way::200092358", "projectId": "PHL-S-001", "projectName": "Olongapo Solar Power Project", "countryCode": "PHL", "osmType": "way", "osmId": 200092358, "highway": null, "place": null, "power": null, "landuse": "retail", "name": null, "voltage": null, "circuits": null, "cables": null, "frequency": null, "substationTag": null, "lineTag": null, "operator": null, "location": null }, "geometry": { "type": "Polygon", "coordinates": [ [ [ 120.2820592, 14.8297079 ], [ 120.2815925, 14.8294642 ], [ 120.2818607, 14.8289611 ], [ 120.2823476, 14.8292111 ], [ 120.2820592, 14.8297079 ] ] ] } },
{ "type": "Feature", "properties": { "contextFeatureId": "PHL-S-001::landuse::way::200093121", "projectId": "PHL-S-001", "projectName": "Olongapo Solar Power Project", "countryCode": "PHL", "osmType": "way", "osmId": 200093121, "highway": null, "place": null, "power": null, "landuse": "retail", "name": null, "voltage": null, "circuits": null, "cables": null, "frequency": null, "substationTag": null, "lineTag": null, "operator": null, "location": null }, "geometry": { "type": "Polygon", "coordinates": [ [ [ 120.28266, 14.8272187 ], [ 120.2826493, 14.8269594 ], [ 120.2831029, 14.8269555 ], [ 120.2830785, 14.8272395 ], [ 120.28266, 14.8272187 ] ] ] } },
{ "type": "Feature", "properties": { "contextFeatureId": "PHL-S-001::landuse::way::200107048", "projectId": "PHL-S-001", "projectName": "Olongapo Solar Power Project", "countryCode": "PHL", "osmType": "way", "osmId": 200107048, "highway": null, "place": null, "power": null, "landuse": "industrial", "name": null, "voltage": null, "circuits": null, "cables": null, "frequency": null, "substationTag": null, "lineTag": null, "operator": null, "location": null }, "geometry": { "type": "Polygon", "coordinates": [ [ [ 120.303573, 14.8204708 ], [ 120.3046717, 14.8204693 ], [ 120.3071497, 14.8205045 ], [ 120.3074199, 14.8202271 ], [ 120.3074339, 14.8184931 ], [ 120.3071058, 14.8182159 ], [ 120.304099, 14.8179964 ], [ 120.3035706, 14.8185115 ], [ 120.303573, 14.8204708 ] ] ] } },
{ "type": "Feature", "properties": { "contextFeatureId": "PHL-S-001::landuse::way::245579714", "projectId": "PHL-S-001", "projectName": "Olongapo Solar Power Project", "countryCode": "PHL", "osmType": "way", "osmId": 245579714, "highway": null, "place": null, "power": null, "landuse": "industrial", "name": null, "voltage": null, "circuits": null, "cables": null, "frequency": null, "substationTag": null, "lineTag": null, "operator": null, "location": null }, "geometry": { "type": "Polygon", "coordinates": [ [ [ 120.3007479, 14.8210934 ], [ 120.2998629, 14.8215283 ], [ 120.2995015, 14.8217024 ], [ 120.2993909, 14.8214937 ], [ 120.2990901, 14.8216308 ], [ 120.2982388, 14.8200102 ], [ 120.2982071, 14.8198945 ], [ 120.2982781, 14.8197209 ], [ 120.3003122, 14.8187311 ], [ 120.3006927, 14.8194449 ], [ 120.3000706, 14.8197606 ], [ 120.300618, 14.8208371 ], [ 120.3007479, 14.8210934 ] ] ] } },
{ "type": "Feature", "properties": { "contextFeatureId": "PHL-S-001::landuse::way::247289453", "projectId": "PHL-S-001", "projectName": "Olongapo Solar Power Project", "countryCode": "PHL", "osmType": "way", "osmId": 247289453, "highway": null, "place": null, "power": null, "landuse": "industrial", "name": null, "voltage": null, "circuits": null, "cables": null, "frequency": null, "substationTag": null, "lineTag": null, "operator": null, "location": null }, "geometry": { "type": "Polygon", "coordinates": [ [ [ 120.2943328, 14.8717209 ], [ 120.2943128, 14.8715939 ], [ 120.2947793, 14.8715332 ], [ 120.2947589, 14.871674 ], [ 120.2943328, 14.8717209 ] ] ] } },
{ "type": "Feature", "properties": { "contextFeatureId": "PHL-S-001::landuse::way::251308506", "projectId": "PHL-S-001", "projectName": "Olongapo Solar Power Project", "countryCode": "PHL", "osmType": "way", "osmId": 251308506, "highway": null, "place": null, "power": null, "landuse": "residential", "name": null, "voltage": null, "circuits": null, "cables": null, "frequency": null, "substationTag": null, "lineTag": null, "operator": null, "location": null }, "geometry": { "type": "Polygon", "coordinates": [ [ [ 120.251303, 14.8554153 ], [ 120.2515049, 14.8556138 ], [ 120.2516076, 14.8555343 ], [ 120.251422, 14.8553254 ], [ 120.251303, 14.8554153 ] ] ] } },
{ "type": "Feature", "properties": { "contextFeatureId": "PHL-S-001::landuse::way::251308549", "projectId": "PHL-S-001", "projectName": "Olongapo Solar Power Project", "countryCode": "PHL", "osmType": "way", "osmId": 251308549, "highway": null, "place": null, "power": null, "landuse": "residential", "name": null, "voltage": null, "circuits": null, "cables": null, "frequency": null, "substationTag": null, "lineTag": null, "operator": null, "location": null }, "geometry": { "type": "Polygon", "coordinates": [ [ [ 120.2514499, 14.8556853 ], [ 120.2513721, 14.855779 ], [ 120.2511256, 14.8557032 ], [ 120.2511881, 14.8555302 ], [ 120.2514499, 14.8556853 ] ] ] } },
{ "type": "Feature", "properties": { "contextFeatureId": "PHL-S-001::landuse::way::251308757", "projectId": "PHL-S-001", "projectName": "Olongapo Solar Power Project", "countryCode": "PHL", "osmType": "way", "osmId": 251308757, "highway": null, "place": null, "power": null, "landuse": "residential", "name": null, "voltage": null, "circuits": null, "cables": null, "frequency": null, "substationTag": null, "lineTag": null, "operator": null, "location": null }, "geometry": { "type": "Polygon", "coordinates": [ [ [ 120.2516076, 14.8555343 ], [ 120.2517749, 14.8554118 ], [ 120.2516222, 14.8552036 ], [ 120.251422, 14.8553254 ], [ 120.2516076, 14.8555343 ] ] ] } },
{ "type": "Feature", "properties": { "contextFeatureId": "PHL-S-001::landuse::way::251308779", "projectId": "PHL-S-001", "projectName": "Olongapo Solar Power Project", "countryCode": "PHL", "osmType": "way", "osmId": 251308779, "highway": null, "place": null, "power": null, "landuse": "residential", "name": null, "voltage": null, "circuits": null, "cables": null, "frequency": null, "substationTag": null, "lineTag": null, "operator": null, "location": null }, "geometry": { "type": "Polygon", "coordinates": [ [ [ 120.2513485, 14.8552963 ], [ 120.2512328, 14.8551114 ], [ 120.2513279, 14.8550443 ], [ 120.2514488, 14.8552315 ], [ 120.2513485, 14.8552963 ] ] ] } },
{ "type": "Feature", "properties": { "contextFeatureId": "PHL-S-001::landuse::way::251308880", "projectId": "PHL-S-001", "projectName": "Olongapo Solar Power Project", "countryCode": "PHL", "osmType": "way", "osmId": 251308880, "highway": null, "place": null, "power": null, "landuse": "residential", "name": "55", "voltage": null, "circuits": null, "cables": null, "frequency": null, "substationTag": null, "lineTag": null, "operator": null, "location": null }, "geometry": { "type": "Polygon", "coordinates": [ [ [ 120.2511652, 14.8554137 ], [ 120.2510473, 14.8552422 ], [ 120.2511504, 14.8551695 ], [ 120.2512669, 14.8553482 ], [ 120.2511652, 14.8554137 ] ] ] } },
{ "type": "Feature", "properties": { "contextFeatureId": "PHL-S-001::landuse::way::251569519", "projectId": "PHL-S-001", "projectName": "Olongapo Solar Power Project", "countryCode": "PHL", "osmType": "way", "osmId": 251569519, "highway": null, "place": null, "power": null, "landuse": "residential", "name": null, "voltage": null, "circuits": null, "cables": null, "frequency": null, "substationTag": null, "lineTag": null, "operator": null, "location": null }, "geometry": { "type": "Polygon", "coordinates": [ [ [ 120.2525589, 14.8530555 ], [ 120.2527646, 14.8530422 ], [ 120.2527535, 14.8528957 ], [ 120.252559, 14.8529657 ], [ 120.2525589, 14.8530555 ] ] ] } },
{ "type": "Feature", "properties": { "contextFeatureId": "PHL-S-001::landuse::way::251569714", "projectId": "PHL-S-001", "projectName": "Olongapo Solar Power Project", "countryCode": "PHL", "osmType": "way", "osmId": 251569714, "highway": null, "place": null, "power": null, "landuse": "residential", "name": null, "voltage": null, "circuits": null, "cables": null, "frequency": null, "substationTag": null, "lineTag": null, "operator": null, "location": null }, "geometry": { "type": "Polygon", "coordinates": [ [ [ 120.2525587, 14.8532907 ], [ 120.2525588, 14.8531667 ], [ 120.2527703, 14.8531613 ], [ 120.2527747, 14.8532624 ], [ 120.2527755, 14.8532831 ], [ 120.2525587, 14.8532907 ] ] ] } },
{ "type": "Feature", "properties": { "contextFeatureId": "PHL-S-001::landuse::way::255872253", "projectId": "PHL-S-001", "projectName": "Olongapo Solar Power Project", "countryCode": "PHL", "osmType": "way", "osmId": 255872253, "highway": null, "place": null, "power": null, "landuse": "residential", "name": "BLK.2 Sta. Monica", "voltage": null, "circuits": null, "cables": null, "frequency": null, "substationTag": null, "lineTag": null, "operator": null, "location": null }, "geometry": { "type": "Polygon", "coordinates": [ [ [ 120.2544373, 14.8541942 ], [ 120.254337, 14.8542802 ], [ 120.254232, 14.854369 ], [ 120.254113, 14.8544696 ], [ 120.2540118, 14.8545572 ], [ 120.2539318, 14.854291 ], [ 120.2538941, 14.8541707 ], [ 120.2538616, 14.854064 ], [ 120.2538305, 14.8539616 ], [ 120.2537991, 14.8538585 ], [ 120.253768, 14.8537563 ], [ 120.2537355, 14.8536497 ], [ 120.2537065, 14.8535545 ], [ 120.2536757, 14.8534533 ], [ 120.2536409, 14.8533389 ], [ 120.253608, 14.8532309 ], [ 120.2535784, 14.8531338 ], [ 120.2535474, 14.8530317 ], [ 120.2535076, 14.8529011 ], [ 120.2534526, 14.8527204 ], [ 120.2536247, 14.8526737 ], [ 120.2538104, 14.8526314 ], [ 120.2538701, 14.8527802 ], [ 120.2539193, 14.852903 ], [ 120.2539603, 14.853005 ], [ 120.2539992, 14.853102 ], [ 120.2540418, 14.8532082 ], [ 120.2540865, 14.8533197 ], [ 120.2541255, 14.8534169 ], [ 120.2541621, 14.853508 ], [ 120.2542023, 14.8536083 ], [ 120.2542441, 14.8537126 ], [ 120.2542829, 14.8538092 ], [ 120.2543199, 14.8539013 ], [ 120.2543594, 14.854 ], [ 120.2544373, 14.8541942 ] ] ] } },
{ "type": "Feature", "properties": { "contextFeatureId": "PHL-S-001::landuse::way::255872332", "projectId": "PHL-S-001", "projectName": "Olongapo Solar Power Project", "countryCode": "PHL", "osmType": "way", "osmId": 255872332, "highway": null, "place": null, "power": null, "landuse": "residential", "name": "BLK.3 Sta. Monica", "voltage": null, "circuits": null, "cables": null, "frequency": null, "substationTag": null, "lineTag": null, "operator": null, "location": null }, "geometry": { "type": "Polygon", "coordinates": [ [ [ 120.2532397, 14.8552211 ], [ 120.253089, 14.8550533 ], [ 120.2529503, 14.854897 ], [ 120.2530491, 14.8548101 ], [ 120.2531487, 14.8547187 ], [ 120.2532249, 14.8546372 ], [ 120.253289, 14.8545399 ], [ 120.2533098, 14.8544337 ], [ 120.2533111, 14.854322 ], [ 120.253291, 14.8542185 ], [ 120.2532695, 14.8541076 ], [ 120.2532475, 14.8539946 ], [ 120.2532259, 14.8538832 ], [ 120.2532049, 14.853775 ], [ 120.2531865, 14.8536806 ], [ 120.2531644, 14.8535666 ], [ 120.2531442, 14.8534627 ], [ 120.2531236, 14.8533562 ], [ 120.2531032, 14.8532513 ], [ 120.2530811, 14.8531376 ], [ 120.253059, 14.8530133 ], [ 120.2530264, 14.852819 ], [ 120.253213, 14.8527737 ], [ 120.2533893, 14.8527309 ], [ 120.2534448, 14.8529257 ], [ 120.2534789, 14.8530418 ], [ 120.253542, 14.853257 ], [ 120.253574, 14.8533658 ], [ 120.2536038, 14.8534674 ], [ 120.2536358, 14.8535763 ], [ 120.2536934, 14.8537729 ], [ 120.2537255, 14.8538821 ], [ 120.2537564, 14.8539873 ], [ 120.2537876, 14.8540937 ], [ 120.2538184, 14.8541986 ], [ 120.2538488, 14.8543023 ], [ 120.253881, 14.8544121 ], [ 120.2539109, 14.854514 ], [ 120.2539413, 14.8546173 ], [ 120.2536931, 14.8548281 ], [ 120.2536243, 14.8548909 ], [ 120.253529, 14.8549722 ], [ 120.2533424, 14.8551335 ], [ 120.2532397, 14.8552211 ] ] ] } },
{ "type": "Feature", "properties": { "contextFeatureId": "PHL-S-001::landuse::way::255872412", "projectId": "PHL-S-001", "projectName": "Olongapo Solar Power Project", "countryCode": "PHL", "osmType": "way", "osmId": 255872412, "highway": null, "place": null, "power": null, "landuse": "residential", "name": "BLK.4 Sta. Monica", "voltage": null, "circuits": null, "cables": null, "frequency": null, "substationTag": null, "lineTag": null, "operator": null, "location": null }, "geometry": { "type": "Polygon", "coordinates": [ [ [ 120.2528849, 14.8548483 ], [ 120.252726, 14.8546814 ], [ 120.2525586, 14.8545056 ], [ 120.2525577, 14.8544529 ], [ 120.2525578, 14.8543409 ], [ 120.2525579, 14.8542272 ], [ 120.252558, 14.8541091 ], [ 120.2525568, 14.8540041 ], [ 120.2525582, 14.8538697 ], [ 120.2525583, 14.8537576 ], [ 120.2525584, 14.8536268 ], [ 120.2525585, 14.8535182 ], [ 120.2525586, 14.8533993 ], [ 120.2525587, 14.8532907 ], [ 120.2525588, 14.8531667 ], [ 120.2525589, 14.8530555 ], [ 120.252559, 14.8529657 ], [ 120.2527535, 14.8528957 ], [ 120.2529472, 14.8528356 ], [ 120.2529798, 14.85302 ], [ 120.2529996, 14.8531488 ], [ 120.2530148, 14.8532482 ], [ 120.253035, 14.85338 ], [ 120.2530509, 14.8534833 ], [ 120.2530632, 14.8535771 ], [ 120.2530806, 14.8536885 ], [ 120.2530977, 14.853798 ], [ 120.2531135, 14.8539042 ], [ 120.2531298, 14.8540058 ], [ 120.2531481, 14.8541215 ], [ 120.2531678, 14.854248 ], [ 120.2531899, 14.8543895 ], [ 120.2531782, 14.854536 ], [ 120.2531494, 14.8545822 ], [ 120.2530207, 14.8547222 ], [ 120.2528849, 14.8548483 ] ] ] } },
{ "type": "Feature", "properties": { "contextFeatureId": "PHL-S-001::landuse::way::255872536", "projectId": "PHL-S-001", "projectName": "Olongapo Solar Power Project", "countryCode": "PHL", "osmType": "way", "osmId": 255872536, "highway": null, "place": null, "power": null, "landuse": "residential", "name": "BLK.6 Sta. Monica", "voltage": null, "circuits": null, "cables": null, "frequency": null, "substationTag": null, "lineTag": null, "operator": null, "location": null }, "geometry": { "type": "Polygon", "coordinates": [ [ [ 120.2514538, 14.8564727 ], [ 120.2512302, 14.8564387 ], [ 120.2510389, 14.8564124 ], [ 120.2510559, 14.8562727 ], [ 120.2510721, 14.8561404 ], [ 120.2510855, 14.8560308 ], [ 120.2511005, 14.8559086 ], [ 120.2511133, 14.8558038 ], [ 120.2511256, 14.8557032 ], [ 120.2511881, 14.8555302 ], [ 120.251303, 14.8554153 ], [ 120.251422, 14.8553254 ], [ 120.2516222, 14.8552036 ], [ 120.2517221, 14.855149 ], [ 120.2518155, 14.8550991 ], [ 120.2519234, 14.8550392 ], [ 120.2520097, 14.8549946 ], [ 120.2520791, 14.8549596 ], [ 120.2521553, 14.854918 ], [ 120.2522493, 14.8548688 ], [ 120.2523528, 14.8548062 ], [ 120.2524782, 14.8546937 ], [ 120.2525576, 14.8545664 ], [ 120.2526994, 14.8547162 ], [ 120.2528524, 14.8548762 ], [ 120.2527501, 14.8549641 ], [ 120.2526107, 14.8550839 ], [ 120.2524955, 14.8551828 ], [ 120.2523842, 14.8552785 ], [ 120.2523298, 14.8553252 ], [ 120.2522584, 14.8553865 ], [ 120.2521261, 14.8555002 ], [ 120.2520446, 14.8555663 ], [ 120.2519553, 14.8556401 ], [ 120.2518121, 14.8557526 ], [ 120.2517195, 14.855833 ], [ 120.2516256, 14.8559302 ], [ 120.251573, 14.8560068 ], [ 120.2515457, 14.8561137 ], [ 120.2515191, 14.8562174 ], [ 120.2514883, 14.856338 ], [ 120.2514538, 14.8564727 ] ] ] } },
{ "type": "Feature", "properties": { "contextFeatureId": "PHL-S-001::landuse::way::255872543", "projectId": "PHL-S-001", "projectName": "Olongapo Solar Power Project", "countryCode": "PHL", "osmType": "way", "osmId": 255872543, "highway": null, "place": null, "power": null, "landuse": "residential", "name": "BLK.7 Sta. Monica", "voltage": null, "circuits": null, "cables": null, "frequency": null, "substationTag": null, "lineTag": null, "operator": null, "location": null }, "geometry": { "type": "Polygon", "coordinates": [ [ [ 120.2519451, 14.8566098 ], [ 120.2517533, 14.8565511 ], [ 120.2515371, 14.8564893 ], [ 120.2515743, 14.8563683 ], [ 120.2516078, 14.8562495 ], [ 120.2516398, 14.8561455 ], [ 120.2516896, 14.8560079 ], [ 120.2517538, 14.8559127 ], [ 120.2518653, 14.8558148 ], [ 120.2519492, 14.8557386 ], [ 120.2520318, 14.8556684 ], [ 120.2521137, 14.8555944 ], [ 120.2522175, 14.8555048 ], [ 120.2522897, 14.8554412 ], [ 120.2523575, 14.8553815 ], [ 120.252448, 14.8553018 ], [ 120.2525328, 14.8552271 ], [ 120.2526142, 14.8551554 ], [ 120.2526961, 14.8550869 ], [ 120.2527863, 14.8550102 ], [ 120.2528979, 14.8549166 ], [ 120.2530543, 14.8550992 ], [ 120.2531943, 14.8552626 ], [ 120.2530829, 14.8553554 ], [ 120.2529979, 14.8554263 ], [ 120.2528297, 14.8555665 ], [ 120.2527493, 14.8556335 ], [ 120.2526573, 14.8557102 ], [ 120.2525002, 14.8558411 ], [ 120.2524089, 14.8559172 ], [ 120.2523349, 14.8559789 ], [ 120.2522384, 14.8560594 ], [ 120.2521665, 14.8561478 ], [ 120.2521055, 14.8562504 ], [ 120.2520384, 14.8563748 ], [ 120.2519451, 14.8566098 ] ] ] } },
{ "type": "Feature", "properties": { "contextFeatureId": "PHL-S-001::landuse::way::256396950", "projectId": "PHL-S-001", "projectName": "Olongapo Solar Power Project", "countryCode": "PHL", "osmType": "way", "osmId": 256396950, "highway": null, "place": null, "power": null, "landuse": "residential", "name": null, "voltage": null, "circuits": null, "cables": null, "frequency": null, "substationTag": null, "lineTag": null, "operator": null, "location": null }, "geometry": { "type": "Polygon", "coordinates": [ [ [ 120.2513194, 14.8559202 ], [ 120.2513345, 14.8558641 ], [ 120.2513614, 14.8557945 ], [ 120.2513721, 14.855779 ], [ 120.2516256, 14.8559302 ], [ 120.251573, 14.8560068 ], [ 120.2513194, 14.8559202 ] ] ] } },
{ "type": "Feature", "properties": { "contextFeatureId": "PHL-S-001::landuse::way::256396951", "projectId": "PHL-S-001", "projectName": "Olongapo Solar Power Project", "countryCode": "PHL", "osmType": "way", "osmId": 256396951, "highway": null, "place": null, "power": null, "landuse": "residential", "name": null, "voltage": null, "circuits": null, "cables": null, "frequency": null, "substationTag": null, "lineTag": null, "operator": null, "location": null }, "geometry": { "type": "Polygon", "coordinates": [ [ [ 120.2513721, 14.855779 ], [ 120.2516256, 14.8559302 ], [ 120.2517195, 14.855833 ], [ 120.2515049, 14.8556138 ], [ 120.2514499, 14.8556853 ], [ 120.2513721, 14.855779 ] ] ] } },
{ "type": "Feature", "properties": { "contextFeatureId": "PHL-S-001::landuse::way::256396952", "projectId": "PHL-S-001", "projectName": "Olongapo Solar Power Project", "countryCode": "PHL", "osmType": "way", "osmId": 256396952, "highway": null, "place": null, "power": null, "landuse": "residential", "name": "15", "voltage": null, "circuits": null, "cables": null, "frequency": null, "substationTag": null, "lineTag": null, "operator": null, "location": null }, "geometry": { "type": "Polygon", "coordinates": [ [ [ 120.2515049, 14.8556138 ], [ 120.2517195, 14.855833 ], [ 120.2518121, 14.8557526 ], [ 120.2516076, 14.8555343 ], [ 120.2515049, 14.8556138 ] ] ] } },
{ "type": "Feature", "properties": { "contextFeatureId": "PHL-S-001::landuse::way::256396953", "projectId": "PHL-S-001", "projectName": "Olongapo Solar Power Project", "countryCode": "PHL", "osmType": "way", "osmId": 256396953, "highway": null, "place": null, "power": null, "landuse": "residential", "name": "17", "voltage": null, "circuits": null, "cables": null, "frequency": null, "substationTag": null, "lineTag": null, "operator": null, "location": null }, "geometry": { "type": "Polygon", "coordinates": [ [ [ 120.2516076, 14.8555343 ], [ 120.2517749, 14.8554118 ], [ 120.2519553, 14.8556401 ], [ 120.2518121, 14.8557526 ], [ 120.2516076, 14.8555343 ] ] ] } },
{ "type": "Feature", "properties": { "contextFeatureId": "PHL-S-001::landuse::way::256396954", "projectId": "PHL-S-001", "projectName": "Olongapo Solar Power Project", "countryCode": "PHL", "osmType": "way", "osmId": 256396954, "highway": null, "place": null, "power": null, "landuse": "residential", "name": null, "voltage": null, "circuits": null, "cables": null, "frequency": null, "substationTag": null, "lineTag": null, "operator": null, "location": null }, "geometry": { "type": "Polygon", "coordinates": [ [ [ 120.2517749, 14.8554118 ], [ 120.2519553, 14.8556401 ], [ 120.2520446, 14.8555663 ], [ 120.2518666, 14.8553461 ], [ 120.2517749, 14.8554118 ] ] ] } },
{ "type": "Feature", "properties": { "contextFeatureId": "PHL-S-001::landuse::way::256396955", "projectId": "PHL-S-001", "projectName": "Olongapo Solar Power Project", "countryCode": "PHL", "osmType": "way", "osmId": 256396955, "highway": null, "place": null, "power": null, "landuse": "residential", "name": null, "voltage": null, "circuits": null, "cables": null, "frequency": null, "substationTag": null, "lineTag": null, "operator": null, "location": null }, "geometry": { "type": "Polygon", "coordinates": [ [ [ 120.2518666, 14.8553461 ], [ 120.2519555, 14.8552885 ], [ 120.2521261, 14.8555002 ], [ 120.2520446, 14.8555663 ], [ 120.2518666, 14.8553461 ] ] ] } },
{ "type": "Feature", "properties": { "contextFeatureId": "PHL-S-001::landuse::way::256396961", "projectId": "PHL-S-001", "projectName": "Olongapo Solar Power Project", "countryCode": "PHL", "osmType": "way", "osmId": 256396961, "highway": null, "place": null, "power": null, "landuse": "residential", "name": null, "voltage": null, "circuits": null, "cables": null, "frequency": null, "substationTag": null, "lineTag": null, "operator": null, "location": null }, "geometry": { "type": "Polygon", "coordinates": [ [ [ 120.2523546, 14.8550208 ], [ 120.2524684, 14.8549297 ], [ 120.2526107, 14.8550839 ], [ 120.2524955, 14.8551828 ], [ 120.2523546, 14.8550208 ] ] ] } },
{ "type": "Feature", "properties": { "contextFeatureId": "PHL-S-001::landuse::way::256396963", "projectId": "PHL-S-001", "projectName": "Olongapo Solar Power Project", "countryCode": "PHL", "osmType": "way", "osmId": 256396963, "highway": null, "place": null, "power": null, "landuse": "residential", "name": "37", "voltage": null, "circuits": null, "cables": null, "frequency": null, "substationTag": null, "lineTag": null, "operator": null, "location": null }, "geometry": { "type": "Polygon", "coordinates": [ [ [ 120.2526994, 14.8547162 ], [ 120.2526024, 14.8548092 ], [ 120.2527501, 14.8549641 ], [ 120.2528524, 14.8548762 ], [ 120.2526994, 14.8547162 ] ] ] } },
{ "type": "Feature", "properties": { "contextFeatureId": "PHL-S-001::landuse::way::256396964", "projectId": "PHL-S-001", "projectName": "Olongapo Solar Power Project", "countryCode": "PHL", "osmType": "way", "osmId": 256396964, "highway": null, "place": null, "power": null, "landuse": "residential", "name": "14", "voltage": null, "circuits": null, "cables": null, "frequency": null, "substationTag": null, "lineTag": null, "operator": null, "location": null }, "geometry": { "type": "Polygon", "coordinates": [ [ [ 120.2511881, 14.8555302 ], [ 120.2514499, 14.8556853 ], [ 120.2515049, 14.8556138 ], [ 120.251303, 14.8554153 ], [ 120.2511881, 14.8555302 ] ] ] } },
{ "type": "Feature", "properties": { "contextFeatureId": "PHL-S-001::landuse::way::256396967", "projectId": "PHL-S-001", "projectName": "Olongapo Solar Power Project", "countryCode": "PHL", "osmType": "way", "osmId": 256396967, "highway": null, "place": null, "power": null, "landuse": "residential", "name": null, "voltage": null, "circuits": null, "cables": null, "frequency": null, "substationTag": null, "lineTag": null, "operator": null, "location": null }, "geometry": { "type": "Polygon", "coordinates": [ [ [ 120.2519555, 14.8552885 ], [ 120.2520492, 14.8552275 ], [ 120.2519234, 14.8550392 ], [ 120.2518155, 14.8550991 ], [ 120.2519555, 14.8552885 ] ] ] } },
{ "type": "Feature", "properties": { "contextFeatureId": "PHL-S-001::landuse::way::256396968", "projectId": "PHL-S-001", "projectName": "Olongapo Solar Power Project", "countryCode": "PHL", "osmType": "way", "osmId": 256396968, "highway": null, "place": null, "power": null, "landuse": "residential", "name": null, "voltage": null, "circuits": null, "cables": null, "frequency": null, "substationTag": null, "lineTag": null, "operator": null, "location": null }, "geometry": { "type": "Polygon", "coordinates": [ [ [ 120.2520492, 14.8552275 ], [ 120.252107, 14.8551903 ], [ 120.2521296, 14.8551756 ], [ 120.2520097, 14.8549946 ], [ 120.2519234, 14.8550392 ], [ 120.2520492, 14.8552275 ] ] ] } },
{ "type": "Feature", "properties": { "contextFeatureId": "PHL-S-001::landuse::way::256396969", "projectId": "PHL-S-001", "projectName": "Olongapo Solar Power Project", "countryCode": "PHL", "osmType": "way", "osmId": 256396969, "highway": null, "place": null, "power": null, "landuse": "residential", "name": "28", "voltage": null, "circuits": null, "cables": null, "frequency": null, "substationTag": null, "lineTag": null, "operator": null, "location": null }, "geometry": { "type": "Polygon", "coordinates": [ [ [ 120.2521296, 14.8551756 ], [ 120.252182, 14.8551415 ], [ 120.2521919, 14.8551348 ], [ 120.2520791, 14.8549596 ], [ 120.2520097, 14.8549946 ], [ 120.2521296, 14.8551756 ] ] ] } },
{ "type": "Feature", "properties": { "contextFeatureId": "PHL-S-001::landuse::way::256396970", "projectId": "PHL-S-001", "projectName": "Olongapo Solar Power Project", "countryCode": "PHL", "osmType": "way", "osmId": 256396970, "highway": null, "place": null, "power": null, "landuse": "residential", "name": null, "voltage": null, "circuits": null, "cables": null, "frequency": null, "substationTag": null, "lineTag": null, "operator": null, "location": null }, "geometry": { "type": "Polygon", "coordinates": [ [ [ 120.2521919, 14.8551348 ], [ 120.2522427, 14.8551005 ], [ 120.2522641, 14.8550859 ], [ 120.2521553, 14.854918 ], [ 120.2520791, 14.8549596 ], [ 120.2521919, 14.8551348 ] ] ] } },
{ "type": "Feature", "properties": { "contextFeatureId": "PHL-S-001::landuse::way::256396971", "projectId": "PHL-S-001", "projectName": "Olongapo Solar Power Project", "countryCode": "PHL", "osmType": "way", "osmId": 256396971, "highway": null, "place": null, "power": null, "landuse": "residential", "name": "38", "voltage": null, "circuits": null, "cables": null, "frequency": null, "substationTag": null, "lineTag": null, "operator": null, "location": null }, "geometry": { "type": "Polygon", "coordinates": [ [ [ 120.2526024, 14.8548092 ], [ 120.2524782, 14.8546937 ], [ 120.2525576, 14.8545664 ], [ 120.2526994, 14.8547162 ], [ 120.2526024, 14.8548092 ] ] ] } },
{ "type": "Feature", "properties": { "contextFeatureId": "PHL-S-001::landuse::way::256396972", "projectId": "PHL-S-001", "projectName": "Olongapo Solar Power Project", "countryCode": "PHL", "osmType": "way", "osmId": 256396972, "highway": null, "place": null, "power": null, "landuse": "residential", "name": null, "voltage": null, "circuits": null, "cables": null, "frequency": null, "substationTag": null, "lineTag": null, "operator": null, "location": null }, "geometry": { "type": "Polygon", "coordinates": [ [ [ 120.2524782, 14.8546937 ], [ 120.2526024, 14.8548092 ], [ 120.2524684, 14.8549297 ], [ 120.2523528, 14.8548062 ], [ 120.2524782, 14.8546937 ] ] ] } },
{ "type": "Feature", "properties": { "contextFeatureId": "PHL-S-001::landuse::way::256396973", "projectId": "PHL-S-001", "projectName": "Olongapo Solar Power Project", "countryCode": "PHL", "osmType": "way", "osmId": 256396973, "highway": null, "place": null, "power": null, "landuse": "residential", "name": null, "voltage": null, "circuits": null, "cables": null, "frequency": null, "substationTag": null, "lineTag": null, "operator": null, "location": null }, "geometry": { "type": "Polygon", "coordinates": [ [ [ 120.2524684, 14.8549297 ], [ 120.2523546, 14.8550208 ], [ 120.2522493, 14.8548688 ], [ 120.2523528, 14.8548062 ], [ 120.2524684, 14.8549297 ] ] ] } },
{ "type": "Feature", "properties": { "contextFeatureId": "PHL-S-001::landuse::way::256396974", "projectId": "PHL-S-001", "projectName": "Olongapo Solar Power Project", "countryCode": "PHL", "osmType": "way", "osmId": 256396974, "highway": null, "place": null, "power": null, "landuse": "residential", "name": "32", "voltage": null, "circuits": null, "cables": null, "frequency": null, "substationTag": null, "lineTag": null, "operator": null, "location": null }, "geometry": { "type": "Polygon", "coordinates": [ [ [ 120.2522641, 14.8550859 ], [ 120.2523546, 14.8550208 ], [ 120.2522493, 14.8548688 ], [ 120.2521553, 14.854918 ], [ 120.2522641, 14.8550859 ] ] ] } },
{ "type": "Feature", "properties": { "contextFeatureId": "PHL-S-001::landuse::way::256399404", "projectId": "PHL-S-001", "projectName": "Olongapo Solar Power Project", "countryCode": "PHL", "osmType": "way", "osmId": 256399404, "highway": null, "place": null, "power": null, "landuse": "residential", "name": null, "voltage": null, "circuits": null, "cables": null, "frequency": null, "substationTag": null, "lineTag": null, "operator": null, "location": null }, "geometry": { "type": "Polygon", "coordinates": [ [ [ 120.2525588, 14.8531667 ], [ 120.2527703, 14.8531613 ], [ 120.2527646, 14.8530422 ], [ 120.2525589, 14.8530555 ], [ 120.2525588, 14.8531667 ] ] ] } },
{ "type": "Feature", "properties": { "contextFeatureId": "PHL-S-001::landuse::way::256399405", "projectId": "PHL-S-001", "projectName": "Olongapo Solar Power Project", "countryCode": "PHL", "osmType": "way", "osmId": 256399405, "highway": null, "place": null, "power": null, "landuse": "residential", "name": null, "voltage": null, "circuits": null, "cables": null, "frequency": null, "substationTag": null, "lineTag": null, "operator": null, "location": null }, "geometry": { "type": "Polygon", "coordinates": [ [ [ 120.2527703, 14.8531613 ], [ 120.2529996, 14.8531488 ], [ 120.2529798, 14.85302 ], [ 120.2527646, 14.8530422 ], [ 120.2527703, 14.8531613 ] ] ] } },
{ "type": "Feature", "properties": { "contextFeatureId": "PHL-S-001::landuse::way::256399408", "projectId": "PHL-S-001", "projectName": "Olongapo Solar Power Project", "countryCode": "PHL", "osmType": "way", "osmId": 256399408, "highway": null, "place": null, "power": null, "landuse": "residential", "name": "8", "voltage": null, "circuits": null, "cables": null, "frequency": null, "substationTag": null, "lineTag": null, "operator": null, "location": null }, "geometry": { "type": "Polygon", "coordinates": [ [ [ 120.25278, 14.8533918 ], [ 120.2525586, 14.8533993 ], [ 120.2525587, 14.8532907 ], [ 120.2527755, 14.8532831 ], [ 120.25278, 14.8533918 ] ] ] } },
{ "type": "Feature", "properties": { "contextFeatureId": "PHL-S-001::landuse::way::256399409", "projectId": "PHL-S-001", "projectName": "Olongapo Solar Power Project", "countryCode": "PHL", "osmType": "way", "osmId": 256399409, "highway": null, "place": null, "power": null, "landuse": "residential", "name": null, "voltage": null, "circuits": null, "cables": null, "frequency": null, "substationTag": null, "lineTag": null, "operator": null, "location": null }, "geometry": { "type": "Polygon", "coordinates": [ [ [ 120.2527843, 14.8534982 ], [ 120.2530509, 14.8534833 ], [ 120.253035, 14.85338 ], [ 120.25278, 14.8533918 ], [ 120.2527843, 14.8534982 ] ] ] } },
{ "type": "Feature", "properties": { "contextFeatureId": "PHL-S-001::landuse::way::256399410", "projectId": "PHL-S-001", "projectName": "Olongapo Solar Power Project", "countryCode": "PHL", "osmType": "way", "osmId": 256399410, "highway": null, "place": null, "power": null, "landuse": "residential", "name": "11", "voltage": null, "circuits": null, "cables": null, "frequency": null, "substationTag": null, "lineTag": null, "operator": null, "location": null }, "geometry": { "type": "Polygon", "coordinates": [ [ [ 120.2527843, 14.8534982 ], [ 120.2530509, 14.8534833 ], [ 120.2530632, 14.8535771 ], [ 120.252789, 14.8535935 ], [ 120.252785, 14.8535116 ], [ 120.2527843, 14.8534982 ] ] ] } },
{ "type": "Feature", "properties": { "contextFeatureId": "PHL-S-001::landuse::way::256399411", "projectId": "PHL-S-001", "projectName": "Olongapo Solar Power Project", "countryCode": "PHL", "osmType": "way", "osmId": 256399411, "highway": null, "place": null, "power": null, "landuse": "residential", "name": null, "voltage": null, "circuits": null, "cables": null, "frequency": null, "substationTag": null, "lineTag": null, "operator": null, "location": null }, "geometry": { "type": "Polygon", "coordinates": [ [ [ 120.252789, 14.8535935 ], [ 120.2527903, 14.8536198 ], [ 120.2527946, 14.8537074 ], [ 120.2530806, 14.8536885 ], [ 120.2530632, 14.8535771 ], [ 120.252789, 14.8535935 ] ] ] } },
{ "type": "Feature", "properties": { "contextFeatureId": "PHL-S-001::landuse::way::256399412", "projectId": "PHL-S-001", "projectName": "Olongapo Solar Power Project", "countryCode": "PHL", "osmType": "way", "osmId": 256399412, "highway": null, "place": null, "power": null, "landuse": "residential", "name": null, "voltage": null, "circuits": null, "cables": null, "frequency": null, "substationTag": null, "lineTag": null, "operator": null, "location": null }, "geometry": { "type": "Polygon", "coordinates": [ [ [ 120.2527984, 14.8538187 ], [ 120.2530977, 14.853798 ], [ 120.2530806, 14.8536885 ], [ 120.2527946, 14.8537074 ], [ 120.2527967, 14.8537503 ], [ 120.2527984, 14.8538187 ] ] ] } },
{ "type": "Feature", "properties": { "contextFeatureId": "PHL-S-001::landuse::way::256399413", "projectId": "PHL-S-001", "projectName": "Olongapo Solar Power Project", "countryCode": "PHL", "osmType": "way", "osmId": 256399413, "highway": null, "place": null, "power": null, "landuse": "residential", "name": null, "voltage": null, "circuits": null, "cables": null, "frequency": null, "substationTag": null, "lineTag": null, "operator": null, "location": null }, "geometry": { "type": "Polygon", "coordinates": [ [ [ 120.2528045, 14.8539223 ], [ 120.2531135, 14.8539042 ], [ 120.2530977, 14.853798 ], [ 120.2527984, 14.8538187 ], [ 120.252801, 14.8538614 ], [ 120.2528045, 14.8539223 ] ] ] } },
{ "type": "Feature", "properties": { "contextFeatureId": "PHL-S-001::landuse::way::256399414", "projectId": "PHL-S-001", "projectName": "Olongapo Solar Power Project", "countryCode": "PHL", "osmType": "way", "osmId": 256399414, "highway": null, "place": null, "power": null, "landuse": "residential", "name": null, "voltage": null, "circuits": null, "cables": null, "frequency": null, "substationTag": null, "lineTag": null, "operator": null, "location": null }, "geometry": { "type": "Polygon", "coordinates": [ [ [ 120.2528045, 14.8539223 ], [ 120.2528078, 14.8539996 ], [ 120.2528107, 14.8540254 ], [ 120.2531298, 14.8540058 ], [ 120.2531135, 14.8539042 ], [ 120.2528045, 14.8539223 ] ] ] } },
{ "type": "Feature", "properties": { "contextFeatureId": "PHL-S-001::landuse::way::256399415", "projectId": "PHL-S-001", "projectName": "Olongapo Solar Power Project", "countryCode": "PHL", "osmType": "way", "osmId": 256399415, "highway": null, "place": null, "power": null, "landuse": "residential", "name": null, "voltage": null, "circuits": null, "cables": null, "frequency": null, "substationTag": null, "lineTag": null, "operator": null, "location": null }, "geometry": { "type": "Polygon", "coordinates": [ [ [ 120.2528141, 14.854105 ], [ 120.2528168, 14.8541482 ], [ 120.2531481, 14.8541215 ], [ 120.2531298, 14.8540058 ], [ 120.2528107, 14.8540254 ], [ 120.2528141, 14.854105 ] ] ] } },
{ "type": "Feature", "properties": { "contextFeatureId": "PHL-S-001::landuse::way::256399416", "projectId": "PHL-S-001", "projectName": "Olongapo Solar Power Project", "countryCode": "PHL", "osmType": "way", "osmId": 256399416, "highway": null, "place": null, "power": null, "landuse": "residential", "name": null, "voltage": null, "circuits": null, "cables": null, "frequency": null, "substationTag": null, "lineTag": null, "operator": null, "location": null }, "geometry": { "type": "Polygon", "coordinates": [ [ [ 120.2531678, 14.854248 ], [ 120.2528305, 14.854278 ], [ 120.252824, 14.8542442 ], [ 120.2528199, 14.8542229 ], [ 120.2528168, 14.8541482 ], [ 120.2531481, 14.8541215 ], [ 120.2531678, 14.854248 ] ] ] } },
{ "type": "Feature", "properties": { "contextFeatureId": "PHL-S-001::landuse::way::256399417", "projectId": "PHL-S-001", "projectName": "Olongapo Solar Power Project", "countryCode": "PHL", "osmType": "way", "osmId": 256399417, "highway": null, "place": null, "power": null, "landuse": "residential", "name": null, "voltage": null, "circuits": null, "cables": null, "frequency": null, "substationTag": null, "lineTag": null, "operator": null, "location": null }, "geometry": { "type": "Polygon", "coordinates": [ [ [ 120.2528522, 14.8543912 ], [ 120.2531899, 14.8543895 ], [ 120.2531678, 14.854248 ], [ 120.2528305, 14.854278 ], [ 120.2528465, 14.8543355 ], [ 120.2528522, 14.8543912 ] ] ] } },
{ "type": "Feature", "properties": { "contextFeatureId": "PHL-S-001::landuse::way::256399418", "projectId": "PHL-S-001", "projectName": "Olongapo Solar Power Project", "countryCode": "PHL", "osmType": "way", "osmId": 256399418, "highway": null, "place": null, "power": null, "landuse": "residential", "name": null, "voltage": null, "circuits": null, "cables": null, "frequency": null, "substationTag": null, "lineTag": null, "operator": null, "location": null }, "geometry": { "type": "Polygon", "coordinates": [ [ [ 120.2528997, 14.8544653 ], [ 120.2529879, 14.8545284 ], [ 120.2531494, 14.8545822 ], [ 120.2531782, 14.854536 ], [ 120.2531899, 14.8543895 ], [ 120.2528522, 14.8543912 ], [ 120.2528565, 14.8544519 ], [ 120.2528997, 14.8544653 ] ] ] } },
{ "type": "Feature", "properties": { "contextFeatureId": "PHL-S-001::landuse::way::256399419", "projectId": "PHL-S-001", "projectName": "Olongapo Solar Power Project", "countryCode": "PHL", "osmType": "way", "osmId": 256399419, "highway": null, "place": null, "power": null, "landuse": "residential", "name": "30", "voltage": null, "circuits": null, "cables": null, "frequency": null, "substationTag": null, "lineTag": null, "operator": null, "location": null }, "geometry": { "type": "Polygon", "coordinates": [ [ [ 120.252848, 14.8545603 ], [ 120.2530207, 14.8547222 ], [ 120.2531494, 14.8545822 ], [ 120.2529879, 14.8545284 ], [ 120.2528997, 14.8544653 ], [ 120.2528735, 14.8545357 ], [ 120.252848, 14.8545603 ] ] ] } },
{ "type": "Feature", "properties": { "contextFeatureId": "PHL-S-001::landuse::way::256399420", "projectId": "PHL-S-001", "projectName": "Olongapo Solar Power Project", "countryCode": "PHL", "osmType": "way", "osmId": 256399420, "highway": null, "place": null, "power": null, "landuse": "residential", "name": "29", "voltage": null, "circuits": null, "cables": null, "frequency": null, "substationTag": null, "lineTag": null, "operator": null, "location": null }, "geometry": { "type": "Polygon", "coordinates": [ [ [ 120.2528849, 14.8548483 ], [ 120.252726, 14.8546814 ], [ 120.252848, 14.8545603 ], [ 120.2530207, 14.8547222 ], [ 120.2528849, 14.8548483 ] ] ] } },
{ "type": "Feature", "properties": { "contextFeatureId": "PHL-S-001::landuse::way::256399421", "projectId": "PHL-S-001", "projectName": "Olongapo Solar Power Project", "countryCode": "PHL", "osmType": "way", "osmId": 256399421, "highway": null, "place": null, "power": null, "landuse": "residential", "name": null, "voltage": null, "circuits": null, "cables": null, "frequency": null, "substationTag": null, "lineTag": null, "operator": null, "location": null }, "geometry": { "type": "Polygon", "coordinates": [ [ [ 120.252726, 14.8546814 ], [ 120.2525586, 14.8545056 ], [ 120.2525577, 14.8544529 ], [ 120.2528565, 14.8544519 ], [ 120.2528997, 14.8544653 ], [ 120.2528735, 14.8545357 ], [ 120.252726, 14.8546814 ] ] ] } },
{ "type": "Feature", "properties": { "contextFeatureId": "PHL-S-001::landuse::way::256399422", "projectId": "PHL-S-001", "projectName": "Olongapo Solar Power Project", "countryCode": "PHL", "osmType": "way", "osmId": 256399422, "highway": null, "place": null, "power": null, "landuse": "residential", "name": null, "voltage": null, "circuits": null, "cables": null, "frequency": null, "substationTag": null, "lineTag": null, "operator": null, "location": null }, "geometry": { "type": "Polygon", "coordinates": [ [ [ 120.2528565, 14.8544519 ], [ 120.2528522, 14.8543912 ], [ 120.2528465, 14.8543355 ], [ 120.2525578, 14.8543409 ], [ 120.2525577, 14.8544529 ], [ 120.2528565, 14.8544519 ] ] ] } },
{ "type": "Feature", "properties": { "contextFeatureId": "PHL-S-001::landuse::way::256399423", "projectId": "PHL-S-001", "projectName": "Olongapo Solar Power Project", "countryCode": "PHL", "osmType": "way", "osmId": 256399423, "highway": null, "place": null, "power": null, "landuse": "residential", "name": null, "voltage": null, "circuits": null, "cables": null, "frequency": null, "substationTag": null, "lineTag": null, "operator": null, "location": null }, "geometry": { "type": "Polygon", "coordinates": [ [ [ 120.2525578, 14.8543409 ], [ 120.2528465, 14.8543355 ], [ 120.2528305, 14.854278 ], [ 120.252824, 14.8542442 ], [ 120.2528199, 14.8542229 ], [ 120.2525579, 14.8542272 ], [ 120.2525578, 14.8543409 ] ] ] } },
{ "type": "Feature", "properties": { "contextFeatureId": "PHL-S-001::landuse::way::256399424", "projectId": "PHL-S-001", "projectName": "Olongapo Solar Power Project", "countryCode": "PHL", "osmType": "way", "osmId": 256399424, "highway": null, "place": null, "power": null, "landuse": "residential", "name": null, "voltage": null, "circuits": null, "cables": null, "frequency": null, "substationTag": null, "lineTag": null, "operator": null, "location": null }, "geometry": { "type": "Polygon", "coordinates": [ [ [ 120.2528141, 14.854105 ], [ 120.252558, 14.8541091 ], [ 120.2525579, 14.8542272 ], [ 120.2528199, 14.8542229 ], [ 120.2528168, 14.8541482 ], [ 120.2528141, 14.854105 ] ] ] } },
{ "type": "Feature", "properties": { "contextFeatureId": "PHL-S-001::landuse::way::256399425", "projectId": "PHL-S-001", "projectName": "Olongapo Solar Power Project", "countryCode": "PHL", "osmType": "way", "osmId": 256399425, "highway": null, "place": null, "power": null, "landuse": "residential", "name": "20", "voltage": null, "circuits": null, "cables": null, "frequency": null, "substationTag": null, "lineTag": null, "operator": null, "location": null }, "geometry": { "type": "Polygon", "coordinates": [ [ [ 120.2528078, 14.8539996 ], [ 120.2525568, 14.8540041 ], [ 120.252558, 14.8541091 ], [ 120.2528141, 14.854105 ], [ 120.2528107, 14.8540254 ], [ 120.2528078, 14.8539996 ] ] ] } },
{ "type": "Feature", "properties": { "contextFeatureId": "PHL-S-001::landuse::way::256399426", "projectId": "PHL-S-001", "projectName": "Olongapo Solar Power Project", "countryCode": "PHL", "osmType": "way", "osmId": 256399426, "highway": null, "place": null, "power": null, "landuse": "residential", "name": null, "voltage": null, "circuits": null, "cables": null, "frequency": null, "substationTag": null, "lineTag": null, "operator": null, "location": null }, "geometry": { "type": "Polygon", "coordinates": [ [ [ 120.2525582, 14.8538697 ], [ 120.252801, 14.8538614 ], [ 120.2528045, 14.8539223 ], [ 120.2528078, 14.8539996 ], [ 120.2525568, 14.8540041 ], [ 120.2525582, 14.8538697 ] ] ] } },
{ "type": "Feature", "properties": { "contextFeatureId": "PHL-S-001::landuse::way::256399428", "projectId": "PHL-S-001", "projectName": "Olongapo Solar Power Project", "countryCode": "PHL", "osmType": "way", "osmId": 256399428, "highway": null, "place": null, "power": null, "landuse": "residential", "name": null, "voltage": null, "circuits": null, "cables": null, "frequency": null, "substationTag": null, "lineTag": null, "operator": null, "location": null }, "geometry": { "type": "Polygon", "coordinates": [ [ [ 120.2525582, 14.8538697 ], [ 120.2525583, 14.8537576 ], [ 120.2527967, 14.8537503 ], [ 120.2527984, 14.8538187 ], [ 120.252801, 14.8538614 ], [ 120.2525582, 14.8538697 ] ] ] } },
{ "type": "Feature", "properties": { "contextFeatureId": "PHL-S-001::landuse::way::256399429", "projectId": "PHL-S-001", "projectName": "Olongapo Solar Power Project", "countryCode": "PHL", "osmType": "way", "osmId": 256399429, "highway": null, "place": null, "power": null, "landuse": "residential", "name": null, "voltage": null, "circuits": null, "cables": null, "frequency": null, "substationTag": null, "lineTag": null, "operator": null, "location": null }, "geometry": { "type": "Polygon", "coordinates": [ [ [ 120.2525586, 14.8533993 ], [ 120.2525585, 14.8535182 ], [ 120.252785, 14.8535116 ], [ 120.25278, 14.8533918 ], [ 120.2525586, 14.8533993 ] ] ] } },
{ "type": "Feature", "properties": { "contextFeatureId": "PHL-S-001::landuse::way::256399430", "projectId": "PHL-S-001", "projectName": "Olongapo Solar Power Project", "countryCode": "PHL", "osmType": "way", "osmId": 256399430, "highway": null, "place": null, "power": null, "landuse": "residential", "name": null, "voltage": null, "circuits": null, "cables": null, "frequency": null, "substationTag": null, "lineTag": null, "operator": null, "location": null }, "geometry": { "type": "Polygon", "coordinates": [ [ [ 120.252785, 14.8535116 ], [ 120.2525585, 14.8535182 ], [ 120.2525584, 14.8536268 ], [ 120.2527903, 14.8536198 ], [ 120.252789, 14.8535935 ], [ 120.252785, 14.8535116 ] ] ] } },
{ "type": "Feature", "properties": { "contextFeatureId": "PHL-S-001::landuse::way::256399431", "projectId": "PHL-S-001", "projectName": "Olongapo Solar Power Project", "countryCode": "PHL", "osmType": "way", "osmId": 256399431, "highway": null, "place": null, "power": null, "landuse": "residential", "name": null, "voltage": null, "circuits": null, "cables": null, "frequency": null, "substationTag": null, "lineTag": null, "operator": null, "location": null }, "geometry": { "type": "Polygon", "coordinates": [ [ [ 120.2525583, 14.8537576 ], [ 120.2527967, 14.8537504 ], [ 120.2527903, 14.8536198 ], [ 120.2525584, 14.8536268 ], [ 120.2525583, 14.8537576 ] ] ] } },
{ "type": "Feature", "properties": { "contextFeatureId": "PHL-S-001::landuse::way::256399453", "projectId": "PHL-S-001", "projectName": "Olongapo Solar Power Project", "countryCode": "PHL", "osmType": "way", "osmId": 256399453, "highway": null, "place": null, "power": null, "landuse": "residential", "name": null, "voltage": null, "circuits": null, "cables": null, "frequency": null, "substationTag": null, "lineTag": null, "operator": null, "location": null }, "geometry": { "type": "Polygon", "coordinates": [ [ [ 120.251793, 14.8564303 ], [ 120.2518355, 14.8563163 ], [ 120.2516078, 14.8562495 ], [ 120.2515743, 14.8563683 ], [ 120.251793, 14.8564303 ] ] ] } },
{ "type": "Feature", "properties": { "contextFeatureId": "PHL-S-001::landuse::way::256399455", "projectId": "PHL-S-001", "projectName": "Olongapo Solar Power Project", "countryCode": "PHL", "osmType": "way", "osmId": 256399455, "highway": null, "place": null, "power": null, "landuse": "residential", "name": "6", "voltage": null, "circuits": null, "cables": null, "frequency": null, "substationTag": null, "lineTag": null, "operator": null, "location": null }, "geometry": { "type": "Polygon", "coordinates": [ [ [ 120.2516078, 14.8562495 ], [ 120.2516398, 14.8561455 ], [ 120.2518649, 14.8562411 ], [ 120.2518441, 14.8562929 ], [ 120.2518355, 14.8563163 ], [ 120.2516078, 14.8562495 ] ] ] } },
{ "type": "Feature", "properties": { "contextFeatureId": "PHL-S-001::landuse::way::256399456", "projectId": "PHL-S-001", "projectName": "Olongapo Solar Power Project", "countryCode": "PHL", "osmType": "way", "osmId": 256399456, "highway": null, "place": null, "power": null, "landuse": "residential", "name": null, "voltage": null, "circuits": null, "cables": null, "frequency": null, "substationTag": null, "lineTag": null, "operator": null, "location": null }, "geometry": { "type": "Polygon", "coordinates": [ [ [ 120.2518649, 14.8562411 ], [ 120.2519057, 14.8561396 ], [ 120.2516896, 14.8560079 ], [ 120.2516398, 14.8561455 ], [ 120.2518649, 14.8562411 ] ] ] } },
{ "type": "Feature", "properties": { "contextFeatureId": "PHL-S-001::landuse::way::256399457", "projectId": "PHL-S-001", "projectName": "Olongapo Solar Power Project", "countryCode": "PHL", "osmType": "way", "osmId": 256399457, "highway": null, "place": null, "power": null, "landuse": "residential", "name": "9", "voltage": null, "circuits": null, "cables": null, "frequency": null, "substationTag": null, "lineTag": null, "operator": null, "location": null }, "geometry": { "type": "Polygon", "coordinates": [ [ [ 120.2519057, 14.8561396 ], [ 120.2519503, 14.8560561 ], [ 120.2517538, 14.8559127 ], [ 120.2516896, 14.8560079 ], [ 120.2519057, 14.8561396 ] ] ] } },
{ "type": "Feature", "properties": { "contextFeatureId": "PHL-S-001::landuse::way::256399458", "projectId": "PHL-S-001", "projectName": "Olongapo Solar Power Project", "countryCode": "PHL", "osmType": "way", "osmId": 256399458, "highway": null, "place": null, "power": null, "landuse": "residential", "name": null, "voltage": null, "circuits": null, "cables": null, "frequency": null, "substationTag": null, "lineTag": null, "operator": null, "location": null }, "geometry": { "type": "Polygon", "coordinates": [ [ [ 120.2519057, 14.8561396 ], [ 120.2521055, 14.8562504 ], [ 120.2521665, 14.8561478 ], [ 120.2519794, 14.8560116 ], [ 120.2519503, 14.8560561 ], [ 120.2519057, 14.8561396 ] ] ] } },
{ "type": "Feature", "properties": { "contextFeatureId": "PHL-S-001::landuse::way::256399459", "projectId": "PHL-S-001", "projectName": "Olongapo Solar Power Project", "countryCode": "PHL", "osmType": "way", "osmId": 256399459, "highway": null, "place": null, "power": null, "landuse": "residential", "name": null, "voltage": null, "circuits": null, "cables": null, "frequency": null, "substationTag": null, "lineTag": null, "operator": null, "location": null }, "geometry": { "type": "Polygon", "coordinates": [ [ [ 120.2517538, 14.8559127 ], [ 120.2519503, 14.8560561 ], [ 120.2519794, 14.8560116 ], [ 120.2520298, 14.8559582 ], [ 120.25203, 14.855958 ], [ 120.2518653, 14.8558148 ], [ 120.2517538, 14.8559127 ] ] ] } },
{ "type": "Feature", "properties": { "contextFeatureId": "PHL-S-001::landuse::way::256399466", "projectId": "PHL-S-001", "projectName": "Olongapo Solar Power Project", "countryCode": "PHL", "osmType": "way", "osmId": 256399466, "highway": null, "place": null, "power": null, "landuse": "residential", "name": "24", "voltage": null, "circuits": null, "cables": null, "frequency": null, "substationTag": null, "lineTag": null, "operator": null, "location": null }, "geometry": { "type": "Polygon", "coordinates": [ [ [ 120.2525105, 14.8555502 ], [ 120.2525114, 14.8555495 ], [ 120.2526056, 14.8554719 ], [ 120.252448, 14.8553018 ], [ 120.2523575, 14.8553815 ], [ 120.2525105, 14.8555502 ] ] ] } },
{ "type": "Feature", "properties": { "contextFeatureId": "PHL-S-001::landuse::way::256399467", "projectId": "PHL-S-001", "projectName": "Olongapo Solar Power Project", "countryCode": "PHL", "osmType": "way", "osmId": 256399467, "highway": null, "place": null, "power": null, "landuse": "residential", "name": null, "voltage": null, "circuits": null, "cables": null, "frequency": null, "substationTag": null, "lineTag": null, "operator": null, "location": null }, "geometry": { "type": "Polygon", "coordinates": [ [ [ 120.2526056, 14.8554719 ], [ 120.2526903, 14.8554033 ], [ 120.2525328, 14.8552271 ], [ 120.252448, 14.8553018 ], [ 120.2526056, 14.8554719 ] ] ] } },
{ "type": "Feature", "properties": { "contextFeatureId": "PHL-S-001::landuse::way::256399468", "projectId": "PHL-S-001", "projectName": "Olongapo Solar Power Project", "countryCode": "PHL", "osmType": "way", "osmId": 256399468, "highway": null, "place": null, "power": null, "landuse": "residential", "name": null, "voltage": null, "circuits": null, "cables": null, "frequency": null, "substationTag": null, "lineTag": null, "operator": null, "location": null }, "geometry": { "type": "Polygon", "coordinates": [ [ [ 120.2526903, 14.8554033 ], [ 120.2527732, 14.8553341 ], [ 120.2526142, 14.8551554 ], [ 120.2525328, 14.8552271 ], [ 120.2526903, 14.8554033 ] ] ] } },
{ "type": "Feature", "properties": { "contextFeatureId": "PHL-S-001::landuse::way::256399469", "projectId": "PHL-S-001", "projectName": "Olongapo Solar Power Project", "countryCode": "PHL", "osmType": "way", "osmId": 256399469, "highway": null, "place": null, "power": null, "landuse": "residential", "name": "30", "voltage": null, "circuits": null, "cables": null, "frequency": null, "substationTag": null, "lineTag": null, "operator": null, "location": null }, "geometry": { "type": "Polygon", "coordinates": [ [ [ 120.2527732, 14.8553341 ], [ 120.2528558, 14.8552661 ], [ 120.2526961, 14.8550869 ], [ 120.2526142, 14.8551554 ], [ 120.2527732, 14.8553341 ] ] ] } },
{ "type": "Feature", "properties": { "contextFeatureId": "PHL-S-001::landuse::way::256399470", "projectId": "PHL-S-001", "projectName": "Olongapo Solar Power Project", "countryCode": "PHL", "osmType": "way", "osmId": 256399470, "highway": null, "place": null, "power": null, "landuse": "residential", "name": "32", "voltage": null, "circuits": null, "cables": null, "frequency": null, "substationTag": null, "lineTag": null, "operator": null, "location": null }, "geometry": { "type": "Polygon", "coordinates": [ [ [ 120.2526961, 14.8550869 ], [ 120.2528558, 14.8552661 ], [ 120.252944, 14.8551935 ], [ 120.2527863, 14.8550102 ], [ 120.2526961, 14.8550869 ] ] ] } },
{ "type": "Feature", "properties": { "contextFeatureId": "PHL-S-001::landuse::way::256399471", "projectId": "PHL-S-001", "projectName": "Olongapo Solar Power Project", "countryCode": "PHL", "osmType": "way", "osmId": 256399471, "highway": null, "place": null, "power": null, "landuse": "residential", "name": null, "voltage": null, "circuits": null, "cables": null, "frequency": null, "substationTag": null, "lineTag": null, "operator": null, "location": null }, "geometry": { "type": "Polygon", "coordinates": [ [ [ 120.2527863, 14.8550102 ], [ 120.2528979, 14.8549166 ], [ 120.2530543, 14.8550992 ], [ 120.252944, 14.8551935 ], [ 120.2527863, 14.8550102 ] ] ] } },
{ "type": "Feature", "properties": { "contextFeatureId": "PHL-S-001::landuse::way::256520263", "projectId": "PHL-S-001", "projectName": "Olongapo Solar Power Project", "countryCode": "PHL", "osmType": "way", "osmId": 256520263, "highway": null, "place": null, "power": null, "landuse": "residential", "name": "15", "voltage": null, "circuits": null, "cables": null, "frequency": null, "substationTag": null, "lineTag": null, "operator": null, "location": null }, "geometry": { "type": "Polygon", "coordinates": [ [ [ 120.2521873, 14.8558204 ], [ 120.2523349, 14.8559789 ], [ 120.2524089, 14.8559172 ], [ 120.252262, 14.8557543 ], [ 120.2521873, 14.8558204 ] ] ] } },
{ "type": "Feature", "properties": { "contextFeatureId": "PHL-S-001::landuse::way::256520264", "projectId": "PHL-S-001", "projectName": "Olongapo Solar Power Project", "countryCode": "PHL", "osmType": "way", "osmId": 256520264, "highway": null, "place": null, "power": null, "landuse": "residential", "name": null, "voltage": null, "circuits": null, "cables": null, "frequency": null, "substationTag": null, "lineTag": null, "operator": null, "location": null }, "geometry": { "type": "Polygon", "coordinates": [ [ [ 120.252262, 14.8557543 ], [ 120.2524089, 14.8559172 ], [ 120.2525002, 14.8558411 ], [ 120.2523487, 14.8556833 ], [ 120.252262, 14.8557543 ] ] ] } },
{ "type": "Feature", "properties": { "contextFeatureId": "PHL-S-001::landuse::way::256520267", "projectId": "PHL-S-001", "projectName": "Olongapo Solar Power Project", "countryCode": "PHL", "osmType": "way", "osmId": 256520267, "highway": null, "place": null, "power": null, "landuse": "residential", "name": null, "voltage": null, "circuits": null, "cables": null, "frequency": null, "substationTag": null, "lineTag": null, "operator": null, "location": null }, "geometry": { "type": "Polygon", "coordinates": [ [ [ 120.2525114, 14.8555495 ], [ 120.2526056, 14.8554719 ], [ 120.2527493, 14.8556335 ], [ 120.2526573, 14.8557102 ], [ 120.2525114, 14.8555495 ] ] ] } },
{ "type": "Feature", "properties": { "contextFeatureId": "PHL-S-001::landuse::way::256520269", "projectId": "PHL-S-001", "projectName": "Olongapo Solar Power Project", "countryCode": "PHL", "osmType": "way", "osmId": 256520269, "highway": null, "place": null, "power": null, "landuse": "residential", "name": null, "voltage": null, "circuits": null, "cables": null, "frequency": null, "substationTag": null, "lineTag": null, "operator": null, "location": null }, "geometry": { "type": "Polygon", "coordinates": [ [ [ 120.2526056, 14.8554719 ], [ 120.2527493, 14.8556335 ], [ 120.2528297, 14.8555665 ], [ 120.2526903, 14.8554033 ], [ 120.2526056, 14.8554719 ] ] ] } },
{ "type": "Feature", "properties": { "contextFeatureId": "PHL-S-001::landuse::way::256520270", "projectId": "PHL-S-001", "projectName": "Olongapo Solar Power Project", "countryCode": "PHL", "osmType": "way", "osmId": 256520270, "highway": null, "place": null, "power": null, "landuse": "residential", "name": null, "voltage": null, "circuits": null, "cables": null, "frequency": null, "substationTag": null, "lineTag": null, "operator": null, "location": null }, "geometry": { "type": "Polygon", "coordinates": [ [ [ 120.2526903, 14.8554033 ], [ 120.2528297, 14.8555665 ], [ 120.2529145, 14.8554958 ], [ 120.2528695, 14.8554443 ], [ 120.2527732, 14.8553341 ], [ 120.2526903, 14.8554033 ] ] ] } },
{ "type": "Feature", "properties": { "contextFeatureId": "PHL-S-001::landuse::way::256520272", "projectId": "PHL-S-001", "projectName": "Olongapo Solar Power Project", "countryCode": "PHL", "osmType": "way", "osmId": 256520272, "highway": null, "place": null, "power": null, "landuse": "residential", "name": null, "voltage": null, "circuits": null, "cables": null, "frequency": null, "substationTag": null, "lineTag": null, "operator": null, "location": null }, "geometry": { "type": "Polygon", "coordinates": [ [ [ 120.252944, 14.8551935 ], [ 120.2530829, 14.8553554 ], [ 120.2531943, 14.8552626 ], [ 120.2530543, 14.8550992 ], [ 120.252944, 14.8551935 ] ] ] } },
{ "type": "Feature", "properties": { "contextFeatureId": "PHL-S-001::landuse::way::256520273", "projectId": "PHL-S-001", "projectName": "Olongapo Solar Power Project", "countryCode": "PHL", "osmType": "way", "osmId": 256520273, "highway": null, "place": null, "power": null, "landuse": "residential", "name": "31", "voltage": null, "circuits": null, "cables": null, "frequency": null, "substationTag": null, "lineTag": null, "operator": null, "location": null }, "geometry": { "type": "Polygon", "coordinates": [ [ [ 120.2528558, 14.8552661 ], [ 120.2529979, 14.8554263 ], [ 120.2530829, 14.8553554 ], [ 120.252944, 14.8551935 ], [ 120.2528558, 14.8552661 ] ] ] } },
{ "type": "Feature", "properties": { "contextFeatureId": "PHL-S-001::landuse::way::256520877", "projectId": "PHL-S-001", "projectName": "Olongapo Solar Power Project", "countryCode": "PHL", "osmType": "way", "osmId": 256520877, "highway": null, "place": null, "power": null, "landuse": "residential", "name": null, "voltage": null, "circuits": null, "cables": null, "frequency": null, "substationTag": null, "lineTag": null, "operator": null, "location": null }, "geometry": { "type": "Polygon", "coordinates": [ [ [ 120.2532397, 14.8552211 ], [ 120.2533424, 14.8551335 ], [ 120.2531933, 14.854969 ], [ 120.253089, 14.8550533 ], [ 120.2532397, 14.8552211 ] ] ] } },
{ "type": "Feature", "properties": { "contextFeatureId": "PHL-S-001::landuse::way::256520878", "projectId": "PHL-S-001", "projectName": "Olongapo Solar Power Project", "countryCode": "PHL", "osmType": "way", "osmId": 256520878, "highway": null, "place": null, "power": null, "landuse": "residential", "name": null, "voltage": null, "circuits": null, "cables": null, "frequency": null, "substationTag": null, "lineTag": null, "operator": null, "location": null }, "geometry": { "type": "Polygon", "coordinates": [ [ [ 120.253089, 14.8550533 ], [ 120.2529503, 14.854897 ], [ 120.2530491, 14.8548101 ], [ 120.2531933, 14.854969 ], [ 120.253089, 14.8550533 ] ] ] } },
{ "type": "Feature", "properties": { "contextFeatureId": "PHL-S-001::landuse::way::256520879", "projectId": "PHL-S-001", "projectName": "Olongapo Solar Power Project", "countryCode": "PHL", "osmType": "way", "osmId": 256520879, "highway": null, "place": null, "power": null, "landuse": "residential", "name": null, "voltage": null, "circuits": null, "cables": null, "frequency": null, "substationTag": null, "lineTag": null, "operator": null, "location": null }, "geometry": { "type": "Polygon", "coordinates": [ [ [ 120.2531933, 14.854969 ], [ 120.2533424, 14.8551335 ], [ 120.2534318, 14.8550557 ], [ 120.2532942, 14.8548878 ], [ 120.2531933, 14.854969 ] ] ] } },
{ "type": "Feature", "properties": { "contextFeatureId": "PHL-S-001::landuse::way::256520880", "projectId": "PHL-S-001", "projectName": "Olongapo Solar Power Project", "countryCode": "PHL", "osmType": "way", "osmId": 256520880, "highway": null, "place": null, "power": null, "landuse": "residential", "name": null, "voltage": null, "circuits": null, "cables": null, "frequency": null, "substationTag": null, "lineTag": null, "operator": null, "location": null }, "geometry": { "type": "Polygon", "coordinates": [ [ [ 120.2532942, 14.8548878 ], [ 120.2534318, 14.8550557 ], [ 120.253529, 14.8549722 ], [ 120.2533892, 14.854814 ], [ 120.2532942, 14.8548878 ] ] ] } },
{ "type": "Feature", "properties": { "contextFeatureId": "PHL-S-001::landuse::way::256520881", "projectId": "PHL-S-001", "projectName": "Olongapo Solar Power Project", "countryCode": "PHL", "osmType": "way", "osmId": 256520881, "highway": null, "place": null, "power": null, "landuse": "residential", "name": null, "voltage": null, "circuits": null, "cables": null, "frequency": null, "substationTag": null, "lineTag": null, "operator": null, "location": null }, "geometry": { "type": "Polygon", "coordinates": [ [ [ 120.253529, 14.8549722 ], [ 120.2536243, 14.8548909 ], [ 120.2534848, 14.854731 ], [ 120.2534144, 14.8547931 ], [ 120.2533892, 14.854814 ], [ 120.253529, 14.8549722 ] ] ] } },
{ "type": "Feature", "properties": { "contextFeatureId": "PHL-S-001::landuse::way::256520882", "projectId": "PHL-S-001", "projectName": "Olongapo Solar Power Project", "countryCode": "PHL", "osmType": "way", "osmId": 256520882, "highway": null, "place": null, "power": null, "landuse": "residential", "name": null, "voltage": null, "circuits": null, "cables": null, "frequency": null, "substationTag": null, "lineTag": null, "operator": null, "location": null }, "geometry": { "type": "Polygon", "coordinates": [ [ [ 120.2536243, 14.8548909 ], [ 120.2536931, 14.8548281 ], [ 120.2536391, 14.8545849 ], [ 120.2536378, 14.8545791 ], [ 120.2536197, 14.8545922 ], [ 120.2535287, 14.8546581 ], [ 120.2534848, 14.854731 ], [ 120.2536243, 14.8548909 ] ] ] } },
{ "type": "Feature", "properties": { "contextFeatureId": "PHL-S-001::landuse::way::256520883", "projectId": "PHL-S-001", "projectName": "Olongapo Solar Power Project", "countryCode": "PHL", "osmType": "way", "osmId": 256520883, "highway": null, "place": null, "power": null, "landuse": "residential", "name": null, "voltage": null, "circuits": null, "cables": null, "frequency": null, "substationTag": null, "lineTag": null, "operator": null, "location": null }, "geometry": { "type": "Polygon", "coordinates": [ [ [ 120.2536931, 14.8548281 ], [ 120.2539413, 14.8546173 ], [ 120.2539109, 14.854514 ], [ 120.2536391, 14.8545849 ], [ 120.2536931, 14.8548281 ] ] ] } },
{ "type": "Feature", "properties": { "contextFeatureId": "PHL-S-001::landuse::way::256520884", "projectId": "PHL-S-001", "projectName": "Olongapo Solar Power Project", "countryCode": "PHL", "osmType": "way", "osmId": 256520884, "highway": null, "place": null, "power": null, "landuse": "residential", "name": null, "voltage": null, "circuits": null, "cables": null, "frequency": null, "substationTag": null, "lineTag": null, "operator": null, "location": null }, "geometry": { "type": "Polygon", "coordinates": [ [ [ 120.2536391, 14.8545849 ], [ 120.2539109, 14.854514 ], [ 120.253881, 14.8544121 ], [ 120.2536157, 14.8544821 ], [ 120.2536391, 14.8545849 ] ] ] } },
{ "type": "Feature", "properties": { "contextFeatureId": "PHL-S-001::landuse::way::256520885", "projectId": "PHL-S-001", "projectName": "Olongapo Solar Power Project", "countryCode": "PHL", "osmType": "way", "osmId": 256520885, "highway": null, "place": null, "power": null, "landuse": "residential", "name": "29", "voltage": null, "circuits": null, "cables": null, "frequency": null, "substationTag": null, "lineTag": null, "operator": null, "location": null }, "geometry": { "type": "Polygon", "coordinates": [ [ [ 120.2536157, 14.8544821 ], [ 120.253881, 14.8544121 ], [ 120.2538488, 14.8543023 ], [ 120.2535918, 14.8543704 ], [ 120.2536097, 14.8544566 ], [ 120.2536157, 14.8544821 ] ] ] } },
{ "type": "Feature", "properties": { "contextFeatureId": "PHL-S-001::landuse::way::256520886", "projectId": "PHL-S-001", "projectName": "Olongapo Solar Power Project", "countryCode": "PHL", "osmType": "way", "osmId": 256520886, "highway": null, "place": null, "power": null, "landuse": "residential", "name": null, "voltage": null, "circuits": null, "cables": null, "frequency": null, "substationTag": null, "lineTag": null, "operator": null, "location": null }, "geometry": { "type": "Polygon", "coordinates": [ [ [ 120.2535918, 14.8543704 ], [ 120.2535657, 14.8542673 ], [ 120.2538184, 14.8541986 ], [ 120.2538488, 14.8543023 ], [ 120.2535918, 14.8543704 ] ] ] } },
{ "type": "Feature", "properties": { "contextFeatureId": "PHL-S-001::landuse::way::256520887", "projectId": "PHL-S-001", "projectName": "Olongapo Solar Power Project", "countryCode": "PHL", "osmType": "way", "osmId": 256520887, "highway": null, "place": null, "power": null, "landuse": "residential", "name": "26", "voltage": null, "circuits": null, "cables": null, "frequency": null, "substationTag": null, "lineTag": null, "operator": null, "location": null }, "geometry": { "type": "Polygon", "coordinates": [ [ [ 120.2535657, 14.8542673 ], [ 120.253539, 14.854157 ], [ 120.2537876, 14.8540937 ], [ 120.2538184, 14.8541986 ], [ 120.2535657, 14.8542673 ] ] ] } },
{ "type": "Feature", "properties": { "contextFeatureId": "PHL-S-001::landuse::way::256520888", "projectId": "PHL-S-001", "projectName": "Olongapo Solar Power Project", "countryCode": "PHL", "osmType": "way", "osmId": 256520888, "highway": null, "place": null, "power": null, "landuse": "residential", "name": null, "voltage": null, "circuits": null, "cables": null, "frequency": null, "substationTag": null, "lineTag": null, "operator": null, "location": null }, "geometry": { "type": "Polygon", "coordinates": [ [ [ 120.253539, 14.854157 ], [ 120.2537876, 14.8540937 ], [ 120.2537564, 14.8539873 ], [ 120.253514, 14.8540515 ], [ 120.253539, 14.854157 ] ] ] } },
{ "type": "Feature", "properties": { "contextFeatureId": "PHL-S-001::landuse::way::256520889", "projectId": "PHL-S-001", "projectName": "Olongapo Solar Power Project", "countryCode": "PHL", "osmType": "way", "osmId": 256520889, "highway": null, "place": null, "power": null, "landuse": "residential", "name": null, "voltage": null, "circuits": null, "cables": null, "frequency": null, "substationTag": null, "lineTag": null, "operator": null, "location": null }, "geometry": { "type": "Polygon", "coordinates": [ [ [ 120.253514, 14.8540515 ], [ 120.2537564, 14.8539873 ], [ 120.2537255, 14.8538821 ], [ 120.2534888, 14.8539444 ], [ 120.253514, 14.8540515 ] ] ] } },
{ "type": "Feature", "properties": { "contextFeatureId": "PHL-S-001::landuse::way::256520890", "projectId": "PHL-S-001", "projectName": "Olongapo Solar Power Project", "countryCode": "PHL", "osmType": "way", "osmId": 256520890, "highway": null, "place": null, "power": null, "landuse": "residential", "name": null, "voltage": null, "circuits": null, "cables": null, "frequency": null, "substationTag": null, "lineTag": null, "operator": null, "location": null }, "geometry": { "type": "Polygon", "coordinates": [ [ [ 120.2534626, 14.8538335 ], [ 120.2536934, 14.8537729 ], [ 120.2536358, 14.8535763 ], [ 120.2534154, 14.8536335 ], [ 120.2534381, 14.8537291 ], [ 120.2534626, 14.8538335 ] ] ] } },
{ "type": "Feature", "properties": { "contextFeatureId": "PHL-S-001::landuse::way::256520892", "projectId": "PHL-S-001", "projectName": "Olongapo Solar Power Project", "countryCode": "PHL", "osmType": "way", "osmId": 256520892, "highway": null, "place": null, "power": null, "landuse": "residential", "name": null, "voltage": null, "circuits": null, "cables": null, "frequency": null, "substationTag": null, "lineTag": null, "operator": null, "location": null }, "geometry": { "type": "Polygon", "coordinates": [ [ [ 120.2534154, 14.8536335 ], [ 120.2533883, 14.8535188 ], [ 120.2536038, 14.8534674 ], [ 120.2536358, 14.8535763 ], [ 120.2534154, 14.8536335 ] ] ] } },
{ "type": "Feature", "properties": { "contextFeatureId": "PHL-S-001::landuse::way::256520893", "projectId": "PHL-S-001", "projectName": "Olongapo Solar Power Project", "countryCode": "PHL", "osmType": "way", "osmId": 256520893, "highway": null, "place": null, "power": null, "landuse": "residential", "name": null, "voltage": null, "circuits": null, "cables": null, "frequency": null, "substationTag": null, "lineTag": null, "operator": null, "location": null }, "geometry": { "type": "Polygon", "coordinates": [ [ [ 120.2533883, 14.8535188 ], [ 120.2536038, 14.8534674 ], [ 120.253574, 14.8533658 ], [ 120.253366, 14.8534193 ], [ 120.2533883, 14.8535188 ] ] ] } },
{ "type": "Feature", "properties": { "contextFeatureId": "PHL-S-001::landuse::way::256520894", "projectId": "PHL-S-001", "projectName": "Olongapo Solar Power Project", "countryCode": "PHL", "osmType": "way", "osmId": 256520894, "highway": null, "place": null, "power": null, "landuse": "residential", "name": null, "voltage": null, "circuits": null, "cables": null, "frequency": null, "substationTag": null, "lineTag": null, "operator": null, "location": null }, "geometry": { "type": "Polygon", "coordinates": [ [ [ 120.253366, 14.8534193 ], [ 120.2533402, 14.8533119 ], [ 120.253542, 14.853257 ], [ 120.253574, 14.8533658 ], [ 120.253366, 14.8534193 ] ] ] } },
{ "type": "Feature", "properties": { "contextFeatureId": "PHL-S-001::landuse::way::256520897", "projectId": "PHL-S-001", "projectName": "Olongapo Solar Power Project", "countryCode": "PHL", "osmType": "way", "osmId": 256520897, "highway": null, "place": null, "power": null, "landuse": "residential", "name": null, "voltage": null, "circuits": null, "cables": null, "frequency": null, "substationTag": null, "lineTag": null, "operator": null, "location": null }, "geometry": { "type": "Polygon", "coordinates": [ [ [ 120.2532873, 14.853091 ], [ 120.2534789, 14.8530418 ], [ 120.2534448, 14.8529257 ], [ 120.2532571, 14.852972 ], [ 120.2532873, 14.853091 ] ] ] } },
{ "type": "Feature", "properties": { "contextFeatureId": "PHL-S-001::landuse::way::256520898", "projectId": "PHL-S-001", "projectName": "Olongapo Solar Power Project", "countryCode": "PHL", "osmType": "way", "osmId": 256520898, "highway": null, "place": null, "power": null, "landuse": "residential", "name": null, "voltage": null, "circuits": null, "cables": null, "frequency": null, "substationTag": null, "lineTag": null, "operator": null, "location": null }, "geometry": { "type": "Polygon", "coordinates": [ [ [ 120.2535287, 14.8546581 ], [ 120.2536197, 14.8545922 ], [ 120.2536378, 14.8545791 ], [ 120.2536157, 14.8544821 ], [ 120.2536097, 14.8544566 ], [ 120.2533098, 14.8544337 ], [ 120.253289, 14.8545399 ], [ 120.2535287, 14.8546581 ] ] ] } },
{ "type": "Feature", "properties": { "contextFeatureId": "PHL-S-001::landuse::way::256520899", "projectId": "PHL-S-001", "projectName": "Olongapo Solar Power Project", "countryCode": "PHL", "osmType": "way", "osmId": 256520899, "highway": null, "place": null, "power": null, "landuse": "residential", "name": null, "voltage": null, "circuits": null, "cables": null, "frequency": null, "substationTag": null, "lineTag": null, "operator": null, "location": null }, "geometry": { "type": "Polygon", "coordinates": [ [ [ 120.2531933, 14.854969 ], [ 120.2532942, 14.8548878 ], [ 120.2531487, 14.8547187 ], [ 120.2530491, 14.8548101 ], [ 120.2531933, 14.854969 ] ] ] } },
{ "type": "Feature", "properties": { "contextFeatureId": "PHL-S-001::landuse::way::256520902", "projectId": "PHL-S-001", "projectName": "Olongapo Solar Power Project", "countryCode": "PHL", "osmType": "way", "osmId": 256520902, "highway": null, "place": null, "power": null, "landuse": "residential", "name": null, "voltage": null, "circuits": null, "cables": null, "frequency": null, "substationTag": null, "lineTag": null, "operator": null, "location": null }, "geometry": { "type": "Polygon", "coordinates": [ [ [ 120.2536097, 14.8544566 ], [ 120.2535918, 14.8543704 ], [ 120.2535657, 14.8542673 ], [ 120.2533111, 14.854322 ], [ 120.2533098, 14.8544337 ], [ 120.2536097, 14.8544566 ] ] ] } },
{ "type": "Feature", "properties": { "contextFeatureId": "PHL-S-001::landuse::way::256520903", "projectId": "PHL-S-001", "projectName": "Olongapo Solar Power Project", "countryCode": "PHL", "osmType": "way", "osmId": 256520903, "highway": null, "place": null, "power": null, "landuse": "residential", "name": null, "voltage": null, "circuits": null, "cables": null, "frequency": null, "substationTag": null, "lineTag": null, "operator": null, "location": null }, "geometry": { "type": "Polygon", "coordinates": [ [ [ 120.253539, 14.854157 ], [ 120.253291, 14.8542185 ], [ 120.2533111, 14.854322 ], [ 120.2535657, 14.8542673 ], [ 120.253539, 14.854157 ] ] ] } },
{ "type": "Feature", "properties": { "contextFeatureId": "PHL-S-001::landuse::way::256520904", "projectId": "PHL-S-001", "projectName": "Olongapo Solar Power Project", "countryCode": "PHL", "osmType": "way", "osmId": 256520904, "highway": null, "place": null, "power": null, "landuse": "residential", "name": null, "voltage": null, "circuits": null, "cables": null, "frequency": null, "substationTag": null, "lineTag": null, "operator": null, "location": null }, "geometry": { "type": "Polygon", "coordinates": [ [ [ 120.253539, 14.854157 ], [ 120.253514, 14.8540515 ], [ 120.2532695, 14.8541076 ], [ 120.253291, 14.8542185 ], [ 120.253539, 14.854157 ] ] ] } },
{ "type": "Feature", "properties": { "contextFeatureId": "PHL-S-001::landuse::way::256520905", "projectId": "PHL-S-001", "projectName": "Olongapo Solar Power Project", "countryCode": "PHL", "osmType": "way", "osmId": 256520905, "highway": null, "place": null, "power": null, "landuse": "residential", "name": null, "voltage": null, "circuits": null, "cables": null, "frequency": null, "substationTag": null, "lineTag": null, "operator": null, "location": null }, "geometry": { "type": "Polygon", "coordinates": [ [ [ 120.2534888, 14.8539444 ], [ 120.2532475, 14.8539946 ], [ 120.2532695, 14.8541076 ], [ 120.253514, 14.8540515 ], [ 120.2534888, 14.8539444 ] ] ] } },
{ "type": "Feature", "properties": { "contextFeatureId": "PHL-S-001::landuse::way::256520906", "projectId": "PHL-S-001", "projectName": "Olongapo Solar Power Project", "countryCode": "PHL", "osmType": "way", "osmId": 256520906, "highway": null, "place": null, "power": null, "landuse": "residential", "name": null, "voltage": null, "circuits": null, "cables": null, "frequency": null, "substationTag": null, "lineTag": null, "operator": null, "location": null }, "geometry": { "type": "Polygon", "coordinates": [ [ [ 120.2534888, 14.8539444 ], [ 120.2534626, 14.8538335 ], [ 120.2532259, 14.8538832 ], [ 120.2532475, 14.8539946 ], [ 120.2534888, 14.8539444 ] ] ] } },
{ "type": "Feature", "properties": { "contextFeatureId": "PHL-S-001::landuse::way::256520907", "projectId": "PHL-S-001", "projectName": "Olongapo Solar Power Project", "countryCode": "PHL", "osmType": "way", "osmId": 256520907, "highway": null, "place": null, "power": null, "landuse": "residential", "name": null, "voltage": null, "circuits": null, "cables": null, "frequency": null, "substationTag": null, "lineTag": null, "operator": null, "location": null }, "geometry": { "type": "Polygon", "coordinates": [ [ [ 120.2534888, 14.8539444 ], [ 120.2537255, 14.8538821 ], [ 120.2536934, 14.8537729 ], [ 120.2534626, 14.8538335 ], [ 120.2534888, 14.8539444 ] ] ] } },
{ "type": "Feature", "properties": { "contextFeatureId": "PHL-S-001::landuse::way::256520908", "projectId": "PHL-S-001", "projectName": "Olongapo Solar Power Project", "countryCode": "PHL", "osmType": "way", "osmId": 256520908, "highway": null, "place": null, "power": null, "landuse": "residential", "name": null, "voltage": null, "circuits": null, "cables": null, "frequency": null, "substationTag": null, "lineTag": null, "operator": null, "location": null }, "geometry": { "type": "Polygon", "coordinates": [ [ [ 120.2534381, 14.8537291 ], [ 120.2532049, 14.853775 ], [ 120.2532259, 14.8538832 ], [ 120.2534626, 14.8538335 ], [ 120.2534381, 14.8537291 ] ] ] } },
{ "type": "Feature", "properties": { "contextFeatureId": "PHL-S-001::landuse::way::256520909", "projectId": "PHL-S-001", "projectName": "Olongapo Solar Power Project", "countryCode": "PHL", "osmType": "way", "osmId": 256520909, "highway": null, "place": null, "power": null, "landuse": "residential", "name": null, "voltage": null, "circuits": null, "cables": null, "frequency": null, "substationTag": null, "lineTag": null, "operator": null, "location": null }, "geometry": { "type": "Polygon", "coordinates": [ [ [ 120.2534154, 14.8536335 ], [ 120.2531865, 14.8536806 ], [ 120.2532049, 14.853775 ], [ 120.2534381, 14.8537291 ], [ 120.2534154, 14.8536335 ] ] ] } },
{ "type": "Feature", "properties": { "contextFeatureId": "PHL-S-001::landuse::way::256520910", "projectId": "PHL-S-001", "projectName": "Olongapo Solar Power Project", "countryCode": "PHL", "osmType": "way", "osmId": 256520910, "highway": null, "place": null, "power": null, "landuse": "residential", "name": null, "voltage": null, "circuits": null, "cables": null, "frequency": null, "substationTag": null, "lineTag": null, "operator": null, "location": null }, "geometry": { "type": "Polygon", "coordinates": [ [ [ 120.2533883, 14.8535188 ], [ 120.2531644, 14.8535666 ], [ 120.2531865, 14.8536806 ], [ 120.2534154, 14.8536335 ], [ 120.2533883, 14.8535188 ] ] ] } },
{ "type": "Feature", "properties": { "contextFeatureId": "PHL-S-001::landuse::way::256520911", "projectId": "PHL-S-001", "projectName": "Olongapo Solar Power Project", "countryCode": "PHL", "osmType": "way", "osmId": 256520911, "highway": null, "place": null, "power": null, "landuse": "residential", "name": null, "voltage": null, "circuits": null, "cables": null, "frequency": null, "substationTag": null, "lineTag": null, "operator": null, "location": null }, "geometry": { "type": "Polygon", "coordinates": [ [ [ 120.253366, 14.8534193 ], [ 120.2531442, 14.8534627 ], [ 120.2531644, 14.8535666 ], [ 120.2533883, 14.8535188 ], [ 120.253366, 14.8534193 ] ] ] } },
{ "type": "Feature", "properties": { "contextFeatureId": "PHL-S-001::landuse::way::256520912", "projectId": "PHL-S-001", "projectName": "Olongapo Solar Power Project", "countryCode": "PHL", "osmType": "way", "osmId": 256520912, "highway": null, "place": null, "power": null, "landuse": "residential", "name": "9", "voltage": null, "circuits": null, "cables": null, "frequency": null, "substationTag": null, "lineTag": null, "operator": null, "location": null }, "geometry": { "type": "Polygon", "coordinates": [ [ [ 120.2533402, 14.8533119 ], [ 120.2531236, 14.8533562 ], [ 120.2531442, 14.8534627 ], [ 120.253366, 14.8534193 ], [ 120.2533402, 14.8533119 ] ] ] } },
{ "type": "Feature", "properties": { "contextFeatureId": "PHL-S-001::landuse::way::256520913", "projectId": "PHL-S-001", "projectName": "Olongapo Solar Power Project", "countryCode": "PHL", "osmType": "way", "osmId": 256520913, "highway": null, "place": null, "power": null, "landuse": "residential", "name": null, "voltage": null, "circuits": null, "cables": null, "frequency": null, "substationTag": null, "lineTag": null, "operator": null, "location": null }, "geometry": { "type": "Polygon", "coordinates": [ [ [ 120.2533402, 14.8533119 ], [ 120.2533144, 14.8532059 ], [ 120.2531032, 14.8532513 ], [ 120.2531236, 14.8533562 ], [ 120.2533402, 14.8533119 ] ] ] } },
{ "type": "Feature", "properties": { "contextFeatureId": "PHL-S-001::landuse::way::256520915", "projectId": "PHL-S-001", "projectName": "Olongapo Solar Power Project", "countryCode": "PHL", "osmType": "way", "osmId": 256520915, "highway": null, "place": null, "power": null, "landuse": "residential", "name": null, "voltage": null, "circuits": null, "cables": null, "frequency": null, "substationTag": null, "lineTag": null, "operator": null, "location": null }, "geometry": { "type": "Polygon", "coordinates": [ [ [ 120.2532873, 14.853091 ], [ 120.2533144, 14.8532059 ], [ 120.2531032, 14.8532513 ], [ 120.2530811, 14.8531376 ], [ 120.2532873, 14.853091 ] ] ] } },
{ "type": "Feature", "properties": { "contextFeatureId": "PHL-S-001::landuse::way::256520917", "projectId": "PHL-S-001", "projectName": "Olongapo Solar Power Project", "countryCode": "PHL", "osmType": "way", "osmId": 256520917, "highway": null, "place": null, "power": null, "landuse": "residential", "name": null, "voltage": null, "circuits": null, "cables": null, "frequency": null, "substationTag": null, "lineTag": null, "operator": null, "location": null }, "geometry": { "type": "Polygon", "coordinates": [ [ [ 120.2532571, 14.852972 ], [ 120.253059, 14.8530133 ], [ 120.2530811, 14.8531376 ], [ 120.2532873, 14.853091 ], [ 120.2532571, 14.852972 ] ] ] } },
{ "type": "Feature", "properties": { "contextFeatureId": "PHL-S-001::landuse::way::256520918", "projectId": "PHL-S-001", "projectName": "Olongapo Solar Power Project", "countryCode": "PHL", "osmType": "way", "osmId": 256520918, "highway": null, "place": null, "power": null, "landuse": "residential", "name": null, "voltage": null, "circuits": null, "cables": null, "frequency": null, "substationTag": null, "lineTag": null, "operator": null, "location": null }, "geometry": { "type": "Polygon", "coordinates": [ [ [ 120.253059, 14.8530133 ], [ 120.2532571, 14.852972 ], [ 120.253213, 14.8527737 ], [ 120.2530264, 14.852819 ], [ 120.253059, 14.8530133 ] ] ] } },
{ "type": "Feature", "properties": { "contextFeatureId": "PHL-S-001::landuse::way::256521708", "projectId": "PHL-S-001", "projectName": "Olongapo Solar Power Project", "countryCode": "PHL", "osmType": "way", "osmId": 256521708, "highway": null, "place": null, "power": null, "landuse": "residential", "name": "28", "voltage": null, "circuits": null, "cables": null, "frequency": null, "substationTag": null, "lineTag": null, "operator": null, "location": null }, "geometry": { "type": "Polygon", "coordinates": [ [ [ 120.2540118, 14.8545572 ], [ 120.254113, 14.8544696 ], [ 120.2540386, 14.8542514 ], [ 120.2539318, 14.854291 ], [ 120.2540118, 14.8545572 ] ] ] } },
{ "type": "Feature", "properties": { "contextFeatureId": "PHL-S-001::landuse::way::256521710", "projectId": "PHL-S-001", "projectName": "Olongapo Solar Power Project", "countryCode": "PHL", "osmType": "way", "osmId": 256521710, "highway": null, "place": null, "power": null, "landuse": "residential", "name": "24", "voltage": null, "circuits": null, "cables": null, "frequency": null, "substationTag": null, "lineTag": null, "operator": null, "location": null }, "geometry": { "type": "Polygon", "coordinates": [ [ [ 120.2540917, 14.8539823 ], [ 120.2543199, 14.8539013 ], [ 120.2542829, 14.8538092 ], [ 120.2540582, 14.8538846 ], [ 120.2540917, 14.8539823 ] ] ] } },
{ "type": "Feature", "properties": { "contextFeatureId": "PHL-S-001::landuse::way::256521711", "projectId": "PHL-S-001", "projectName": "Olongapo Solar Power Project", "countryCode": "PHL", "osmType": "way", "osmId": 256521711, "highway": null, "place": null, "power": null, "landuse": "residential", "name": "22", "voltage": null, "circuits": null, "cables": null, "frequency": null, "substationTag": null, "lineTag": null, "operator": null, "location": null }, "geometry": { "type": "Polygon", "coordinates": [ [ [ 120.2542829, 14.8538092 ], [ 120.2542441, 14.8537126 ], [ 120.2540216, 14.8537842 ], [ 120.2540582, 14.8538846 ], [ 120.2542829, 14.8538092 ] ] ] } },
{ "type": "Feature", "properties": { "contextFeatureId": "PHL-S-001::landuse::way::256521712", "projectId": "PHL-S-001", "projectName": "Olongapo Solar Power Project", "countryCode": "PHL", "osmType": "way", "osmId": 256521712, "highway": null, "place": null, "power": null, "landuse": "residential", "name": "20", "voltage": null, "circuits": null, "cables": null, "frequency": null, "substationTag": null, "lineTag": null, "operator": null, "location": null }, "geometry": { "type": "Polygon", "coordinates": [ [ [ 120.2540216, 14.8537842 ], [ 120.2539855, 14.8536834 ], [ 120.2542023, 14.8536083 ], [ 120.2542441, 14.8537126 ], [ 120.2540216, 14.8537842 ] ] ] } },
{ "type": "Feature", "properties": { "contextFeatureId": "PHL-S-001::landuse::way::256521713", "projectId": "PHL-S-001", "projectName": "Olongapo Solar Power Project", "countryCode": "PHL", "osmType": "way", "osmId": 256521713, "highway": null, "place": null, "power": null, "landuse": "residential", "name": null, "voltage": null, "circuits": null, "cables": null, "frequency": null, "substationTag": null, "lineTag": null, "operator": null, "location": null }, "geometry": { "type": "Polygon", "coordinates": [ [ [ 120.2539855, 14.8536834 ], [ 120.2539837, 14.8536783 ], [ 120.2539476, 14.8535784 ], [ 120.2541621, 14.853508 ], [ 120.2542023, 14.8536083 ], [ 120.2539855, 14.8536834 ] ] ] } },
{ "type": "Feature", "properties": { "contextFeatureId": "PHL-S-001::landuse::way::256521714", "projectId": "PHL-S-001", "projectName": "Olongapo Solar Power Project", "countryCode": "PHL", "osmType": "way", "osmId": 256521714, "highway": null, "place": null, "power": null, "landuse": "residential", "name": null, "voltage": null, "circuits": null, "cables": null, "frequency": null, "substationTag": null, "lineTag": null, "operator": null, "location": null }, "geometry": { "type": "Polygon", "coordinates": [ [ [ 120.2539476, 14.8535784 ], [ 120.2541621, 14.853508 ], [ 120.2541255, 14.8534169 ], [ 120.2539153, 14.8534857 ], [ 120.2539476, 14.8535784 ] ] ] } },
{ "type": "Feature", "properties": { "contextFeatureId": "PHL-S-001::landuse::way::256521715", "projectId": "PHL-S-001", "projectName": "Olongapo Solar Power Project", "countryCode": "PHL", "osmType": "way", "osmId": 256521715, "highway": null, "place": null, "power": null, "landuse": "residential", "name": null, "voltage": null, "circuits": null, "cables": null, "frequency": null, "substationTag": null, "lineTag": null, "operator": null, "location": null }, "geometry": { "type": "Polygon", "coordinates": [ [ [ 120.2539153, 14.8534857 ], [ 120.2541255, 14.8534169 ], [ 120.2540865, 14.8533197 ], [ 120.2538785, 14.8533857 ], [ 120.2539153, 14.8534857 ] ] ] } },
{ "type": "Feature", "properties": { "contextFeatureId": "PHL-S-001::landuse::way::256521716", "projectId": "PHL-S-001", "projectName": "Olongapo Solar Power Project", "countryCode": "PHL", "osmType": "way", "osmId": 256521716, "highway": null, "place": null, "power": null, "landuse": "residential", "name": null, "voltage": null, "circuits": null, "cables": null, "frequency": null, "substationTag": null, "lineTag": null, "operator": null, "location": null }, "geometry": { "type": "Polygon", "coordinates": [ [ [ 120.2538785, 14.8533857 ], [ 120.2540865, 14.8533197 ], [ 120.2540418, 14.8532082 ], [ 120.2538386, 14.8532739 ], [ 120.2538785, 14.8533857 ] ] ] } },
{ "type": "Feature", "properties": { "contextFeatureId": "PHL-S-001::landuse::way::256521717", "projectId": "PHL-S-001", "projectName": "Olongapo Solar Power Project", "countryCode": "PHL", "osmType": "way", "osmId": 256521717, "highway": null, "place": null, "power": null, "landuse": "residential", "name": null, "voltage": null, "circuits": null, "cables": null, "frequency": null, "substationTag": null, "lineTag": null, "operator": null, "location": null }, "geometry": { "type": "Polygon", "coordinates": [ [ [ 120.2538386, 14.8532739 ], [ 120.2540418, 14.8532082 ], [ 120.2539992, 14.853102 ], [ 120.2538007, 14.8531669 ], [ 120.2538386, 14.8532739 ] ] ] } },
{ "type": "Feature", "properties": { "contextFeatureId": "PHL-S-001::landuse::way::256521718", "projectId": "PHL-S-001", "projectName": "Olongapo Solar Power Project", "countryCode": "PHL", "osmType": "way", "osmId": 256521718, "highway": null, "place": null, "power": null, "landuse": "residential", "name": null, "voltage": null, "circuits": null, "cables": null, "frequency": null, "substationTag": null, "lineTag": null, "operator": null, "location": null }, "geometry": { "type": "Polygon", "coordinates": [ [ [ 120.2538007, 14.8531669 ], [ 120.2539992, 14.853102 ], [ 120.2539603, 14.853005 ], [ 120.2537653, 14.8530719 ], [ 120.2538007, 14.8531669 ] ] ] } },
{ "type": "Feature", "properties": { "contextFeatureId": "PHL-S-001::landuse::way::256521719", "projectId": "PHL-S-001", "projectName": "Olongapo Solar Power Project", "countryCode": "PHL", "osmType": "way", "osmId": 256521719, "highway": null, "place": null, "power": null, "landuse": "residential", "name": null, "voltage": null, "circuits": null, "cables": null, "frequency": null, "substationTag": null, "lineTag": null, "operator": null, "location": null }, "geometry": { "type": "Polygon", "coordinates": [ [ [ 120.2537653, 14.8530719 ], [ 120.2539603, 14.853005 ], [ 120.2539193, 14.852903 ], [ 120.2537292, 14.8529701 ], [ 120.2537653, 14.8530719 ] ] ] } },
{ "type": "Feature", "properties": { "contextFeatureId": "PHL-S-001::landuse::way::256521720", "projectId": "PHL-S-001", "projectName": "Olongapo Solar Power Project", "countryCode": "PHL", "osmType": "way", "osmId": 256521720, "highway": null, "place": null, "power": null, "landuse": "residential", "name": "4", "voltage": null, "circuits": null, "cables": null, "frequency": null, "substationTag": null, "lineTag": null, "operator": null, "location": null }, "geometry": { "type": "Polygon", "coordinates": [ [ [ 120.2537292, 14.8529701 ], [ 120.2539193, 14.852903 ], [ 120.2538701, 14.8527802 ], [ 120.2536829, 14.8528426 ], [ 120.2537292, 14.8529701 ] ] ] } },
{ "type": "Feature", "properties": { "contextFeatureId": "PHL-S-001::landuse::way::256521721", "projectId": "PHL-S-001", "projectName": "Olongapo Solar Power Project", "countryCode": "PHL", "osmType": "way", "osmId": 256521721, "highway": null, "place": null, "power": null, "landuse": "residential", "name": "2", "voltage": null, "circuits": null, "cables": null, "frequency": null, "substationTag": null, "lineTag": null, "operator": null, "location": null }, "geometry": { "type": "Polygon", "coordinates": [ [ [ 120.2536829, 14.8528426 ], [ 120.2538701, 14.8527802 ], [ 120.2538104, 14.8526314 ], [ 120.2536247, 14.8526737 ], [ 120.2536829, 14.8528426 ] ] ] } },
{ "type": "Feature", "properties": { "contextFeatureId": "PHL-S-001::landuse::way::256521722", "projectId": "PHL-S-001", "projectName": "Olongapo Solar Power Project", "countryCode": "PHL", "osmType": "way", "osmId": 256521722, "highway": null, "place": null, "power": null, "landuse": "residential", "name": "26", "voltage": null, "circuits": null, "cables": null, "frequency": null, "substationTag": null, "lineTag": null, "operator": null, "location": null }, "geometry": { "type": "Polygon", "coordinates": [ [ [ 120.2541304, 14.8540846 ], [ 120.2542469, 14.8540409 ], [ 120.2543594, 14.854 ], [ 120.2543199, 14.8539013 ], [ 120.2540917, 14.8539823 ], [ 120.2541304, 14.8540846 ] ] ] } },
{ "type": "Feature", "properties": { "contextFeatureId": "PHL-S-001::landuse::way::256521723", "projectId": "PHL-S-001", "projectName": "Olongapo Solar Power Project", "countryCode": "PHL", "osmType": "way", "osmId": 256521723, "highway": null, "place": null, "power": null, "landuse": "residential", "name": null, "voltage": null, "circuits": null, "cables": null, "frequency": null, "substationTag": null, "lineTag": null, "operator": null, "location": null }, "geometry": { "type": "Polygon", "coordinates": [ [ [ 120.254232, 14.854369 ], [ 120.254337, 14.8542802 ], [ 120.2542469, 14.8540409 ], [ 120.2541304, 14.8540846 ], [ 120.254232, 14.854369 ] ] ] } },
{ "type": "Feature", "properties": { "contextFeatureId": "PHL-S-001::landuse::way::256521724", "projectId": "PHL-S-001", "projectName": "Olongapo Solar Power Project", "countryCode": "PHL", "osmType": "way", "osmId": 256521724, "highway": null, "place": null, "power": null, "landuse": "residential", "name": "31", "voltage": null, "circuits": null, "cables": null, "frequency": null, "substationTag": null, "lineTag": null, "operator": null, "location": null }, "geometry": { "type": "Polygon", "coordinates": [ [ [ 120.254337, 14.8542802 ], [ 120.2544373, 14.8541942 ], [ 120.2543594, 14.854 ], [ 120.2542469, 14.8540409 ], [ 120.254337, 14.8542802 ] ] ] } },
{ "type": "Feature", "properties": { "contextFeatureId": "PHL-S-001::landuse::way::256521725", "projectId": "PHL-S-001", "projectName": "Olongapo Solar Power Project", "countryCode": "PHL", "osmType": "way", "osmId": 256521725, "highway": null, "place": null, "power": null, "landuse": "residential", "name": null, "voltage": null, "circuits": null, "cables": null, "frequency": null, "substationTag": null, "lineTag": null, "operator": null, "location": null }, "geometry": { "type": "Polygon", "coordinates": [ [ [ 120.2539318, 14.854291 ], [ 120.2540386, 14.8542514 ], [ 120.2541722, 14.8542026 ], [ 120.2541304, 14.8540846 ], [ 120.2538941, 14.8541707 ], [ 120.2539318, 14.854291 ] ] ] } },
{ "type": "Feature", "properties": { "contextFeatureId": "PHL-S-001::landuse::way::256521726", "projectId": "PHL-S-001", "projectName": "Olongapo Solar Power Project", "countryCode": "PHL", "osmType": "way", "osmId": 256521726, "highway": null, "place": null, "power": null, "landuse": "residential", "name": null, "voltage": null, "circuits": null, "cables": null, "frequency": null, "substationTag": null, "lineTag": null, "operator": null, "location": null }, "geometry": { "type": "Polygon", "coordinates": [ [ [ 120.2538941, 14.8541707 ], [ 120.2541304, 14.8540846 ], [ 120.2540917, 14.8539823 ], [ 120.2538616, 14.854064 ], [ 120.2538941, 14.8541707 ] ] ] } },
{ "type": "Feature", "properties": { "contextFeatureId": "PHL-S-001::landuse::way::256521727", "projectId": "PHL-S-001", "projectName": "Olongapo Solar Power Project", "countryCode": "PHL", "osmType": "way", "osmId": 256521727, "highway": null, "place": null, "power": null, "landuse": "residential", "name": null, "voltage": null, "circuits": null, "cables": null, "frequency": null, "substationTag": null, "lineTag": null, "operator": null, "location": null }, "geometry": { "type": "Polygon", "coordinates": [ [ [ 120.2538616, 14.854064 ], [ 120.2540917, 14.8539823 ], [ 120.2540582, 14.8538846 ], [ 120.2538305, 14.8539616 ], [ 120.2538616, 14.854064 ] ] ] } },
{ "type": "Feature", "properties": { "contextFeatureId": "PHL-S-001::landuse::way::256521728", "projectId": "PHL-S-001", "projectName": "Olongapo Solar Power Project", "countryCode": "PHL", "osmType": "way", "osmId": 256521728, "highway": null, "place": null, "power": null, "landuse": "residential", "name": null, "voltage": null, "circuits": null, "cables": null, "frequency": null, "substationTag": null, "lineTag": null, "operator": null, "location": null }, "geometry": { "type": "Polygon", "coordinates": [ [ [ 120.2538305, 14.8539616 ], [ 120.2540582, 14.8538846 ], [ 120.2540216, 14.8537842 ], [ 120.2537991, 14.8538585 ], [ 120.2538305, 14.8539616 ] ] ] } },
{ "type": "Feature", "properties": { "contextFeatureId": "PHL-S-001::landuse::way::256521729", "projectId": "PHL-S-001", "projectName": "Olongapo Solar Power Project", "countryCode": "PHL", "osmType": "way", "osmId": 256521729, "highway": null, "place": null, "power": null, "landuse": "residential", "name": null, "voltage": null, "circuits": null, "cables": null, "frequency": null, "substationTag": null, "lineTag": null, "operator": null, "location": null }, "geometry": { "type": "Polygon", "coordinates": [ [ [ 120.2537991, 14.8538585 ], [ 120.2540216, 14.8537842 ], [ 120.2539855, 14.8536834 ], [ 120.253768, 14.8537563 ], [ 120.2537991, 14.8538585 ] ] ] } },
{ "type": "Feature", "properties": { "contextFeatureId": "PHL-S-001::landuse::way::256521730", "projectId": "PHL-S-001", "projectName": "Olongapo Solar Power Project", "countryCode": "PHL", "osmType": "way", "osmId": 256521730, "highway": null, "place": null, "power": null, "landuse": "residential", "name": null, "voltage": null, "circuits": null, "cables": null, "frequency": null, "substationTag": null, "lineTag": null, "operator": null, "location": null }, "geometry": { "type": "Polygon", "coordinates": [ [ [ 120.253768, 14.8537563 ], [ 120.2539855, 14.8536834 ], [ 120.2539837, 14.8536783 ], [ 120.2539476, 14.8535784 ], [ 120.2537355, 14.8536497 ], [ 120.253768, 14.8537563 ] ] ] } },
{ "type": "Feature", "properties": { "contextFeatureId": "PHL-S-001::landuse::way::256521731", "projectId": "PHL-S-001", "projectName": "Olongapo Solar Power Project", "countryCode": "PHL", "osmType": "way", "osmId": 256521731, "highway": null, "place": null, "power": null, "landuse": "residential", "name": "15", "voltage": null, "circuits": null, "cables": null, "frequency": null, "substationTag": null, "lineTag": null, "operator": null, "location": null }, "geometry": { "type": "Polygon", "coordinates": [ [ [ 120.2539153, 14.8534857 ], [ 120.2539476, 14.8535784 ], [ 120.2537355, 14.8536497 ], [ 120.2537065, 14.8535545 ], [ 120.2539153, 14.8534857 ] ] ] } },
{ "type": "Feature", "properties": { "contextFeatureId": "PHL-S-001::landuse::way::256521732", "projectId": "PHL-S-001", "projectName": "Olongapo Solar Power Project", "countryCode": "PHL", "osmType": "way", "osmId": 256521732, "highway": null, "place": null, "power": null, "landuse": "residential", "name": null, "voltage": null, "circuits": null, "cables": null, "frequency": null, "substationTag": null, "lineTag": null, "operator": null, "location": null }, "geometry": { "type": "Polygon", "coordinates": [ [ [ 120.2538785, 14.8533857 ], [ 120.2539153, 14.8534857 ], [ 120.2537065, 14.8535545 ], [ 120.2536757, 14.8534533 ], [ 120.2538785, 14.8533857 ] ] ] } },
{ "type": "Feature", "properties": { "contextFeatureId": "PHL-S-001::landuse::way::256521733", "projectId": "PHL-S-001", "projectName": "Olongapo Solar Power Project", "countryCode": "PHL", "osmType": "way", "osmId": 256521733, "highway": null, "place": null, "power": null, "landuse": "residential", "name": null, "voltage": null, "circuits": null, "cables": null, "frequency": null, "substationTag": null, "lineTag": null, "operator": null, "location": null }, "geometry": { "type": "Polygon", "coordinates": [ [ [ 120.2536757, 14.8534533 ], [ 120.2538785, 14.8533857 ], [ 120.2538386, 14.8532739 ], [ 120.2536409, 14.8533389 ], [ 120.2536757, 14.8534533 ] ] ] } },
{ "type": "Feature", "properties": { "contextFeatureId": "PHL-S-001::landuse::way::256521734", "projectId": "PHL-S-001", "projectName": "Olongapo Solar Power Project", "countryCode": "PHL", "osmType": "way", "osmId": 256521734, "highway": null, "place": null, "power": null, "landuse": "residential", "name": "9", "voltage": null, "circuits": null, "cables": null, "frequency": null, "substationTag": null, "lineTag": null, "operator": null, "location": null }, "geometry": { "type": "Polygon", "coordinates": [ [ [ 120.2536409, 14.8533389 ], [ 120.2538386, 14.8532739 ], [ 120.2538007, 14.8531669 ], [ 120.253608, 14.8532309 ], [ 120.2536409, 14.8533389 ] ] ] } },
{ "type": "Feature", "properties": { "contextFeatureId": "PHL-S-001::landuse::way::256521735", "projectId": "PHL-S-001", "projectName": "Olongapo Solar Power Project", "countryCode": "PHL", "osmType": "way", "osmId": 256521735, "highway": null, "place": null, "power": null, "landuse": "residential", "name": null, "voltage": null, "circuits": null, "cables": null, "frequency": null, "substationTag": null, "lineTag": null, "operator": null, "location": null }, "geometry": { "type": "Polygon", "coordinates": [ [ [ 120.253608, 14.8532309 ], [ 120.2538007, 14.8531669 ], [ 120.2537653, 14.8530719 ], [ 120.2535784, 14.8531338 ], [ 120.253608, 14.8532309 ] ] ] } },
{ "type": "Feature", "properties": { "contextFeatureId": "PHL-S-001::landuse::way::256521736", "projectId": "PHL-S-001", "projectName": "Olongapo Solar Power Project", "countryCode": "PHL", "osmType": "way", "osmId": 256521736, "highway": null, "place": null, "power": null, "landuse": "residential", "name": null, "voltage": null, "circuits": null, "cables": null, "frequency": null, "substationTag": null, "lineTag": null, "operator": null, "location": null }, "geometry": { "type": "Polygon", "coordinates": [ [ [ 120.2537292, 14.8529701 ], [ 120.2537653, 14.8530719 ], [ 120.2535784, 14.8531338 ], [ 120.2535474, 14.8530317 ], [ 120.2537292, 14.8529701 ] ] ] } },
{ "type": "Feature", "properties": { "contextFeatureId": "PHL-S-001::landuse::way::256521737", "projectId": "PHL-S-001", "projectName": "Olongapo Solar Power Project", "countryCode": "PHL", "osmType": "way", "osmId": 256521737, "highway": null, "place": null, "power": null, "landuse": "residential", "name": null, "voltage": null, "circuits": null, "cables": null, "frequency": null, "substationTag": null, "lineTag": null, "operator": null, "location": null }, "geometry": { "type": "Polygon", "coordinates": [ [ [ 120.2535474, 14.8530317 ], [ 120.2537292, 14.8529701 ], [ 120.2536829, 14.8528426 ], [ 120.2535076, 14.8529011 ], [ 120.2535474, 14.8530317 ] ] ] } },
{ "type": "Feature", "properties": { "contextFeatureId": "PHL-S-001::landuse::way::256522133", "projectId": "PHL-S-001", "projectName": "Olongapo Solar Power Project", "countryCode": "PHL", "osmType": "way", "osmId": 256522133, "highway": null, "place": null, "power": null, "landuse": "residential", "name": "BLK.1 Sta. Monica", "voltage": null, "circuits": null, "cables": null, "frequency": null, "substationTag": null, "lineTag": null, "operator": null, "location": null }, "geometry": { "type": "Polygon", "coordinates": [ [ [ 120.2545118, 14.8540918 ], [ 120.2546793, 14.8540087 ], [ 120.2545872, 14.8537984 ], [ 120.2545457, 14.8537033 ], [ 120.2545069, 14.8536148 ], [ 120.2544581, 14.8535033 ], [ 120.2544713, 14.8534438 ], [ 120.2544418, 14.8533779 ], [ 120.2544015, 14.8532877 ], [ 120.2543961, 14.8532756 ], [ 120.254367, 14.8532039 ], [ 120.2543436, 14.8531462 ], [ 120.2543231, 14.8531008 ], [ 120.2542879, 14.8530231 ], [ 120.2542708, 14.8529859 ], [ 120.254225, 14.852887 ], [ 120.2542147, 14.8528642 ], [ 120.2541828, 14.8527929 ], [ 120.2541346, 14.8526917 ], [ 120.2541254, 14.852672 ], [ 120.2540881, 14.8525893 ], [ 120.2540745, 14.852559 ], [ 120.2540337, 14.8524674 ], [ 120.2539954, 14.8523728 ], [ 120.2539695, 14.852309 ], [ 120.2539595, 14.8522843 ], [ 120.2539275, 14.8522053 ], [ 120.2538743, 14.8521003 ], [ 120.253584, 14.8521651 ], [ 120.2530515, 14.8522726 ], [ 120.2530999, 14.852732 ], [ 120.2536794, 14.8525963 ], [ 120.253856, 14.8525596 ], [ 120.2539029, 14.8526691 ], [ 120.253947, 14.8527722 ], [ 120.2539915, 14.8528762 ], [ 120.2540312, 14.8529688 ], [ 120.2540734, 14.8530676 ], [ 120.2541231, 14.8531836 ], [ 120.2541663, 14.8532846 ], [ 120.2542031, 14.8533706 ], [ 120.2542405, 14.8534579 ], [ 120.2542869, 14.8535664 ], [ 120.2543363, 14.8536818 ], [ 120.2543741, 14.8537701 ], [ 120.254416, 14.853868 ], [ 120.2545118, 14.8540918 ] ] ] } },
{ "type": "Feature", "properties": { "contextFeatureId": "PHL-S-001::landuse::way::256522137", "projectId": "PHL-S-001", "projectName": "Olongapo Solar Power Project", "countryCode": "PHL", "osmType": "way", "osmId": 256522137, "highway": null, "place": null, "power": null, "landuse": "residential", "name": null, "voltage": null, "circuits": null, "cables": null, "frequency": null, "substationTag": null, "lineTag": null, "operator": null, "location": null }, "geometry": { "type": "Polygon", "coordinates": [ [ [ 120.2536314, 14.8523868 ], [ 120.2539695, 14.852309 ], [ 120.2539595, 14.8522843 ], [ 120.2539275, 14.8522053 ], [ 120.2538743, 14.8521003 ], [ 120.253584, 14.8521651 ], [ 120.2536314, 14.8523868 ] ] ] } },
{ "type": "Feature", "properties": { "contextFeatureId": "PHL-S-001::landuse::way::256522138", "projectId": "PHL-S-001", "projectName": "Olongapo Solar Power Project", "countryCode": "PHL", "osmType": "way", "osmId": 256522138, "highway": null, "place": null, "power": null, "landuse": "residential", "name": null, "voltage": null, "circuits": null, "cables": null, "frequency": null, "substationTag": null, "lineTag": null, "operator": null, "location": null }, "geometry": { "type": "Polygon", "coordinates": [ [ [ 120.2536609, 14.8525096 ], [ 120.2536794, 14.8525963 ], [ 120.253856, 14.8525596 ], [ 120.2539954, 14.8523728 ], [ 120.2539695, 14.852309 ], [ 120.2536314, 14.8523868 ], [ 120.2536609, 14.8525096 ] ] ] } },
{ "type": "Feature", "properties": { "contextFeatureId": "PHL-S-001::landuse::way::256522140", "projectId": "PHL-S-001", "projectName": "Olongapo Solar Power Project", "countryCode": "PHL", "osmType": "way", "osmId": 256522140, "highway": null, "place": null, "power": null, "landuse": "residential", "name": null, "voltage": null, "circuits": null, "cables": null, "frequency": null, "substationTag": null, "lineTag": null, "operator": null, "location": null }, "geometry": { "type": "Polygon", "coordinates": [ [ [ 120.2539029, 14.8526691 ], [ 120.253947, 14.8527722 ], [ 120.2541346, 14.8526917 ], [ 120.2541254, 14.852672 ], [ 120.2540881, 14.8525893 ], [ 120.2539029, 14.8526691 ] ] ] } },
{ "type": "Feature", "properties": { "contextFeatureId": "PHL-S-001::landuse::way::256522141", "projectId": "PHL-S-001", "projectName": "Olongapo Solar Power Project", "countryCode": "PHL", "osmType": "way", "osmId": 256522141, "highway": null, "place": null, "power": null, "landuse": "residential", "name": "14", "voltage": null, "circuits": null, "cables": null, "frequency": null, "substationTag": null, "lineTag": null, "operator": null, "location": null }, "geometry": { "type": "Polygon", "coordinates": [ [ [ 120.253947, 14.8527722 ], [ 120.2539915, 14.8528762 ], [ 120.2541828, 14.8527929 ], [ 120.2541346, 14.8526917 ], [ 120.253947, 14.8527722 ] ] ] } },
{ "type": "Feature", "properties": { "contextFeatureId": "PHL-S-001::landuse::way::256522142", "projectId": "PHL-S-001", "projectName": "Olongapo Solar Power Project", "countryCode": "PHL", "osmType": "way", "osmId": 256522142, "highway": null, "place": null, "power": null, "landuse": "residential", "name": "15", "voltage": null, "circuits": null, "cables": null, "frequency": null, "substationTag": null, "lineTag": null, "operator": null, "location": null }, "geometry": { "type": "Polygon", "coordinates": [ [ [ 120.2539915, 14.8528762 ], [ 120.2540312, 14.8529688 ], [ 120.254225, 14.852887 ], [ 120.2542147, 14.8528642 ], [ 120.2541828, 14.8527929 ], [ 120.2539915, 14.8528762 ] ] ] } },
{ "type": "Feature", "properties": { "contextFeatureId": "PHL-S-001::landuse::way::256522143", "projectId": "PHL-S-001", "projectName": "Olongapo Solar Power Project", "countryCode": "PHL", "osmType": "way", "osmId": 256522143, "highway": null, "place": null, "power": null, "landuse": "residential", "name": null, "voltage": null, "circuits": null, "cables": null, "frequency": null, "substationTag": null, "lineTag": null, "operator": null, "location": null }, "geometry": { "type": "Polygon", "coordinates": [ [ [ 120.2540312, 14.8529688 ], [ 120.2540734, 14.8530676 ], [ 120.2542708, 14.8529859 ], [ 120.254225, 14.852887 ], [ 120.2540312, 14.8529688 ] ] ] } },
{ "type": "Feature", "properties": { "contextFeatureId": "PHL-S-001::landuse::way::256522144", "projectId": "PHL-S-001", "projectName": "Olongapo Solar Power Project", "countryCode": "PHL", "osmType": "way", "osmId": 256522144, "highway": null, "place": null, "power": null, "landuse": "residential", "name": null, "voltage": null, "circuits": null, "cables": null, "frequency": null, "substationTag": null, "lineTag": null, "operator": null, "location": null }, "geometry": { "type": "Polygon", "coordinates": [ [ [ 120.2540734, 14.8530676 ], [ 120.2541231, 14.8531836 ], [ 120.2543231, 14.8531008 ], [ 120.2542879, 14.8530231 ], [ 120.2542708, 14.8529859 ], [ 120.2540734, 14.8530676 ] ] ] } },
{ "type": "Feature", "properties": { "contextFeatureId": "PHL-S-001::landuse::way::256522145", "projectId": "PHL-S-001", "projectName": "Olongapo Solar Power Project", "countryCode": "PHL", "osmType": "way", "osmId": 256522145, "highway": null, "place": null, "power": null, "landuse": "residential", "name": null, "voltage": null, "circuits": null, "cables": null, "frequency": null, "substationTag": null, "lineTag": null, "operator": null, "location": null }, "geometry": { "type": "Polygon", "coordinates": [ [ [ 120.2541231, 14.8531836 ], [ 120.2541663, 14.8532846 ], [ 120.254367, 14.8532039 ], [ 120.2543436, 14.8531462 ], [ 120.2543231, 14.8531008 ], [ 120.2541231, 14.8531836 ] ] ] } },
{ "type": "Feature", "properties": { "contextFeatureId": "PHL-S-001::landuse::way::256522146", "projectId": "PHL-S-001", "projectName": "Olongapo Solar Power Project", "countryCode": "PHL", "osmType": "way", "osmId": 256522146, "highway": null, "place": null, "power": null, "landuse": "residential", "name": "19", "voltage": null, "circuits": null, "cables": null, "frequency": null, "substationTag": null, "lineTag": null, "operator": null, "location": null }, "geometry": { "type": "Polygon", "coordinates": [ [ [ 120.2541663, 14.8532846 ], [ 120.2542031, 14.8533706 ], [ 120.2544015, 14.8532877 ], [ 120.2543961, 14.8532756 ], [ 120.254367, 14.8532039 ], [ 120.2541663, 14.8532846 ] ] ] } },
{ "type": "Feature", "properties": { "contextFeatureId": "PHL-S-001::landuse::way::256522147", "projectId": "PHL-S-001", "projectName": "Olongapo Solar Power Project", "countryCode": "PHL", "osmType": "way", "osmId": 256522147, "highway": null, "place": null, "power": null, "landuse": "residential", "name": "20", "voltage": null, "circuits": null, "cables": null, "frequency": null, "substationTag": null, "lineTag": null, "operator": null, "location": null }, "geometry": { "type": "Polygon", "coordinates": [ [ [ 120.2542031, 14.8533706 ], [ 120.2542405, 14.8534579 ], [ 120.2544418, 14.8533779 ], [ 120.2544015, 14.8532877 ], [ 120.2542031, 14.8533706 ] ] ] } },
{ "type": "Feature", "properties": { "contextFeatureId": "PHL-S-001::landuse::way::256522148", "projectId": "PHL-S-001", "projectName": "Olongapo Solar Power Project", "countryCode": "PHL", "osmType": "way", "osmId": 256522148, "highway": null, "place": null, "power": null, "landuse": "residential", "name": null, "voltage": null, "circuits": null, "cables": null, "frequency": null, "substationTag": null, "lineTag": null, "operator": null, "location": null }, "geometry": { "type": "Polygon", "coordinates": [ [ [ 120.2542405, 14.8534579 ], [ 120.2542869, 14.8535664 ], [ 120.2544581, 14.8535033 ], [ 120.2544713, 14.8534438 ], [ 120.2544418, 14.8533779 ], [ 120.2542405, 14.8534579 ] ] ] } },
{ "type": "Feature", "properties": { "contextFeatureId": "PHL-S-001::landuse::way::256522149", "projectId": "PHL-S-001", "projectName": "Olongapo Solar Power Project", "countryCode": "PHL", "osmType": "way", "osmId": 256522149, "highway": null, "place": null, "power": null, "landuse": "residential", "name": null, "voltage": null, "circuits": null, "cables": null, "frequency": null, "substationTag": null, "lineTag": null, "operator": null, "location": null }, "geometry": { "type": "Polygon", "coordinates": [ [ [ 120.2542869, 14.8535664 ], [ 120.2543363, 14.8536818 ], [ 120.2545069, 14.8536148 ], [ 120.2544581, 14.8535033 ], [ 120.2542869, 14.8535664 ] ] ] } },
{ "type": "Feature", "properties": { "contextFeatureId": "PHL-S-001::landuse::way::256522150", "projectId": "PHL-S-001", "projectName": "Olongapo Solar Power Project", "countryCode": "PHL", "osmType": "way", "osmId": 256522150, "highway": null, "place": null, "power": null, "landuse": "residential", "name": null, "voltage": null, "circuits": null, "cables": null, "frequency": null, "substationTag": null, "lineTag": null, "operator": null, "location": null }, "geometry": { "type": "Polygon", "coordinates": [ [ [ 120.2543363, 14.8536818 ], [ 120.2543741, 14.8537701 ], [ 120.2545457, 14.8537033 ], [ 120.2545069, 14.8536148 ], [ 120.2543363, 14.8536818 ] ] ] } },
{ "type": "Feature", "properties": { "contextFeatureId": "PHL-S-001::landuse::way::256522151", "projectId": "PHL-S-001", "projectName": "Olongapo Solar Power Project", "countryCode": "PHL", "osmType": "way", "osmId": 256522151, "highway": null, "place": null, "power": null, "landuse": "residential", "name": null, "voltage": null, "circuits": null, "cables": null, "frequency": null, "substationTag": null, "lineTag": null, "operator": null, "location": null }, "geometry": { "type": "Polygon", "coordinates": [ [ [ 120.254416, 14.853868 ], [ 120.2545872, 14.8537984 ], [ 120.2545457, 14.8537033 ], [ 120.2543741, 14.8537701 ], [ 120.254416, 14.853868 ] ] ] } },
{ "type": "Feature", "properties": { "contextFeatureId": "PHL-S-001::landuse::way::256522152", "projectId": "PHL-S-001", "projectName": "Olongapo Solar Power Project", "countryCode": "PHL", "osmType": "way", "osmId": 256522152, "highway": null, "place": null, "power": null, "landuse": "residential", "name": null, "voltage": null, "circuits": null, "cables": null, "frequency": null, "substationTag": null, "lineTag": null, "operator": null, "location": null }, "geometry": { "type": "Polygon", "coordinates": [ [ [ 120.254416, 14.853868 ], [ 120.2545118, 14.8540918 ], [ 120.2546793, 14.8540087 ], [ 120.2545872, 14.8537984 ], [ 120.254416, 14.853868 ] ] ] } },
{ "type": "Feature", "properties": { "contextFeatureId": "PHL-S-001::landuse::way::256522872", "projectId": "PHL-S-001", "projectName": "Olongapo Solar Power Project", "countryCode": "PHL", "osmType": "way", "osmId": 256522872, "highway": null, "place": null, "power": null, "landuse": "residential", "name": null, "voltage": null, "circuits": null, "cables": null, "frequency": null, "substationTag": null, "lineTag": null, "operator": null, "location": null }, "geometry": { "type": "Polygon", "coordinates": [ [ [ 120.2526729, 14.8524746 ], [ 120.2527003, 14.8526171 ], [ 120.2527047, 14.8526381 ], [ 120.2529294, 14.8526026 ], [ 120.2529175, 14.8524351 ], [ 120.2528693, 14.8524429 ], [ 120.2528214, 14.8524506 ], [ 120.2527727, 14.8524585 ], [ 120.2527222, 14.8524666 ], [ 120.2526729, 14.8524746 ] ] ] } },
{ "type": "Feature", "properties": { "contextFeatureId": "PHL-S-001::landuse::way::256522873", "projectId": "PHL-S-001", "projectName": "Olongapo Solar Power Project", "countryCode": "PHL", "osmType": "way", "osmId": 256522873, "highway": null, "place": null, "power": null, "landuse": "residential", "name": null, "voltage": null, "circuits": null, "cables": null, "frequency": null, "substationTag": null, "lineTag": null, "operator": null, "location": null }, "geometry": { "type": "Polygon", "coordinates": [ [ [ 120.2527047, 14.8526381 ], [ 120.2527411, 14.8528126 ], [ 120.2529392, 14.8527686 ], [ 120.2529294, 14.8526026 ], [ 120.2527047, 14.8526381 ] ] ] } },
{ "type": "Feature", "properties": { "contextFeatureId": "PHL-S-001::landuse::way::256522874", "projectId": "PHL-S-001", "projectName": "Olongapo Solar Power Project", "countryCode": "PHL", "osmType": "way", "osmId": 256522874, "highway": null, "place": null, "power": null, "landuse": "residential", "name": null, "voltage": null, "circuits": null, "cables": null, "frequency": null, "substationTag": null, "lineTag": null, "operator": null, "location": null }, "geometry": { "type": "Polygon", "coordinates": [ [ [ 120.2527003, 14.8526171 ], [ 120.2525563, 14.852649 ], [ 120.252601, 14.8528457 ], [ 120.2527411, 14.8528126 ], [ 120.2527047, 14.8526381 ], [ 120.2527003, 14.8526171 ] ] ] } },
{ "type": "Feature", "properties": { "contextFeatureId": "PHL-S-001::landuse::way::256522880", "projectId": "PHL-S-001", "projectName": "Olongapo Solar Power Project", "countryCode": "PHL", "osmType": "way", "osmId": 256522880, "highway": null, "place": null, "power": null, "landuse": "residential", "name": null, "voltage": null, "circuits": null, "cables": null, "frequency": null, "substationTag": null, "lineTag": null, "operator": null, "location": null }, "geometry": { "type": "Polygon", "coordinates": [ [ [ 120.2522738, 14.8530908 ], [ 120.2524717, 14.8530893 ], [ 120.2524742, 14.8529797 ], [ 120.2522745, 14.8529819 ], [ 120.2522738, 14.8530908 ] ] ] } },
{ "type": "Feature", "properties": { "contextFeatureId": "PHL-S-001::landuse::way::256522881", "projectId": "PHL-S-001", "projectName": "Olongapo Solar Power Project", "countryCode": "PHL", "osmType": "way", "osmId": 256522881, "highway": null, "place": null, "power": null, "landuse": "residential", "name": "79", "voltage": null, "circuits": null, "cables": null, "frequency": null, "substationTag": null, "lineTag": null, "operator": null, "location": null }, "geometry": { "type": "Polygon", "coordinates": [ [ [ 120.2522738, 14.8530908 ], [ 120.2522732, 14.8531873 ], [ 120.2524723, 14.8531862 ], [ 120.2524717, 14.8530893 ], [ 120.2522738, 14.8530908 ] ] ] } },
{ "type": "Feature", "properties": { "contextFeatureId": "PHL-S-001::landuse::way::256522884", "projectId": "PHL-S-001", "projectName": "Olongapo Solar Power Project", "countryCode": "PHL", "osmType": "way", "osmId": 256522884, "highway": null, "place": null, "power": null, "landuse": "residential", "name": "76", "voltage": null, "circuits": null, "cables": null, "frequency": null, "substationTag": null, "lineTag": null, "operator": null, "location": null }, "geometry": { "type": "Polygon", "coordinates": [ [ [ 120.2522711, 14.8535179 ], [ 120.2524745, 14.853518 ], [ 120.2524738, 14.8534117 ], [ 120.2522718, 14.8534113 ], [ 120.2522711, 14.8535179 ] ] ] } },
{ "type": "Feature", "properties": { "contextFeatureId": "PHL-S-001::landuse::way::256522885", "projectId": "PHL-S-001", "projectName": "Olongapo Solar Power Project", "countryCode": "PHL", "osmType": "way", "osmId": 256522885, "highway": null, "place": null, "power": null, "landuse": "residential", "name": null, "voltage": null, "circuits": null, "cables": null, "frequency": null, "substationTag": null, "lineTag": null, "operator": null, "location": null }, "geometry": { "type": "Polygon", "coordinates": [ [ [ 120.2522704, 14.8536336 ], [ 120.2524752, 14.8536321 ], [ 120.2524745, 14.853518 ], [ 120.2522711, 14.8535179 ], [ 120.2522704, 14.8536336 ] ] ] } },
{ "type": "Feature", "properties": { "contextFeatureId": "PHL-S-001::landuse::way::256522886", "projectId": "PHL-S-001", "projectName": "Olongapo Solar Power Project", "countryCode": "PHL", "osmType": "way", "osmId": 256522886, "highway": null, "place": null, "power": null, "landuse": "residential", "name": null, "voltage": null, "circuits": null, "cables": null, "frequency": null, "substationTag": null, "lineTag": null, "operator": null, "location": null }, "geometry": { "type": "Polygon", "coordinates": [ [ [ 120.2522704, 14.8536336 ], [ 120.2522698, 14.8537295 ], [ 120.2524758, 14.8537293 ], [ 120.2524752, 14.8536321 ], [ 120.2522704, 14.8536336 ] ] ] } },
{ "type": "Feature", "properties": { "contextFeatureId": "PHL-S-001::landuse::way::256522887", "projectId": "PHL-S-001", "projectName": "Olongapo Solar Power Project", "countryCode": "PHL", "osmType": "way", "osmId": 256522887, "highway": null, "place": null, "power": null, "landuse": "residential", "name": null, "voltage": null, "circuits": null, "cables": null, "frequency": null, "substationTag": null, "lineTag": null, "operator": null, "location": null }, "geometry": { "type": "Polygon", "coordinates": [ [ [ 120.2522698, 14.8537295 ], [ 120.2522691, 14.8538322 ], [ 120.2524765, 14.8538317 ], [ 120.2524758, 14.8537293 ], [ 120.2522698, 14.8537295 ] ] ] } },
{ "type": "Feature", "properties": { "contextFeatureId": "PHL-S-001::landuse::way::256522888", "projectId": "PHL-S-001", "projectName": "Olongapo Solar Power Project", "countryCode": "PHL", "osmType": "way", "osmId": 256522888, "highway": null, "place": null, "power": null, "landuse": "residential", "name": "72", "voltage": null, "circuits": null, "cables": null, "frequency": null, "substationTag": null, "lineTag": null, "operator": null, "location": null }, "geometry": { "type": "Polygon", "coordinates": [ [ [ 120.2522684, 14.8539444 ], [ 120.2524772, 14.8539432 ], [ 120.2524765, 14.8538317 ], [ 120.2522691, 14.8538322 ], [ 120.2522684, 14.8539444 ] ] ] } },
{ "type": "Feature", "properties": { "contextFeatureId": "PHL-S-001::landuse::way::256522889", "projectId": "PHL-S-001", "projectName": "Olongapo Solar Power Project", "countryCode": "PHL", "osmType": "way", "osmId": 256522889, "highway": null, "place": null, "power": null, "landuse": "residential", "name": null, "voltage": null, "circuits": null, "cables": null, "frequency": null, "substationTag": null, "lineTag": null, "operator": null, "location": null }, "geometry": { "type": "Polygon", "coordinates": [ [ [ 120.2522684, 14.8539444 ], [ 120.2522677, 14.8540556 ], [ 120.2524779, 14.854056 ], [ 120.2524772, 14.8539432 ], [ 120.2522684, 14.8539444 ] ] ] } },
{ "type": "Feature", "properties": { "contextFeatureId": "PHL-S-001::landuse::way::256522890", "projectId": "PHL-S-001", "projectName": "Olongapo Solar Power Project", "countryCode": "PHL", "osmType": "way", "osmId": 256522890, "highway": null, "place": null, "power": null, "landuse": "residential", "name": "70", "voltage": null, "circuits": null, "cables": null, "frequency": null, "substationTag": null, "lineTag": null, "operator": null, "location": null }, "geometry": { "type": "Polygon", "coordinates": [ [ [ 120.2522677, 14.8540556 ], [ 120.2522671, 14.8541555 ], [ 120.2524785, 14.8541532 ], [ 120.2524779, 14.854056 ], [ 120.2522677, 14.8540556 ] ] ] } },
{ "type": "Feature", "properties": { "contextFeatureId": "PHL-S-001::landuse::way::256522891", "projectId": "PHL-S-001", "projectName": "Olongapo Solar Power Project", "countryCode": "PHL", "osmType": "way", "osmId": 256522891, "highway": null, "place": null, "power": null, "landuse": "residential", "name": null, "voltage": null, "circuits": null, "cables": null, "frequency": null, "substationTag": null, "lineTag": null, "operator": null, "location": null }, "geometry": { "type": "Polygon", "coordinates": [ [ [ 120.2522671, 14.8541555 ], [ 120.2522663, 14.8542807 ], [ 120.2524793, 14.8542789 ], [ 120.2524785, 14.8541532 ], [ 120.2522671, 14.8541555 ] ] ] } },
{ "type": "Feature", "properties": { "contextFeatureId": "PHL-S-001::landuse::way::256522892", "projectId": "PHL-S-001", "projectName": "Olongapo Solar Power Project", "countryCode": "PHL", "osmType": "way", "osmId": 256522892, "highway": null, "place": null, "power": null, "landuse": "residential", "name": "68", "voltage": null, "circuits": null, "cables": null, "frequency": null, "substationTag": null, "lineTag": null, "operator": null, "location": null }, "geometry": { "type": "Polygon", "coordinates": [ [ [ 120.2522663, 14.8542807 ], [ 120.2522655, 14.8544122 ], [ 120.2524801, 14.8544098 ], [ 120.2524793, 14.8542789 ], [ 120.2522663, 14.8542807 ] ] ] } },
{ "type": "Feature", "properties": { "contextFeatureId": "PHL-S-001::landuse::way::256522893", "projectId": "PHL-S-001", "projectName": "Olongapo Solar Power Project", "countryCode": "PHL", "osmType": "way", "osmId": 256522893, "highway": null, "place": null, "power": null, "landuse": "residential", "name": "67", "voltage": null, "circuits": null, "cables": null, "frequency": null, "substationTag": null, "lineTag": null, "operator": null, "location": null }, "geometry": { "type": "Polygon", "coordinates": [ [ [ 120.2522648, 14.8545284 ], [ 120.2524809, 14.8545287 ], [ 120.2524801, 14.8544098 ], [ 120.2522655, 14.8544122 ], [ 120.2522648, 14.8545284 ] ] ] } },
{ "type": "Feature", "properties": { "contextFeatureId": "PHL-S-001::landuse::way::256522894", "projectId": "PHL-S-001", "projectName": "Olongapo Solar Power Project", "countryCode": "PHL", "osmType": "way", "osmId": 256522894, "highway": null, "place": null, "power": null, "landuse": "residential", "name": "66", "voltage": null, "circuits": null, "cables": null, "frequency": null, "substationTag": null, "lineTag": null, "operator": null, "location": null }, "geometry": { "type": "Polygon", "coordinates": [ [ [ 120.2522642, 14.854618 ], [ 120.2523283, 14.8547518 ], [ 120.2524276, 14.8546759 ], [ 120.2524809, 14.8545287 ], [ 120.2522648, 14.8545284 ], [ 120.2522642, 14.854618 ] ] ] } },
{ "type": "Feature", "properties": { "contextFeatureId": "PHL-S-001::landuse::way::256522895", "projectId": "PHL-S-001", "projectName": "Olongapo Solar Power Project", "countryCode": "PHL", "osmType": "way", "osmId": 256522895, "highway": null, "place": null, "power": null, "landuse": "residential", "name": null, "voltage": null, "circuits": null, "cables": null, "frequency": null, "substationTag": null, "lineTag": null, "operator": null, "location": null }, "geometry": { "type": "Polygon", "coordinates": [ [ [ 120.2522642, 14.854618 ], [ 120.2523283, 14.8547518 ], [ 120.2522788, 14.8547897 ], [ 120.2521801, 14.8548416 ], [ 120.2521074, 14.854694 ], [ 120.2522642, 14.854618 ] ] ] } },
{ "type": "Feature", "properties": { "contextFeatureId": "PHL-S-001::landuse::way::256522896", "projectId": "PHL-S-001", "projectName": "Olongapo Solar Power Project", "countryCode": "PHL", "osmType": "way", "osmId": 256522896, "highway": null, "place": null, "power": null, "landuse": "residential", "name": null, "voltage": null, "circuits": null, "cables": null, "frequency": null, "substationTag": null, "lineTag": null, "operator": null, "location": null }, "geometry": { "type": "Polygon", "coordinates": [ [ [ 120.2521074, 14.854694 ], [ 120.2521801, 14.8548416 ], [ 120.2520566, 14.8549024 ], [ 120.2519823, 14.8547566 ], [ 120.2521074, 14.854694 ] ] ] } },
{ "type": "Feature", "properties": { "contextFeatureId": "PHL-S-001::landuse::way::256522904", "projectId": "PHL-S-001", "projectName": "Olongapo Solar Power Project", "countryCode": "PHL", "osmType": "way", "osmId": 256522904, "highway": null, "place": null, "power": null, "landuse": "residential", "name": null, "voltage": null, "circuits": null, "cables": null, "frequency": null, "substationTag": null, "lineTag": null, "operator": null, "location": null }, "geometry": { "type": "Polygon", "coordinates": [ [ [ 120.2512669, 14.8553482 ], [ 120.2513485, 14.8552963 ], [ 120.2512328, 14.8551114 ], [ 120.2511504, 14.8551695 ], [ 120.2512669, 14.8553482 ] ] ] } },
{ "type": "Feature", "properties": { "contextFeatureId": "PHL-S-001::landuse::way::256522905", "projectId": "PHL-S-001", "projectName": "Olongapo Solar Power Project", "countryCode": "PHL", "osmType": "way", "osmId": 256522905, "highway": null, "place": null, "power": null, "landuse": "residential", "name": "58", "voltage": null, "circuits": null, "cables": null, "frequency": null, "substationTag": null, "lineTag": null, "operator": null, "location": null }, "geometry": { "type": "Polygon", "coordinates": [ [ [ 120.2513279, 14.8550443 ], [ 120.2514488, 14.8552315 ], [ 120.2515439, 14.8551669 ], [ 120.2514325, 14.8549846 ], [ 120.2513279, 14.8550443 ] ] ] } },
{ "type": "Feature", "properties": { "contextFeatureId": "PHL-S-001::landuse::way::256522906", "projectId": "PHL-S-001", "projectName": "Olongapo Solar Power Project", "countryCode": "PHL", "osmType": "way", "osmId": 256522906, "highway": null, "place": null, "power": null, "landuse": "residential", "name": "59", "voltage": null, "circuits": null, "cables": null, "frequency": null, "substationTag": null, "lineTag": null, "operator": null, "location": null }, "geometry": { "type": "Polygon", "coordinates": [ [ [ 120.2514325, 14.8549846 ], [ 120.2515439, 14.8551669 ], [ 120.2516389, 14.8551106 ], [ 120.2515404, 14.8549389 ], [ 120.2515282, 14.8549431 ], [ 120.2515103, 14.8549508 ], [ 120.2514884, 14.8549603 ], [ 120.2514325, 14.8549846 ] ] ] } },
{ "type": "Feature", "properties": { "contextFeatureId": "PHL-S-001::landuse::way::256522907", "projectId": "PHL-S-001", "projectName": "Olongapo Solar Power Project", "countryCode": "PHL", "osmType": "way", "osmId": 256522907, "highway": null, "place": null, "power": null, "landuse": "residential", "name": "60", "voltage": null, "circuits": null, "cables": null, "frequency": null, "substationTag": null, "lineTag": null, "operator": null, "location": null }, "geometry": { "type": "Polygon", "coordinates": [ [ [ 120.2515404, 14.8549389 ], [ 120.2516389, 14.8551106 ], [ 120.2517428, 14.8550596 ], [ 120.2516609, 14.8548962 ], [ 120.2515404, 14.8549389 ] ] ] } },
{ "type": "Feature", "properties": { "contextFeatureId": "PHL-S-001::landuse::way::256534893", "projectId": "PHL-S-001", "projectName": "Olongapo Solar Power Project", "countryCode": "PHL", "osmType": "way", "osmId": 256534893, "highway": null, "place": null, "power": null, "landuse": "residential", "name": null, "voltage": null, "circuits": null, "cables": null, "frequency": null, "substationTag": null, "lineTag": null, "operator": null, "location": null }, "geometry": { "type": "Polygon", "coordinates": [ [ [ 120.2546711, 14.8543619 ], [ 120.2548401, 14.8542114 ], [ 120.2547074, 14.8540608 ], [ 120.2545571, 14.8541822 ], [ 120.2545306, 14.8542037 ], [ 120.2546711, 14.8543619 ] ] ] } },
{ "type": "Feature", "properties": { "contextFeatureId": "PHL-S-001::landuse::way::256534895", "projectId": "PHL-S-001", "projectName": "Olongapo Solar Power Project", "countryCode": "PHL", "osmType": "way", "osmId": 256534895, "highway": null, "place": null, "power": null, "landuse": "residential", "name": null, "voltage": null, "circuits": null, "cables": null, "frequency": null, "substationTag": null, "lineTag": null, "operator": null, "location": null }, "geometry": { "type": "Polygon", "coordinates": [ [ [ 120.2545306, 14.8542037 ], [ 120.2546711, 14.8543619 ], [ 120.254713, 14.854407 ], [ 120.2547586, 14.8544536 ], [ 120.2546667, 14.8545346 ], [ 120.2545851, 14.8544389 ], [ 120.2544424, 14.8542746 ], [ 120.2545306, 14.8542037 ] ] ] } },
{ "type": "Feature", "properties": { "contextFeatureId": "PHL-S-001::landuse::way::256534897", "projectId": "PHL-S-001", "projectName": "Olongapo Solar Power Project", "countryCode": "PHL", "osmType": "way", "osmId": 256534897, "highway": null, "place": null, "power": null, "landuse": "residential", "name": null, "voltage": null, "circuits": null, "cables": null, "frequency": null, "substationTag": null, "lineTag": null, "operator": null, "location": null }, "geometry": { "type": "Polygon", "coordinates": [ [ [ 120.2545851, 14.8544389 ], [ 120.2544977, 14.8545131 ], [ 120.2543535, 14.85435 ], [ 120.2544424, 14.8542746 ], [ 120.2545851, 14.8544389 ] ] ] } },
{ "type": "Feature", "properties": { "contextFeatureId": "PHL-S-001::landuse::way::256534899", "projectId": "PHL-S-001", "projectName": "Olongapo Solar Power Project", "countryCode": "PHL", "osmType": "way", "osmId": 256534899, "highway": null, "place": null, "power": null, "landuse": "residential", "name": "77", "voltage": null, "circuits": null, "cables": null, "frequency": null, "substationTag": null, "lineTag": null, "operator": null, "location": null }, "geometry": { "type": "Polygon", "coordinates": [ [ [ 120.2543535, 14.85435 ], [ 120.2544977, 14.8545131 ], [ 120.2544163, 14.8545813 ], [ 120.2542753, 14.8544173 ], [ 120.2543535, 14.85435 ] ] ] } },
{ "type": "Feature", "properties": { "contextFeatureId": "PHL-S-001::landuse::way::256534901", "projectId": "PHL-S-001", "projectName": "Olongapo Solar Power Project", "countryCode": "PHL", "osmType": "way", "osmId": 256534901, "highway": null, "place": null, "power": null, "landuse": "residential", "name": null, "voltage": null, "circuits": null, "cables": null, "frequency": null, "substationTag": null, "lineTag": null, "operator": null, "location": null }, "geometry": { "type": "Polygon", "coordinates": [ [ [ 120.2542753, 14.8544173 ], [ 120.2541929, 14.8544882 ], [ 120.2543342, 14.8546504 ], [ 120.2544163, 14.8545813 ], [ 120.2542753, 14.8544173 ] ] ] } },
{ "type": "Feature", "properties": { "contextFeatureId": "PHL-S-001::landuse::way::256534902", "projectId": "PHL-S-001", "projectName": "Olongapo Solar Power Project", "countryCode": "PHL", "osmType": "way", "osmId": 256534902, "highway": null, "place": null, "power": null, "landuse": "residential", "name": null, "voltage": null, "circuits": null, "cables": null, "frequency": null, "substationTag": null, "lineTag": null, "operator": null, "location": null }, "geometry": { "type": "Polygon", "coordinates": [ [ [ 120.2541929, 14.8544882 ], [ 120.2541065, 14.8545625 ], [ 120.2542466, 14.8547243 ], [ 120.2543342, 14.8546504 ], [ 120.2541929, 14.8544882 ] ] ] } },
{ "type": "Feature", "properties": { "contextFeatureId": "PHL-S-001::landuse::way::256534904", "projectId": "PHL-S-001", "projectName": "Olongapo Solar Power Project", "countryCode": "PHL", "osmType": "way", "osmId": 256534904, "highway": null, "place": null, "power": null, "landuse": "residential", "name": null, "voltage": null, "circuits": null, "cables": null, "frequency": null, "substationTag": null, "lineTag": null, "operator": null, "location": null }, "geometry": { "type": "Polygon", "coordinates": [ [ [ 120.2541065, 14.8545625 ], [ 120.2540187, 14.854638 ], [ 120.2541614, 14.8547962 ], [ 120.2542466, 14.8547243 ], [ 120.2541065, 14.8545625 ] ] ] } },
{ "type": "Feature", "properties": { "contextFeatureId": "PHL-S-001::landuse::way::256534906", "projectId": "PHL-S-001", "projectName": "Olongapo Solar Power Project", "countryCode": "PHL", "osmType": "way", "osmId": 256534906, "highway": null, "place": null, "power": null, "landuse": "residential", "name": null, "voltage": null, "circuits": null, "cables": null, "frequency": null, "substationTag": null, "lineTag": null, "operator": null, "location": null }, "geometry": { "type": "Polygon", "coordinates": [ [ [ 120.2540187, 14.854638 ], [ 120.2541614, 14.8547962 ], [ 120.2540785, 14.854866 ], [ 120.2539366, 14.8547086 ], [ 120.2540187, 14.854638 ] ] ] } },
{ "type": "Feature", "properties": { "contextFeatureId": "PHL-S-001::landuse::way::256534908", "projectId": "PHL-S-001", "projectName": "Olongapo Solar Power Project", "countryCode": "PHL", "osmType": "way", "osmId": 256534908, "highway": null, "place": null, "power": null, "landuse": "residential", "name": "72", "voltage": null, "circuits": null, "cables": null, "frequency": null, "substationTag": null, "lineTag": null, "operator": null, "location": null }, "geometry": { "type": "Polygon", "coordinates": [ [ [ 120.2539366, 14.8547086 ], [ 120.2538591, 14.8547753 ], [ 120.2539992, 14.8549329 ], [ 120.2540785, 14.854866 ], [ 120.2539366, 14.8547086 ] ] ] } },
{ "type": "Feature", "properties": { "contextFeatureId": "PHL-S-001::landuse::way::256534910", "projectId": "PHL-S-001", "projectName": "Olongapo Solar Power Project", "countryCode": "PHL", "osmType": "way", "osmId": 256534910, "highway": null, "place": null, "power": null, "landuse": "residential", "name": null, "voltage": null, "circuits": null, "cables": null, "frequency": null, "substationTag": null, "lineTag": null, "operator": null, "location": null }, "geometry": { "type": "Polygon", "coordinates": [ [ [ 120.2538591, 14.8547753 ], [ 120.2537688, 14.8548529 ], [ 120.2539095, 14.8550085 ], [ 120.2539992, 14.8549329 ], [ 120.2538591, 14.8547753 ] ] ] } },
{ "type": "Feature", "properties": { "contextFeatureId": "PHL-S-001::landuse::way::256534912", "projectId": "PHL-S-001", "projectName": "Olongapo Solar Power Project", "countryCode": "PHL", "osmType": "way", "osmId": 256534912, "highway": null, "place": null, "power": null, "landuse": "residential", "name": "70", "voltage": null, "circuits": null, "cables": null, "frequency": null, "substationTag": null, "lineTag": null, "operator": null, "location": null }, "geometry": { "type": "Polygon", "coordinates": [ [ [ 120.2537688, 14.8548529 ], [ 120.2539095, 14.8550085 ], [ 120.2538231, 14.8550814 ], [ 120.2536876, 14.8549228 ], [ 120.2537688, 14.8548529 ] ] ] } },
{ "type": "Feature", "properties": { "contextFeatureId": "PHL-S-001::landuse::way::256534913", "projectId": "PHL-S-001", "projectName": "Olongapo Solar Power Project", "countryCode": "PHL", "osmType": "way", "osmId": 256534913, "highway": null, "place": null, "power": null, "landuse": "residential", "name": null, "voltage": null, "circuits": null, "cables": null, "frequency": null, "substationTag": null, "lineTag": null, "operator": null, "location": null }, "geometry": { "type": "Polygon", "coordinates": [ [ [ 120.2536876, 14.8549228 ], [ 120.2538231, 14.8550814 ], [ 120.2537385, 14.8551527 ], [ 120.253602, 14.8549964 ], [ 120.2536876, 14.8549228 ] ] ] } },
{ "type": "Feature", "properties": { "contextFeatureId": "PHL-S-001::landuse::way::256534915", "projectId": "PHL-S-001", "projectName": "Olongapo Solar Power Project", "countryCode": "PHL", "osmType": "way", "osmId": 256534915, "highway": null, "place": null, "power": null, "landuse": "residential", "name": "68", "voltage": null, "circuits": null, "cables": null, "frequency": null, "substationTag": null, "lineTag": null, "operator": null, "location": null }, "geometry": { "type": "Polygon", "coordinates": [ [ [ 120.253602, 14.8549964 ], [ 120.2537385, 14.8551527 ], [ 120.2536562, 14.8552221 ], [ 120.2535208, 14.8550662 ], [ 120.253602, 14.8549964 ] ] ] } },
{ "type": "Feature", "properties": { "contextFeatureId": "PHL-S-001::landuse::way::256534916", "projectId": "PHL-S-001", "projectName": "Olongapo Solar Power Project", "countryCode": "PHL", "osmType": "way", "osmId": 256534916, "highway": null, "place": null, "power": null, "landuse": "residential", "name": "67", "voltage": null, "circuits": null, "cables": null, "frequency": null, "substationTag": null, "lineTag": null, "operator": null, "location": null }, "geometry": { "type": "Polygon", "coordinates": [ [ [ 120.2535208, 14.8550662 ], [ 120.2536562, 14.8552221 ], [ 120.2535723, 14.8552929 ], [ 120.2534357, 14.8551404 ], [ 120.2535208, 14.8550662 ] ] ] } },
{ "type": "Feature", "properties": { "contextFeatureId": "PHL-S-001::landuse::way::256534918", "projectId": "PHL-S-001", "projectName": "Olongapo Solar Power Project", "countryCode": "PHL", "osmType": "way", "osmId": 256534918, "highway": null, "place": null, "power": null, "landuse": "residential", "name": null, "voltage": null, "circuits": null, "cables": null, "frequency": null, "substationTag": null, "lineTag": null, "operator": null, "location": null }, "geometry": { "type": "Polygon", "coordinates": [ [ [ 120.2534357, 14.8551404 ], [ 120.2535723, 14.8552929 ], [ 120.2534945, 14.8553555 ], [ 120.2533606, 14.8552065 ], [ 120.2534357, 14.8551404 ] ] ] } },
{ "type": "Feature", "properties": { "contextFeatureId": "PHL-S-001::landuse::way::256534920", "projectId": "PHL-S-001", "projectName": "Olongapo Solar Power Project", "countryCode": "PHL", "osmType": "way", "osmId": 256534920, "highway": null, "place": null, "power": null, "landuse": "residential", "name": null, "voltage": null, "circuits": null, "cables": null, "frequency": null, "substationTag": null, "lineTag": null, "operator": null, "location": null }, "geometry": { "type": "Polygon", "coordinates": [ [ [ 120.2533606, 14.8552065 ], [ 120.2534945, 14.8553555 ], [ 120.2535915, 14.8554687 ], [ 120.2535002, 14.8555441 ], [ 120.2532705, 14.855283 ], [ 120.2533606, 14.8552065 ] ] ] } },
{ "type": "Feature", "properties": { "contextFeatureId": "PHL-S-001::landuse::way::256534925", "projectId": "PHL-S-001", "projectName": "Olongapo Solar Power Project", "countryCode": "PHL", "osmType": "way", "osmId": 256534925, "highway": null, "place": null, "power": null, "landuse": "residential", "name": null, "voltage": null, "circuits": null, "cables": null, "frequency": null, "substationTag": null, "lineTag": null, "operator": null, "location": null }, "geometry": { "type": "Polygon", "coordinates": [ [ [ 120.2533258, 14.8556945 ], [ 120.2530951, 14.855436 ], [ 120.2529496, 14.8555611 ], [ 120.2532185, 14.8558584 ], [ 120.2533065, 14.8557152 ], [ 120.2533258, 14.8556945 ] ] ] } },
{ "type": "Feature", "properties": { "contextFeatureId": "PHL-S-001::landuse::way::256534933", "projectId": "PHL-S-001", "projectName": "Olongapo Solar Power Project", "countryCode": "PHL", "osmType": "way", "osmId": 256534933, "highway": null, "place": null, "power": null, "landuse": "residential", "name": "58", "voltage": null, "circuits": null, "cables": null, "frequency": null, "substationTag": null, "lineTag": null, "operator": null, "location": null }, "geometry": { "type": "Polygon", "coordinates": [ [ [ 120.2527773, 14.8557104 ], [ 120.2525325, 14.8559217 ], [ 120.2527208, 14.8561227 ], [ 120.2528572, 14.8560155 ], [ 120.2530168, 14.8561947 ], [ 120.2531467, 14.8559797 ], [ 120.2529953, 14.855811 ], [ 120.2529234, 14.8558726 ], [ 120.2527773, 14.8557104 ] ] ] } },
{ "type": "Feature", "properties": { "contextFeatureId": "PHL-S-001::landuse::way::256534937", "projectId": "PHL-S-001", "projectName": "Olongapo Solar Power Project", "countryCode": "PHL", "osmType": "way", "osmId": 256534937, "highway": null, "place": null, "power": null, "landuse": "residential", "name": null, "voltage": null, "circuits": null, "cables": null, "frequency": null, "substationTag": null, "lineTag": null, "operator": null, "location": null }, "geometry": { "type": "Polygon", "coordinates": [ [ [ 120.252412, 14.8560276 ], [ 120.2525817, 14.8561956 ], [ 120.2525178, 14.8563141 ], [ 120.2522676, 14.8561545 ], [ 120.252412, 14.8560276 ] ] ] } },
{ "type": "Feature", "properties": { "contextFeatureId": "PHL-S-001::landuse::way::256534939", "projectId": "PHL-S-001", "projectName": "Olongapo Solar Power Project", "countryCode": "PHL", "osmType": "way", "osmId": 256534939, "highway": null, "place": null, "power": null, "landuse": "residential", "name": "54", "voltage": null, "circuits": null, "cables": null, "frequency": null, "substationTag": null, "lineTag": null, "operator": null, "location": null }, "geometry": { "type": "Polygon", "coordinates": [ [ [ 120.2522676, 14.8561545 ], [ 120.2522031, 14.8562786 ], [ 120.2524674, 14.8564074 ], [ 120.2525178, 14.8563141 ], [ 120.2522676, 14.8561545 ] ] ] } },
{ "type": "Feature", "properties": { "contextFeatureId": "PHL-S-001::landuse::way::256534941", "projectId": "PHL-S-001", "projectName": "Olongapo Solar Power Project", "countryCode": "PHL", "osmType": "way", "osmId": 256534941, "highway": null, "place": null, "power": null, "landuse": "residential", "name": "53", "voltage": null, "circuits": null, "cables": null, "frequency": null, "substationTag": null, "lineTag": null, "operator": null, "location": null }, "geometry": { "type": "Polygon", "coordinates": [ [ [ 120.2522031, 14.8562786 ], [ 120.2524674, 14.8564074 ], [ 120.252423, 14.8564897 ], [ 120.2521558, 14.8563698 ], [ 120.2522031, 14.8562786 ] ] ] } },
{ "type": "Feature", "properties": { "contextFeatureId": "PHL-S-001::landuse::way::256534945", "projectId": "PHL-S-001", "projectName": "Olongapo Solar Power Project", "countryCode": "PHL", "osmType": "way", "osmId": 256534945, "highway": null, "place": null, "power": null, "landuse": "residential", "name": null, "voltage": null, "circuits": null, "cables": null, "frequency": null, "substationTag": null, "lineTag": null, "operator": null, "location": null }, "geometry": { "type": "Polygon", "coordinates": [ [ [ 120.2520945, 14.8564976 ], [ 120.2520498, 14.8565988 ], [ 120.2523127, 14.8566938 ], [ 120.2523604, 14.8566056 ], [ 120.252423, 14.8564897 ], [ 120.2521558, 14.8563698 ], [ 120.2520945, 14.8564976 ] ] ] } },
{ "type": "Feature", "properties": { "contextFeatureId": "PHL-S-001::landuse::way::256534947", "projectId": "PHL-S-001", "projectName": "Olongapo Solar Power Project", "countryCode": "PHL", "osmType": "way", "osmId": 256534947, "highway": null, "place": null, "power": null, "landuse": "residential", "name": null, "voltage": null, "circuits": null, "cables": null, "frequency": null, "substationTag": null, "lineTag": null, "operator": null, "location": null }, "geometry": { "type": "Polygon", "coordinates": [ [ [ 120.2520498, 14.8565988 ], [ 120.2519898, 14.8567434 ], [ 120.25224, 14.8568289 ], [ 120.2523127, 14.8566938 ], [ 120.2520498, 14.8565988 ] ] ] } },
{ "type": "Feature", "properties": { "contextFeatureId": "PHL-S-001::landuse::way::256534949", "projectId": "PHL-S-001", "projectName": "Olongapo Solar Power Project", "countryCode": "PHL", "osmType": "way", "osmId": 256534949, "highway": null, "place": null, "power": null, "landuse": "residential", "name": "49", "voltage": null, "circuits": null, "cables": null, "frequency": null, "substationTag": null, "lineTag": null, "operator": null, "location": null }, "geometry": { "type": "Polygon", "coordinates": [ [ [ 120.25224, 14.8568289 ], [ 120.2522064, 14.8569528 ], [ 120.2519522, 14.8568857 ], [ 120.2519898, 14.8567434 ], [ 120.25224, 14.8568289 ] ] ] } },
{ "type": "Feature", "properties": { "contextFeatureId": "PHL-S-001::landuse::way::256534951", "projectId": "PHL-S-001", "projectName": "Olongapo Solar Power Project", "countryCode": "PHL", "osmType": "way", "osmId": 256534951, "highway": null, "place": null, "power": null, "landuse": "residential", "name": null, "voltage": null, "circuits": null, "cables": null, "frequency": null, "substationTag": null, "lineTag": null, "operator": null, "location": null }, "geometry": { "type": "Polygon", "coordinates": [ [ [ 120.2519522, 14.8568857 ], [ 120.2522064, 14.8569528 ], [ 120.2521732, 14.8570754 ], [ 120.2519235, 14.8570172 ], [ 120.2519522, 14.8568857 ] ] ] } },
{ "type": "Feature", "properties": { "contextFeatureId": "PHL-S-001::landuse::way::256534969", "projectId": "PHL-S-001", "projectName": "Olongapo Solar Power Project", "countryCode": "PHL", "osmType": "way", "osmId": 256534969, "highway": null, "place": null, "power": null, "landuse": "residential", "name": "38", "voltage": null, "circuits": null, "cables": null, "frequency": null, "substationTag": null, "lineTag": null, "operator": null, "location": null }, "geometry": { "type": "Polygon", "coordinates": [ [ [ 120.252571, 14.8579957 ], [ 120.2525834, 14.8579753 ], [ 120.2525879, 14.857952 ], [ 120.252584, 14.8579287 ], [ 120.2528296, 14.8577052 ], [ 120.2531904, 14.8578801 ], [ 120.2528412, 14.8580472 ], [ 120.252571, 14.8579957 ] ] ] } },
{ "type": "Feature", "properties": { "contextFeatureId": "PHL-S-001::landuse::way::257570070", "projectId": "PHL-S-001", "projectName": "Olongapo Solar Power Project", "countryCode": "PHL", "osmType": "way", "osmId": 257570070, "highway": null, "place": null, "power": null, "landuse": "residential", "name": null, "voltage": null, "circuits": null, "cables": null, "frequency": null, "substationTag": null, "lineTag": null, "operator": null, "location": null }, "geometry": { "type": "Polygon", "coordinates": [ [ [ 120.2533732, 14.8579603 ], [ 120.2533293, 14.8578399 ], [ 120.2533181, 14.8578088 ], [ 120.2537423, 14.8576649 ], [ 120.2537558, 14.8576615 ], [ 120.2538105, 14.8578112 ], [ 120.2533732, 14.8579603 ] ] ] } },
{ "type": "Feature", "properties": { "contextFeatureId": "PHL-S-001::landuse::way::263296229", "projectId": "PHL-S-001", "projectName": "Olongapo Solar Power Project", "countryCode": "PHL", "osmType": "way", "osmId": 263296229, "highway": null, "place": null, "power": null, "landuse": "residential", "name": null, "voltage": null, "circuits": null, "cables": null, "frequency": null, "substationTag": null, "lineTag": null, "operator": null, "location": null }, "geometry": { "type": "Polygon", "coordinates": [ [ [ 120.255157, 14.8573793 ], [ 120.2547351, 14.8563047 ], [ 120.255204, 14.8561325 ], [ 120.2556731, 14.8559836 ], [ 120.2558464, 14.8559276 ], [ 120.2559046, 14.8560985 ], [ 120.2556009, 14.8561925 ], [ 120.2556756, 14.8564108 ], [ 120.2555718, 14.8564429 ], [ 120.2554958, 14.8564664 ], [ 120.2550982, 14.8565893 ], [ 120.2551531, 14.8567487 ], [ 120.2552029, 14.8568918 ], [ 120.2553496, 14.8573206 ], [ 120.255157, 14.8573793 ] ] ] } },
{ "type": "Feature", "properties": { "contextFeatureId": "PHL-S-001::landuse::way::264550598", "projectId": "PHL-S-001", "projectName": "Olongapo Solar Power Project", "countryCode": "PHL", "osmType": "way", "osmId": 264550598, "highway": null, "place": null, "power": null, "landuse": "residential", "name": null, "voltage": null, "circuits": null, "cables": null, "frequency": null, "substationTag": null, "lineTag": null, "operator": null, "location": null }, "geometry": { "type": "Polygon", "coordinates": [ [ [ 120.2911604, 14.853144 ], [ 120.2907835, 14.8531337 ], [ 120.2908197, 14.8530918 ], [ 120.2909507, 14.852949 ], [ 120.2911604, 14.853144 ] ] ] } },
{ "type": "Feature", "properties": { "contextFeatureId": "PHL-S-001::landuse::way::265732502", "projectId": "PHL-S-001", "projectName": "Olongapo Solar Power Project", "countryCode": "PHL", "osmType": "way", "osmId": 265732502, "highway": null, "place": null, "power": null, "landuse": "residential", "name": null, "voltage": null, "circuits": null, "cables": null, "frequency": null, "substationTag": null, "lineTag": null, "operator": null, "location": null }, "geometry": { "type": "Polygon", "coordinates": [ [ [ 120.2521261, 14.8555002 ], [ 120.2519555, 14.8552885 ], [ 120.2520492, 14.8552275 ], [ 120.252107, 14.8551903 ], [ 120.2522584, 14.8553865 ], [ 120.2521261, 14.8555002 ] ] ] } },
{ "type": "Feature", "properties": { "contextFeatureId": "PHL-S-001::landuse::way::265732639", "projectId": "PHL-S-001", "projectName": "Olongapo Solar Power Project", "countryCode": "PHL", "osmType": "way", "osmId": 265732639, "highway": null, "place": null, "power": null, "landuse": "residential", "name": "27", "voltage": null, "circuits": null, "cables": null, "frequency": null, "substationTag": null, "lineTag": null, "operator": null, "location": null }, "geometry": { "type": "Polygon", "coordinates": [ [ [ 120.2522584, 14.8553865 ], [ 120.2523298, 14.8553252 ], [ 120.252182, 14.8551415 ], [ 120.2521296, 14.8551756 ], [ 120.252107, 14.8551903 ], [ 120.2522584, 14.8553865 ] ] ] } },
{ "type": "Feature", "properties": { "contextFeatureId": "PHL-S-001::landuse::way::265732640", "projectId": "PHL-S-001", "projectName": "Olongapo Solar Power Project", "countryCode": "PHL", "osmType": "way", "osmId": 265732640, "highway": null, "place": null, "power": null, "landuse": "residential", "name": "29", "voltage": null, "circuits": null, "cables": null, "frequency": null, "substationTag": null, "lineTag": null, "operator": null, "location": null }, "geometry": { "type": "Polygon", "coordinates": [ [ [ 120.2523298, 14.8553252 ], [ 120.2523842, 14.8552785 ], [ 120.2522427, 14.8551005 ], [ 120.2521919, 14.8551348 ], [ 120.252182, 14.8551415 ], [ 120.2523298, 14.8553252 ] ] ] } },
{ "type": "Feature", "properties": { "contextFeatureId": "PHL-S-001::landuse::way::265732641", "projectId": "PHL-S-001", "projectName": "Olongapo Solar Power Project", "countryCode": "PHL", "osmType": "way", "osmId": 265732641, "highway": null, "place": null, "power": null, "landuse": "residential", "name": null, "voltage": null, "circuits": null, "cables": null, "frequency": null, "substationTag": null, "lineTag": null, "operator": null, "location": null }, "geometry": { "type": "Polygon", "coordinates": [ [ [ 120.2523842, 14.8552785 ], [ 120.2522427, 14.8551005 ], [ 120.2523546, 14.8550208 ], [ 120.2524955, 14.8551828 ], [ 120.2523842, 14.8552785 ] ] ] } },
{ "type": "Feature", "properties": { "contextFeatureId": "PHL-S-001::landuse::way::265732725", "projectId": "PHL-S-001", "projectName": "Olongapo Solar Power Project", "countryCode": "PHL", "osmType": "way", "osmId": 265732725, "highway": null, "place": null, "power": null, "landuse": "residential", "name": "36", "voltage": null, "circuits": null, "cables": null, "frequency": null, "substationTag": null, "lineTag": null, "operator": null, "location": null }, "geometry": { "type": "Polygon", "coordinates": [ [ [ 120.2532942, 14.8548878 ], [ 120.2531487, 14.8547187 ], [ 120.2532249, 14.8546372 ], [ 120.2534144, 14.8547931 ], [ 120.2532942, 14.8548878 ] ] ] } },
{ "type": "Feature", "properties": { "contextFeatureId": "PHL-S-001::landuse::way::265732726", "projectId": "PHL-S-001", "projectName": "Olongapo Solar Power Project", "countryCode": "PHL", "osmType": "way", "osmId": 265732726, "highway": null, "place": null, "power": null, "landuse": "residential", "name": null, "voltage": null, "circuits": null, "cables": null, "frequency": null, "substationTag": null, "lineTag": null, "operator": null, "location": null }, "geometry": { "type": "Polygon", "coordinates": [ [ [ 120.2534144, 14.8547931 ], [ 120.2532249, 14.8546372 ], [ 120.253289, 14.8545399 ], [ 120.2535287, 14.8546581 ], [ 120.2534848, 14.854731 ], [ 120.2534144, 14.8547931 ] ] ] } },
{ "type": "Feature", "properties": { "contextFeatureId": "PHL-S-001::landuse::way::265733430", "projectId": "PHL-S-001", "projectName": "Olongapo Solar Power Project", "countryCode": "PHL", "osmType": "way", "osmId": 265733430, "highway": null, "place": null, "power": null, "landuse": "residential", "name": null, "voltage": null, "circuits": null, "cables": null, "frequency": null, "substationTag": null, "lineTag": null, "operator": null, "location": null }, "geometry": { "type": "Polygon", "coordinates": [ [ [ 120.2527747, 14.8532624 ], [ 120.2530148, 14.8532482 ], [ 120.2529996, 14.8531488 ], [ 120.2527703, 14.8531613 ], [ 120.2527747, 14.8532624 ] ] ] } },
{ "type": "Feature", "properties": { "contextFeatureId": "PHL-S-001::landuse::way::265733431", "projectId": "PHL-S-001", "projectName": "Olongapo Solar Power Project", "countryCode": "PHL", "osmType": "way", "osmId": 265733431, "highway": null, "place": null, "power": null, "landuse": "residential", "name": null, "voltage": null, "circuits": null, "cables": null, "frequency": null, "substationTag": null, "lineTag": null, "operator": null, "location": null }, "geometry": { "type": "Polygon", "coordinates": [ [ [ 120.253035, 14.85338 ], [ 120.25278, 14.8533918 ], [ 120.2527755, 14.8532831 ], [ 120.2527747, 14.8532624 ], [ 120.2530148, 14.8532482 ], [ 120.253035, 14.85338 ] ] ] } },
{ "type": "Feature", "properties": { "contextFeatureId": "PHL-S-001::landuse::way::266066334", "projectId": "PHL-S-001", "projectName": "Olongapo Solar Power Project", "countryCode": "PHL", "osmType": "way", "osmId": 266066334, "highway": null, "place": null, "power": null, "landuse": "residential", "name": null, "voltage": null, "circuits": null, "cables": null, "frequency": null, "substationTag": null, "lineTag": null, "operator": null, "location": null }, "geometry": { "type": "Polygon", "coordinates": [ [ [ 120.2547586, 14.8544536 ], [ 120.2551954, 14.8540537 ], [ 120.2551846, 14.8540442 ], [ 120.2550973, 14.8539679 ], [ 120.2548401, 14.8542114 ], [ 120.2546711, 14.8543619 ], [ 120.254713, 14.854407 ], [ 120.2547586, 14.8544536 ] ] ] } },
{ "type": "Feature", "properties": { "contextFeatureId": "PHL-S-001::landuse::way::266477953", "projectId": "PHL-S-001", "projectName": "Olongapo Solar Power Project", "countryCode": "PHL", "osmType": "way", "osmId": 266477953, "highway": null, "place": null, "power": null, "landuse": "commercial", "name": null, "voltage": null, "circuits": null, "cables": null, "frequency": null, "substationTag": null, "lineTag": null, "operator": null, "location": null }, "geometry": { "type": "Polygon", "coordinates": [ [ [ 120.2516073, 14.8524122 ], [ 120.2515463, 14.8521149 ], [ 120.2515321, 14.8520412 ], [ 120.2517228, 14.8519312 ], [ 120.2518071, 14.8523722 ], [ 120.2516073, 14.8524122 ] ] ] } },
{ "type": "Feature", "properties": { "contextFeatureId": "PHL-S-001::landuse::way::266477954", "projectId": "PHL-S-001", "projectName": "Olongapo Solar Power Project", "countryCode": "PHL", "osmType": "way", "osmId": 266477954, "highway": null, "place": null, "power": null, "landuse": "commercial", "name": null, "voltage": null, "circuits": null, "cables": null, "frequency": null, "substationTag": null, "lineTag": null, "operator": null, "location": null }, "geometry": { "type": "Polygon", "coordinates": [ [ [ 120.2518071, 14.8523722 ], [ 120.2520012, 14.8523333 ], [ 120.2518842, 14.8521614 ], [ 120.2517228, 14.8519312 ], [ 120.2518071, 14.8523722 ] ] ] } },
{ "type": "Feature", "properties": { "contextFeatureId": "PHL-S-001::landuse::way::266479226", "projectId": "PHL-S-001", "projectName": "Olongapo Solar Power Project", "countryCode": "PHL", "osmType": "way", "osmId": 266479226, "highway": null, "place": null, "power": null, "landuse": "commercial", "name": null, "voltage": null, "circuits": null, "cables": null, "frequency": null, "substationTag": null, "lineTag": null, "operator": null, "location": null }, "geometry": { "type": "Polygon", "coordinates": [ [ [ 120.2516073, 14.8524122 ], [ 120.2505745, 14.8526192 ], [ 120.2505154, 14.8523588 ], [ 120.2508797, 14.8522909 ], [ 120.2511646, 14.8521849 ], [ 120.2514361, 14.8520601 ], [ 120.251471, 14.8519887 ], [ 120.2515321, 14.8520412 ], [ 120.2515463, 14.8521149 ], [ 120.2516073, 14.8524122 ] ] ] } },
{ "type": "Feature", "properties": { "contextFeatureId": "PHL-S-001::landuse::way::266479344", "projectId": "PHL-S-001", "projectName": "Olongapo Solar Power Project", "countryCode": "PHL", "osmType": "way", "osmId": 266479344, "highway": null, "place": null, "power": null, "landuse": "residential", "name": null, "voltage": null, "circuits": null, "cables": null, "frequency": null, "substationTag": null, "lineTag": null, "operator": null, "location": null }, "geometry": { "type": "Polygon", "coordinates": [ [ [ 120.2515321, 14.8520412 ], [ 120.251471, 14.8519887 ], [ 120.2515378, 14.8518878 ], [ 120.2516426, 14.8518347 ], [ 120.2517228, 14.8519312 ], [ 120.2515321, 14.8520412 ] ] ] } },
{ "type": "Feature", "properties": { "contextFeatureId": "PHL-S-001::landuse::way::266480094", "projectId": "PHL-S-001", "projectName": "Olongapo Solar Power Project", "countryCode": "PHL", "osmType": "way", "osmId": 266480094, "highway": null, "place": null, "power": null, "landuse": "residential", "name": null, "voltage": null, "circuits": null, "cables": null, "frequency": null, "substationTag": null, "lineTag": null, "operator": null, "location": null }, "geometry": { "type": "Polygon", "coordinates": [ [ [ 120.2505745, 14.8526192 ], [ 120.2503016, 14.8526739 ], [ 120.2502385, 14.8523806 ], [ 120.250336, 14.8523847 ], [ 120.2505154, 14.8523588 ], [ 120.2505745, 14.8526192 ] ] ] } },
{ "type": "Feature", "properties": { "contextFeatureId": "PHL-S-001::landuse::way::266481273", "projectId": "PHL-S-001", "projectName": "Olongapo Solar Power Project", "countryCode": "PHL", "osmType": "way", "osmId": 266481273, "highway": null, "place": null, "power": null, "landuse": "residential", "name": null, "voltage": null, "circuits": null, "cables": null, "frequency": null, "substationTag": null, "lineTag": null, "operator": null, "location": null }, "geometry": { "type": "Polygon", "coordinates": [ [ [ 120.2499071, 14.852753 ], [ 120.2498199, 14.8523575 ], [ 120.2500145, 14.8523709 ], [ 120.2500851, 14.8527173 ], [ 120.2499071, 14.852753 ] ] ] } },
{ "type": "Feature", "properties": { "contextFeatureId": "PHL-S-001::landuse::way::266481579", "projectId": "PHL-S-001", "projectName": "Olongapo Solar Power Project", "countryCode": "PHL", "osmType": "way", "osmId": 266481579, "highway": null, "place": null, "power": null, "landuse": "residential", "name": null, "voltage": null, "circuits": null, "cables": null, "frequency": null, "substationTag": null, "lineTag": null, "operator": null, "location": null }, "geometry": { "type": "Polygon", "coordinates": [ [ [ 120.2499071, 14.852753 ], [ 120.2496322, 14.8528081 ], [ 120.2495361, 14.8523423 ], [ 120.2498199, 14.8523575 ], [ 120.2499071, 14.852753 ] ] ] } },
{ "type": "Feature", "properties": { "contextFeatureId": "PHL-S-001::landuse::way::266481604", "projectId": "PHL-S-001", "projectName": "Olongapo Solar Power Project", "countryCode": "PHL", "osmType": "way", "osmId": 266481604, "highway": null, "place": null, "power": null, "landuse": "residential", "name": null, "voltage": null, "circuits": null, "cables": null, "frequency": null, "substationTag": null, "lineTag": null, "operator": null, "location": null }, "geometry": { "type": "Polygon", "coordinates": [ [ [ 120.2500851, 14.8527173 ], [ 120.2503016, 14.8526739 ], [ 120.2502385, 14.8523806 ], [ 120.2500145, 14.8523709 ], [ 120.2500851, 14.8527173 ] ] ] } },
{ "type": "Feature", "properties": { "contextFeatureId": "PHL-S-001::landuse::way::269140045", "projectId": "PHL-S-001", "projectName": "Olongapo Solar Power Project", "countryCode": "PHL", "osmType": "way", "osmId": 269140045, "highway": null, "place": null, "power": null, "landuse": "residential", "name": null, "voltage": null, "circuits": null, "cables": null, "frequency": null, "substationTag": null, "lineTag": null, "operator": null, "location": null }, "geometry": { "type": "Polygon", "coordinates": [ [ [ 120.2515282, 14.8549431 ], [ 120.2510137, 14.8538317 ], [ 120.2516923, 14.8527451 ], [ 120.2519185, 14.8528897 ], [ 120.2519906, 14.8527196 ], [ 120.2520881, 14.8524812 ], [ 120.2521402, 14.8526331 ], [ 120.2521689, 14.8530424 ], [ 120.2521959, 14.8546511 ], [ 120.2517736, 14.8548563 ], [ 120.2516609, 14.8548962 ], [ 120.2515404, 14.8549389 ], [ 120.2515282, 14.8549431 ] ] ] } },
{ "type": "Feature", "properties": { "contextFeatureId": "PHL-S-001::landuse::way::269140050", "projectId": "PHL-S-001", "projectName": "Olongapo Solar Power Project", "countryCode": "PHL", "osmType": "way", "osmId": 269140050, "highway": null, "place": null, "power": null, "landuse": "residential", "name": null, "voltage": null, "circuits": null, "cables": null, "frequency": null, "substationTag": null, "lineTag": null, "operator": null, "location": null }, "geometry": { "type": "Polygon", "coordinates": [ [ [ 120.2508142, 14.8554066 ], [ 120.2503482, 14.8549263 ], [ 120.250988, 14.8538723 ], [ 120.2514884, 14.8549603 ], [ 120.2514325, 14.8549846 ], [ 120.2513279, 14.8550443 ], [ 120.2511504, 14.8551695 ], [ 120.250955, 14.8553073 ], [ 120.2508142, 14.8554066 ] ] ] } },
{ "type": "Feature", "properties": { "contextFeatureId": "PHL-S-001::landuse::way::271044035", "projectId": "PHL-S-001", "projectName": "Olongapo Solar Power Project", "countryCode": "PHL", "osmType": "way", "osmId": 271044035, "highway": null, "place": null, "power": null, "landuse": "residential", "name": null, "voltage": null, "circuits": null, "cables": null, "frequency": null, "substationTag": null, "lineTag": null, "operator": null, "location": null }, "geometry": { "type": "Polygon", "coordinates": [ [ [ 120.2529961, 14.8570226 ], [ 120.253112, 14.8569717 ], [ 120.2527988, 14.8562372 ], [ 120.2525817, 14.8561956 ], [ 120.2525178, 14.8563141 ], [ 120.2524674, 14.8564074 ], [ 120.252423, 14.8564897 ], [ 120.2523604, 14.8566056 ], [ 120.2523127, 14.8566938 ], [ 120.25224, 14.8568289 ], [ 120.2521454, 14.8571746 ], [ 120.2521109, 14.8573006 ], [ 120.2520974, 14.8573501 ], [ 120.2521803, 14.8573903 ], [ 120.2525283, 14.857559 ], [ 120.2528296, 14.8577052 ], [ 120.2531904, 14.8578801 ], [ 120.2533293, 14.8578399 ], [ 120.2530559, 14.8571691 ], [ 120.2529961, 14.8570226 ] ] ] } },
{ "type": "Feature", "properties": { "contextFeatureId": "PHL-S-001::landuse::way::273418849", "projectId": "PHL-S-001", "projectName": "Olongapo Solar Power Project", "countryCode": "PHL", "osmType": "way", "osmId": 273418849, "highway": null, "place": null, "power": null, "landuse": "residential", "name": null, "voltage": null, "circuits": null, "cables": null, "frequency": null, "substationTag": null, "lineTag": null, "operator": null, "location": null }, "geometry": { "type": "Polygon", "coordinates": [ [ [ 120.2501615, 14.855012 ], [ 120.2499418, 14.8545754 ], [ 120.2497551, 14.8541428 ], [ 120.2498085, 14.8540543 ], [ 120.2498938, 14.8539169 ], [ 120.2500704, 14.8536326 ], [ 120.2500835, 14.8533199 ], [ 120.2501783, 14.8532908 ], [ 120.2503208, 14.8531456 ], [ 120.2504763, 14.8531181 ], [ 120.2505224, 14.8531406 ], [ 120.2510373, 14.8530136 ], [ 120.2510315, 14.8529628 ], [ 120.2511824, 14.8529282 ], [ 120.2512731, 14.8532154 ], [ 120.2509297, 14.8537616 ], [ 120.2505631, 14.8543326 ], [ 120.2501615, 14.855012 ] ] ] } },
{ "type": "Feature", "properties": { "contextFeatureId": "PHL-S-001::landuse::way::274474556", "projectId": "PHL-S-001", "projectName": "Olongapo Solar Power Project", "countryCode": "PHL", "osmType": "way", "osmId": 274474556, "highway": null, "place": null, "power": null, "landuse": "residential", "name": null, "voltage": null, "circuits": null, "cables": null, "frequency": null, "substationTag": null, "lineTag": null, "operator": null, "location": null }, "geometry": { "type": "Polygon", "coordinates": [ [ [ 120.2654505, 14.8633541 ], [ 120.2649018, 14.8637703 ], [ 120.2645633, 14.8632333 ], [ 120.2647087, 14.8631306 ], [ 120.2646376, 14.8630587 ], [ 120.2644956, 14.8631452 ], [ 120.2641411, 14.8627202 ], [ 120.2646533, 14.8622481 ], [ 120.2652637, 14.8619251 ], [ 120.2656343, 14.8624981 ], [ 120.266267, 14.8621607 ], [ 120.2666314, 14.862837 ], [ 120.2663763, 14.8633567 ], [ 120.2659744, 14.8635932 ], [ 120.2654505, 14.8633541 ] ] ] } },
{ "type": "Feature", "properties": { "contextFeatureId": "PHL-S-001::landuse::way::274732354", "projectId": "PHL-S-001", "projectName": "Olongapo Solar Power Project", "countryCode": "PHL", "osmType": "way", "osmId": 274732354, "highway": null, "place": null, "power": null, "landuse": "residential", "name": null, "voltage": null, "circuits": null, "cables": null, "frequency": null, "substationTag": null, "lineTag": null, "operator": null, "location": null }, "geometry": { "type": "Polygon", "coordinates": [ [ [ 120.2561786, 14.8621262 ], [ 120.2561129, 14.8619749 ], [ 120.2563753, 14.8618771 ], [ 120.256435, 14.8620217 ], [ 120.2561786, 14.8621262 ] ] ] } },
{ "type": "Feature", "properties": { "contextFeatureId": "PHL-S-001::landuse::way::274741380", "projectId": "PHL-S-001", "projectName": "Olongapo Solar Power Project", "countryCode": "PHL", "osmType": "way", "osmId": 274741380, "highway": null, "place": null, "power": null, "landuse": "commercial", "name": null, "voltage": null, "circuits": null, "cables": null, "frequency": null, "substationTag": null, "lineTag": null, "operator": null, "location": null }, "geometry": { "type": "Polygon", "coordinates": [ [ [ 120.2572162, 14.8584293 ], [ 120.2571961, 14.8583443 ], [ 120.2573473, 14.8583108 ], [ 120.2573675, 14.8583958 ], [ 120.2572162, 14.8584293 ] ] ] } },
{ "type": "Feature", "properties": { "contextFeatureId": "PHL-S-001::landuse::way::275896802", "projectId": "PHL-S-001", "projectName": "Olongapo Solar Power Project", "countryCode": "PHL", "osmType": "way", "osmId": 275896802, "highway": null, "place": null, "power": null, "landuse": "residential", "name": null, "voltage": null, "circuits": null, "cables": null, "frequency": null, "substationTag": null, "lineTag": null, "operator": null, "location": null }, "geometry": { "type": "Polygon", "coordinates": [ [ [ 120.2575326, 14.8555396 ], [ 120.2574666, 14.8553552 ], [ 120.2576933, 14.8552613 ], [ 120.2577643, 14.8554255 ], [ 120.2575326, 14.8555396 ] ] ] } },
{ "type": "Feature", "properties": { "contextFeatureId": "PHL-S-001::landuse::way::278784820", "projectId": "PHL-S-001", "projectName": "Olongapo Solar Power Project", "countryCode": "PHL", "osmType": "way", "osmId": 278784820, "highway": null, "place": null, "power": null, "landuse": "residential", "name": null, "voltage": null, "circuits": null, "cables": null, "frequency": null, "substationTag": null, "lineTag": null, "operator": null, "location": null }, "geometry": { "type": "Polygon", "coordinates": [ [ [ 120.2537793, 14.8591528 ], [ 120.2533972, 14.8580302 ], [ 120.2535211, 14.8579909 ], [ 120.2539272, 14.8591067 ], [ 120.2537793, 14.8591528 ] ] ] } },
{ "type": "Feature", "properties": { "contextFeatureId": "PHL-S-001::landuse::way::278784981", "projectId": "PHL-S-001", "projectName": "Olongapo Solar Power Project", "countryCode": "PHL", "osmType": "way", "osmId": 278784981, "highway": null, "place": null, "power": null, "landuse": "farmland", "name": null, "voltage": null, "circuits": null, "cables": null, "frequency": null, "substationTag": null, "lineTag": null, "operator": null, "location": null }, "geometry": { "type": "Polygon", "coordinates": [ [ [ 120.2553055, 14.8617371 ], [ 120.2555482, 14.8616466 ], [ 120.2554702, 14.8613697 ], [ 120.2552018, 14.8614601 ], [ 120.2553055, 14.8617371 ] ] ] } },
{ "type": "Feature", "properties": { "contextFeatureId": "PHL-S-001::landuse::way::278784982", "projectId": "PHL-S-001", "projectName": "Olongapo Solar Power Project", "countryCode": "PHL", "osmType": "way", "osmId": 278784982, "highway": null, "place": null, "power": null, "landuse": "farmland", "name": null, "voltage": null, "circuits": null, "cables": null, "frequency": null, "substationTag": null, "lineTag": null, "operator": null, "location": null }, "geometry": { "type": "Polygon", "coordinates": [ [ [ 120.2554702, 14.8613697 ], [ 120.255446, 14.8612833 ], [ 120.2554254, 14.8612007 ], [ 120.2551294, 14.8612917 ], [ 120.2551429, 14.8613285 ], [ 120.2552018, 14.8614601 ], [ 120.2554702, 14.8613697 ] ] ] } },
{ "type": "Feature", "properties": { "contextFeatureId": "PHL-S-001::landuse::way::278784983", "projectId": "PHL-S-001", "projectName": "Olongapo Solar Power Project", "countryCode": "PHL", "osmType": "way", "osmId": 278784983, "highway": null, "place": null, "power": null, "landuse": "farmland", "name": null, "voltage": null, "circuits": null, "cables": null, "frequency": null, "substationTag": null, "lineTag": null, "operator": null, "location": null }, "geometry": { "type": "Polygon", "coordinates": [ [ [ 120.2554254, 14.8612007 ], [ 120.2553278, 14.8609139 ], [ 120.255029, 14.861018 ], [ 120.2551294, 14.8612917 ], [ 120.2554254, 14.8612007 ] ] ] } },
{ "type": "Feature", "properties": { "contextFeatureId": "PHL-S-001::landuse::way::278785187", "projectId": "PHL-S-001", "projectName": "Olongapo Solar Power Project", "countryCode": "PHL", "osmType": "way", "osmId": 278785187, "highway": null, "place": null, "power": null, "landuse": "farmland", "name": null, "voltage": null, "circuits": null, "cables": null, "frequency": null, "substationTag": null, "lineTag": null, "operator": null, "location": null }, "geometry": { "type": "Polygon", "coordinates": [ [ [ 120.2548786, 14.8610632 ], [ 120.2547567, 14.860743 ], [ 120.2548969, 14.8607037 ], [ 120.255029, 14.861018 ], [ 120.2548786, 14.8610632 ] ] ] } },
{ "type": "Feature", "properties": { "contextFeatureId": "PHL-S-001::landuse::way::278785189", "projectId": "PHL-S-001", "projectName": "Olongapo Solar Power Project", "countryCode": "PHL", "osmType": "way", "osmId": 278785189, "highway": null, "place": null, "power": null, "landuse": "farmland", "name": null, "voltage": null, "circuits": null, "cables": null, "frequency": null, "substationTag": null, "lineTag": null, "operator": null, "location": null }, "geometry": { "type": "Polygon", "coordinates": [ [ [ 120.255029, 14.861018 ], [ 120.2548969, 14.8607037 ], [ 120.2551896, 14.8606074 ], [ 120.2553278, 14.8609139 ], [ 120.255029, 14.861018 ] ] ] } },
{ "type": "Feature", "properties": { "contextFeatureId": "PHL-S-001::landuse::way::278785191", "projectId": "PHL-S-001", "projectName": "Olongapo Solar Power Project", "countryCode": "PHL", "osmType": "way", "osmId": 278785191, "highway": null, "place": null, "power": null, "landuse": "farmland", "name": null, "voltage": null, "circuits": null, "cables": null, "frequency": null, "substationTag": null, "lineTag": null, "operator": null, "location": null }, "geometry": { "type": "Polygon", "coordinates": [ [ [ 120.2555273, 14.862151 ], [ 120.2554148, 14.8618951 ], [ 120.2556005, 14.8618242 ], [ 120.2559025, 14.8617194 ], [ 120.2560012, 14.8619575 ], [ 120.2557653, 14.8620538 ], [ 120.2555273, 14.862151 ] ] ] } },
{ "type": "Feature", "properties": { "contextFeatureId": "PHL-S-001::landuse::way::281239480", "projectId": "PHL-S-001", "projectName": "Olongapo Solar Power Project", "countryCode": "PHL", "osmType": "way", "osmId": 281239480, "highway": null, "place": null, "power": null, "landuse": "residential", "name": null, "voltage": null, "circuits": null, "cables": null, "frequency": null, "substationTag": null, "lineTag": null, "operator": null, "location": null }, "geometry": { "type": "Polygon", "coordinates": [ [ [ 120.2533402, 14.8533119 ], [ 120.2532873, 14.853091 ], [ 120.2534789, 14.8530418 ], [ 120.253542, 14.853257 ], [ 120.2533402, 14.8533119 ] ] ] } },
{ "type": "Feature", "properties": { "contextFeatureId": "PHL-S-001::landuse::way::281240308", "projectId": "PHL-S-001", "projectName": "Olongapo Solar Power Project", "countryCode": "PHL", "osmType": "way", "osmId": 281240308, "highway": null, "place": null, "power": null, "landuse": "residential", "name": null, "voltage": null, "circuits": null, "cables": null, "frequency": null, "substationTag": null, "lineTag": null, "operator": null, "location": null }, "geometry": { "type": "Polygon", "coordinates": [ [ [ 120.2525002, 14.8558411 ], [ 120.2523487, 14.8556833 ], [ 120.2523633, 14.8556707 ], [ 120.2524371, 14.8556092 ], [ 120.2525114, 14.8555495 ], [ 120.2526573, 14.8557102 ], [ 120.2525002, 14.8558411 ] ] ] } },
{ "type": "Feature", "properties": { "contextFeatureId": "PHL-S-001::landuse::way::281240364", "projectId": "PHL-S-001", "projectName": "Olongapo Solar Power Project", "countryCode": "PHL", "osmType": "way", "osmId": 281240364, "highway": null, "place": null, "power": null, "landuse": "residential", "name": null, "voltage": null, "circuits": null, "cables": null, "frequency": null, "substationTag": null, "lineTag": null, "operator": null, "location": null }, "geometry": { "type": "Polygon", "coordinates": [ [ [ 120.2522384, 14.8560594 ], [ 120.2520827, 14.8559077 ], [ 120.2521006, 14.8558915 ], [ 120.2521794, 14.8558267 ], [ 120.2521873, 14.8558204 ], [ 120.2523349, 14.8559789 ], [ 120.2522384, 14.8560594 ] ] ] } },
{ "type": "Feature", "properties": { "contextFeatureId": "PHL-S-001::landuse::way::281240365", "projectId": "PHL-S-001", "projectName": "Olongapo Solar Power Project", "countryCode": "PHL", "osmType": "way", "osmId": 281240365, "highway": null, "place": null, "power": null, "landuse": "residential", "name": null, "voltage": null, "circuits": null, "cables": null, "frequency": null, "substationTag": null, "lineTag": null, "operator": null, "location": null }, "geometry": { "type": "Polygon", "coordinates": [ [ [ 120.2521665, 14.8561478 ], [ 120.2519794, 14.8560116 ], [ 120.2520298, 14.8559582 ], [ 120.25203, 14.855958 ], [ 120.2520827, 14.8559077 ], [ 120.2522384, 14.8560594 ], [ 120.2521665, 14.8561478 ] ] ] } },
{ "type": "Feature", "properties": { "contextFeatureId": "PHL-S-001::landuse::way::281240459", "projectId": "PHL-S-001", "projectName": "Olongapo Solar Power Project", "countryCode": "PHL", "osmType": "way", "osmId": 281240459, "highway": null, "place": null, "power": null, "landuse": "residential", "name": null, "voltage": null, "circuits": null, "cables": null, "frequency": null, "substationTag": null, "lineTag": null, "operator": null, "location": null }, "geometry": { "type": "Polygon", "coordinates": [ [ [ 120.2520384, 14.8563748 ], [ 120.2518441, 14.8562929 ], [ 120.2518649, 14.8562411 ], [ 120.2519057, 14.8561396 ], [ 120.2521055, 14.8562504 ], [ 120.2520384, 14.8563748 ] ] ] } },
{ "type": "Feature", "properties": { "contextFeatureId": "PHL-S-001::landuse::way::281242771", "projectId": "PHL-S-001", "projectName": "Olongapo Solar Power Project", "countryCode": "PHL", "osmType": "way", "osmId": 281242771, "highway": null, "place": null, "power": null, "landuse": "residential", "name": null, "voltage": null, "circuits": null, "cables": null, "frequency": null, "substationTag": null, "lineTag": null, "operator": null, "location": null }, "geometry": { "type": "Polygon", "coordinates": [ [ [ 120.2531467, 14.8559797 ], [ 120.2529953, 14.855811 ], [ 120.2528495, 14.8556458 ], [ 120.2529496, 14.8555611 ], [ 120.2532185, 14.8558584 ], [ 120.2531467, 14.8559797 ] ] ] } },
{ "type": "Feature", "properties": { "contextFeatureId": "PHL-S-001::landuse::way::281242882", "projectId": "PHL-S-001", "projectName": "Olongapo Solar Power Project", "countryCode": "PHL", "osmType": "way", "osmId": 281242882, "highway": null, "place": null, "power": null, "landuse": "residential", "name": null, "voltage": null, "circuits": null, "cables": null, "frequency": null, "substationTag": null, "lineTag": null, "operator": null, "location": null }, "geometry": { "type": "Polygon", "coordinates": [ [ [ 120.254113, 14.8544696 ], [ 120.2540386, 14.8542514 ], [ 120.2541722, 14.8542026 ], [ 120.254232, 14.854369 ], [ 120.254113, 14.8544696 ] ] ] } },
{ "type": "Feature", "properties": { "contextFeatureId": "PHL-S-001::landuse::way::286372171", "projectId": "PHL-S-001", "projectName": "Olongapo Solar Power Project", "countryCode": "PHL", "osmType": "way", "osmId": 286372171, "highway": null, "place": null, "power": null, "landuse": "farmland", "name": null, "voltage": null, "circuits": null, "cables": null, "frequency": null, "substationTag": null, "lineTag": null, "operator": null, "location": null }, "geometry": { "type": "Polygon", "coordinates": [ [ [ 120.2539273, 14.8597261 ], [ 120.2537681, 14.8591699 ], [ 120.2534471, 14.8593104 ], [ 120.2533906, 14.8593352 ], [ 120.253458, 14.8594846 ], [ 120.2535421, 14.8596561 ], [ 120.2536191, 14.8598119 ], [ 120.2539273, 14.8597261 ] ] ] } },
{ "type": "Feature", "properties": { "contextFeatureId": "PHL-S-001::landuse::way::286386337", "projectId": "PHL-S-001", "projectName": "Olongapo Solar Power Project", "countryCode": "PHL", "osmType": "way", "osmId": 286386337, "highway": null, "place": null, "power": null, "landuse": "residential", "name": null, "voltage": null, "circuits": null, "cables": null, "frequency": null, "substationTag": null, "lineTag": null, "operator": null, "location": null }, "geometry": { "type": "Polygon", "coordinates": [ [ [ 120.2522718, 14.8534113 ], [ 120.2522732, 14.8531873 ], [ 120.2524723, 14.8531862 ], [ 120.2524738, 14.8534117 ], [ 120.2522718, 14.8534113 ] ] ] } },
{ "type": "Feature", "properties": { "contextFeatureId": "PHL-S-001::landuse::way::286386783", "projectId": "PHL-S-001", "projectName": "Olongapo Solar Power Project", "countryCode": "PHL", "osmType": "way", "osmId": 286386783, "highway": null, "place": null, "power": null, "landuse": "residential", "name": null, "voltage": null, "circuits": null, "cables": null, "frequency": null, "substationTag": null, "lineTag": null, "operator": null, "location": null }, "geometry": { "type": "Polygon", "coordinates": [ [ [ 120.2518516, 14.8550075 ], [ 120.2517736, 14.8548563 ], [ 120.2519823, 14.8547566 ], [ 120.2520566, 14.8549024 ], [ 120.2518516, 14.8550075 ] ] ] } },
{ "type": "Feature", "properties": { "contextFeatureId": "PHL-S-001::landuse::way::286386785", "projectId": "PHL-S-001", "projectName": "Olongapo Solar Power Project", "countryCode": "PHL", "osmType": "way", "osmId": 286386785, "highway": null, "place": null, "power": null, "landuse": "residential", "name": "61", "voltage": null, "circuits": null, "cables": null, "frequency": null, "substationTag": null, "lineTag": null, "operator": null, "location": null }, "geometry": { "type": "Polygon", "coordinates": [ [ [ 120.2517428, 14.8550596 ], [ 120.2516609, 14.8548962 ], [ 120.2517736, 14.8548563 ], [ 120.2518516, 14.8550075 ], [ 120.2517428, 14.8550596 ] ] ] } },
{ "type": "Feature", "properties": { "contextFeatureId": "PHL-S-001::landuse::way::289323791", "projectId": "PHL-S-001", "projectName": "Olongapo Solar Power Project", "countryCode": "PHL", "osmType": "way", "osmId": 289323791, "highway": null, "place": null, "power": null, "landuse": "residential", "name": null, "voltage": null, "circuits": null, "cables": null, "frequency": null, "substationTag": null, "lineTag": null, "operator": null, "location": null }, "geometry": { "type": "Polygon", "coordinates": [ [ [ 120.2545571, 14.8541822 ], [ 120.2545118, 14.8540918 ], [ 120.2546793, 14.8540087 ], [ 120.2545872, 14.8537984 ], [ 120.2545457, 14.8537033 ], [ 120.2545069, 14.8536148 ], [ 120.2544581, 14.8535033 ], [ 120.2544713, 14.8534438 ], [ 120.2545596, 14.8533964 ], [ 120.2547208, 14.8535815 ], [ 120.2547294, 14.8535912 ], [ 120.2548464, 14.8537245 ], [ 120.2549324, 14.8538238 ], [ 120.2550167, 14.8538949 ], [ 120.2550973, 14.8539679 ], [ 120.2548401, 14.8542114 ], [ 120.2547074, 14.8540608 ], [ 120.2545571, 14.8541822 ] ] ] } },
{ "type": "Feature", "properties": { "contextFeatureId": "PHL-S-001::landuse::way::292674706", "projectId": "PHL-S-001", "projectName": "Olongapo Solar Power Project", "countryCode": "PHL", "osmType": "way", "osmId": 292674706, "highway": null, "place": null, "power": null, "landuse": "commercial", "name": null, "voltage": null, "circuits": null, "cables": null, "frequency": null, "substationTag": null, "lineTag": null, "operator": null, "location": null }, "geometry": { "type": "Polygon", "coordinates": [ [ [ 120.2529529, 14.8521373 ], [ 120.2529214, 14.8520708 ], [ 120.2528849, 14.8520166 ], [ 120.2528484, 14.8519834 ], [ 120.2528035, 14.8519425 ], [ 120.2527512, 14.8519159 ], [ 120.252698, 14.8518872 ], [ 120.2525296, 14.851799 ], [ 120.2523547, 14.8517074 ], [ 120.2523353, 14.8516973 ], [ 120.2521776, 14.8516154 ], [ 120.2520368, 14.8515233 ], [ 120.2521215, 14.8513018 ], [ 120.2523456, 14.8514959 ], [ 120.2525024, 14.8514896 ], [ 120.2525698, 14.8514778 ], [ 120.2533867, 14.8513515 ], [ 120.2535266, 14.8520126 ], [ 120.2529529, 14.8521373 ] ] ] } },
{ "type": "Feature", "properties": { "contextFeatureId": "PHL-S-001::landuse::way::305495053", "projectId": "PHL-S-001", "projectName": "Olongapo Solar Power Project", "countryCode": "PHL", "osmType": "way", "osmId": 305495053, "highway": null, "place": null, "power": null, "landuse": "residential", "name": null, "voltage": null, "circuits": null, "cables": null, "frequency": null, "substationTag": null, "lineTag": null, "operator": null, "location": null }, "geometry": { "type": "Polygon", "coordinates": [ [ [ 120.2590019, 14.8588329 ], [ 120.2590919, 14.8586502 ], [ 120.2592901, 14.8586294 ], [ 120.259412, 14.8586247 ], [ 120.2594008, 14.8587653 ], [ 120.2591887, 14.858853 ], [ 120.2591877, 14.8588439 ], [ 120.2591796, 14.8588261 ], [ 120.2591662, 14.8588116 ], [ 120.2591488, 14.8588017 ], [ 120.2591291, 14.8587975 ], [ 120.259109, 14.8587994 ], [ 120.2590905, 14.8588071 ], [ 120.2590754, 14.85882 ], [ 120.2590651, 14.8588367 ], [ 120.2590019, 14.8588329 ] ] ] } },
{ "type": "Feature", "properties": { "contextFeatureId": "PHL-S-001::landuse::way::305495275", "projectId": "PHL-S-001", "projectName": "Olongapo Solar Power Project", "countryCode": "PHL", "osmType": "way", "osmId": 305495275, "highway": null, "place": null, "power": null, "landuse": "residential", "name": null, "voltage": null, "circuits": null, "cables": null, "frequency": null, "substationTag": null, "lineTag": null, "operator": null, "location": null }, "geometry": { "type": "Polygon", "coordinates": [ [ [ 120.2581806, 14.8588283 ], [ 120.2581852, 14.8587427 ], [ 120.2581943, 14.8585732 ], [ 120.2582019, 14.8584621 ], [ 120.2583123, 14.8585993 ], [ 120.2583149, 14.8586212 ], [ 120.2583246, 14.8586411 ], [ 120.2583404, 14.8586569 ], [ 120.2583606, 14.858667 ], [ 120.258381, 14.8586703 ], [ 120.2583978, 14.8586907 ], [ 120.2581806, 14.8588283 ] ] ] } },
{ "type": "Feature", "properties": { "contextFeatureId": "PHL-S-001::landuse::way::305495666", "projectId": "PHL-S-001", "projectName": "Olongapo Solar Power Project", "countryCode": "PHL", "osmType": "way", "osmId": 305495666, "highway": null, "place": null, "power": null, "landuse": "residential", "name": null, "voltage": null, "circuits": null, "cables": null, "frequency": null, "substationTag": null, "lineTag": null, "operator": null, "location": null }, "geometry": { "type": "Polygon", "coordinates": [ [ [ 120.2585044, 14.8596613 ], [ 120.2584516, 14.8593528 ], [ 120.2586861, 14.8593419 ], [ 120.258681, 14.8593607 ], [ 120.2586808, 14.8593801 ], [ 120.2586879, 14.8594039 ], [ 120.2587021, 14.859424 ], [ 120.2587217, 14.8594387 ], [ 120.2585044, 14.8596613 ] ] ] } },
{ "type": "Feature", "properties": { "contextFeatureId": "PHL-S-001::landuse::way::305515077", "projectId": "PHL-S-001", "projectName": "Olongapo Solar Power Project", "countryCode": "PHL", "osmType": "way", "osmId": 305515077, "highway": null, "place": null, "power": null, "landuse": "residential", "name": null, "voltage": null, "circuits": null, "cables": null, "frequency": null, "substationTag": null, "lineTag": null, "operator": null, "location": null }, "geometry": { "type": "Polygon", "coordinates": [ [ [ 120.2584851, 14.854673 ], [ 120.2582331, 14.8544275 ], [ 120.2583763, 14.8543477 ], [ 120.2585751, 14.8545868 ], [ 120.25857, 14.8545964 ], [ 120.2585648, 14.8546174 ], [ 120.2585373, 14.8546576 ], [ 120.2584851, 14.854673 ] ] ] } },
{ "type": "Feature", "properties": { "contextFeatureId": "PHL-S-001::landuse::way::305515078", "projectId": "PHL-S-001", "projectName": "Olongapo Solar Power Project", "countryCode": "PHL", "osmType": "way", "osmId": 305515078, "highway": null, "place": null, "power": null, "landuse": "residential", "name": null, "voltage": null, "circuits": null, "cables": null, "frequency": null, "substationTag": null, "lineTag": null, "operator": null, "location": null }, "geometry": { "type": "Polygon", "coordinates": [ [ [ 120.2585751, 14.8545868 ], [ 120.2583763, 14.8543477 ], [ 120.2585471, 14.8542363 ], [ 120.2586803, 14.8543636 ], [ 120.2586438, 14.8545543 ], [ 120.2586192, 14.8545558 ], [ 120.2585986, 14.854564 ], [ 120.2585816, 14.854578 ], [ 120.2585751, 14.8545868 ] ] ] } },
{ "type": "Feature", "properties": { "contextFeatureId": "PHL-S-001::landuse::way::305515079", "projectId": "PHL-S-001", "projectName": "Olongapo Solar Power Project", "countryCode": "PHL", "osmType": "way", "osmId": 305515079, "highway": null, "place": null, "power": null, "landuse": "residential", "name": null, "voltage": null, "circuits": null, "cables": null, "frequency": null, "substationTag": null, "lineTag": null, "operator": null, "location": null }, "geometry": { "type": "Polygon", "coordinates": [ [ [ 120.258704, 14.8546419 ], [ 120.2587067, 14.8546182 ], [ 120.2587009, 14.8545951 ], [ 120.2586873, 14.8545752 ], [ 120.2586674, 14.8545611 ], [ 120.2586438, 14.8545543 ], [ 120.2586803, 14.8543636 ], [ 120.2589032, 14.8545449 ], [ 120.258704, 14.8546419 ] ] ] } },
{ "type": "Feature", "properties": { "contextFeatureId": "PHL-S-001::landuse::way::305515080", "projectId": "PHL-S-001", "projectName": "Olongapo Solar Power Project", "countryCode": "PHL", "osmType": "way", "osmId": 305515080, "highway": null, "place": null, "power": null, "landuse": "residential", "name": null, "voltage": null, "circuits": null, "cables": null, "frequency": null, "substationTag": null, "lineTag": null, "operator": null, "location": null }, "geometry": { "type": "Polygon", "coordinates": [ [ [ 120.2586754, 14.8546797 ], [ 120.2586932, 14.8546632 ], [ 120.258704, 14.8546419 ], [ 120.2589032, 14.8545449 ], [ 120.2590525, 14.85467 ], [ 120.2589675, 14.854766 ], [ 120.2586754, 14.8546797 ] ] ] } },
{ "type": "Feature", "properties": { "contextFeatureId": "PHL-S-001::landuse::way::307975577", "projectId": "PHL-S-001", "projectName": "Olongapo Solar Power Project", "countryCode": "PHL", "osmType": "way", "osmId": 307975577, "highway": null, "place": null, "power": null, "landuse": "residential", "name": "2", "voltage": null, "circuits": null, "cables": null, "frequency": null, "substationTag": null, "lineTag": null, "operator": null, "location": null }, "geometry": { "type": "Polygon", "coordinates": [ [ [ 120.2527646, 14.8530422 ], [ 120.2527535, 14.8528957 ], [ 120.2529472, 14.8528356 ], [ 120.2529798, 14.85302 ], [ 120.2527646, 14.8530422 ] ] ] } },
{ "type": "Feature", "properties": { "contextFeatureId": "PHL-S-001::landuse::way::307975578", "projectId": "PHL-S-001", "projectName": "Olongapo Solar Power Project", "countryCode": "PHL", "osmType": "way", "osmId": 307975578, "highway": null, "place": null, "power": null, "landuse": "residential", "name": null, "voltage": null, "circuits": null, "cables": null, "frequency": null, "substationTag": null, "lineTag": null, "operator": null, "location": null }, "geometry": { "type": "Polygon", "coordinates": [ [ [ 120.2532571, 14.852972 ], [ 120.253213, 14.8527737 ], [ 120.2533893, 14.8527309 ], [ 120.2534448, 14.8529257 ], [ 120.2532571, 14.852972 ] ] ] } },
{ "type": "Feature", "properties": { "contextFeatureId": "PHL-S-001::landuse::way::307975579", "projectId": "PHL-S-001", "projectName": "Olongapo Solar Power Project", "countryCode": "PHL", "osmType": "way", "osmId": 307975579, "highway": null, "place": null, "power": null, "landuse": "residential", "name": null, "voltage": null, "circuits": null, "cables": null, "frequency": null, "substationTag": null, "lineTag": null, "operator": null, "location": null }, "geometry": { "type": "Polygon", "coordinates": [ [ [ 120.2535076, 14.8529011 ], [ 120.2534526, 14.8527204 ], [ 120.2536247, 14.8526737 ], [ 120.2536829, 14.8528426 ], [ 120.2535076, 14.8529011 ] ] ] } },
{ "type": "Feature", "properties": { "contextFeatureId": "PHL-S-001::landuse::way::307975626", "projectId": "PHL-S-001", "projectName": "Olongapo Solar Power Project", "countryCode": "PHL", "osmType": "way", "osmId": 307975626, "highway": null, "place": null, "power": null, "landuse": "residential", "name": null, "voltage": null, "circuits": null, "cables": null, "frequency": null, "substationTag": null, "lineTag": null, "operator": null, "location": null }, "geometry": { "type": "Polygon", "coordinates": [ [ [ 120.2526107, 14.8550839 ], [ 120.2524684, 14.8549297 ], [ 120.2526024, 14.8548092 ], [ 120.2527501, 14.8549641 ], [ 120.2526107, 14.8550839 ] ] ] } },
{ "type": "Feature", "properties": { "contextFeatureId": "PHL-S-001::landuse::way::307975627", "projectId": "PHL-S-001", "projectName": "Olongapo Solar Power Project", "countryCode": "PHL", "osmType": "way", "osmId": 307975627, "highway": null, "place": null, "power": null, "landuse": "residential", "name": "29", "voltage": null, "circuits": null, "cables": null, "frequency": null, "substationTag": null, "lineTag": null, "operator": null, "location": null }, "geometry": { "type": "Polygon", "coordinates": [ [ [ 120.2529145, 14.8554958 ], [ 120.2528695, 14.8554443 ], [ 120.2527732, 14.8553341 ], [ 120.2528558, 14.8552661 ], [ 120.2529979, 14.8554263 ], [ 120.2529145, 14.8554958 ] ] ] } },
{ "type": "Feature", "properties": { "contextFeatureId": "PHL-S-001::landuse::way::307975742", "projectId": "PHL-S-001", "projectName": "Olongapo Solar Power Project", "countryCode": "PHL", "osmType": "way", "osmId": 307975742, "highway": null, "place": null, "power": null, "landuse": "residential", "name": "39", "voltage": null, "circuits": null, "cables": null, "frequency": null, "substationTag": null, "lineTag": null, "operator": null, "location": null }, "geometry": { "type": "Polygon", "coordinates": [ [ [ 120.252584, 14.8579287 ], [ 120.2525722, 14.857908 ], [ 120.2525539, 14.8578924 ], [ 120.2525311, 14.8578836 ], [ 120.2525083, 14.8578826 ], [ 120.2525283, 14.857559 ], [ 120.2528296, 14.8577052 ], [ 120.252584, 14.8579287 ] ] ] } },
{ "type": "Feature", "properties": { "contextFeatureId": "PHL-S-001::landuse::way::307976863", "projectId": "PHL-S-001", "projectName": "Olongapo Solar Power Project", "countryCode": "PHL", "osmType": "way", "osmId": 307976863, "highway": null, "place": null, "power": null, "landuse": "residential", "name": "12", "voltage": null, "circuits": null, "cables": null, "frequency": null, "substationTag": null, "lineTag": null, "operator": null, "location": null }, "geometry": { "type": "Polygon", "coordinates": [ [ [ 120.2539029, 14.8526691 ], [ 120.253856, 14.8525596 ], [ 120.2539954, 14.8523728 ], [ 120.2540337, 14.8524674 ], [ 120.2540745, 14.852559 ], [ 120.2540881, 14.8525893 ], [ 120.2539029, 14.8526691 ] ] ] } },
{ "type": "Feature", "properties": { "contextFeatureId": "PHL-S-001::landuse::way::307982575", "projectId": "PHL-S-001", "projectName": "Olongapo Solar Power Project", "countryCode": "PHL", "osmType": "way", "osmId": 307982575, "highway": null, "place": null, "power": null, "landuse": "residential", "name": "22", "voltage": null, "circuits": null, "cables": null, "frequency": null, "substationTag": null, "lineTag": null, "operator": null, "location": null }, "geometry": { "type": "Polygon", "coordinates": [ [ [ 120.2518666, 14.8553461 ], [ 120.2517221, 14.855149 ], [ 120.2518155, 14.8550991 ], [ 120.2519555, 14.8552885 ], [ 120.2518666, 14.8553461 ] ] ] } },
{ "type": "Feature", "properties": { "contextFeatureId": "PHL-S-001::landuse::way::307982576", "projectId": "PHL-S-001", "projectName": "Olongapo Solar Power Project", "countryCode": "PHL", "osmType": "way", "osmId": 307982576, "highway": null, "place": null, "power": null, "landuse": "residential", "name": "20", "voltage": null, "circuits": null, "cables": null, "frequency": null, "substationTag": null, "lineTag": null, "operator": null, "location": null }, "geometry": { "type": "Polygon", "coordinates": [ [ [ 120.2517749, 14.8554118 ], [ 120.2516222, 14.8552036 ], [ 120.2517221, 14.855149 ], [ 120.2518666, 14.8553461 ], [ 120.2517749, 14.8554118 ] ] ] } },
{ "type": "Feature", "properties": { "contextFeatureId": "PHL-S-001::landuse::way::307984798", "projectId": "PHL-S-001", "projectName": "Olongapo Solar Power Project", "countryCode": "PHL", "osmType": "way", "osmId": 307984798, "highway": null, "place": null, "power": null, "landuse": "residential", "name": null, "voltage": null, "circuits": null, "cables": null, "frequency": null, "substationTag": null, "lineTag": null, "operator": null, "location": null }, "geometry": { "type": "Polygon", "coordinates": [ [ [ 120.2519451, 14.8566098 ], [ 120.2517533, 14.8565511 ], [ 120.251793, 14.8564303 ], [ 120.2518355, 14.8563163 ], [ 120.2518441, 14.8562929 ], [ 120.2520384, 14.8563748 ], [ 120.2519451, 14.8566098 ] ] ] } },
{ "type": "Feature", "properties": { "contextFeatureId": "PHL-S-001::landuse::way::307997923", "projectId": "PHL-S-001", "projectName": "Olongapo Solar Power Project", "countryCode": "PHL", "osmType": "way", "osmId": 307997923, "highway": null, "place": null, "power": null, "landuse": "residential", "name": null, "voltage": null, "circuits": null, "cables": null, "frequency": null, "substationTag": null, "lineTag": null, "operator": null, "location": null }, "geometry": { "type": "Polygon", "coordinates": [ [ [ 120.2530999, 14.852732 ], [ 120.2530515, 14.8522726 ], [ 120.253584, 14.8521651 ], [ 120.2536314, 14.8523868 ], [ 120.2536609, 14.8525096 ], [ 120.2536794, 14.8525963 ], [ 120.2530999, 14.852732 ] ] ] } },
{ "type": "Feature", "properties": { "contextFeatureId": "PHL-S-001::landuse::way::307998230", "projectId": "PHL-S-001", "projectName": "Olongapo Solar Power Project", "countryCode": "PHL", "osmType": "way", "osmId": 307998230, "highway": null, "place": null, "power": null, "landuse": "residential", "name": null, "voltage": null, "circuits": null, "cables": null, "frequency": null, "substationTag": null, "lineTag": null, "operator": null, "location": null }, "geometry": { "type": "Polygon", "coordinates": [ [ [ 120.2524872, 14.8528716 ], [ 120.2522757, 14.8527793 ], [ 120.2522479, 14.8525985 ], [ 120.2522188, 14.8524594 ], [ 120.2525003, 14.8524017 ], [ 120.2526504, 14.8523687 ], [ 120.2526729, 14.8524746 ], [ 120.2527003, 14.8526171 ], [ 120.2525563, 14.852649 ], [ 120.252601, 14.8528457 ], [ 120.2524872, 14.8528716 ] ] ] } },
{ "type": "Feature", "properties": { "contextFeatureId": "PHL-S-001::landuse::way::308007319", "projectId": "PHL-S-001", "projectName": "Olongapo Solar Power Project", "countryCode": "PHL", "osmType": "way", "osmId": 308007319, "highway": null, "place": null, "power": null, "landuse": "residential", "name": "BLK.15 Sta. Monica", "voltage": null, "circuits": null, "cables": null, "frequency": null, "substationTag": null, "lineTag": null, "operator": null, "location": null }, "geometry": { "type": "Polygon", "coordinates": [ [ [ 120.2503722, 14.8610542 ], [ 120.2504173, 14.8608001 ], [ 120.2504725, 14.8605464 ], [ 120.2504915, 14.8604562 ], [ 120.2506171, 14.8603966 ], [ 120.2507936, 14.8603129 ], [ 120.2510549, 14.8601926 ], [ 120.2511696, 14.8601406 ], [ 120.2512813, 14.8600885 ], [ 120.2513861, 14.8600371 ], [ 120.2514905, 14.8599872 ], [ 120.2516103, 14.859927 ], [ 120.2517069, 14.8598691 ], [ 120.2517921, 14.8598022 ], [ 120.2518856, 14.8597227 ], [ 120.2519496, 14.8596714 ], [ 120.2520531, 14.8595967 ], [ 120.2521865, 14.859488 ], [ 120.2523422, 14.8593881 ], [ 120.2525224, 14.8593036 ], [ 120.2526096, 14.8592627 ], [ 120.2527486, 14.8592144 ], [ 120.2528956, 14.859166 ], [ 120.2530242, 14.8591192 ], [ 120.2531263, 14.8590701 ], [ 120.2532128, 14.859014 ], [ 120.2532447, 14.8589798 ], [ 120.2531402, 14.8588915 ], [ 120.2530358, 14.8588095 ], [ 120.2529467, 14.8587375 ], [ 120.2528585, 14.8586669 ], [ 120.2527817, 14.8586001 ], [ 120.2527049, 14.8585217 ], [ 120.2526278, 14.8584446 ], [ 120.2525506, 14.8583606 ], [ 120.2524807, 14.8582828 ], [ 120.2523523, 14.85814 ], [ 120.2524345, 14.8580588 ], [ 120.2524847, 14.8580131 ], [ 120.2525066, 14.8580196 ], [ 120.2525294, 14.8580191 ], [ 120.2525523, 14.8580109 ], [ 120.252571, 14.8579957 ], [ 120.2525834, 14.8579753 ], [ 120.2525879, 14.857952 ], [ 120.252584, 14.8579287 ], [ 120.2525722, 14.857908 ], [ 120.2525539, 14.8578924 ], [ 120.2525311, 14.8578836 ], [ 120.2525083, 14.8578826 ], [ 120.2524925, 14.8578856 ], [ 120.2524863, 14.8578885 ], [ 120.2524674, 14.8579009 ], [ 120.2524535, 14.8579184 ], [ 120.252446, 14.8579393 ], [ 120.2524457, 14.8579614 ], [ 120.2524527, 14.8579824 ], [ 120.2523155, 14.8581025 ], [ 120.2522436, 14.8579772 ], [ 120.2521084, 14.857768 ], [ 120.2520455, 14.8576676 ], [ 120.2519465, 14.8575081 ], [ 120.2518952, 14.8574254 ], [ 120.2518966, 14.8572575 ], [ 120.2519031, 14.8571198 ], [ 120.2519235, 14.8570172 ], [ 120.2519522, 14.8568857 ], [ 120.2519898, 14.8567434 ], [ 120.2520498, 14.8565988 ], [ 120.2520945, 14.8564976 ], [ 120.2521558, 14.8563698 ], [ 120.2522031, 14.8562786 ], [ 120.2522676, 14.8561545 ], [ 120.252412, 14.8560276 ], [ 120.2525325, 14.8559217 ], [ 120.2527773, 14.8557104 ], [ 120.2528495, 14.8556458 ], [ 120.2529496, 14.8555611 ], [ 120.2530951, 14.855436 ], [ 120.2531876, 14.8553543 ], [ 120.2532705, 14.855283 ], [ 120.2533606, 14.8552065 ], [ 120.2534357, 14.8551404 ], [ 120.2535208, 14.8550662 ], [ 120.253602, 14.8549964 ], [ 120.2536876, 14.8549228 ], [ 120.2537688, 14.8548529 ], [ 120.2538591, 14.8547753 ], [ 120.2539366, 14.8547086 ], [ 120.2540187, 14.854638 ], [ 120.2541065, 14.8545625 ], [ 120.2541929, 14.8544882 ], [ 120.2542753, 14.8544173 ], [ 120.2543535, 14.85435 ], [ 120.2544424, 14.8542746 ], [ 120.2545306, 14.8542037 ], [ 120.2545571, 14.8541822 ], [ 120.2547074, 14.8540608 ], [ 120.2548401, 14.8542114 ], [ 120.2546711, 14.8543619 ], [ 120.2547586, 14.8544536 ], [ 120.2546667, 14.8545346 ], [ 120.2545851, 14.8544389 ], [ 120.2544163, 14.8545813 ], [ 120.2543342, 14.8546504 ], [ 120.2542466, 14.8547243 ], [ 120.2541614, 14.8547962 ], [ 120.2540785, 14.854866 ], [ 120.2539992, 14.8549329 ], [ 120.2539095, 14.8550085 ], [ 120.2538231, 14.8550814 ], [ 120.2536562, 14.8552221 ], [ 120.2535723, 14.8552929 ], [ 120.2534945, 14.8553555 ], [ 120.2535915, 14.8554687 ], [ 120.2535002, 14.8555441 ], [ 120.2534157, 14.8556128 ], [ 120.2533258, 14.8556945 ], [ 120.2533065, 14.8557152 ], [ 120.2532185, 14.8558584 ], [ 120.2531467, 14.8559797 ], [ 120.2530168, 14.8561947 ], [ 120.2529711, 14.8562703 ], [ 120.2525817, 14.8561956 ], [ 120.2525178, 14.8563141 ], [ 120.25224, 14.8568289 ], [ 120.2520974, 14.8573501 ], [ 120.2521803, 14.8573903 ], [ 120.2525283, 14.857559 ], [ 120.2528296, 14.8577052 ], [ 120.2531904, 14.8578801 ], [ 120.2528412, 14.8580472 ], [ 120.2525928, 14.8581691 ], [ 120.2528392, 14.858375 ], [ 120.2529265, 14.8584497 ], [ 120.2530093, 14.8585206 ], [ 120.253085, 14.8585853 ], [ 120.2531727, 14.8586604 ], [ 120.2532744, 14.8587474 ], [ 120.2533786, 14.8588366 ], [ 120.2537681, 14.8591699 ], [ 120.2534471, 14.8593104 ], [ 120.2533309, 14.8593613 ], [ 120.2531257, 14.8593696 ], [ 120.2529918, 14.8593831 ], [ 120.2529309, 14.8593896 ], [ 120.2528306, 14.8593988 ], [ 120.2526949, 14.8594283 ], [ 120.2526389, 14.8595172 ], [ 120.2525739, 14.8596203 ], [ 120.2524191, 14.8598659 ], [ 120.2522779, 14.8598032 ], [ 120.2520825, 14.8597427 ], [ 120.2519774, 14.8598354 ], [ 120.2518952, 14.8599191 ], [ 120.2518074, 14.8600239 ], [ 120.2517142, 14.8601199 ], [ 120.2516118, 14.860225 ], [ 120.2515403, 14.8602987 ], [ 120.2513938, 14.8603294 ], [ 120.2512663, 14.8603568 ], [ 120.251146, 14.8603833 ], [ 120.2510827, 14.860398 ], [ 120.2509298, 14.8605392 ], [ 120.2508089, 14.8606509 ], [ 120.2506874, 14.8607631 ], [ 120.2505421, 14.8608973 ], [ 120.2503722, 14.8610542 ] ] ] } },
{ "type": "Feature", "properties": { "contextFeatureId": "PHL-S-001::landuse::way::308007320", "projectId": "PHL-S-001", "projectName": "Olongapo Solar Power Project", "countryCode": "PHL", "osmType": "way", "osmId": 308007320, "highway": null, "place": null, "power": null, "landuse": "residential", "name": null, "voltage": null, "circuits": null, "cables": null, "frequency": null, "substationTag": null, "lineTag": null, "operator": null, "location": null }, "geometry": { "type": "Polygon", "coordinates": [ [ [ 120.2535915, 14.8554687 ], [ 120.2534945, 14.8553555 ], [ 120.2535723, 14.8552929 ], [ 120.2536562, 14.8552221 ], [ 120.2537385, 14.8551527 ], [ 120.2538231, 14.8550814 ], [ 120.2539095, 14.8550085 ], [ 120.2539992, 14.8549329 ], [ 120.2540785, 14.854866 ], [ 120.2541614, 14.8547962 ], [ 120.2542466, 14.8547243 ], [ 120.2543342, 14.8546504 ], [ 120.2544163, 14.8545813 ], [ 120.2544977, 14.8545131 ], [ 120.2545851, 14.8544389 ], [ 120.2546667, 14.8545346 ], [ 120.2535915, 14.8554687 ] ] ] } },
{ "type": "Feature", "properties": { "contextFeatureId": "PHL-S-001::landuse::way::308007946", "projectId": "PHL-S-001", "projectName": "Olongapo Solar Power Project", "countryCode": "PHL", "osmType": "way", "osmId": 308007946, "highway": null, "place": null, "power": null, "landuse": "residential", "name": null, "voltage": null, "circuits": null, "cables": null, "frequency": null, "substationTag": null, "lineTag": null, "operator": null, "location": null }, "geometry": { "type": "Polygon", "coordinates": [ [ [ 120.2533309, 14.8593613 ], [ 120.2531263, 14.8590701 ], [ 120.2532128, 14.859014 ], [ 120.2532447, 14.8589798 ], [ 120.2533786, 14.8588366 ], [ 120.2537681, 14.8591699 ], [ 120.2534471, 14.8593104 ], [ 120.2533906, 14.8593352 ], [ 120.2533309, 14.8593613 ] ] ] } },
{ "type": "Feature", "properties": { "contextFeatureId": "PHL-S-001::landuse::way::308156588", "projectId": "PHL-S-001", "projectName": "Olongapo Solar Power Project", "countryCode": "PHL", "osmType": "way", "osmId": 308156588, "highway": null, "place": null, "power": null, "landuse": "residential", "name": null, "voltage": null, "circuits": null, "cables": null, "frequency": null, "substationTag": null, "lineTag": null, "operator": null, "location": null }, "geometry": { "type": "Polygon", "coordinates": [ [ [ 120.2525817, 14.8561956 ], [ 120.252412, 14.8560276 ], [ 120.2525325, 14.8559217 ], [ 120.2527208, 14.8561227 ], [ 120.2528572, 14.8560155 ], [ 120.2530168, 14.8561947 ], [ 120.2529711, 14.8562703 ], [ 120.2528379, 14.8562447 ], [ 120.2527988, 14.8562372 ], [ 120.2525817, 14.8561956 ] ] ] } },
{ "type": "Feature", "properties": { "contextFeatureId": "PHL-S-001::landuse::way::308347860", "projectId": "PHL-S-001", "projectName": "Olongapo Solar Power Project", "countryCode": "PHL", "osmType": "way", "osmId": 308347860, "highway": null, "place": null, "power": null, "landuse": "residential", "name": "BLK.5 Sta. Monica", "voltage": null, "circuits": null, "cables": null, "frequency": null, "substationTag": null, "lineTag": null, "operator": null, "location": null }, "geometry": { "type": "Polygon", "coordinates": [ [ [ 120.2525003, 14.8524017 ], [ 120.2526504, 14.8523687 ], [ 120.2527012, 14.8523575 ], [ 120.2527508, 14.8523467 ], [ 120.252801, 14.8523356 ], [ 120.2528503, 14.8523248 ], [ 120.2529064, 14.8523125 ], [ 120.2529114, 14.8523752 ], [ 120.2529175, 14.8524351 ], [ 120.2529294, 14.8526026 ], [ 120.2529392, 14.8527686 ], [ 120.2527411, 14.8528126 ], [ 120.252601, 14.8528457 ], [ 120.2524872, 14.8528716 ], [ 120.2524742, 14.8529797 ], [ 120.2524717, 14.8530893 ], [ 120.2524723, 14.8531862 ], [ 120.2524738, 14.8534117 ], [ 120.2524745, 14.853518 ], [ 120.2524752, 14.8536321 ], [ 120.2524758, 14.8537293 ], [ 120.2524765, 14.8538317 ], [ 120.2524772, 14.8539432 ], [ 120.2524779, 14.854056 ], [ 120.2524785, 14.8541532 ], [ 120.2524793, 14.8542789 ], [ 120.2524801, 14.8544098 ], [ 120.2524809, 14.8545287 ], [ 120.2524276, 14.8546759 ], [ 120.2523283, 14.8547518 ], [ 120.2522788, 14.8547897 ], [ 120.2521801, 14.8548416 ], [ 120.2520566, 14.8549024 ], [ 120.2518516, 14.8550075 ], [ 120.2517428, 14.8550596 ], [ 120.2516389, 14.8551106 ], [ 120.2515439, 14.8551669 ], [ 120.2514488, 14.8552315 ], [ 120.2513485, 14.8552963 ], [ 120.2512669, 14.8553482 ], [ 120.2511652, 14.8554137 ], [ 120.2510688, 14.8554712 ], [ 120.2509781, 14.8555302 ], [ 120.2509139, 14.8555758 ], [ 120.2507973, 14.8556519 ], [ 120.2507494, 14.8556812 ], [ 120.2506975, 14.8557327 ], [ 120.2505938, 14.8558424 ], [ 120.2505649, 14.8558911 ], [ 120.2505479, 14.8559949 ], [ 120.250536, 14.8561014 ], [ 120.2505266, 14.8562023 ], [ 120.2505133, 14.8563108 ], [ 120.250501, 14.8564105 ], [ 120.2504874, 14.8565212 ], [ 120.2504743, 14.8566276 ], [ 120.2504608, 14.8567374 ], [ 120.2504464, 14.85684 ], [ 120.2504399, 14.8569456 ], [ 120.2504303, 14.8570689 ], [ 120.2504217, 14.8571806 ], [ 120.2504147, 14.8572886 ], [ 120.2504068, 14.8573963 ], [ 120.2503998, 14.8574956 ], [ 120.2503905, 14.8576059 ], [ 120.2503777, 14.8577788 ], [ 120.2503669, 14.857879 ], [ 120.2503578, 14.8579585 ], [ 120.2503482, 14.8580424 ], [ 120.2503363, 14.8581546 ], [ 120.2503256, 14.8582727 ], [ 120.2503151, 14.8583761 ], [ 120.2503049, 14.8584748 ], [ 120.2502881, 14.8586079 ], [ 120.2502762, 14.8587043 ], [ 120.2502679, 14.8588123 ], [ 120.2502825, 14.8588768 ], [ 120.2503101, 14.858958 ], [ 120.2503399, 14.8590511 ], [ 120.2503686, 14.8591451 ], [ 120.2503971, 14.8592279 ], [ 120.250438, 14.8593591 ], [ 120.2504721, 14.8594644 ], [ 120.2505174, 14.8595907 ], [ 120.2505125, 14.8597319 ], [ 120.2504984, 14.8598449 ], [ 120.2504815, 14.8599678 ], [ 120.2504637, 14.8600933 ], [ 120.2504496, 14.8602016 ], [ 120.2504375, 14.8603064 ], [ 120.2504283, 14.8603993 ], [ 120.250417, 14.8604564 ], [ 120.2504081, 14.8605023 ], [ 120.2503901, 14.8605989 ], [ 120.250374, 14.8606779 ], [ 120.2503554, 14.8607609 ], [ 120.2503321, 14.86089 ], [ 120.2503077, 14.8610042 ], [ 120.250102, 14.8610738 ], [ 120.2501127, 14.8609816 ], [ 120.2501222, 14.8609098 ], [ 120.2501283, 14.8608658 ], [ 120.2501348, 14.8608254 ], [ 120.2501435, 14.8607619 ], [ 120.2501511, 14.8607304 ], [ 120.2501594, 14.8606995 ], [ 120.2501732, 14.8606452 ], [ 120.2501859, 14.8606074 ], [ 120.250197, 14.860567 ], [ 120.2502098, 14.8605201 ], [ 120.2502213, 14.8604727 ], [ 120.2502317, 14.8604231 ], [ 120.2502381, 14.8603772 ], [ 120.2502421, 14.8603241 ], [ 120.2502463, 14.8602844 ], [ 120.2502536, 14.8602146 ], [ 120.2502579, 14.8601799 ], [ 120.2502645, 14.8601263 ], [ 120.2502715, 14.8600696 ], [ 120.2502743, 14.8600464 ], [ 120.2502846, 14.8599629 ], [ 120.2502864, 14.8599485 ], [ 120.2502989, 14.8598467 ], [ 120.2503013, 14.8598273 ], [ 120.250308, 14.8597725 ], [ 120.2503134, 14.8597282 ], [ 120.2503186, 14.8596861 ], [ 120.2503057, 14.8596257 ], [ 120.2503007, 14.8595987 ], [ 120.2502835, 14.8595075 ], [ 120.2502763, 14.859478 ], [ 120.2502592, 14.8594082 ], [ 120.2502357, 14.8593348 ], [ 120.2502166, 14.8592761 ], [ 120.2502117, 14.8592608 ], [ 120.2501929, 14.8592057 ], [ 120.2501896, 14.8591959 ], [ 120.2501615, 14.8591243 ], [ 120.2501537, 14.8591015 ], [ 120.2501352, 14.8590472 ], [ 120.2501203, 14.859011 ], [ 120.2500991, 14.8589564 ], [ 120.2500909, 14.8589237 ], [ 120.250078, 14.8588622 ], [ 120.2500738, 14.8588298 ], [ 120.2500746, 14.858802 ], [ 120.2500781, 14.8587481 ], [ 120.2500816, 14.8586928 ], [ 120.2500827, 14.858676 ], [ 120.2500871, 14.8586076 ], [ 120.2500879, 14.8585946 ], [ 120.2500917, 14.8585359 ], [ 120.2500963, 14.8584631 ], [ 120.2501007, 14.8583954 ], [ 120.2501027, 14.8583633 ], [ 120.2501043, 14.8583385 ], [ 120.2501087, 14.8582698 ], [ 120.2501094, 14.858259 ], [ 120.2501131, 14.8582026 ], [ 120.2501171, 14.8581396 ], [ 120.2501176, 14.8581322 ], [ 120.2501226, 14.8580542 ], [ 120.2501242, 14.8580286 ], [ 120.2501287, 14.8579591 ], [ 120.25013, 14.8579458 ], [ 120.2501381, 14.8578671 ], [ 120.2501462, 14.8577669 ], [ 120.2501601, 14.8575903 ], [ 120.2501735, 14.8574807 ], [ 120.2501853, 14.8573808 ], [ 120.2501981, 14.8572791 ], [ 120.2502139, 14.8571606 ], [ 120.2502312, 14.8570566 ], [ 120.2502374, 14.8570139 ], [ 120.2502708, 14.8569317 ], [ 120.2502977, 14.8568656 ], [ 120.2502987, 14.8568225 ], [ 120.2503009, 14.8567257 ], [ 120.2503034, 14.8566199 ], [ 120.2503058, 14.8565141 ], [ 120.2503084, 14.8564004 ], [ 120.2503107, 14.8562987 ], [ 120.2503132, 14.8561917 ], [ 120.2503156, 14.8560865 ], [ 120.2503184, 14.8559616 ], [ 120.2503215, 14.8558277 ], [ 120.250333, 14.8557658 ], [ 120.2505749, 14.8555826 ], [ 120.2506833, 14.8555006 ], [ 120.2507934, 14.8554213 ], [ 120.2508142, 14.8554066 ], [ 120.250862, 14.8553729 ], [ 120.250955, 14.8553073 ], [ 120.2510473, 14.8552422 ], [ 120.2511504, 14.8551695 ], [ 120.2512328, 14.8551114 ], [ 120.2513279, 14.8550443 ], [ 120.2514325, 14.8549846 ], [ 120.2514884, 14.8549603 ], [ 120.2515103, 14.8549508 ], [ 120.2515282, 14.8549431 ], [ 120.2515404, 14.8549389 ], [ 120.2516609, 14.8548962 ], [ 120.2517736, 14.8548563 ], [ 120.2519823, 14.8547566 ], [ 120.2521074, 14.854694 ], [ 120.2521959, 14.8546511 ], [ 120.2522173, 14.8546407 ], [ 120.2522642, 14.854618 ], [ 120.2522648, 14.8545284 ], [ 120.2522655, 14.8544122 ], [ 120.2522663, 14.8542807 ], [ 120.2522671, 14.8541555 ], [ 120.2522677, 14.8540556 ], [ 120.2522684, 14.8539444 ], [ 120.2522691, 14.8538322 ], [ 120.2522698, 14.8537295 ], [ 120.2522704, 14.8536336 ], [ 120.2522711, 14.8535179 ], [ 120.2522718, 14.8534113 ], [ 120.2522732, 14.8531873 ], [ 120.2522738, 14.8530908 ], [ 120.2522745, 14.8529819 ], [ 120.2522757, 14.8527793 ], [ 120.2522479, 14.8525985 ], [ 120.2522188, 14.8524594 ], [ 120.2525003, 14.8524017 ] ] ] } },
{ "type": "Feature", "properties": { "contextFeatureId": "PHL-S-001::landuse::way::308347861", "projectId": "PHL-S-001", "projectName": "Olongapo Solar Power Project", "countryCode": "PHL", "osmType": "way", "osmId": 308347861, "highway": null, "place": null, "power": null, "landuse": "residential", "name": null, "voltage": null, "circuits": null, "cables": null, "frequency": null, "substationTag": null, "lineTag": null, "operator": null, "location": null }, "geometry": { "type": "Polygon", "coordinates": [ [ [ 120.2524742, 14.8529797 ], [ 120.2522745, 14.8529819 ], [ 120.2522757, 14.8527793 ], [ 120.2524872, 14.8528716 ], [ 120.2524742, 14.8529797 ] ] ] } },
{ "type": "Feature", "properties": { "contextFeatureId": "PHL-S-001::landuse::way::325103801", "projectId": "PHL-S-001", "projectName": "Olongapo Solar Power Project", "countryCode": "PHL", "osmType": "way", "osmId": 325103801, "highway": null, "place": null, "power": "plant", "landuse": "industrial", "name": "One Subic Power Plant", "voltage": null, "circuits": null, "cables": null, "frequency": null, "substationTag": null, "lineTag": null, "operator": "One Subic Power Generation Corporation", "location": null }, "geometry": { "type": "Polygon", "coordinates": [ [ [ 120.2986671, 14.8173666 ], [ 120.2986588, 14.8170399 ], [ 120.2986414, 14.8167084 ], [ 120.2985425, 14.8162924 ], [ 120.3000453, 14.8162933 ], [ 120.3000462, 14.8162407 ], [ 120.300048, 14.8161257 ], [ 120.3004386, 14.8161245 ], [ 120.3004357, 14.8162837 ], [ 120.3018129, 14.8162634 ], [ 120.3018232, 14.8178517 ], [ 120.3017497, 14.8178846 ], [ 120.3014824, 14.818004 ], [ 120.3010297, 14.8182063 ], [ 120.3001603, 14.8185925 ], [ 120.3000783, 14.8183993 ], [ 120.3000017, 14.818263 ], [ 120.2997456, 14.817942 ], [ 120.2990669, 14.817422 ], [ 120.2986671, 14.8173666 ] ] ] } },
{ "type": "Feature", "properties": { "contextFeatureId": "PHL-S-001::landuse::way::325103802", "projectId": "PHL-S-001", "projectName": "Olongapo Solar Power Project", "countryCode": "PHL", "osmType": "way", "osmId": 325103802, "highway": null, "place": null, "power": null, "landuse": "retail", "name": null, "voltage": null, "circuits": null, "cables": null, "frequency": null, "substationTag": null, "lineTag": null, "operator": null, "location": null }, "geometry": { "type": "Polygon", "coordinates": [ [ [ 120.2980589, 14.8227279 ], [ 120.2981095, 14.823231 ], [ 120.2983645, 14.8231867 ], [ 120.298661, 14.8231025 ], [ 120.2989202, 14.8230226 ], [ 120.2990515, 14.8229616 ], [ 120.2991453, 14.8228483 ], [ 120.2991761, 14.8227569 ], [ 120.2991819, 14.8226973 ], [ 120.2991738, 14.8226415 ], [ 120.2991569, 14.8225718 ], [ 120.2990585, 14.8225948 ], [ 120.2980589, 14.8227279 ] ] ] } },
{ "type": "Feature", "properties": { "contextFeatureId": "PHL-S-001::landuse::way::325103803", "projectId": "PHL-S-001", "projectName": "Olongapo Solar Power Project", "countryCode": "PHL", "osmType": "way", "osmId": 325103803, "highway": null, "place": null, "power": null, "landuse": "retail", "name": null, "voltage": null, "circuits": null, "cables": null, "frequency": null, "substationTag": null, "lineTag": null, "operator": null, "location": null }, "geometry": { "type": "Polygon", "coordinates": [ [ [ 120.2980589, 14.8227279 ], [ 120.2990585, 14.8225948 ], [ 120.2991569, 14.8225718 ], [ 120.2985758, 14.8214207 ], [ 120.2979547, 14.8214205 ], [ 120.2980589, 14.8227279 ] ] ] } },
{ "type": "Feature", "properties": { "contextFeatureId": "PHL-S-001::landuse::way::325152785", "projectId": "PHL-S-001", "projectName": "Olongapo Solar Power Project", "countryCode": "PHL", "osmType": "way", "osmId": 325152785, "highway": null, "place": null, "power": null, "landuse": "industrial", "name": null, "voltage": null, "circuits": null, "cables": null, "frequency": null, "substationTag": null, "lineTag": null, "operator": null, "location": null }, "geometry": { "type": "Polygon", "coordinates": [ [ [ 120.2986595, 14.8052899 ], [ 120.2988997, 14.8054433 ], [ 120.2990811, 14.8057763 ], [ 120.2990833, 14.8059472 ], [ 120.2988725, 14.8061357 ], [ 120.299489, 14.8062649 ], [ 120.2997156, 14.806197 ], [ 120.3007649, 14.8062606 ], [ 120.3004341, 14.8056295 ], [ 120.2997224, 14.8053085 ], [ 120.2995581, 14.8051581 ], [ 120.2991298, 14.8047662 ], [ 120.2988091, 14.8050795 ], [ 120.298834, 14.8051047 ], [ 120.2986595, 14.8052899 ] ] ] } },
{ "type": "Feature", "properties": { "contextFeatureId": "PHL-S-001::landuse::way::325152786", "projectId": "PHL-S-001", "projectName": "Olongapo Solar Power Project", "countryCode": "PHL", "osmType": "way", "osmId": 325152786, "highway": null, "place": null, "power": null, "landuse": "industrial", "name": null, "voltage": null, "circuits": null, "cables": null, "frequency": null, "substationTag": null, "lineTag": null, "operator": null, "location": null }, "geometry": { "type": "Polygon", "coordinates": [ [ [ 120.3005434, 14.8038913 ], [ 120.3003721, 14.8040088 ], [ 120.3001341, 14.80424 ], [ 120.300065, 14.8042849 ], [ 120.2997744, 14.804035 ], [ 120.2997312, 14.8040908 ], [ 120.3000132, 14.8043402 ], [ 120.2998825, 14.8044901 ], [ 120.3004341, 14.8056295 ], [ 120.3007649, 14.8062606 ], [ 120.3010478, 14.8065179 ], [ 120.301402, 14.8067472 ], [ 120.3016135, 14.8067611 ], [ 120.3016584, 14.8066248 ], [ 120.3021985, 14.8066047 ], [ 120.3025927, 14.8066635 ], [ 120.3005434, 14.8038913 ] ] ] } },
{ "type": "Feature", "properties": { "contextFeatureId": "PHL-S-001::landuse::way::325156068", "projectId": "PHL-S-001", "projectName": "Olongapo Solar Power Project", "countryCode": "PHL", "osmType": "way", "osmId": 325156068, "highway": null, "place": null, "power": null, "landuse": "industrial", "name": null, "voltage": null, "circuits": null, "cables": null, "frequency": null, "substationTag": null, "lineTag": null, "operator": null, "location": null }, "geometry": { "type": "Polygon", "coordinates": [ [ [ 120.2962109, 14.8080593 ], [ 120.2963358, 14.8080531 ], [ 120.2968213, 14.8080292 ], [ 120.2968299, 14.8090932 ], [ 120.2968497, 14.8093074 ], [ 120.2968133, 14.8099352 ], [ 120.2968853, 14.8100031 ], [ 120.2968935, 14.8108432 ], [ 120.2967878, 14.8108573 ], [ 120.2956685, 14.8102418 ], [ 120.2956363, 14.810182 ], [ 120.295685, 14.8100129 ], [ 120.2958068, 14.8096856 ], [ 120.2958204, 14.8096594 ], [ 120.2958931, 14.8095186 ], [ 120.2960703, 14.8093584 ], [ 120.2961667, 14.8092177 ], [ 120.2961899, 14.8089761 ], [ 120.2961348, 14.8086812 ], [ 120.2961563, 14.808553 ], [ 120.2962109, 14.8080593 ] ] ] } },
{ "type": "Feature", "properties": { "contextFeatureId": "PHL-S-001::landuse::way::334287420", "projectId": "PHL-S-001", "projectName": "Olongapo Solar Power Project", "countryCode": "PHL", "osmType": "way", "osmId": 334287420, "highway": null, "place": null, "power": null, "landuse": "commercial", "name": "Ritz Tropical Coffe shop and Bar", "voltage": null, "circuits": null, "cables": null, "frequency": null, "substationTag": null, "lineTag": null, "operator": null, "location": null }, "geometry": { "type": "Polygon", "coordinates": [ [ [ 120.2896685, 14.8243057 ], [ 120.2898217, 14.8242389 ], [ 120.2897576, 14.8241023 ], [ 120.2896632, 14.8241434 ], [ 120.2896438, 14.8240994 ], [ 120.2895665, 14.8241393 ], [ 120.2896174, 14.8242484 ], [ 120.2896376, 14.8242396 ], [ 120.2896685, 14.8243057 ] ] ] } },
{ "type": "Feature", "properties": { "contextFeatureId": "PHL-S-001::landuse::way::334287432", "projectId": "PHL-S-001", "projectName": "Olongapo Solar Power Project", "countryCode": "PHL", "osmType": "way", "osmId": 334287432, "highway": null, "place": null, "power": null, "landuse": "recreation_ground", "name": null, "voltage": null, "circuits": null, "cables": null, "frequency": null, "substationTag": null, "lineTag": null, "operator": null, "location": null }, "geometry": { "type": "Polygon", "coordinates": [ [ [ 120.2979669, 14.8170292 ], [ 120.2981567, 14.8170214 ], [ 120.2983528, 14.816995 ], [ 120.2982996, 14.8166629 ], [ 120.2983285, 14.8166072 ], [ 120.2983358, 14.8165567 ], [ 120.2982904, 14.8162859 ], [ 120.2982286, 14.8162286 ], [ 120.2981098, 14.816242 ], [ 120.2980243, 14.8165721 ], [ 120.298005, 14.8166441 ], [ 120.2980078, 14.8167321 ], [ 120.2980174, 14.8167787 ], [ 120.2979834, 14.8168607 ], [ 120.2979669, 14.8170292 ] ] ] } },
{ "type": "Feature", "properties": { "contextFeatureId": "PHL-S-001::landuse::way::334290603", "projectId": "PHL-S-001", "projectName": "Olongapo Solar Power Project", "countryCode": "PHL", "osmType": "way", "osmId": 334290603, "highway": null, "place": null, "power": null, "landuse": "industrial", "name": null, "voltage": null, "circuits": null, "cables": null, "frequency": null, "substationTag": null, "lineTag": null, "operator": null, "location": null }, "geometry": { "type": "Polygon", "coordinates": [ [ [ 120.3023176, 14.8210398 ], [ 120.3019291, 14.8202463 ], [ 120.3013047, 14.8205032 ], [ 120.300618, 14.8208371 ], [ 120.3000706, 14.8197606 ], [ 120.3006927, 14.8194449 ], [ 120.3003122, 14.8187311 ], [ 120.3024262, 14.8177897 ], [ 120.3029899, 14.8177859 ], [ 120.3029801, 14.8195303 ], [ 120.3029637, 14.8197659 ], [ 120.3028565, 14.8203828 ], [ 120.3023176, 14.8210398 ] ] ] } },
{ "type": "Feature", "properties": { "contextFeatureId": "PHL-S-001::landuse::way::334290604", "projectId": "PHL-S-001", "projectName": "Olongapo Solar Power Project", "countryCode": "PHL", "osmType": "way", "osmId": 334290604, "highway": null, "place": null, "power": null, "landuse": "industrial", "name": "Mateen Tokyo International Inc.", "voltage": null, "circuits": null, "cables": null, "frequency": null, "substationTag": null, "lineTag": null, "operator": null, "location": null }, "geometry": { "type": "Polygon", "coordinates": [ [ [ 120.3000217, 14.8218628 ], [ 120.2998629, 14.8215283 ], [ 120.3007479, 14.8210934 ], [ 120.3011933, 14.8219721 ], [ 120.3006333, 14.8222395 ], [ 120.300364, 14.8217042 ], [ 120.3000217, 14.8218628 ] ] ] } },
{ "type": "Feature", "properties": { "contextFeatureId": "PHL-S-001::landuse::way::336969133", "projectId": "PHL-S-001", "projectName": "Olongapo Solar Power Project", "countryCode": "PHL", "osmType": "way", "osmId": 336969133, "highway": null, "place": null, "power": null, "landuse": "residential", "name": null, "voltage": null, "circuits": null, "cables": null, "frequency": null, "substationTag": null, "lineTag": null, "operator": null, "location": null }, "geometry": { "type": "Polygon", "coordinates": [ [ [ 120.262536, 14.8512684 ], [ 120.2627031, 14.851227 ], [ 120.2627957, 14.8513806 ], [ 120.2628371, 14.8513405 ], [ 120.2630816, 14.8516502 ], [ 120.2628758, 14.8518078 ], [ 120.2628114, 14.851725 ], [ 120.2628404, 14.8516921 ], [ 120.262536, 14.8512684 ] ] ] } },
{ "type": "Feature", "properties": { "contextFeatureId": "PHL-S-001::landuse::way::340048574", "projectId": "PHL-S-001", "projectName": "Olongapo Solar Power Project", "countryCode": "PHL", "osmType": "way", "osmId": 340048574, "highway": null, "place": null, "power": null, "landuse": "residential", "name": null, "voltage": null, "circuits": null, "cables": null, "frequency": null, "substationTag": null, "lineTag": null, "operator": null, "location": null }, "geometry": { "type": "Polygon", "coordinates": [ [ [ 120.2598918, 14.857499 ], [ 120.2598971, 14.8573474 ], [ 120.259894, 14.8572628 ], [ 120.2600652, 14.8572651 ], [ 120.2600716, 14.8575148 ], [ 120.2598918, 14.857499 ] ] ] } },
{ "type": "Feature", "properties": { "contextFeatureId": "PHL-S-001::landuse::way::345811757", "projectId": "PHL-S-001", "projectName": "Olongapo Solar Power Project", "countryCode": "PHL", "osmType": "way", "osmId": 345811757, "highway": null, "place": null, "power": null, "landuse": "residential", "name": null, "voltage": null, "circuits": null, "cables": null, "frequency": null, "substationTag": null, "lineTag": null, "operator": null, "location": null }, "geometry": { "type": "Polygon", "coordinates": [ [ [ 120.2577109, 14.8580941 ], [ 120.2574699, 14.8580224 ], [ 120.2574221, 14.8580021 ], [ 120.2572823, 14.8579425 ], [ 120.2572064, 14.8579017 ], [ 120.2571683, 14.8579645 ], [ 120.2571363, 14.8579491 ], [ 120.2570405, 14.8578984 ], [ 120.2570204, 14.8578688 ], [ 120.2568456, 14.8576027 ], [ 120.2567073, 14.8576923 ], [ 120.2566927, 14.8576726 ], [ 120.2568366, 14.8575813 ], [ 120.2568046, 14.8575052 ], [ 120.2567766, 14.8573667 ], [ 120.256793, 14.8572724 ], [ 120.25681, 14.8571901 ], [ 120.2568247, 14.857134 ], [ 120.256861, 14.8569897 ], [ 120.2570024, 14.8569938 ], [ 120.2570666, 14.8568165 ], [ 120.257096, 14.8567201 ], [ 120.2571133, 14.8565862 ], [ 120.2571128, 14.8564094 ], [ 120.2570946, 14.8561392 ], [ 120.257055, 14.8559107 ], [ 120.257072, 14.8558537 ], [ 120.2572035, 14.8557475 ], [ 120.2572421, 14.855715 ], [ 120.2573463, 14.855633 ], [ 120.2575326, 14.8555396 ], [ 120.2577643, 14.8554255 ], [ 120.257858, 14.8556029 ], [ 120.2581248, 14.8560004 ], [ 120.2582141, 14.856322 ], [ 120.2582449, 14.8566735 ], [ 120.2581217, 14.8571202 ], [ 120.2578259, 14.8576294 ], [ 120.2577109, 14.8580941 ] ] ] } },
{ "type": "Feature", "properties": { "contextFeatureId": "PHL-S-001::landuse::way::346139646", "projectId": "PHL-S-001", "projectName": "Olongapo Solar Power Project", "countryCode": "PHL", "osmType": "way", "osmId": 346139646, "highway": null, "place": null, "power": null, "landuse": "residential", "name": null, "voltage": null, "circuits": null, "cables": null, "frequency": null, "substationTag": null, "lineTag": null, "operator": null, "location": null }, "geometry": { "type": "Polygon", "coordinates": [ [ [ 120.2534157, 14.8556128 ], [ 120.2531876, 14.8553543 ], [ 120.2532705, 14.855283 ], [ 120.2535002, 14.8555441 ], [ 120.2534157, 14.8556128 ] ] ] } },
{ "type": "Feature", "properties": { "contextFeatureId": "PHL-S-001::landuse::way::346139647", "projectId": "PHL-S-001", "projectName": "Olongapo Solar Power Project", "countryCode": "PHL", "osmType": "way", "osmId": 346139647, "highway": null, "place": null, "power": null, "landuse": "residential", "name": null, "voltage": null, "circuits": null, "cables": null, "frequency": null, "substationTag": null, "lineTag": null, "operator": null, "location": null }, "geometry": { "type": "Polygon", "coordinates": [ [ [ 120.2533258, 14.8556945 ], [ 120.2530951, 14.855436 ], [ 120.2531876, 14.8553543 ], [ 120.2534157, 14.8556128 ], [ 120.2533258, 14.8556945 ] ] ] } },
{ "type": "Feature", "properties": { "contextFeatureId": "PHL-S-001::landuse::way::369445649", "projectId": "PHL-S-001", "projectName": "Olongapo Solar Power Project", "countryCode": "PHL", "osmType": "way", "osmId": 369445649, "highway": null, "place": null, "power": null, "landuse": "residential", "name": null, "voltage": null, "circuits": null, "cables": null, "frequency": null, "substationTag": null, "lineTag": null, "operator": null, "location": null }, "geometry": { "type": "Polygon", "coordinates": [ [ [ 120.2566448, 14.8575993 ], [ 120.256568, 14.8574841 ], [ 120.2565163, 14.8573515 ], [ 120.2566073, 14.8573521 ], [ 120.2566112, 14.8572662 ], [ 120.256793, 14.8572724 ], [ 120.2567766, 14.8573667 ], [ 120.2568046, 14.8575052 ], [ 120.2566448, 14.8575993 ] ] ] } },
{ "type": "Feature", "properties": { "contextFeatureId": "PHL-S-001::landuse::way::376035387", "projectId": "PHL-S-001", "projectName": "Olongapo Solar Power Project", "countryCode": "PHL", "osmType": "way", "osmId": 376035387, "highway": null, "place": null, "power": null, "landuse": "residential", "name": null, "voltage": null, "circuits": null, "cables": null, "frequency": null, "substationTag": null, "lineTag": null, "operator": null, "location": null }, "geometry": { "type": "Polygon", "coordinates": [ [ [ 120.2521141, 14.8523161 ], [ 120.2520399, 14.8521376 ], [ 120.2522688, 14.8520615 ], [ 120.2523166, 14.8522694 ], [ 120.2522762, 14.8522787 ], [ 120.2522263, 14.8522902 ], [ 120.252178, 14.8523013 ], [ 120.2521274, 14.852313 ], [ 120.2521141, 14.8523161 ] ] ] } },
{ "type": "Feature", "properties": { "contextFeatureId": "PHL-S-001::landuse::way::376035646", "projectId": "PHL-S-001", "projectName": "Olongapo Solar Power Project", "countryCode": "PHL", "osmType": "way", "osmId": 376035646, "highway": null, "place": null, "power": null, "landuse": "residential", "name": null, "voltage": null, "circuits": null, "cables": null, "frequency": null, "substationTag": null, "lineTag": null, "operator": null, "location": null }, "geometry": { "type": "Polygon", "coordinates": [ [ [ 120.252091, 14.8510307 ], [ 120.2518957, 14.85096 ], [ 120.2519873, 14.8507566 ], [ 120.2522261, 14.8508607 ], [ 120.2521763, 14.8509688 ], [ 120.2521276, 14.8509511 ], [ 120.252091, 14.8510307 ] ] ] } },
{ "type": "Feature", "properties": { "contextFeatureId": "PHL-S-001::landuse::way::376037098", "projectId": "PHL-S-001", "projectName": "Olongapo Solar Power Project", "countryCode": "PHL", "osmType": "way", "osmId": 376037098, "highway": null, "place": null, "power": null, "landuse": "residential", "name": null, "voltage": null, "circuits": null, "cables": null, "frequency": null, "substationTag": null, "lineTag": null, "operator": null, "location": null }, "geometry": { "type": "Polygon", "coordinates": [ [ [ 120.2520399, 14.8521376 ], [ 120.2520253, 14.8521123 ], [ 120.2519956, 14.8520544 ], [ 120.2522358, 14.8519588 ], [ 120.2522688, 14.8520615 ], [ 120.2520399, 14.8521376 ] ] ] } },
{ "type": "Feature", "properties": { "contextFeatureId": "PHL-S-001::landuse::way::376037671", "projectId": "PHL-S-001", "projectName": "Olongapo Solar Power Project", "countryCode": "PHL", "osmType": "way", "osmId": 376037671, "highway": null, "place": null, "power": null, "landuse": "residential", "name": null, "voltage": null, "circuits": null, "cables": null, "frequency": null, "substationTag": null, "lineTag": null, "operator": null, "location": null }, "geometry": { "type": "Polygon", "coordinates": [ [ [ 120.2519118, 14.8519217 ], [ 120.2517978, 14.8518072 ], [ 120.2518989, 14.8517335 ], [ 120.251962, 14.8518026 ], [ 120.2520758, 14.851705 ], [ 120.2520869, 14.8517157 ], [ 120.2519667, 14.8518156 ], [ 120.2519976, 14.8518723 ], [ 120.2519118, 14.8519217 ] ] ] } },
{ "type": "Feature", "properties": { "contextFeatureId": "PHL-S-001::landuse::way::376037673", "projectId": "PHL-S-001", "projectName": "Olongapo Solar Power Project", "countryCode": "PHL", "osmType": "way", "osmId": 376037673, "highway": null, "place": null, "power": null, "landuse": "residential", "name": null, "voltage": null, "circuits": null, "cables": null, "frequency": null, "substationTag": null, "lineTag": null, "operator": null, "location": null }, "geometry": { "type": "Polygon", "coordinates": [ [ [ 120.2519976, 14.8518723 ], [ 120.2519667, 14.8518156 ], [ 120.2520869, 14.8517157 ], [ 120.2521459, 14.8517851 ], [ 120.2519976, 14.8518723 ] ] ] } },
{ "type": "Feature", "properties": { "contextFeatureId": "PHL-S-001::landuse::way::376037674", "projectId": "PHL-S-001", "projectName": "Olongapo Solar Power Project", "countryCode": "PHL", "osmType": "way", "osmId": 376037674, "highway": null, "place": null, "power": null, "landuse": "residential", "name": null, "voltage": null, "circuits": null, "cables": null, "frequency": null, "substationTag": null, "lineTag": null, "operator": null, "location": null }, "geometry": { "type": "Polygon", "coordinates": [ [ [ 120.2519956, 14.8520544 ], [ 120.2519118, 14.8519217 ], [ 120.2521459, 14.8517851 ], [ 120.2521827, 14.8518437 ], [ 120.2522358, 14.8519588 ], [ 120.2519956, 14.8520544 ] ] ] } },
{ "type": "Feature", "properties": { "contextFeatureId": "PHL-S-001::landuse::way::376037676", "projectId": "PHL-S-001", "projectName": "Olongapo Solar Power Project", "countryCode": "PHL", "osmType": "way", "osmId": 376037676, "highway": null, "place": null, "power": null, "landuse": "residential", "name": null, "voltage": null, "circuits": null, "cables": null, "frequency": null, "substationTag": null, "lineTag": null, "operator": null, "location": null }, "geometry": { "type": "Polygon", "coordinates": [ [ [ 120.251962, 14.8518026 ], [ 120.2518989, 14.8517335 ], [ 120.2518532, 14.8516834 ], [ 120.2519641, 14.8515829 ], [ 120.2520758, 14.851705 ], [ 120.251962, 14.8518026 ] ] ] } },
{ "type": "Feature", "properties": { "contextFeatureId": "PHL-S-001::landuse::way::376038339", "projectId": "PHL-S-001", "projectName": "Olongapo Solar Power Project", "countryCode": "PHL", "osmType": "way", "osmId": 376038339, "highway": null, "place": null, "power": null, "landuse": "residential", "name": null, "voltage": null, "circuits": null, "cables": null, "frequency": null, "substationTag": null, "lineTag": null, "operator": null, "location": null }, "geometry": { "type": "Polygon", "coordinates": [ [ [ 120.2520455, 14.8513748 ], [ 120.2516857, 14.8512534 ], [ 120.2517701, 14.8510083 ], [ 120.2519643, 14.8510595 ], [ 120.2521325, 14.8511175 ], [ 120.2520905, 14.8512501 ], [ 120.2520455, 14.8513748 ] ] ] } },
{ "type": "Feature", "properties": { "contextFeatureId": "PHL-S-001::landuse::way::376038676", "projectId": "PHL-S-001", "projectName": "Olongapo Solar Power Project", "countryCode": "PHL", "osmType": "way", "osmId": 376038676, "highway": null, "place": null, "power": null, "landuse": "residential", "name": null, "voltage": null, "circuits": null, "cables": null, "frequency": null, "substationTag": null, "lineTag": null, "operator": null, "location": null }, "geometry": { "type": "Polygon", "coordinates": [ [ [ 120.2523549, 14.8522621 ], [ 120.2522895, 14.8519833 ], [ 120.2524427, 14.8519488 ], [ 120.2525053, 14.8519354 ], [ 120.252584, 14.8519178 ], [ 120.2526005, 14.852005 ], [ 120.2526119, 14.8520655 ], [ 120.2526209, 14.8521121 ], [ 120.2526294, 14.8521566 ], [ 120.2526347, 14.8521843 ], [ 120.2526388, 14.8522056 ], [ 120.2523549, 14.8522621 ] ] ] } },
{ "type": "Feature", "properties": { "contextFeatureId": "PHL-S-001::landuse::way::376038677", "projectId": "PHL-S-001", "projectName": "Olongapo Solar Power Project", "countryCode": "PHL", "osmType": "way", "osmId": 376038677, "highway": null, "place": null, "power": null, "landuse": "residential", "name": null, "voltage": null, "circuits": null, "cables": null, "frequency": null, "substationTag": null, "lineTag": null, "operator": null, "location": null }, "geometry": { "type": "Polygon", "coordinates": [ [ [ 120.2526005, 14.852005 ], [ 120.2526427, 14.8519712 ], [ 120.252698, 14.8518872 ], [ 120.2525296, 14.851799 ], [ 120.2524355, 14.8518372 ], [ 120.2522614, 14.8518864 ], [ 120.2522895, 14.8519833 ], [ 120.2524427, 14.8519488 ], [ 120.252584, 14.8519178 ], [ 120.2526005, 14.852005 ] ] ] } },
{ "type": "Feature", "properties": { "contextFeatureId": "PHL-S-001::landuse::way::376038678", "projectId": "PHL-S-001", "projectName": "Olongapo Solar Power Project", "countryCode": "PHL", "osmType": "way", "osmId": 376038678, "highway": null, "place": null, "power": null, "landuse": "residential", "name": null, "voltage": null, "circuits": null, "cables": null, "frequency": null, "substationTag": null, "lineTag": null, "operator": null, "location": null }, "geometry": { "type": "Polygon", "coordinates": [ [ [ 120.2522614, 14.8518864 ], [ 120.2522547, 14.8518673 ], [ 120.2523208, 14.851848 ], [ 120.2522994, 14.8517795 ], [ 120.252293, 14.8517643 ], [ 120.2523353, 14.8516973 ], [ 120.2525296, 14.851799 ], [ 120.2524355, 14.8518372 ], [ 120.2522614, 14.8518864 ] ] ] } },
{ "type": "Feature", "properties": { "contextFeatureId": "PHL-S-001::landuse::way::376038679", "projectId": "PHL-S-001", "projectName": "Olongapo Solar Power Project", "countryCode": "PHL", "osmType": "way", "osmId": 376038679, "highway": null, "place": null, "power": null, "landuse": "residential", "name": null, "voltage": null, "circuits": null, "cables": null, "frequency": null, "substationTag": null, "lineTag": null, "operator": null, "location": null }, "geometry": { "type": "Polygon", "coordinates": [ [ [ 120.2529529, 14.8521373 ], [ 120.2527985, 14.8521704 ], [ 120.2527699, 14.8520395 ], [ 120.2527886, 14.8520344 ], [ 120.2528484, 14.8519834 ], [ 120.2528849, 14.8520166 ], [ 120.2529214, 14.8520708 ], [ 120.2529529, 14.8521373 ] ] ] } },
{ "type": "Feature", "properties": { "contextFeatureId": "PHL-S-001::landuse::way::376038680", "projectId": "PHL-S-001", "projectName": "Olongapo Solar Power Project", "countryCode": "PHL", "osmType": "way", "osmId": 376038680, "highway": null, "place": null, "power": null, "landuse": "residential", "name": null, "voltage": null, "circuits": null, "cables": null, "frequency": null, "substationTag": null, "lineTag": null, "operator": null, "location": null }, "geometry": { "type": "Polygon", "coordinates": [ [ [ 120.2527699, 14.8520395 ], [ 120.2527641, 14.8520209 ], [ 120.2527066, 14.8519825 ], [ 120.2527512, 14.8519159 ], [ 120.2528035, 14.8519425 ], [ 120.2528484, 14.8519834 ], [ 120.2527886, 14.8520344 ], [ 120.2527699, 14.8520395 ] ] ] } },
{ "type": "Feature", "properties": { "contextFeatureId": "PHL-S-001::landuse::way::376038681", "projectId": "PHL-S-001", "projectName": "Olongapo Solar Power Project", "countryCode": "PHL", "osmType": "way", "osmId": 376038681, "highway": null, "place": null, "power": null, "landuse": "residential", "name": null, "voltage": null, "circuits": null, "cables": null, "frequency": null, "substationTag": null, "lineTag": null, "operator": null, "location": null }, "geometry": { "type": "Polygon", "coordinates": [ [ [ 120.2526923, 14.852004 ], [ 120.2526427, 14.8519712 ], [ 120.252698, 14.8518872 ], [ 120.2527512, 14.8519159 ], [ 120.2527066, 14.8519825 ], [ 120.2526981, 14.8519954 ], [ 120.2526923, 14.852004 ] ] ] } },
{ "type": "Feature", "properties": { "contextFeatureId": "PHL-S-001::landuse::way::376038682", "projectId": "PHL-S-001", "projectName": "Olongapo Solar Power Project", "countryCode": "PHL", "osmType": "way", "osmId": 376038682, "highway": null, "place": null, "power": null, "landuse": "residential", "name": null, "voltage": null, "circuits": null, "cables": null, "frequency": null, "substationTag": null, "lineTag": null, "operator": null, "location": null }, "geometry": { "type": "Polygon", "coordinates": [ [ [ 120.2527798, 14.8521569 ], [ 120.2526347, 14.8521843 ], [ 120.2526005, 14.852005 ], [ 120.2526427, 14.8519712 ], [ 120.2526923, 14.852004 ], [ 120.2526981, 14.8519954 ], [ 120.2527536, 14.8520356 ], [ 120.2527798, 14.8521569 ] ] ] } },
{ "type": "Feature", "properties": { "contextFeatureId": "PHL-S-001::landuse::way::385378684", "projectId": "PHL-S-001", "projectName": "Olongapo Solar Power Project", "countryCode": "PHL", "osmType": "way", "osmId": 385378684, "highway": null, "place": null, "power": null, "landuse": "residential", "name": null, "voltage": null, "circuits": null, "cables": null, "frequency": null, "substationTag": null, "lineTag": null, "operator": null, "location": null }, "geometry": { "type": "Polygon", "coordinates": [ [ [ 120.2504763, 14.8531181 ], [ 120.2504278, 14.852795 ], [ 120.2502969, 14.852821 ], [ 120.2503208, 14.8531456 ], [ 120.2504763, 14.8531181 ] ] ] } },
{ "type": "Feature", "properties": { "contextFeatureId": "PHL-S-001::landuse::way::385378686", "projectId": "PHL-S-001", "projectName": "Olongapo Solar Power Project", "countryCode": "PHL", "osmType": "way", "osmId": 385378686, "highway": null, "place": null, "power": null, "landuse": "residential", "name": null, "voltage": null, "circuits": null, "cables": null, "frequency": null, "substationTag": null, "lineTag": null, "operator": null, "location": null }, "geometry": { "type": "Polygon", "coordinates": [ [ [ 120.2519185, 14.8528897 ], [ 120.2516923, 14.8527451 ], [ 120.2517932, 14.8525963 ], [ 120.2519906, 14.8527196 ], [ 120.2519185, 14.8528897 ] ] ] } },
{ "type": "Feature", "properties": { "contextFeatureId": "PHL-S-001::landuse::way::385797764", "projectId": "PHL-S-001", "projectName": "Olongapo Solar Power Project", "countryCode": "PHL", "osmType": "way", "osmId": 385797764, "highway": null, "place": null, "power": null, "landuse": "residential", "name": null, "voltage": null, "circuits": null, "cables": null, "frequency": null, "substationTag": null, "lineTag": null, "operator": null, "location": null }, "geometry": { "type": "Polygon", "coordinates": [ [ [ 120.2500071, 14.853065 ], [ 120.2499773, 14.8528851 ], [ 120.250051, 14.8528721 ], [ 120.2500671, 14.8530553 ], [ 120.2500071, 14.853065 ] ] ] } },
{ "type": "Feature", "properties": { "contextFeatureId": "PHL-S-001::landuse::way::385797922", "projectId": "PHL-S-001", "projectName": "Olongapo Solar Power Project", "countryCode": "PHL", "osmType": "way", "osmId": 385797922, "highway": null, "place": null, "power": null, "landuse": "residential", "name": null, "voltage": null, "circuits": null, "cables": null, "frequency": null, "substationTag": null, "lineTag": null, "operator": null, "location": null }, "geometry": { "type": "Polygon", "coordinates": [ [ [ 120.2511824, 14.8529282 ], [ 120.2511569, 14.8528104 ], [ 120.2511285, 14.8526572 ], [ 120.2504278, 14.852795 ], [ 120.2504763, 14.8531181 ], [ 120.2505224, 14.8531406 ], [ 120.2510373, 14.8530136 ], [ 120.2510315, 14.8529628 ], [ 120.2511824, 14.8529282 ] ] ] } },
{ "type": "Feature", "properties": { "contextFeatureId": "PHL-S-001::landuse::way::385797923", "projectId": "PHL-S-001", "projectName": "Olongapo Solar Power Project", "countryCode": "PHL", "osmType": "way", "osmId": 385797923, "highway": null, "place": null, "power": null, "landuse": "commercial", "name": null, "voltage": null, "circuits": null, "cables": null, "frequency": null, "substationTag": null, "lineTag": null, "operator": null, "location": null }, "geometry": { "type": "Polygon", "coordinates": [ [ [ 120.2511569, 14.8528104 ], [ 120.2513565, 14.8527731 ], [ 120.2513292, 14.852616 ], [ 120.2511285, 14.8526572 ], [ 120.2511569, 14.8528104 ] ] ] } },
{ "type": "Feature", "properties": { "contextFeatureId": "PHL-S-001::landuse::way::385797924", "projectId": "PHL-S-001", "projectName": "Olongapo Solar Power Project", "countryCode": "PHL", "osmType": "way", "osmId": 385797924, "highway": null, "place": null, "power": null, "landuse": "residential", "name": null, "voltage": null, "circuits": null, "cables": null, "frequency": null, "substationTag": null, "lineTag": null, "operator": null, "location": null }, "geometry": { "type": "Polygon", "coordinates": [ [ [ 120.2513565, 14.8527731 ], [ 120.2515074, 14.8527443 ], [ 120.2514784, 14.8525864 ], [ 120.2513292, 14.852616 ], [ 120.2513565, 14.8527731 ] ] ] } },
{ "type": "Feature", "properties": { "contextFeatureId": "PHL-S-001::landuse::way::385797925", "projectId": "PHL-S-001", "projectName": "Olongapo Solar Power Project", "countryCode": "PHL", "osmType": "way", "osmId": 385797925, "highway": null, "place": null, "power": null, "landuse": "residential", "name": null, "voltage": null, "circuits": null, "cables": null, "frequency": null, "substationTag": null, "lineTag": null, "operator": null, "location": null }, "geometry": { "type": "Polygon", "coordinates": [ [ [ 120.2515074, 14.8527443 ], [ 120.2515802, 14.8527306 ], [ 120.2516043, 14.852637 ], [ 120.2516114, 14.85256 ], [ 120.2514784, 14.8525864 ], [ 120.2515074, 14.8527443 ] ] ] } },
{ "type": "Feature", "properties": { "contextFeatureId": "PHL-S-001::landuse::way::385797927", "projectId": "PHL-S-001", "projectName": "Olongapo Solar Power Project", "countryCode": "PHL", "osmType": "way", "osmId": 385797927, "highway": null, "place": null, "power": null, "landuse": "residential", "name": null, "voltage": null, "circuits": null, "cables": null, "frequency": null, "substationTag": null, "lineTag": null, "operator": null, "location": null }, "geometry": { "type": "Polygon", "coordinates": [ [ [ 120.2514112, 14.8530015 ], [ 120.2513254, 14.8529082 ], [ 120.2511824, 14.8529282 ], [ 120.2511569, 14.8528104 ], [ 120.2515074, 14.8527443 ], [ 120.2515802, 14.8527306 ], [ 120.2514112, 14.8530015 ] ] ] } },
{ "type": "Feature", "properties": { "contextFeatureId": "PHL-S-001::landuse::way::385797928", "projectId": "PHL-S-001", "projectName": "Olongapo Solar Power Project", "countryCode": "PHL", "osmType": "way", "osmId": 385797928, "highway": null, "place": null, "power": null, "landuse": "residential", "name": null, "voltage": null, "circuits": null, "cables": null, "frequency": null, "substationTag": null, "lineTag": null, "operator": null, "location": null }, "geometry": { "type": "Polygon", "coordinates": [ [ [ 120.2514112, 14.8530015 ], [ 120.2513254, 14.8529082 ], [ 120.2511824, 14.8529282 ], [ 120.2512731, 14.8532154 ], [ 120.2514112, 14.8530015 ] ] ] } },
{ "type": "Feature", "properties": { "contextFeatureId": "PHL-S-001::landuse::way::386135249", "projectId": "PHL-S-001", "projectName": "Olongapo Solar Power Project", "countryCode": "PHL", "osmType": "way", "osmId": 386135249, "highway": null, "place": null, "power": null, "landuse": "residential", "name": null, "voltage": null, "circuits": null, "cables": null, "frequency": null, "substationTag": null, "lineTag": null, "operator": null, "location": null }, "geometry": { "type": "Polygon", "coordinates": [ [ [ 120.2537423, 14.8576649 ], [ 120.2534819, 14.8570098 ], [ 120.2530559, 14.8571691 ], [ 120.2533181, 14.8578088 ], [ 120.2537423, 14.8576649 ] ] ] } },
{ "type": "Feature", "properties": { "contextFeatureId": "PHL-S-001::landuse::way::386135250", "projectId": "PHL-S-001", "projectName": "Olongapo Solar Power Project", "countryCode": "PHL", "osmType": "way", "osmId": 386135250, "highway": null, "place": null, "power": null, "landuse": "residential", "name": null, "voltage": null, "circuits": null, "cables": null, "frequency": null, "substationTag": null, "lineTag": null, "operator": null, "location": null }, "geometry": { "type": "Polygon", "coordinates": [ [ [ 120.2532233, 14.8570665 ], [ 120.2529088, 14.8562938 ], [ 120.2529766, 14.856296 ], [ 120.2531135, 14.8560873 ], [ 120.2534761, 14.8569704 ], [ 120.2532233, 14.8570665 ] ] ] } },
{ "type": "Feature", "properties": { "contextFeatureId": "PHL-S-001::landuse::way::386135251", "projectId": "PHL-S-001", "projectName": "Olongapo Solar Power Project", "countryCode": "PHL", "osmType": "way", "osmId": 386135251, "highway": null, "place": null, "power": null, "landuse": "residential", "name": null, "voltage": null, "circuits": null, "cables": null, "frequency": null, "substationTag": null, "lineTag": null, "operator": null, "location": null }, "geometry": { "type": "Polygon", "coordinates": [ [ [ 120.2534179, 14.8567031 ], [ 120.2531436, 14.8560309 ], [ 120.2533347, 14.8557145 ], [ 120.2536727, 14.8566073 ], [ 120.2534179, 14.8567031 ] ] ] } },
{ "type": "Feature", "properties": { "contextFeatureId": "PHL-S-001::landuse::way::386135253", "projectId": "PHL-S-001", "projectName": "Olongapo Solar Power Project", "countryCode": "PHL", "osmType": "way", "osmId": 386135253, "highway": null, "place": null, "power": null, "landuse": "residential", "name": null, "voltage": null, "circuits": null, "cables": null, "frequency": null, "substationTag": null, "lineTag": null, "operator": null, "location": null }, "geometry": { "type": "Polygon", "coordinates": [ [ [ 120.2534179, 14.8557384 ], [ 120.2533985, 14.8556905 ], [ 120.2538745, 14.8552885 ], [ 120.2538939, 14.8552937 ], [ 120.2539842, 14.8555229 ], [ 120.2534179, 14.8557384 ] ] ] } },
{ "type": "Feature", "properties": { "contextFeatureId": "PHL-S-001::landuse::way::386135254", "projectId": "PHL-S-001", "projectName": "Olongapo Solar Power Project", "countryCode": "PHL", "osmType": "way", "osmId": 386135254, "highway": null, "place": null, "power": null, "landuse": "residential", "name": null, "voltage": null, "circuits": null, "cables": null, "frequency": null, "substationTag": null, "lineTag": null, "operator": null, "location": null }, "geometry": { "type": "Polygon", "coordinates": [ [ [ 120.254009, 14.8551739 ], [ 120.2540125, 14.8551586 ], [ 120.2546973, 14.8545753 ], [ 120.2548035, 14.8548524 ], [ 120.2547858, 14.8548883 ], [ 120.254009, 14.8551739 ] ] ] } },
{ "type": "Feature", "properties": { "contextFeatureId": "PHL-S-001::landuse::way::386135255", "projectId": "PHL-S-001", "projectName": "Olongapo Solar Power Project", "countryCode": "PHL", "osmType": "way", "osmId": 386135255, "highway": null, "place": null, "power": null, "landuse": "residential", "name": null, "voltage": null, "circuits": null, "cables": null, "frequency": null, "substationTag": null, "lineTag": null, "operator": null, "location": null }, "geometry": { "type": "Polygon", "coordinates": [ [ [ 120.2540426, 14.8554972 ], [ 120.2539506, 14.8552629 ], [ 120.2539665, 14.8552389 ], [ 120.2548124, 14.8549294 ], [ 120.2548495, 14.8549499 ], [ 120.2549274, 14.8551586 ], [ 120.2549168, 14.8551859 ], [ 120.2540426, 14.8554972 ] ] ] } },
{ "type": "Feature", "properties": { "contextFeatureId": "PHL-S-001::landuse::way::386135257", "projectId": "PHL-S-001", "projectName": "Olongapo Solar Power Project", "countryCode": "PHL", "osmType": "way", "osmId": 386135257, "highway": null, "place": null, "power": null, "landuse": "residential", "name": null, "voltage": null, "circuits": null, "cables": null, "frequency": null, "substationTag": null, "lineTag": null, "operator": null, "location": null }, "geometry": { "type": "Polygon", "coordinates": [ [ [ 120.2550035, 14.8551501 ], [ 120.2547558, 14.8545182 ], [ 120.2549914, 14.8543181 ], [ 120.2552636, 14.8550561 ], [ 120.2550035, 14.8551501 ] ] ] } },
{ "type": "Feature", "properties": { "contextFeatureId": "PHL-S-001::landuse::way::386135258", "projectId": "PHL-S-001", "projectName": "Olongapo Solar Power Project", "countryCode": "PHL", "osmType": "way", "osmId": 386135258, "highway": null, "place": null, "power": null, "landuse": "residential", "name": null, "voltage": null, "circuits": null, "cables": null, "frequency": null, "substationTag": null, "lineTag": null, "operator": null, "location": null }, "geometry": { "type": "Polygon", "coordinates": [ [ [ 120.2553008, 14.8550355 ], [ 120.2550247, 14.8542829 ], [ 120.2552088, 14.854129 ], [ 120.2552548, 14.8541256 ], [ 120.2555609, 14.8549415 ], [ 120.2553008, 14.8550355 ] ] ] } },
{ "type": "Feature", "properties": { "contextFeatureId": "PHL-S-001::landuse::way::386135259", "projectId": "PHL-S-001", "projectName": "Olongapo Solar Power Project", "countryCode": "PHL", "osmType": "way", "osmId": 386135259, "highway": null, "place": null, "power": null, "landuse": "residential", "name": null, "voltage": null, "circuits": null, "cables": null, "frequency": null, "substationTag": null, "lineTag": null, "operator": null, "location": null }, "geometry": { "type": "Polygon", "coordinates": [ [ [ 120.2556123, 14.8549175 ], [ 120.255275, 14.8540569 ], [ 120.2552861, 14.8540574 ], [ 120.2553242, 14.8540772 ], [ 120.2553533, 14.8540923 ], [ 120.255426, 14.8541613 ], [ 120.2554468, 14.8541811 ], [ 120.2554813, 14.8542455 ], [ 120.2555184, 14.8543251 ], [ 120.2554874, 14.8543398 ], [ 120.2555433, 14.8544665 ], [ 120.2556225, 14.8546414 ], [ 120.2556872, 14.854613 ], [ 120.2557332, 14.8547396 ], [ 120.255758, 14.8548076 ], [ 120.2557768, 14.8548594 ], [ 120.2556123, 14.8549175 ] ] ] } },
{ "type": "Feature", "properties": { "contextFeatureId": "PHL-S-001::landuse::way::386274468", "projectId": "PHL-S-001", "projectName": "Olongapo Solar Power Project", "countryCode": "PHL", "osmType": "way", "osmId": 386274468, "highway": null, "place": null, "power": null, "landuse": "residential", "name": null, "voltage": null, "circuits": null, "cables": null, "frequency": null, "substationTag": null, "lineTag": null, "operator": null, "location": null }, "geometry": { "type": "Polygon", "coordinates": [ [ [ 120.2553453, 14.8560424 ], [ 120.2550164, 14.8552278 ], [ 120.255286, 14.8551266 ], [ 120.2556197, 14.8559471 ], [ 120.2553453, 14.8560424 ] ] ] } },
{ "type": "Feature", "properties": { "contextFeatureId": "PHL-S-001::landuse::way::386274469", "projectId": "PHL-S-001", "projectName": "Olongapo Solar Power Project", "countryCode": "PHL", "osmType": "way", "osmId": 386274469, "highway": null, "place": null, "power": null, "landuse": "residential", "name": null, "voltage": null, "circuits": null, "cables": null, "frequency": null, "substationTag": null, "lineTag": null, "operator": null, "location": null }, "geometry": { "type": "Polygon", "coordinates": [ [ [ 120.2556731, 14.8559836 ], [ 120.2553399, 14.8551108 ], [ 120.2556223, 14.8550125 ], [ 120.2557369, 14.8553514 ], [ 120.2556185, 14.8553868 ], [ 120.255679, 14.8555789 ], [ 120.2557259, 14.8557188 ], [ 120.2557654, 14.8557058 ], [ 120.255791, 14.8557733 ], [ 120.2558464, 14.8559276 ], [ 120.2556731, 14.8559836 ] ] ] } },
{ "type": "Feature", "properties": { "contextFeatureId": "PHL-S-001::landuse::way::386274470", "projectId": "PHL-S-001", "projectName": "Olongapo Solar Power Project", "countryCode": "PHL", "osmType": "way", "osmId": 386274470, "highway": null, "place": null, "power": null, "landuse": "residential", "name": null, "voltage": null, "circuits": null, "cables": null, "frequency": null, "substationTag": null, "lineTag": null, "operator": null, "location": null }, "geometry": { "type": "Polygon", "coordinates": [ [ [ 120.2544645, 14.8566247 ], [ 120.2540736, 14.8555831 ], [ 120.2543485, 14.8554781 ], [ 120.2547388, 14.8565279 ], [ 120.2544645, 14.8566247 ] ] ] } },
{ "type": "Feature", "properties": { "contextFeatureId": "PHL-S-001::landuse::way::386274471", "projectId": "PHL-S-001", "projectName": "Olongapo Solar Power Project", "countryCode": "PHL", "osmType": "way", "osmId": 386274471, "highway": null, "place": null, "power": null, "landuse": "residential", "name": null, "voltage": null, "circuits": null, "cables": null, "frequency": null, "substationTag": null, "lineTag": null, "operator": null, "location": null }, "geometry": { "type": "Polygon", "coordinates": [ [ [ 120.2541505, 14.8567321 ], [ 120.2537594, 14.8556887 ], [ 120.2540248, 14.8555895 ], [ 120.254423, 14.8566346 ], [ 120.2541505, 14.8567321 ] ] ] } },
{ "type": "Feature", "properties": { "contextFeatureId": "PHL-S-001::landuse::way::386274472", "projectId": "PHL-S-001", "projectName": "Olongapo Solar Power Project", "countryCode": "PHL", "osmType": "way", "osmId": 386274472, "highway": null, "place": null, "power": null, "landuse": "residential", "name": null, "voltage": null, "circuits": null, "cables": null, "frequency": null, "substationTag": null, "lineTag": null, "operator": null, "location": null }, "geometry": { "type": "Polygon", "coordinates": [ [ [ 120.2548028, 14.8574856 ], [ 120.2544843, 14.8566747 ], [ 120.2547575, 14.8565777 ], [ 120.2550934, 14.8574013 ], [ 120.2548028, 14.8574856 ] ] ] } },
{ "type": "Feature", "properties": { "contextFeatureId": "PHL-S-001::landuse::way::386274473", "projectId": "PHL-S-001", "projectName": "Olongapo Solar Power Project", "countryCode": "PHL", "osmType": "way", "osmId": 386274473, "highway": null, "place": null, "power": null, "landuse": "residential", "name": null, "voltage": null, "circuits": null, "cables": null, "frequency": null, "substationTag": null, "lineTag": null, "operator": null, "location": null }, "geometry": { "type": "Polygon", "coordinates": [ [ [ 120.254387, 14.8576061 ], [ 120.2543269, 14.8574455 ], [ 120.2544052, 14.857418 ], [ 120.2541711, 14.8567817 ], [ 120.2544416, 14.8566844 ], [ 120.2547568, 14.8574949 ], [ 120.254387, 14.8576061 ] ] ] } },
{ "type": "Feature", "properties": { "contextFeatureId": "PHL-S-001::landuse::way::386274474", "projectId": "PHL-S-001", "projectName": "Olongapo Solar Power Project", "countryCode": "PHL", "osmType": "way", "osmId": 386274474, "highway": null, "place": null, "power": null, "landuse": "residential", "name": null, "voltage": null, "circuits": null, "cables": null, "frequency": null, "substationTag": null, "lineTag": null, "operator": null, "location": null }, "geometry": { "type": "Polygon", "coordinates": [ [ [ 120.2537265, 14.8565904 ], [ 120.2534284, 14.8558154 ], [ 120.253718, 14.8557048 ], [ 120.2540005, 14.8564835 ], [ 120.2537265, 14.8565904 ] ] ] } },
{ "type": "Feature", "properties": { "contextFeatureId": "PHL-S-001::landuse::way::386274475", "projectId": "PHL-S-001", "projectName": "Olongapo Solar Power Project", "countryCode": "PHL", "osmType": "way", "osmId": 386274475, "highway": null, "place": null, "power": null, "landuse": "residential", "name": null, "voltage": null, "circuits": null, "cables": null, "frequency": null, "substationTag": null, "lineTag": null, "operator": null, "location": null }, "geometry": { "type": "Polygon", "coordinates": [ [ [ 120.2540875, 14.8574815 ], [ 120.25375, 14.8566475 ], [ 120.2540262, 14.8565412 ], [ 120.2543512, 14.8573891 ], [ 120.2540875, 14.8574815 ] ] ] } },
{ "type": "Feature", "properties": { "contextFeatureId": "PHL-S-001::landuse::way::386274476", "projectId": "PHL-S-001", "projectName": "Olongapo Solar Power Project", "countryCode": "PHL", "osmType": "way", "osmId": 386274476, "highway": null, "place": null, "power": null, "landuse": "residential", "name": null, "voltage": null, "circuits": null, "cables": null, "frequency": null, "substationTag": null, "lineTag": null, "operator": null, "location": null }, "geometry": { "type": "Polygon", "coordinates": [ [ [ 120.2537587, 14.8575942 ], [ 120.2534317, 14.8567705 ], [ 120.2536792, 14.8566786 ], [ 120.2540103, 14.8575046 ], [ 120.2537587, 14.8575942 ] ] ] } },
{ "type": "Feature", "properties": { "contextFeatureId": "PHL-S-001::landuse::way::386276654", "projectId": "PHL-S-001", "projectName": "Olongapo Solar Power Project", "countryCode": "PHL", "osmType": "way", "osmId": 386276654, "highway": null, "place": null, "power": null, "landuse": "residential", "name": null, "voltage": null, "circuits": null, "cables": null, "frequency": null, "substationTag": null, "lineTag": null, "operator": null, "location": null }, "geometry": { "type": "Polygon", "coordinates": [ [ [ 120.2539275, 14.8522053 ], [ 120.2541295, 14.8521388 ], [ 120.2541596, 14.8522166 ], [ 120.2539595, 14.8522843 ], [ 120.2539275, 14.8522053 ] ] ] } },
{ "type": "Feature", "properties": { "contextFeatureId": "PHL-S-001::landuse::way::386276655", "projectId": "PHL-S-001", "projectName": "Olongapo Solar Power Project", "countryCode": "PHL", "osmType": "way", "osmId": 386276655, "highway": null, "place": null, "power": null, "landuse": "residential", "name": null, "voltage": null, "circuits": null, "cables": null, "frequency": null, "substationTag": null, "lineTag": null, "operator": null, "location": null }, "geometry": { "type": "Polygon", "coordinates": [ [ [ 120.2539954, 14.8523728 ], [ 120.2541965, 14.8522974 ], [ 120.2541596, 14.8522166 ], [ 120.2539595, 14.8522843 ], [ 120.2539695, 14.852309 ], [ 120.2539954, 14.8523728 ] ] ] } },
{ "type": "Feature", "properties": { "contextFeatureId": "PHL-S-001::landuse::way::386276656", "projectId": "PHL-S-001", "projectName": "Olongapo Solar Power Project", "countryCode": "PHL", "osmType": "way", "osmId": 386276656, "highway": null, "place": null, "power": null, "landuse": "residential", "name": null, "voltage": null, "circuits": null, "cables": null, "frequency": null, "substationTag": null, "lineTag": null, "operator": null, "location": null }, "geometry": { "type": "Polygon", "coordinates": [ [ [ 120.2540337, 14.8524674 ], [ 120.2542368, 14.852385 ], [ 120.2541965, 14.8522974 ], [ 120.2539954, 14.8523728 ], [ 120.2540337, 14.8524674 ] ] ] } },
{ "type": "Feature", "properties": { "contextFeatureId": "PHL-S-001::landuse::way::386276657", "projectId": "PHL-S-001", "projectName": "Olongapo Solar Power Project", "countryCode": "PHL", "osmType": "way", "osmId": 386276657, "highway": null, "place": null, "power": null, "landuse": "residential", "name": null, "voltage": null, "circuits": null, "cables": null, "frequency": null, "substationTag": null, "lineTag": null, "operator": null, "location": null }, "geometry": { "type": "Polygon", "coordinates": [ [ [ 120.2540745, 14.852559 ], [ 120.2542776, 14.8524689 ], [ 120.2542368, 14.852385 ], [ 120.2540337, 14.8524674 ], [ 120.2540745, 14.852559 ] ] ] } },
{ "type": "Feature", "properties": { "contextFeatureId": "PHL-S-001::landuse::way::386276658", "projectId": "PHL-S-001", "projectName": "Olongapo Solar Power Project", "countryCode": "PHL", "osmType": "way", "osmId": 386276658, "highway": null, "place": null, "power": null, "landuse": "residential", "name": null, "voltage": null, "circuits": null, "cables": null, "frequency": null, "substationTag": null, "lineTag": null, "operator": null, "location": null }, "geometry": { "type": "Polygon", "coordinates": [ [ [ 120.2541254, 14.852672 ], [ 120.2543334, 14.8525801 ], [ 120.2542776, 14.8524689 ], [ 120.2540745, 14.852559 ], [ 120.2540881, 14.8525893 ], [ 120.2541254, 14.852672 ] ] ] } },
{ "type": "Feature", "properties": { "contextFeatureId": "PHL-S-001::landuse::way::386276659", "projectId": "PHL-S-001", "projectName": "Olongapo Solar Power Project", "countryCode": "PHL", "osmType": "way", "osmId": 386276659, "highway": null, "place": null, "power": null, "landuse": "residential", "name": null, "voltage": null, "circuits": null, "cables": null, "frequency": null, "substationTag": null, "lineTag": null, "operator": null, "location": null }, "geometry": { "type": "Polygon", "coordinates": [ [ [ 120.2542147, 14.8528642 ], [ 120.254425, 14.8527707 ], [ 120.2543334, 14.8525801 ], [ 120.2541254, 14.852672 ], [ 120.2542147, 14.8528642 ] ] ] } },
{ "type": "Feature", "properties": { "contextFeatureId": "PHL-S-001::landuse::way::386276660", "projectId": "PHL-S-001", "projectName": "Olongapo Solar Power Project", "countryCode": "PHL", "osmType": "way", "osmId": 386276660, "highway": null, "place": null, "power": null, "landuse": "residential", "name": null, "voltage": null, "circuits": null, "cables": null, "frequency": null, "substationTag": null, "lineTag": null, "operator": null, "location": null }, "geometry": { "type": "Polygon", "coordinates": [ [ [ 120.2542879, 14.8530231 ], [ 120.2545013, 14.8529293 ], [ 120.254425, 14.8527707 ], [ 120.2542147, 14.8528642 ], [ 120.2542708, 14.8529859 ], [ 120.2542879, 14.8530231 ] ] ] } },
{ "type": "Feature", "properties": { "contextFeatureId": "PHL-S-001::landuse::way::386276661", "projectId": "PHL-S-001", "projectName": "Olongapo Solar Power Project", "countryCode": "PHL", "osmType": "way", "osmId": 386276661, "highway": null, "place": null, "power": null, "landuse": "residential", "name": null, "voltage": null, "circuits": null, "cables": null, "frequency": null, "substationTag": null, "lineTag": null, "operator": null, "location": null }, "geometry": { "type": "Polygon", "coordinates": [ [ [ 120.2543436, 14.8531462 ], [ 120.2545622, 14.8530477 ], [ 120.2545013, 14.8529293 ], [ 120.2542879, 14.8530231 ], [ 120.2543231, 14.8531008 ], [ 120.2543436, 14.8531462 ] ] ] } },
{ "type": "Feature", "properties": { "contextFeatureId": "PHL-S-001::landuse::way::386276662", "projectId": "PHL-S-001", "projectName": "Olongapo Solar Power Project", "countryCode": "PHL", "osmType": "way", "osmId": 386276662, "highway": null, "place": null, "power": null, "landuse": "residential", "name": null, "voltage": null, "circuits": null, "cables": null, "frequency": null, "substationTag": null, "lineTag": null, "operator": null, "location": null }, "geometry": { "type": "Polygon", "coordinates": [ [ [ 120.2543961, 14.8532756 ], [ 120.254633, 14.8531638 ], [ 120.2545622, 14.8530477 ], [ 120.2543436, 14.8531462 ], [ 120.254367, 14.8532039 ], [ 120.2543961, 14.8532756 ] ] ] } },
{ "type": "Feature", "properties": { "contextFeatureId": "PHL-S-001::landuse::way::386276663", "projectId": "PHL-S-001", "projectName": "Olongapo Solar Power Project", "countryCode": "PHL", "osmType": "way", "osmId": 386276663, "highway": null, "place": null, "power": null, "landuse": "residential", "name": null, "voltage": null, "circuits": null, "cables": null, "frequency": null, "substationTag": null, "lineTag": null, "operator": null, "location": null }, "geometry": { "type": "Polygon", "coordinates": [ [ [ 120.2544713, 14.8534438 ], [ 120.2545596, 14.8533964 ], [ 120.2547208, 14.8532703 ], [ 120.254633, 14.8531638 ], [ 120.2543961, 14.8532756 ], [ 120.2544015, 14.8532877 ], [ 120.2544418, 14.8533779 ], [ 120.2544713, 14.8534438 ] ] ] } },
{ "type": "Feature", "properties": { "contextFeatureId": "PHL-S-001::landuse::way::386276664", "projectId": "PHL-S-001", "projectName": "Olongapo Solar Power Project", "countryCode": "PHL", "osmType": "way", "osmId": 386276664, "highway": null, "place": null, "power": null, "landuse": "residential", "name": null, "voltage": null, "circuits": null, "cables": null, "frequency": null, "substationTag": null, "lineTag": null, "operator": null, "location": null }, "geometry": { "type": "Polygon", "coordinates": [ [ [ 120.2547208, 14.8535815 ], [ 120.2548887, 14.853449 ], [ 120.2548017, 14.8533619 ], [ 120.2547208, 14.8532703 ], [ 120.2545596, 14.8533964 ], [ 120.2547208, 14.8535815 ] ] ] } },
{ "type": "Feature", "properties": { "contextFeatureId": "PHL-S-001::landuse::way::386276665", "projectId": "PHL-S-001", "projectName": "Olongapo Solar Power Project", "countryCode": "PHL", "osmType": "way", "osmId": 386276665, "highway": null, "place": null, "power": null, "landuse": "residential", "name": null, "voltage": null, "circuits": null, "cables": null, "frequency": null, "substationTag": null, "lineTag": null, "operator": null, "location": null }, "geometry": { "type": "Polygon", "coordinates": [ [ [ 120.2548464, 14.8537245 ], [ 120.2550174, 14.8535763 ], [ 120.2548887, 14.853449 ], [ 120.2547208, 14.8535815 ], [ 120.2548464, 14.8537245 ] ] ] } },
{ "type": "Feature", "properties": { "contextFeatureId": "PHL-S-001::landuse::way::386276666", "projectId": "PHL-S-001", "projectName": "Olongapo Solar Power Project", "countryCode": "PHL", "osmType": "way", "osmId": 386276666, "highway": null, "place": null, "power": null, "landuse": "residential", "name": null, "voltage": null, "circuits": null, "cables": null, "frequency": null, "substationTag": null, "lineTag": null, "operator": null, "location": null }, "geometry": { "type": "Polygon", "coordinates": [ [ [ 120.2549324, 14.8538238 ], [ 120.2551067, 14.8536612 ], [ 120.2550174, 14.8535763 ], [ 120.2548464, 14.8537245 ], [ 120.2549324, 14.8538238 ] ] ] } },
{ "type": "Feature", "properties": { "contextFeatureId": "PHL-S-001::landuse::way::386276667", "projectId": "PHL-S-001", "projectName": "Olongapo Solar Power Project", "countryCode": "PHL", "osmType": "way", "osmId": 386276667, "highway": null, "place": null, "power": null, "landuse": "residential", "name": null, "voltage": null, "circuits": null, "cables": null, "frequency": null, "substationTag": null, "lineTag": null, "operator": null, "location": null }, "geometry": { "type": "Polygon", "coordinates": [ [ [ 120.2550167, 14.8538949 ], [ 120.2551778, 14.8537221 ], [ 120.2551067, 14.8536612 ], [ 120.2549324, 14.8538238 ], [ 120.2550167, 14.8538949 ] ] ] } },
{ "type": "Feature", "properties": { "contextFeatureId": "PHL-S-001::landuse::way::386276668", "projectId": "PHL-S-001", "projectName": "Olongapo Solar Power Project", "countryCode": "PHL", "osmType": "way", "osmId": 386276668, "highway": null, "place": null, "power": null, "landuse": "residential", "name": null, "voltage": null, "circuits": null, "cables": null, "frequency": null, "substationTag": null, "lineTag": null, "operator": null, "location": null }, "geometry": { "type": "Polygon", "coordinates": [ [ [ 120.2550973, 14.8539679 ], [ 120.2552645, 14.8537897 ], [ 120.2551778, 14.8537221 ], [ 120.2550167, 14.8538949 ], [ 120.2550973, 14.8539679 ] ] ] } },
{ "type": "Feature", "properties": { "contextFeatureId": "PHL-S-001::landuse::way::386276669", "projectId": "PHL-S-001", "projectName": "Olongapo Solar Power Project", "countryCode": "PHL", "osmType": "way", "osmId": 386276669, "highway": null, "place": null, "power": null, "landuse": "residential", "name": null, "voltage": null, "circuits": null, "cables": null, "frequency": null, "substationTag": null, "lineTag": null, "operator": null, "location": null }, "geometry": { "type": "Polygon", "coordinates": [ [ [ 120.2551846, 14.8540442 ], [ 120.255353, 14.8538581 ], [ 120.2552645, 14.8537897 ], [ 120.2550973, 14.8539679 ], [ 120.2551846, 14.8540442 ] ] ] } },
{ "type": "Feature", "properties": { "contextFeatureId": "PHL-S-001::landuse::way::386276670", "projectId": "PHL-S-001", "projectName": "Olongapo Solar Power Project", "countryCode": "PHL", "osmType": "way", "osmId": 386276670, "highway": null, "place": null, "power": null, "landuse": "residential", "name": null, "voltage": null, "circuits": null, "cables": null, "frequency": null, "substationTag": null, "lineTag": null, "operator": null, "location": null }, "geometry": { "type": "Polygon", "coordinates": [ [ [ 120.2551954, 14.8540537 ], [ 120.255275, 14.8540569 ], [ 120.2552861, 14.8540574 ], [ 120.2553242, 14.8540772 ], [ 120.25546, 14.8539342 ], [ 120.255353, 14.8538581 ], [ 120.2551846, 14.8540442 ], [ 120.2551954, 14.8540537 ] ] ] } },
{ "type": "Feature", "properties": { "contextFeatureId": "PHL-S-001::landuse::way::386276671", "projectId": "PHL-S-001", "projectName": "Olongapo Solar Power Project", "countryCode": "PHL", "osmType": "way", "osmId": 386276671, "highway": null, "place": null, "power": null, "landuse": "residential", "name": null, "voltage": null, "circuits": null, "cables": null, "frequency": null, "substationTag": null, "lineTag": null, "operator": null, "location": null }, "geometry": { "type": "Polygon", "coordinates": [ [ [ 120.255426, 14.8541613 ], [ 120.2555742, 14.8540505 ], [ 120.2555237, 14.8539915 ], [ 120.25546, 14.8539342 ], [ 120.2553242, 14.8540772 ], [ 120.2553533, 14.8540923 ], [ 120.255426, 14.8541613 ] ] ] } },
{ "type": "Feature", "properties": { "contextFeatureId": "PHL-S-001::landuse::way::386276672", "projectId": "PHL-S-001", "projectName": "Olongapo Solar Power Project", "countryCode": "PHL", "osmType": "way", "osmId": 386276672, "highway": null, "place": null, "power": null, "landuse": "residential", "name": null, "voltage": null, "circuits": null, "cables": null, "frequency": null, "substationTag": null, "lineTag": null, "operator": null, "location": null }, "geometry": { "type": "Polygon", "coordinates": [ [ [ 120.2554813, 14.8542455 ], [ 120.2556423, 14.8541515 ], [ 120.2555742, 14.8540505 ], [ 120.255426, 14.8541613 ], [ 120.2554468, 14.8541811 ], [ 120.2554813, 14.8542455 ] ] ] } },
{ "type": "Feature", "properties": { "contextFeatureId": "PHL-S-001::landuse::way::386276673", "projectId": "PHL-S-001", "projectName": "Olongapo Solar Power Project", "countryCode": "PHL", "osmType": "way", "osmId": 386276673, "highway": null, "place": null, "power": null, "landuse": "residential", "name": null, "voltage": null, "circuits": null, "cables": null, "frequency": null, "substationTag": null, "lineTag": null, "operator": null, "location": null }, "geometry": { "type": "Polygon", "coordinates": [ [ [ 120.2555184, 14.8543251 ], [ 120.2556892, 14.8542438 ], [ 120.2556423, 14.8541515 ], [ 120.2554813, 14.8542455 ], [ 120.2555184, 14.8543251 ] ] ] } },
{ "type": "Feature", "properties": { "contextFeatureId": "PHL-S-001::landuse::way::386276674", "projectId": "PHL-S-001", "projectName": "Olongapo Solar Power Project", "countryCode": "PHL", "osmType": "way", "osmId": 386276674, "highway": null, "place": null, "power": null, "landuse": "residential", "name": null, "voltage": null, "circuits": null, "cables": null, "frequency": null, "substationTag": null, "lineTag": null, "operator": null, "location": null }, "geometry": { "type": "Polygon", "coordinates": [ [ [ 120.2555433, 14.8544665 ], [ 120.2557497, 14.8543683 ], [ 120.2556892, 14.8542438 ], [ 120.2555184, 14.8543251 ], [ 120.2554874, 14.8543398 ], [ 120.2555433, 14.8544665 ] ] ] } },
{ "type": "Feature", "properties": { "contextFeatureId": "PHL-S-001::landuse::way::386276675", "projectId": "PHL-S-001", "projectName": "Olongapo Solar Power Project", "countryCode": "PHL", "osmType": "way", "osmId": 386276675, "highway": null, "place": null, "power": null, "landuse": "residential", "name": null, "voltage": null, "circuits": null, "cables": null, "frequency": null, "substationTag": null, "lineTag": null, "operator": null, "location": null }, "geometry": { "type": "Polygon", "coordinates": [ [ [ 120.2556225, 14.8546414 ], [ 120.2556872, 14.854613 ], [ 120.2558163, 14.8545602 ], [ 120.2557497, 14.8543683 ], [ 120.2555433, 14.8544665 ], [ 120.2556225, 14.8546414 ] ] ] } },
{ "type": "Feature", "properties": { "contextFeatureId": "PHL-S-001::landuse::way::386276676", "projectId": "PHL-S-001", "projectName": "Olongapo Solar Power Project", "countryCode": "PHL", "osmType": "way", "osmId": 386276676, "highway": null, "place": null, "power": null, "landuse": "residential", "name": null, "voltage": null, "circuits": null, "cables": null, "frequency": null, "substationTag": null, "lineTag": null, "operator": null, "location": null }, "geometry": { "type": "Polygon", "coordinates": [ [ [ 120.2557332, 14.8547396 ], [ 120.2558564, 14.8547002 ], [ 120.2558163, 14.8545602 ], [ 120.2556872, 14.854613 ], [ 120.2557332, 14.8547396 ] ] ] } },
{ "type": "Feature", "properties": { "contextFeatureId": "PHL-S-001::landuse::way::386276677", "projectId": "PHL-S-001", "projectName": "Olongapo Solar Power Project", "countryCode": "PHL", "osmType": "way", "osmId": 386276677, "highway": null, "place": null, "power": null, "landuse": "residential", "name": null, "voltage": null, "circuits": null, "cables": null, "frequency": null, "substationTag": null, "lineTag": null, "operator": null, "location": null }, "geometry": { "type": "Polygon", "coordinates": [ [ [ 120.255758, 14.8548076 ], [ 120.2558784, 14.8547699 ], [ 120.2558564, 14.8547002 ], [ 120.2557332, 14.8547396 ], [ 120.255758, 14.8548076 ] ] ] } },
{ "type": "Feature", "properties": { "contextFeatureId": "PHL-S-001::landuse::way::386887864", "projectId": "PHL-S-001", "projectName": "Olongapo Solar Power Project", "countryCode": "PHL", "osmType": "way", "osmId": 386887864, "highway": null, "place": null, "power": null, "landuse": "residential", "name": null, "voltage": null, "circuits": null, "cables": null, "frequency": null, "substationTag": null, "lineTag": null, "operator": null, "location": null }, "geometry": { "type": "Polygon", "coordinates": [ [ [ 120.255679, 14.8555789 ], [ 120.2560483, 14.8554691 ], [ 120.2559935, 14.8552747 ], [ 120.2558817, 14.8553081 ], [ 120.2557369, 14.8553514 ], [ 120.2556185, 14.8553868 ], [ 120.255679, 14.8555789 ] ] ] } },
{ "type": "Feature", "properties": { "contextFeatureId": "PHL-S-001::landuse::way::386887865", "projectId": "PHL-S-001", "projectName": "Olongapo Solar Power Project", "countryCode": "PHL", "osmType": "way", "osmId": 386887865, "highway": null, "place": null, "power": null, "landuse": "residential", "name": null, "voltage": null, "circuits": null, "cables": null, "frequency": null, "substationTag": null, "lineTag": null, "operator": null, "location": null }, "geometry": { "type": "Polygon", "coordinates": [ [ [ 120.2558817, 14.8553081 ], [ 120.2558236, 14.8551166 ], [ 120.2559435, 14.855084 ], [ 120.2559935, 14.8552747 ], [ 120.2558817, 14.8553081 ] ] ] } },
{ "type": "Feature", "properties": { "contextFeatureId": "PHL-S-001::landuse::way::386887866", "projectId": "PHL-S-001", "projectName": "Olongapo Solar Power Project", "countryCode": "PHL", "osmType": "way", "osmId": 386887866, "highway": null, "place": null, "power": null, "landuse": "residential", "name": null, "voltage": null, "circuits": null, "cables": null, "frequency": null, "substationTag": null, "lineTag": null, "operator": null, "location": null }, "geometry": { "type": "Polygon", "coordinates": [ [ [ 120.2558817, 14.8553081 ], [ 120.2558236, 14.8551166 ], [ 120.2557783, 14.8549629 ], [ 120.2556223, 14.8550125 ], [ 120.2557369, 14.8553514 ], [ 120.2558817, 14.8553081 ] ] ] } },
{ "type": "Feature", "properties": { "contextFeatureId": "PHL-S-001::landuse::way::386887867", "projectId": "PHL-S-001", "projectName": "Olongapo Solar Power Project", "countryCode": "PHL", "osmType": "way", "osmId": 386887867, "highway": null, "place": null, "power": null, "landuse": "residential", "name": null, "voltage": null, "circuits": null, "cables": null, "frequency": null, "substationTag": null, "lineTag": null, "operator": null, "location": null }, "geometry": { "type": "Polygon", "coordinates": [ [ [ 120.2558236, 14.8551166 ], [ 120.2557783, 14.8549629 ], [ 120.2558114, 14.8549532 ], [ 120.2559019, 14.854928 ], [ 120.2559435, 14.855084 ], [ 120.2558236, 14.8551166 ] ] ] } },
{ "type": "Feature", "properties": { "contextFeatureId": "PHL-S-001::landuse::way::386887958", "projectId": "PHL-S-001", "projectName": "Olongapo Solar Power Project", "countryCode": "PHL", "osmType": "way", "osmId": 386887958, "highway": null, "place": null, "power": null, "landuse": "residential", "name": null, "voltage": null, "circuits": null, "cables": null, "frequency": null, "substationTag": null, "lineTag": null, "operator": null, "location": null }, "geometry": { "type": "Polygon", "coordinates": [ [ [ 120.255791, 14.8557733 ], [ 120.2559574, 14.8557232 ], [ 120.2561102, 14.8556773 ], [ 120.2560483, 14.8554691 ], [ 120.255679, 14.8555789 ], [ 120.2557259, 14.8557188 ], [ 120.2557654, 14.8557058 ], [ 120.255791, 14.8557733 ] ] ] } },
{ "type": "Feature", "properties": { "contextFeatureId": "PHL-S-001::landuse::way::386887959", "projectId": "PHL-S-001", "projectName": "Olongapo Solar Power Project", "countryCode": "PHL", "osmType": "way", "osmId": 386887959, "highway": null, "place": null, "power": null, "landuse": "residential", "name": null, "voltage": null, "circuits": null, "cables": null, "frequency": null, "substationTag": null, "lineTag": null, "operator": null, "location": null }, "geometry": { "type": "Polygon", "coordinates": [ [ [ 120.2559989, 14.8558514 ], [ 120.2559574, 14.8557232 ], [ 120.2561102, 14.8556773 ], [ 120.2561483, 14.8558065 ], [ 120.2559989, 14.8558514 ] ] ] } },
{ "type": "Feature", "properties": { "contextFeatureId": "PHL-S-001::landuse::way::386887960", "projectId": "PHL-S-001", "projectName": "Olongapo Solar Power Project", "countryCode": "PHL", "osmType": "way", "osmId": 386887960, "highway": null, "place": null, "power": null, "landuse": "residential", "name": null, "voltage": null, "circuits": null, "cables": null, "frequency": null, "substationTag": null, "lineTag": null, "operator": null, "location": null }, "geometry": { "type": "Polygon", "coordinates": [ [ [ 120.2559046, 14.8560985 ], [ 120.2562067, 14.8560049 ], [ 120.2561483, 14.8558065 ], [ 120.2559989, 14.8558514 ], [ 120.2559574, 14.8557232 ], [ 120.255791, 14.8557733 ], [ 120.2558464, 14.8559276 ], [ 120.2559046, 14.8560985 ] ] ] } },
{ "type": "Feature", "properties": { "contextFeatureId": "PHL-S-001::landuse::way::386888327", "projectId": "PHL-S-001", "projectName": "Olongapo Solar Power Project", "countryCode": "PHL", "osmType": "way", "osmId": 386888327, "highway": null, "place": null, "power": null, "landuse": "residential", "name": null, "voltage": null, "circuits": null, "cables": null, "frequency": null, "substationTag": null, "lineTag": null, "operator": null, "location": null }, "geometry": { "type": "Polygon", "coordinates": [ [ [ 120.2558513, 14.8565706 ], [ 120.2558, 14.8564096 ], [ 120.256048, 14.8563357 ], [ 120.2560893, 14.8564582 ], [ 120.2563124, 14.8563958 ], [ 120.2563231, 14.8564334 ], [ 120.2558513, 14.8565706 ] ] ] } },
{ "type": "Feature", "properties": { "contextFeatureId": "PHL-S-001::landuse::way::386888328", "projectId": "PHL-S-001", "projectName": "Olongapo Solar Power Project", "countryCode": "PHL", "osmType": "way", "osmId": 386888328, "highway": null, "place": null, "power": null, "landuse": "residential", "name": null, "voltage": null, "circuits": null, "cables": null, "frequency": null, "substationTag": null, "lineTag": null, "operator": null, "location": null }, "geometry": { "type": "Polygon", "coordinates": [ [ [ 120.2556756, 14.8564108 ], [ 120.2557892, 14.8563757 ], [ 120.2558, 14.8564096 ], [ 120.256048, 14.8563357 ], [ 120.2560893, 14.8564582 ], [ 120.2563124, 14.8563958 ], [ 120.2562492, 14.8561386 ], [ 120.2562067, 14.8560049 ], [ 120.2559046, 14.8560985 ], [ 120.2556009, 14.8561925 ], [ 120.2556756, 14.8564108 ] ] ] } },
{ "type": "Feature", "properties": { "contextFeatureId": "PHL-S-001::landuse::way::386888329", "projectId": "PHL-S-001", "projectName": "Olongapo Solar Power Project", "countryCode": "PHL", "osmType": "way", "osmId": 386888329, "highway": null, "place": null, "power": null, "landuse": "residential", "name": null, "voltage": null, "circuits": null, "cables": null, "frequency": null, "substationTag": null, "lineTag": null, "operator": null, "location": null }, "geometry": { "type": "Polygon", "coordinates": [ [ [ 120.2556317, 14.856634 ], [ 120.2555718, 14.8564429 ], [ 120.2557892, 14.8563757 ], [ 120.2558, 14.8564096 ], [ 120.2558513, 14.8565706 ], [ 120.2556317, 14.856634 ] ] ] } },
{ "type": "Feature", "properties": { "contextFeatureId": "PHL-S-001::landuse::way::386888332", "projectId": "PHL-S-001", "projectName": "Olongapo Solar Power Project", "countryCode": "PHL", "osmType": "way", "osmId": 386888332, "highway": null, "place": null, "power": null, "landuse": "residential", "name": null, "voltage": null, "circuits": null, "cables": null, "frequency": null, "substationTag": null, "lineTag": null, "operator": null, "location": null }, "geometry": { "type": "Polygon", "coordinates": [ [ [ 120.2551531, 14.8567487 ], [ 120.2555499, 14.8566244 ], [ 120.2554958, 14.8564664 ], [ 120.2550982, 14.8565893 ], [ 120.2551531, 14.8567487 ] ] ] } },
{ "type": "Feature", "properties": { "contextFeatureId": "PHL-S-001::landuse::way::386888333", "projectId": "PHL-S-001", "projectName": "Olongapo Solar Power Project", "countryCode": "PHL", "osmType": "way", "osmId": 386888333, "highway": null, "place": null, "power": null, "landuse": "residential", "name": null, "voltage": null, "circuits": null, "cables": null, "frequency": null, "substationTag": null, "lineTag": null, "operator": null, "location": null }, "geometry": { "type": "Polygon", "coordinates": [ [ [ 120.2552029, 14.8568918 ], [ 120.2555967, 14.8567612 ], [ 120.2555499, 14.8566244 ], [ 120.2551531, 14.8567487 ], [ 120.2552029, 14.8568918 ] ] ] } },
{ "type": "Feature", "properties": { "contextFeatureId": "PHL-S-001::landuse::way::386888334", "projectId": "PHL-S-001", "projectName": "Olongapo Solar Power Project", "countryCode": "PHL", "osmType": "way", "osmId": 386888334, "highway": null, "place": null, "power": null, "landuse": "residential", "name": null, "voltage": null, "circuits": null, "cables": null, "frequency": null, "substationTag": null, "lineTag": null, "operator": null, "location": null }, "geometry": { "type": "Polygon", "coordinates": [ [ [ 120.2556232, 14.8572364 ], [ 120.255589, 14.8571334 ], [ 120.2555614, 14.8570505 ], [ 120.2555267, 14.856946 ], [ 120.2556469, 14.8569079 ], [ 120.2555967, 14.8567612 ], [ 120.2552029, 14.8568918 ], [ 120.2553496, 14.8573206 ], [ 120.2556232, 14.8572364 ] ] ] } },
{ "type": "Feature", "properties": { "contextFeatureId": "PHL-S-001::landuse::way::386888335", "projectId": "PHL-S-001", "projectName": "Olongapo Solar Power Project", "countryCode": "PHL", "osmType": "way", "osmId": 386888335, "highway": null, "place": null, "power": null, "landuse": "residential", "name": null, "voltage": null, "circuits": null, "cables": null, "frequency": null, "substationTag": null, "lineTag": null, "operator": null, "location": null }, "geometry": { "type": "Polygon", "coordinates": [ [ [ 120.2555614, 14.8570505 ], [ 120.2555267, 14.856946 ], [ 120.2556469, 14.8569079 ], [ 120.2556826, 14.857012 ], [ 120.2555614, 14.8570505 ] ] ] } },
{ "type": "Feature", "properties": { "contextFeatureId": "PHL-S-001::landuse::way::386888336", "projectId": "PHL-S-001", "projectName": "Olongapo Solar Power Project", "countryCode": "PHL", "osmType": "way", "osmId": 386888336, "highway": null, "place": null, "power": null, "landuse": "residential", "name": null, "voltage": null, "circuits": null, "cables": null, "frequency": null, "substationTag": null, "lineTag": null, "operator": null, "location": null }, "geometry": { "type": "Polygon", "coordinates": [ [ [ 120.2556232, 14.8572364 ], [ 120.2557559, 14.8572261 ], [ 120.2557117, 14.8570971 ], [ 120.255589, 14.8571334 ], [ 120.2556232, 14.8572364 ] ] ] } },
{ "type": "Feature", "properties": { "contextFeatureId": "PHL-S-001::landuse::way::386888337", "projectId": "PHL-S-001", "projectName": "Olongapo Solar Power Project", "countryCode": "PHL", "osmType": "way", "osmId": 386888337, "highway": null, "place": null, "power": null, "landuse": "residential", "name": null, "voltage": null, "circuits": null, "cables": null, "frequency": null, "substationTag": null, "lineTag": null, "operator": null, "location": null }, "geometry": { "type": "Polygon", "coordinates": [ [ [ 120.255589, 14.8571334 ], [ 120.2555614, 14.8570505 ], [ 120.2556826, 14.857012 ], [ 120.2557117, 14.8570971 ], [ 120.255589, 14.8571334 ] ] ] } },
{ "type": "Feature", "properties": { "contextFeatureId": "PHL-S-001::landuse::way::386888636", "projectId": "PHL-S-001", "projectName": "Olongapo Solar Power Project", "countryCode": "PHL", "osmType": "way", "osmId": 386888636, "highway": null, "place": null, "power": null, "landuse": "residential", "name": null, "voltage": null, "circuits": null, "cables": null, "frequency": null, "substationTag": null, "lineTag": null, "operator": null, "location": null }, "geometry": { "type": "Polygon", "coordinates": [ [ [ 120.25525, 14.8576799 ], [ 120.2552181, 14.8574309 ], [ 120.2553003, 14.8574123 ], [ 120.2553579, 14.8576463 ], [ 120.2553125, 14.8576604 ], [ 120.25525, 14.8576799 ] ] ] } },
{ "type": "Feature", "properties": { "contextFeatureId": "PHL-S-001::landuse::way::386888637", "projectId": "PHL-S-001", "projectName": "Olongapo Solar Power Project", "countryCode": "PHL", "osmType": "way", "osmId": 386888637, "highway": null, "place": null, "power": null, "landuse": "residential", "name": null, "voltage": null, "circuits": null, "cables": null, "frequency": null, "substationTag": null, "lineTag": null, "operator": null, "location": null }, "geometry": { "type": "Polygon", "coordinates": [ [ [ 120.2557304, 14.8575021 ], [ 120.2556671, 14.8573041 ], [ 120.2558117, 14.857301 ], [ 120.2559233, 14.8573641 ], [ 120.2558685, 14.8574033 ], [ 120.2557304, 14.8575021 ] ] ] } },
{ "type": "Feature", "properties": { "contextFeatureId": "PHL-S-001::landuse::way::386888638", "projectId": "PHL-S-001", "projectName": "Olongapo Solar Power Project", "countryCode": "PHL", "osmType": "way", "osmId": 386888638, "highway": null, "place": null, "power": null, "landuse": "residential", "name": null, "voltage": null, "circuits": null, "cables": null, "frequency": null, "substationTag": null, "lineTag": null, "operator": null, "location": null }, "geometry": { "type": "Polygon", "coordinates": [ [ [ 120.2555554, 14.8576404 ], [ 120.2555307, 14.8575924 ], [ 120.2554517, 14.8573713 ], [ 120.2556671, 14.8573041 ], [ 120.2557304, 14.8575021 ], [ 120.2555554, 14.8576404 ] ] ] } },
{ "type": "Feature", "properties": { "contextFeatureId": "PHL-S-001::landuse::way::386888639", "projectId": "PHL-S-001", "projectName": "Olongapo Solar Power Project", "countryCode": "PHL", "osmType": "way", "osmId": 386888639, "highway": null, "place": null, "power": null, "landuse": "residential", "name": null, "voltage": null, "circuits": null, "cables": null, "frequency": null, "substationTag": null, "lineTag": null, "operator": null, "location": null }, "geometry": { "type": "Polygon", "coordinates": [ [ [ 120.2553579, 14.8576463 ], [ 120.2555307, 14.8575924 ], [ 120.2554517, 14.8573713 ], [ 120.2553003, 14.8574123 ], [ 120.2553579, 14.8576463 ] ] ] } },
{ "type": "Feature", "properties": { "contextFeatureId": "PHL-S-001::landuse::way::386888640", "projectId": "PHL-S-001", "projectName": "Olongapo Solar Power Project", "countryCode": "PHL", "osmType": "way", "osmId": 386888640, "highway": null, "place": null, "power": null, "landuse": "residential", "name": null, "voltage": null, "circuits": null, "cables": null, "frequency": null, "substationTag": null, "lineTag": null, "operator": null, "location": null }, "geometry": { "type": "Polygon", "coordinates": [ [ [ 120.25525, 14.8576799 ], [ 120.2550927, 14.8577289 ], [ 120.2550218, 14.8574882 ], [ 120.2552181, 14.8574309 ], [ 120.25525, 14.8576799 ] ] ] } },
{ "type": "Feature", "properties": { "contextFeatureId": "PHL-S-001::landuse::way::386888641", "projectId": "PHL-S-001", "projectName": "Olongapo Solar Power Project", "countryCode": "PHL", "osmType": "way", "osmId": 386888641, "highway": null, "place": null, "power": null, "landuse": "residential", "name": null, "voltage": null, "circuits": null, "cables": null, "frequency": null, "substationTag": null, "lineTag": null, "operator": null, "location": null }, "geometry": { "type": "Polygon", "coordinates": [ [ [ 120.2550927, 14.8577289 ], [ 120.2550202, 14.8577515 ], [ 120.2548304, 14.8578107 ], [ 120.2548061, 14.8577359 ], [ 120.2547484, 14.8575544 ], [ 120.2550218, 14.8574882 ], [ 120.2550927, 14.8577289 ] ] ] } },
{ "type": "Feature", "properties": { "contextFeatureId": "PHL-S-001::landuse::way::386888642", "projectId": "PHL-S-001", "projectName": "Olongapo Solar Power Project", "countryCode": "PHL", "osmType": "way", "osmId": 386888642, "highway": null, "place": null, "power": null, "landuse": "residential", "name": null, "voltage": null, "circuits": null, "cables": null, "frequency": null, "substationTag": null, "lineTag": null, "operator": null, "location": null }, "geometry": { "type": "Polygon", "coordinates": [ [ [ 120.2548061, 14.8577359 ], [ 120.2544616, 14.8578447 ], [ 120.2544014, 14.8576588 ], [ 120.2547484, 14.8575544 ], [ 120.2548061, 14.8577359 ] ] ] } },
{ "type": "Feature", "properties": { "contextFeatureId": "PHL-S-001::landuse::way::386888643", "projectId": "PHL-S-001", "projectName": "Olongapo Solar Power Project", "countryCode": "PHL", "osmType": "way", "osmId": 386888643, "highway": null, "place": null, "power": null, "landuse": "residential", "name": null, "voltage": null, "circuits": null, "cables": null, "frequency": null, "substationTag": null, "lineTag": null, "operator": null, "location": null }, "geometry": { "type": "Polygon", "coordinates": [ [ [ 120.2548716, 14.8579428 ], [ 120.2548304, 14.8578107 ], [ 120.2548061, 14.8577359 ], [ 120.2544616, 14.8578447 ], [ 120.2545258, 14.8580434 ], [ 120.2548716, 14.8579428 ] ] ] } },
{ "type": "Feature", "properties": { "contextFeatureId": "PHL-S-001::landuse::way::386888645", "projectId": "PHL-S-001", "projectName": "Olongapo Solar Power Project", "countryCode": "PHL", "osmType": "way", "osmId": 386888645, "highway": null, "place": null, "power": null, "landuse": "residential", "name": null, "voltage": null, "circuits": null, "cables": null, "frequency": null, "substationTag": null, "lineTag": null, "operator": null, "location": null }, "geometry": { "type": "Polygon", "coordinates": [ [ [ 120.2546271, 14.8583567 ], [ 120.2545612, 14.8581531 ], [ 120.2548003, 14.8580832 ], [ 120.2548701, 14.8583016 ], [ 120.2546797, 14.8583602 ], [ 120.2546271, 14.8583567 ] ] ] } },
{ "type": "Feature", "properties": { "contextFeatureId": "PHL-S-001::landuse::way::386888646", "projectId": "PHL-S-001", "projectName": "Olongapo Solar Power Project", "countryCode": "PHL", "osmType": "way", "osmId": 386888646, "highway": null, "place": null, "power": null, "landuse": "residential", "name": null, "voltage": null, "circuits": null, "cables": null, "frequency": null, "substationTag": null, "lineTag": null, "operator": null, "location": null }, "geometry": { "type": "Polygon", "coordinates": [ [ [ 120.2545612, 14.8581531 ], [ 120.2545258, 14.8580434 ], [ 120.2548716, 14.8579428 ], [ 120.2549069, 14.858053 ], [ 120.2548003, 14.8580832 ], [ 120.2545612, 14.8581531 ] ] ] } },
{ "type": "Feature", "properties": { "contextFeatureId": "PHL-S-001::landuse::way::386888647", "projectId": "PHL-S-001", "projectName": "Olongapo Solar Power Project", "countryCode": "PHL", "osmType": "way", "osmId": 386888647, "highway": null, "place": null, "power": null, "landuse": "residential", "name": null, "voltage": null, "circuits": null, "cables": null, "frequency": null, "substationTag": null, "lineTag": null, "operator": null, "location": null }, "geometry": { "type": "Polygon", "coordinates": [ [ [ 120.2550269, 14.8582715 ], [ 120.2549743, 14.8580339 ], [ 120.2549069, 14.858053 ], [ 120.2548003, 14.8580832 ], [ 120.2548701, 14.8583016 ], [ 120.2550269, 14.8582715 ] ] ] } },
{ "type": "Feature", "properties": { "contextFeatureId": "PHL-S-001::landuse::way::386888648", "projectId": "PHL-S-001", "projectName": "Olongapo Solar Power Project", "countryCode": "PHL", "osmType": "way", "osmId": 386888648, "highway": null, "place": null, "power": null, "landuse": "residential", "name": null, "voltage": null, "circuits": null, "cables": null, "frequency": null, "substationTag": null, "lineTag": null, "operator": null, "location": null }, "geometry": { "type": "Polygon", "coordinates": [ [ [ 120.2551701, 14.8582314 ], [ 120.2550202, 14.8577515 ], [ 120.2548304, 14.8578107 ], [ 120.2549069, 14.858053 ], [ 120.2549743, 14.8580339 ], [ 120.2550269, 14.8582715 ], [ 120.2551263, 14.8582586 ], [ 120.2551701, 14.8582314 ] ] ] } },
{ "type": "Feature", "properties": { "contextFeatureId": "PHL-S-001::landuse::way::386888649", "projectId": "PHL-S-001", "projectName": "Olongapo Solar Power Project", "countryCode": "PHL", "osmType": "way", "osmId": 386888649, "highway": null, "place": null, "power": null, "landuse": "residential", "name": null, "voltage": null, "circuits": null, "cables": null, "frequency": null, "substationTag": null, "lineTag": null, "operator": null, "location": null }, "geometry": { "type": "Polygon", "coordinates": [ [ [ 120.2551701, 14.8582314 ], [ 120.255271, 14.8581175 ], [ 120.2553447, 14.8580145 ], [ 120.2553825, 14.8579468 ], [ 120.2553799, 14.8578996 ], [ 120.2553125, 14.8576604 ], [ 120.2550202, 14.8577515 ], [ 120.2551701, 14.8582314 ] ] ] } },
{ "type": "Feature", "properties": { "contextFeatureId": "PHL-S-001::landuse::way::386888650", "projectId": "PHL-S-001", "projectName": "Olongapo Solar Power Project", "countryCode": "PHL", "osmType": "way", "osmId": 386888650, "highway": null, "place": null, "power": null, "landuse": "residential", "name": null, "voltage": null, "circuits": null, "cables": null, "frequency": null, "substationTag": null, "lineTag": null, "operator": null, "location": null }, "geometry": { "type": "Polygon", "coordinates": [ [ [ 120.2553799, 14.8578996 ], [ 120.2554767, 14.8577536 ], [ 120.2555554, 14.8576404 ], [ 120.2555307, 14.8575924 ], [ 120.2553125, 14.8576604 ], [ 120.2553799, 14.8578996 ] ] ] } },
{ "type": "Feature", "properties": { "contextFeatureId": "PHL-S-001::landuse::way::386891678", "projectId": "PHL-S-001", "projectName": "Olongapo Solar Power Project", "countryCode": "PHL", "osmType": "way", "osmId": 386891678, "highway": null, "place": null, "power": null, "landuse": "residential", "name": null, "voltage": null, "circuits": null, "cables": null, "frequency": null, "substationTag": null, "lineTag": null, "operator": null, "location": null }, "geometry": { "type": "Polygon", "coordinates": [ [ [ 120.2540963, 14.8578371 ], [ 120.2540019, 14.8575653 ], [ 120.2542776, 14.8574766 ], [ 120.2543683, 14.8577517 ], [ 120.2540963, 14.8578371 ] ] ] } },
{ "type": "Feature", "properties": { "contextFeatureId": "PHL-S-001::landuse::way::386891755", "projectId": "PHL-S-001", "projectName": "Olongapo Solar Power Project", "countryCode": "PHL", "osmType": "way", "osmId": 386891755, "highway": null, "place": null, "power": null, "landuse": "residential", "name": null, "voltage": null, "circuits": null, "cables": null, "frequency": null, "substationTag": null, "lineTag": null, "operator": null, "location": null }, "geometry": { "type": "Polygon", "coordinates": [ [ [ 120.2541686, 14.858046 ], [ 120.2540963, 14.8578371 ], [ 120.2543683, 14.8577517 ], [ 120.2544358, 14.8579574 ], [ 120.2541686, 14.858046 ] ] ] } },
{ "type": "Feature", "properties": { "contextFeatureId": "PHL-S-001::landuse::way::386891756", "projectId": "PHL-S-001", "projectName": "Olongapo Solar Power Project", "countryCode": "PHL", "osmType": "way", "osmId": 386891756, "highway": null, "place": null, "power": null, "landuse": "residential", "name": null, "voltage": null, "circuits": null, "cables": null, "frequency": null, "substationTag": null, "lineTag": null, "operator": null, "location": null }, "geometry": { "type": "Polygon", "coordinates": [ [ [ 120.2543881, 14.8586808 ], [ 120.2542894, 14.8583952 ], [ 120.2545527, 14.8583114 ], [ 120.2546485, 14.8586021 ], [ 120.2543881, 14.8586808 ] ] ] } },
{ "type": "Feature", "properties": { "contextFeatureId": "PHL-S-001::landuse::way::386891757", "projectId": "PHL-S-001", "projectName": "Olongapo Solar Power Project", "countryCode": "PHL", "osmType": "way", "osmId": 386891757, "highway": null, "place": null, "power": null, "landuse": "residential", "name": null, "voltage": null, "circuits": null, "cables": null, "frequency": null, "substationTag": null, "lineTag": null, "operator": null, "location": null }, "geometry": { "type": "Polygon", "coordinates": [ [ [ 120.2542894, 14.8583952 ], [ 120.2542231, 14.8582037 ], [ 120.2544891, 14.8581184 ], [ 120.2545527, 14.8583114 ], [ 120.2542894, 14.8583952 ] ] ] } },
{ "type": "Feature", "properties": { "contextFeatureId": "PHL-S-001::landuse::way::386891758", "projectId": "PHL-S-001", "projectName": "Olongapo Solar Power Project", "countryCode": "PHL", "osmType": "way", "osmId": 386891758, "highway": null, "place": null, "power": null, "landuse": "residential", "name": null, "voltage": null, "circuits": null, "cables": null, "frequency": null, "substationTag": null, "lineTag": null, "operator": null, "location": null }, "geometry": { "type": "Polygon", "coordinates": [ [ [ 120.2542231, 14.8582037 ], [ 120.2541686, 14.858046 ], [ 120.2544358, 14.8579574 ], [ 120.2544891, 14.8581184 ], [ 120.2542231, 14.8582037 ] ] ] } },
{ "type": "Feature", "properties": { "contextFeatureId": "PHL-S-001::landuse::way::386891764", "projectId": "PHL-S-001", "projectName": "Olongapo Solar Power Project", "countryCode": "PHL", "osmType": "way", "osmId": 386891764, "highway": null, "place": null, "power": null, "landuse": "residential", "name": null, "voltage": null, "circuits": null, "cables": null, "frequency": null, "substationTag": null, "lineTag": null, "operator": null, "location": null }, "geometry": { "type": "Polygon", "coordinates": [ [ [ 120.2542062, 14.858737 ], [ 120.2541049, 14.8584551 ], [ 120.2542894, 14.8583952 ], [ 120.2543881, 14.8586808 ], [ 120.2542062, 14.858737 ] ] ] } },
{ "type": "Feature", "properties": { "contextFeatureId": "PHL-S-001::landuse::way::386891765", "projectId": "PHL-S-001", "projectName": "Olongapo Solar Power Project", "countryCode": "PHL", "osmType": "way", "osmId": 386891765, "highway": null, "place": null, "power": null, "landuse": "residential", "name": null, "voltage": null, "circuits": null, "cables": null, "frequency": null, "substationTag": null, "lineTag": null, "operator": null, "location": null }, "geometry": { "type": "Polygon", "coordinates": [ [ [ 120.2541049, 14.8584551 ], [ 120.2540372, 14.8582666 ], [ 120.2542231, 14.8582037 ], [ 120.2542894, 14.8583952 ], [ 120.2541049, 14.8584551 ] ] ] } },
{ "type": "Feature", "properties": { "contextFeatureId": "PHL-S-001::landuse::way::386891766", "projectId": "PHL-S-001", "projectName": "Olongapo Solar Power Project", "countryCode": "PHL", "osmType": "way", "osmId": 386891766, "highway": null, "place": null, "power": null, "landuse": "residential", "name": null, "voltage": null, "circuits": null, "cables": null, "frequency": null, "substationTag": null, "lineTag": null, "operator": null, "location": null }, "geometry": { "type": "Polygon", "coordinates": [ [ [ 120.2539051, 14.8578988 ], [ 120.2540963, 14.8578371 ], [ 120.2540019, 14.8575653 ], [ 120.2538075, 14.857627 ], [ 120.2539051, 14.8578988 ] ] ] } },
{ "type": "Feature", "properties": { "contextFeatureId": "PHL-S-001::landuse::way::386891767", "projectId": "PHL-S-001", "projectName": "Olongapo Solar Power Project", "countryCode": "PHL", "osmType": "way", "osmId": 386891767, "highway": null, "place": null, "power": null, "landuse": "residential", "name": null, "voltage": null, "circuits": null, "cables": null, "frequency": null, "substationTag": null, "lineTag": null, "operator": null, "location": null }, "geometry": { "type": "Polygon", "coordinates": [ [ [ 120.2541686, 14.858046 ], [ 120.2539805, 14.8581088 ], [ 120.2539051, 14.8578988 ], [ 120.2540963, 14.8578371 ], [ 120.2541686, 14.858046 ] ] ] } },
{ "type": "Feature", "properties": { "contextFeatureId": "PHL-S-001::landuse::way::386891768", "projectId": "PHL-S-001", "projectName": "Olongapo Solar Power Project", "countryCode": "PHL", "osmType": "way", "osmId": 386891768, "highway": null, "place": null, "power": null, "landuse": "residential", "name": null, "voltage": null, "circuits": null, "cables": null, "frequency": null, "substationTag": null, "lineTag": null, "operator": null, "location": null }, "geometry": { "type": "Polygon", "coordinates": [ [ [ 120.2540372, 14.8582666 ], [ 120.2539805, 14.8581088 ], [ 120.2541686, 14.858046 ], [ 120.2542231, 14.8582037 ], [ 120.2540372, 14.8582666 ] ] ] } },
{ "type": "Feature", "properties": { "contextFeatureId": "PHL-S-001::landuse::way::386891769", "projectId": "PHL-S-001", "projectName": "Olongapo Solar Power Project", "countryCode": "PHL", "osmType": "way", "osmId": 386891769, "highway": null, "place": null, "power": null, "landuse": "residential", "name": null, "voltage": null, "circuits": null, "cables": null, "frequency": null, "substationTag": null, "lineTag": null, "operator": null, "location": null }, "geometry": { "type": "Polygon", "coordinates": [ [ [ 120.2537024, 14.8583624 ], [ 120.2535486, 14.8579528 ], [ 120.2538217, 14.857857 ], [ 120.2539755, 14.8582666 ], [ 120.2537024, 14.8583624 ] ] ] } },
{ "type": "Feature", "properties": { "contextFeatureId": "PHL-S-001::landuse::way::386891770", "projectId": "PHL-S-001", "projectName": "Olongapo Solar Power Project", "countryCode": "PHL", "osmType": "way", "osmId": 386891770, "highway": null, "place": null, "power": null, "landuse": "residential", "name": null, "voltage": null, "circuits": null, "cables": null, "frequency": null, "substationTag": null, "lineTag": null, "operator": null, "location": null }, "geometry": { "type": "Polygon", "coordinates": [ [ [ 120.2538339, 14.8587144 ], [ 120.2537162, 14.8583952 ], [ 120.2539866, 14.858302 ], [ 120.2541043, 14.8586213 ], [ 120.2538339, 14.8587144 ] ] ] } },
{ "type": "Feature", "properties": { "contextFeatureId": "PHL-S-001::landuse::way::386891772", "projectId": "PHL-S-001", "projectName": "Olongapo Solar Power Project", "countryCode": "PHL", "osmType": "way", "osmId": 386891772, "highway": null, "place": null, "power": null, "landuse": "residential", "name": null, "voltage": null, "circuits": null, "cables": null, "frequency": null, "substationTag": null, "lineTag": null, "operator": null, "location": null }, "geometry": { "type": "Polygon", "coordinates": [ [ [ 120.2540034, 14.8592085 ], [ 120.2538474, 14.8587729 ], [ 120.2541223, 14.8586809 ], [ 120.2542783, 14.8591165 ], [ 120.2540034, 14.8592085 ] ] ] } },
{ "type": "Feature", "properties": { "contextFeatureId": "PHL-S-001::landuse::way::386892205", "projectId": "PHL-S-001", "projectName": "Olongapo Solar Power Project", "countryCode": "PHL", "osmType": "way", "osmId": 386892205, "highway": null, "place": null, "power": null, "landuse": "residential", "name": null, "voltage": null, "circuits": null, "cables": null, "frequency": null, "substationTag": null, "lineTag": null, "operator": null, "location": null }, "geometry": { "type": "Polygon", "coordinates": [ [ [ 120.2547076, 14.8588531 ], [ 120.2544165, 14.8589394 ], [ 120.2543582, 14.8587534 ], [ 120.2546533, 14.8586697 ], [ 120.2547076, 14.8588531 ] ] ] } },
{ "type": "Feature", "properties": { "contextFeatureId": "PHL-S-001::landuse::way::386892206", "projectId": "PHL-S-001", "projectName": "Olongapo Solar Power Project", "countryCode": "PHL", "osmType": "way", "osmId": 386892206, "highway": null, "place": null, "power": null, "landuse": "residential", "name": null, "voltage": null, "circuits": null, "cables": null, "frequency": null, "substationTag": null, "lineTag": null, "operator": null, "location": null }, "geometry": { "type": "Polygon", "coordinates": [ [ [ 120.2544497, 14.8590455 ], [ 120.2544165, 14.8589394 ], [ 120.2547076, 14.8588531 ], [ 120.2547397, 14.8589618 ], [ 120.2544497, 14.8590455 ] ] ] } },
{ "type": "Feature", "properties": { "contextFeatureId": "PHL-S-001::landuse::way::386892207", "projectId": "PHL-S-001", "projectName": "Olongapo Solar Power Project", "countryCode": "PHL", "osmType": "way", "osmId": 386892207, "highway": null, "place": null, "power": null, "landuse": "residential", "name": null, "voltage": null, "circuits": null, "cables": null, "frequency": null, "substationTag": null, "lineTag": null, "operator": null, "location": null }, "geometry": { "type": "Polygon", "coordinates": [ [ [ 120.2545142, 14.8592576 ], [ 120.254802, 14.8591723 ], [ 120.2547397, 14.8589618 ], [ 120.2544497, 14.8590455 ], [ 120.2545142, 14.8592576 ] ] ] } },
{ "type": "Feature", "properties": { "contextFeatureId": "PHL-S-001::landuse::way::386892208", "projectId": "PHL-S-001", "projectName": "Olongapo Solar Power Project", "countryCode": "PHL", "osmType": "way", "osmId": 386892208, "highway": null, "place": null, "power": null, "landuse": "residential", "name": null, "voltage": null, "circuits": null, "cables": null, "frequency": null, "substationTag": null, "lineTag": null, "operator": null, "location": null }, "geometry": { "type": "Polygon", "coordinates": [ [ [ 120.254484, 14.8595648 ], [ 120.2543985, 14.859292 ], [ 120.2545142, 14.8592576 ], [ 120.254802, 14.8591723 ], [ 120.2548715, 14.859339 ], [ 120.2547656, 14.8594108 ], [ 120.2546901, 14.8595003 ], [ 120.254484, 14.8595648 ] ] ] } },
{ "type": "Feature", "properties": { "contextFeatureId": "PHL-S-001::landuse::way::386892209", "projectId": "PHL-S-001", "projectName": "Olongapo Solar Power Project", "countryCode": "PHL", "osmType": "way", "osmId": 386892209, "highway": null, "place": null, "power": null, "landuse": "residential", "name": null, "voltage": null, "circuits": null, "cables": null, "frequency": null, "substationTag": null, "lineTag": null, "operator": null, "location": null }, "geometry": { "type": "Polygon", "coordinates": [ [ [ 120.2546153, 14.8599247 ], [ 120.254484, 14.8595648 ], [ 120.2546901, 14.8595003 ], [ 120.2549373, 14.8593696 ], [ 120.2549326, 14.8592487 ], [ 120.255136, 14.859197 ], [ 120.2552677, 14.85968 ], [ 120.2546153, 14.8599247 ] ] ] } },
{ "type": "Feature", "properties": { "contextFeatureId": "PHL-S-001::landuse::way::386892211", "projectId": "PHL-S-001", "projectName": "Olongapo Solar Power Project", "countryCode": "PHL", "osmType": "way", "osmId": 386892211, "highway": null, "place": null, "power": null, "landuse": "residential", "name": null, "voltage": null, "circuits": null, "cables": null, "frequency": null, "substationTag": null, "lineTag": null, "operator": null, "location": null }, "geometry": { "type": "Polygon", "coordinates": [ [ [ 120.255136, 14.859197 ], [ 120.2550808, 14.8589943 ], [ 120.2548651, 14.8590531 ], [ 120.2549326, 14.8592487 ], [ 120.255136, 14.859197 ] ] ] } },
{ "type": "Feature", "properties": { "contextFeatureId": "PHL-S-001::landuse::way::386892214", "projectId": "PHL-S-001", "projectName": "Olongapo Solar Power Project", "countryCode": "PHL", "osmType": "way", "osmId": 386892214, "highway": null, "place": null, "power": null, "landuse": "residential", "name": null, "voltage": null, "circuits": null, "cables": null, "frequency": null, "substationTag": null, "lineTag": null, "operator": null, "location": null }, "geometry": { "type": "Polygon", "coordinates": [ [ [ 120.2548651, 14.8590531 ], [ 120.2547975, 14.8588381 ], [ 120.2550216, 14.8587772 ], [ 120.2550808, 14.8589943 ], [ 120.2548651, 14.8590531 ] ] ] } },
{ "type": "Feature", "properties": { "contextFeatureId": "PHL-S-001::landuse::way::386892215", "projectId": "PHL-S-001", "projectName": "Olongapo Solar Power Project", "countryCode": "PHL", "osmType": "way", "osmId": 386892215, "highway": null, "place": null, "power": null, "landuse": "residential", "name": null, "voltage": null, "circuits": null, "cables": null, "frequency": null, "substationTag": null, "lineTag": null, "operator": null, "location": null }, "geometry": { "type": "Polygon", "coordinates": [ [ [ 120.2547975, 14.8588381 ], [ 120.2547062, 14.8585916 ], [ 120.2549113, 14.8585368 ], [ 120.2549531, 14.8585261 ], [ 120.2549934, 14.8586738 ], [ 120.2550216, 14.8587772 ], [ 120.2547975, 14.8588381 ] ] ] } },
{ "type": "Feature", "properties": { "contextFeatureId": "PHL-S-001::landuse::way::386892216", "projectId": "PHL-S-001", "projectName": "Olongapo Solar Power Project", "countryCode": "PHL", "osmType": "way", "osmId": 386892216, "highway": null, "place": null, "power": null, "landuse": "residential", "name": null, "voltage": null, "circuits": null, "cables": null, "frequency": null, "substationTag": null, "lineTag": null, "operator": null, "location": null }, "geometry": { "type": "Polygon", "coordinates": [ [ [ 120.2549113, 14.8585368 ], [ 120.2548627, 14.8583724 ], [ 120.2546911, 14.8584228 ], [ 120.2546629, 14.8584441 ], [ 120.2547062, 14.8585916 ], [ 120.2549113, 14.8585368 ] ] ] } },
{ "type": "Feature", "properties": { "contextFeatureId": "PHL-S-001::landuse::way::386892255", "projectId": "PHL-S-001", "projectName": "Olongapo Solar Power Project", "countryCode": "PHL", "osmType": "way", "osmId": 386892255, "highway": null, "place": null, "power": null, "landuse": "residential", "name": null, "voltage": null, "circuits": null, "cables": null, "frequency": null, "substationTag": null, "lineTag": null, "operator": null, "location": null }, "geometry": { "type": "Polygon", "coordinates": [ [ [ 120.2549113, 14.8585368 ], [ 120.2550936, 14.858487 ], [ 120.2550423, 14.8583194 ], [ 120.2548627, 14.8583724 ], [ 120.2549113, 14.8585368 ] ] ] } },
{ "type": "Feature", "properties": { "contextFeatureId": "PHL-S-001::landuse::way::386892256", "projectId": "PHL-S-001", "projectName": "Olongapo Solar Power Project", "countryCode": "PHL", "osmType": "way", "osmId": 386892256, "highway": null, "place": null, "power": null, "landuse": "residential", "name": null, "voltage": null, "circuits": null, "cables": null, "frequency": null, "substationTag": null, "lineTag": null, "operator": null, "location": null }, "geometry": { "type": "Polygon", "coordinates": [ [ [ 120.2551198, 14.8584773 ], [ 120.2550711, 14.8583043 ], [ 120.255193, 14.8582731 ], [ 120.2552749, 14.8581992 ], [ 120.2553952, 14.8582738 ], [ 120.2552885, 14.8584194 ], [ 120.2551198, 14.8584773 ] ] ] } },
{ "type": "Feature", "properties": { "contextFeatureId": "PHL-S-001::landuse::way::386892257", "projectId": "PHL-S-001", "projectName": "Olongapo Solar Power Project", "countryCode": "PHL", "osmType": "way", "osmId": 386892257, "highway": null, "place": null, "power": null, "landuse": "residential", "name": null, "voltage": null, "circuits": null, "cables": null, "frequency": null, "substationTag": null, "lineTag": null, "operator": null, "location": null }, "geometry": { "type": "Polygon", "coordinates": [ [ [ 120.2549934, 14.8586738 ], [ 120.2550978, 14.8586389 ], [ 120.2551559, 14.8586195 ], [ 120.2553521, 14.858554 ], [ 120.2552885, 14.8584194 ], [ 120.2551198, 14.8584773 ], [ 120.2550711, 14.8583043 ], [ 120.2550423, 14.8583194 ], [ 120.2550936, 14.858487 ], [ 120.2549531, 14.8585261 ], [ 120.2549934, 14.8586738 ] ] ] } },
{ "type": "Feature", "properties": { "contextFeatureId": "PHL-S-001::landuse::way::386892258", "projectId": "PHL-S-001", "projectName": "Olongapo Solar Power Project", "countryCode": "PHL", "osmType": "way", "osmId": 386892258, "highway": null, "place": null, "power": null, "landuse": "residential", "name": null, "voltage": null, "circuits": null, "cables": null, "frequency": null, "substationTag": null, "lineTag": null, "operator": null, "location": null }, "geometry": { "type": "Polygon", "coordinates": [ [ [ 120.2553952, 14.8582738 ], [ 120.2555912, 14.8582844 ], [ 120.2556174, 14.8581617 ], [ 120.2555924, 14.8580275 ], [ 120.2554379, 14.8579506 ], [ 120.2553286, 14.8581312 ], [ 120.2552749, 14.8581992 ], [ 120.2553952, 14.8582738 ] ] ] } },
{ "type": "Feature", "properties": { "contextFeatureId": "PHL-S-001::landuse::way::386892259", "projectId": "PHL-S-001", "projectName": "Olongapo Solar Power Project", "countryCode": "PHL", "osmType": "way", "osmId": 386892259, "highway": null, "place": null, "power": null, "landuse": "residential", "name": null, "voltage": null, "circuits": null, "cables": null, "frequency": null, "substationTag": null, "lineTag": null, "operator": null, "location": null }, "geometry": { "type": "Polygon", "coordinates": [ [ [ 120.2555924, 14.8580275 ], [ 120.2556503, 14.8579609 ], [ 120.2554959, 14.8578342 ], [ 120.2554379, 14.8579506 ], [ 120.2555924, 14.8580275 ] ] ] } },
{ "type": "Feature", "properties": { "contextFeatureId": "PHL-S-001::landuse::way::386892339", "projectId": "PHL-S-001", "projectName": "Olongapo Solar Power Project", "countryCode": "PHL", "osmType": "way", "osmId": 386892339, "highway": null, "place": null, "power": null, "landuse": "residential", "name": null, "voltage": null, "circuits": null, "cables": null, "frequency": null, "substationTag": null, "lineTag": null, "operator": null, "location": null }, "geometry": { "type": "Polygon", "coordinates": [ [ [ 120.2560608, 14.8580139 ], [ 120.2558781, 14.8580717 ], [ 120.2556174, 14.8581617 ], [ 120.2555924, 14.8580275 ], [ 120.2556503, 14.8579609 ], [ 120.2554959, 14.8578342 ], [ 120.2555201, 14.8577764 ], [ 120.2555765, 14.8578234 ], [ 120.2557308, 14.8576938 ], [ 120.255833, 14.8578154 ], [ 120.2559512, 14.8577516 ], [ 120.2560608, 14.8580139 ] ] ] } },
{ "type": "Feature", "properties": { "contextFeatureId": "PHL-S-001::landuse::way::386892340", "projectId": "PHL-S-001", "projectName": "Olongapo Solar Power Project", "countryCode": "PHL", "osmType": "way", "osmId": 386892340, "highway": null, "place": null, "power": null, "landuse": "residential", "name": null, "voltage": null, "circuits": null, "cables": null, "frequency": null, "substationTag": null, "lineTag": null, "operator": null, "location": null }, "geometry": { "type": "Polygon", "coordinates": [ [ [ 120.2557308, 14.8576938 ], [ 120.2556717, 14.8576187 ], [ 120.2555943, 14.8576806 ], [ 120.2555201, 14.8577764 ], [ 120.2555765, 14.8578234 ], [ 120.2557308, 14.8576938 ] ] ] } },
{ "type": "Feature", "properties": { "contextFeatureId": "PHL-S-001::landuse::way::386892341", "projectId": "PHL-S-001", "projectName": "Olongapo Solar Power Project", "countryCode": "PHL", "osmType": "way", "osmId": 386892341, "highway": null, "place": null, "power": null, "landuse": "residential", "name": null, "voltage": null, "circuits": null, "cables": null, "frequency": null, "substationTag": null, "lineTag": null, "operator": null, "location": null }, "geometry": { "type": "Polygon", "coordinates": [ [ [ 120.2559512, 14.8577516 ], [ 120.2558814, 14.8576402 ], [ 120.2557893, 14.8575094 ], [ 120.2556717, 14.8576187 ], [ 120.2557308, 14.8576938 ], [ 120.255833, 14.8578154 ], [ 120.2559512, 14.8577516 ] ] ] } },
{ "type": "Feature", "properties": { "contextFeatureId": "PHL-S-001::landuse::way::386892344", "projectId": "PHL-S-001", "projectName": "Olongapo Solar Power Project", "countryCode": "PHL", "osmType": "way", "osmId": 386892344, "highway": null, "place": null, "power": null, "landuse": "residential", "name": null, "voltage": null, "circuits": null, "cables": null, "frequency": null, "substationTag": null, "lineTag": null, "operator": null, "location": null }, "geometry": { "type": "Polygon", "coordinates": [ [ [ 120.2559633, 14.857595 ], [ 120.2558571, 14.8574272 ], [ 120.256042, 14.8573401 ], [ 120.2561554, 14.857522 ], [ 120.2560311, 14.8575577 ], [ 120.2559633, 14.857595 ] ] ] } },
{ "type": "Feature", "properties": { "contextFeatureId": "PHL-S-001::landuse::way::386892346", "projectId": "PHL-S-001", "projectName": "Olongapo Solar Power Project", "countryCode": "PHL", "osmType": "way", "osmId": 386892346, "highway": null, "place": null, "power": null, "landuse": "residential", "name": null, "voltage": null, "circuits": null, "cables": null, "frequency": null, "substationTag": null, "lineTag": null, "operator": null, "location": null }, "geometry": { "type": "Polygon", "coordinates": [ [ [ 120.2558814, 14.8576402 ], [ 120.2559633, 14.857595 ], [ 120.2558571, 14.8574272 ], [ 120.2557893, 14.8575094 ], [ 120.2558814, 14.8576402 ] ] ] } },
{ "type": "Feature", "properties": { "contextFeatureId": "PHL-S-001::landuse::way::386892466", "projectId": "PHL-S-001", "projectName": "Olongapo Solar Power Project", "countryCode": "PHL", "osmType": "way", "osmId": 386892466, "highway": null, "place": null, "power": null, "landuse": "residential", "name": null, "voltage": null, "circuits": null, "cables": null, "frequency": null, "substationTag": null, "lineTag": null, "operator": null, "location": null }, "geometry": { "type": "Polygon", "coordinates": [ [ [ 120.2563544, 14.8572826 ], [ 120.2563543, 14.8571618 ], [ 120.2564262, 14.8571411 ], [ 120.2564386, 14.8572754 ], [ 120.2563544, 14.8572826 ] ] ] } },
{ "type": "Feature", "properties": { "contextFeatureId": "PHL-S-001::landuse::way::386892467", "projectId": "PHL-S-001", "projectName": "Olongapo Solar Power Project", "countryCode": "PHL", "osmType": "way", "osmId": 386892467, "highway": null, "place": null, "power": null, "landuse": "residential", "name": null, "voltage": null, "circuits": null, "cables": null, "frequency": null, "substationTag": null, "lineTag": null, "operator": null, "location": null }, "geometry": { "type": "Polygon", "coordinates": [ [ [ 120.2562591, 14.8574678 ], [ 120.2563266, 14.8574041 ], [ 120.2563255, 14.857293 ], [ 120.2563544, 14.8572826 ], [ 120.2563543, 14.8571618 ], [ 120.2562708, 14.8571831 ], [ 120.2561556, 14.8572611 ], [ 120.256206, 14.8573486 ], [ 120.2562591, 14.8574678 ] ] ] } },
{ "type": "Feature", "properties": { "contextFeatureId": "PHL-S-001::landuse::way::386892468", "projectId": "PHL-S-001", "projectName": "Olongapo Solar Power Project", "countryCode": "PHL", "osmType": "way", "osmId": 386892468, "highway": null, "place": null, "power": null, "landuse": "residential", "name": null, "voltage": null, "circuits": null, "cables": null, "frequency": null, "substationTag": null, "lineTag": null, "operator": null, "location": null }, "geometry": { "type": "Polygon", "coordinates": [ [ [ 120.2564199, 14.8575705 ], [ 120.2563791, 14.8574978 ], [ 120.2563266, 14.8574041 ], [ 120.2563255, 14.857293 ], [ 120.2563544, 14.8572826 ], [ 120.2564386, 14.8572754 ], [ 120.2564607, 14.8574035 ], [ 120.2565203, 14.8575186 ], [ 120.2564199, 14.8575705 ] ] ] } },
{ "type": "Feature", "properties": { "contextFeatureId": "PHL-S-001::landuse::way::386892469", "projectId": "PHL-S-001", "projectName": "Olongapo Solar Power Project", "countryCode": "PHL", "osmType": "way", "osmId": 386892469, "highway": null, "place": null, "power": null, "landuse": "residential", "name": null, "voltage": null, "circuits": null, "cables": null, "frequency": null, "substationTag": null, "lineTag": null, "operator": null, "location": null }, "geometry": { "type": "Polygon", "coordinates": [ [ [ 120.2562371, 14.8576667 ], [ 120.2561954, 14.8575901 ], [ 120.2563791, 14.8574978 ], [ 120.2564199, 14.8575705 ], [ 120.2562371, 14.8576667 ] ] ] } },
{ "type": "Feature", "properties": { "contextFeatureId": "PHL-S-001::landuse::way::386892471", "projectId": "PHL-S-001", "projectName": "Olongapo Solar Power Project", "countryCode": "PHL", "osmType": "way", "osmId": 386892471, "highway": null, "place": null, "power": null, "landuse": "residential", "name": null, "voltage": null, "circuits": null, "cables": null, "frequency": null, "substationTag": null, "lineTag": null, "operator": null, "location": null }, "geometry": { "type": "Polygon", "coordinates": [ [ [ 120.2562127, 14.8576795 ], [ 120.2561588, 14.8575812 ], [ 120.2560674, 14.8576254 ], [ 120.2560311, 14.8575577 ], [ 120.2561554, 14.857522 ], [ 120.2562591, 14.8574678 ], [ 120.2563266, 14.8574041 ], [ 120.2563791, 14.8574978 ], [ 120.2561954, 14.8575901 ], [ 120.2562371, 14.8576667 ], [ 120.2562127, 14.8576795 ] ] ] } },
{ "type": "Feature", "properties": { "contextFeatureId": "PHL-S-001::landuse::way::386892472", "projectId": "PHL-S-001", "projectName": "Olongapo Solar Power Project", "countryCode": "PHL", "osmType": "way", "osmId": 386892472, "highway": null, "place": null, "power": null, "landuse": "residential", "name": null, "voltage": null, "circuits": null, "cables": null, "frequency": null, "substationTag": null, "lineTag": null, "operator": null, "location": null }, "geometry": { "type": "Polygon", "coordinates": [ [ [ 120.2560608, 14.8580139 ], [ 120.2563946, 14.8579385 ], [ 120.2562753, 14.8577216 ], [ 120.2562272, 14.8577087 ], [ 120.2562127, 14.8576795 ], [ 120.2561588, 14.8575812 ], [ 120.2560674, 14.8576254 ], [ 120.2560311, 14.8575577 ], [ 120.2559633, 14.857595 ], [ 120.2558814, 14.8576402 ], [ 120.2559512, 14.8577516 ], [ 120.2560608, 14.8580139 ] ] ] } },
{ "type": "Feature", "properties": { "contextFeatureId": "PHL-S-001::landuse::way::386892473", "projectId": "PHL-S-001", "projectName": "Olongapo Solar Power Project", "countryCode": "PHL", "osmType": "way", "osmId": 386892473, "highway": null, "place": null, "power": null, "landuse": "residential", "name": null, "voltage": null, "circuits": null, "cables": null, "frequency": null, "substationTag": null, "lineTag": null, "operator": null, "location": null }, "geometry": { "type": "Polygon", "coordinates": [ [ [ 120.2563946, 14.8579385 ], [ 120.2564747, 14.8578828 ], [ 120.2563628, 14.8576765 ], [ 120.2562753, 14.8577216 ], [ 120.2563946, 14.8579385 ] ] ] } },
{ "type": "Feature", "properties": { "contextFeatureId": "PHL-S-001::landuse::way::386892474", "projectId": "PHL-S-001", "projectName": "Olongapo Solar Power Project", "countryCode": "PHL", "osmType": "way", "osmId": 386892474, "highway": null, "place": null, "power": null, "landuse": "residential", "name": null, "voltage": null, "circuits": null, "cables": null, "frequency": null, "substationTag": null, "lineTag": null, "operator": null, "location": null }, "geometry": { "type": "Polygon", "coordinates": [ [ [ 120.2564747, 14.8578828 ], [ 120.2565479, 14.8578524 ], [ 120.2565192, 14.8578054 ], [ 120.2564844, 14.857749 ], [ 120.2564498, 14.8576922 ], [ 120.2564225, 14.8576427 ], [ 120.2563628, 14.8576765 ], [ 120.2564747, 14.8578828 ] ] ] } },
{ "type": "Feature", "properties": { "contextFeatureId": "PHL-S-001::landuse::way::386892475", "projectId": "PHL-S-001", "projectName": "Olongapo Solar Power Project", "countryCode": "PHL", "osmType": "way", "osmId": 386892475, "highway": null, "place": null, "power": null, "landuse": "residential", "name": null, "voltage": null, "circuits": null, "cables": null, "frequency": null, "substationTag": null, "lineTag": null, "operator": null, "location": null }, "geometry": { "type": "Polygon", "coordinates": [ [ [ 120.2564498, 14.8576922 ], [ 120.2565792, 14.8576237 ], [ 120.2565415, 14.8575717 ], [ 120.2564225, 14.8576427 ], [ 120.2564498, 14.8576922 ] ] ] } },
{ "type": "Feature", "properties": { "contextFeatureId": "PHL-S-001::landuse::way::386892476", "projectId": "PHL-S-001", "projectName": "Olongapo Solar Power Project", "countryCode": "PHL", "osmType": "way", "osmId": 386892476, "highway": null, "place": null, "power": null, "landuse": "residential", "name": null, "voltage": null, "circuits": null, "cables": null, "frequency": null, "substationTag": null, "lineTag": null, "operator": null, "location": null }, "geometry": { "type": "Polygon", "coordinates": [ [ [ 120.2564844, 14.857749 ], [ 120.2566168, 14.8576777 ], [ 120.2565792, 14.8576237 ], [ 120.2564498, 14.8576922 ], [ 120.2564844, 14.857749 ] ] ] } },
{ "type": "Feature", "properties": { "contextFeatureId": "PHL-S-001::landuse::way::386892477", "projectId": "PHL-S-001", "projectName": "Olongapo Solar Power Project", "countryCode": "PHL", "osmType": "way", "osmId": 386892477, "highway": null, "place": null, "power": null, "landuse": "residential", "name": null, "voltage": null, "circuits": null, "cables": null, "frequency": null, "substationTag": null, "lineTag": null, "operator": null, "location": null }, "geometry": { "type": "Polygon", "coordinates": [ [ [ 120.2565192, 14.8578054 ], [ 120.2566544, 14.8577337 ], [ 120.2566168, 14.8576777 ], [ 120.2564844, 14.857749 ], [ 120.2565192, 14.8578054 ] ] ] } },
{ "type": "Feature", "properties": { "contextFeatureId": "PHL-S-001::landuse::way::386892478", "projectId": "PHL-S-001", "projectName": "Olongapo Solar Power Project", "countryCode": "PHL", "osmType": "way", "osmId": 386892478, "highway": null, "place": null, "power": null, "landuse": "residential", "name": null, "voltage": null, "circuits": null, "cables": null, "frequency": null, "substationTag": null, "lineTag": null, "operator": null, "location": null }, "geometry": { "type": "Polygon", "coordinates": [ [ [ 120.2565479, 14.8578524 ], [ 120.2567265, 14.8577614 ], [ 120.2566544, 14.8577337 ], [ 120.2565192, 14.8578054 ], [ 120.2565479, 14.8578524 ] ] ] } },
{ "type": "Feature", "properties": { "contextFeatureId": "PHL-S-001::landuse::way::386892479", "projectId": "PHL-S-001", "projectName": "Olongapo Solar Power Project", "countryCode": "PHL", "osmType": "way", "osmId": 386892479, "highway": null, "place": null, "power": null, "landuse": "residential", "name": null, "voltage": null, "circuits": null, "cables": null, "frequency": null, "substationTag": null, "lineTag": null, "operator": null, "location": null }, "geometry": { "type": "Polygon", "coordinates": [ [ [ 120.2565144, 14.8579861 ], [ 120.2564747, 14.8578828 ], [ 120.2565479, 14.8578524 ], [ 120.2567265, 14.8577614 ], [ 120.2568118, 14.8578711 ], [ 120.2565144, 14.8579861 ] ] ] } },
{ "type": "Feature", "properties": { "contextFeatureId": "PHL-S-001::landuse::way::386892728", "projectId": "PHL-S-001", "projectName": "Olongapo Solar Power Project", "countryCode": "PHL", "osmType": "way", "osmId": 386892728, "highway": null, "place": null, "power": null, "landuse": "residential", "name": null, "voltage": null, "circuits": null, "cables": null, "frequency": null, "substationTag": null, "lineTag": null, "operator": null, "location": null }, "geometry": { "type": "Polygon", "coordinates": [ [ [ 120.2564328, 14.8593705 ], [ 120.2559422, 14.8593287 ], [ 120.2559063, 14.8593259 ], [ 120.2558912, 14.8592298 ], [ 120.2564122, 14.8592116 ], [ 120.2564328, 14.8593705 ] ] ] } },
{ "type": "Feature", "properties": { "contextFeatureId": "PHL-S-001::landuse::way::386892730", "projectId": "PHL-S-001", "projectName": "Olongapo Solar Power Project", "countryCode": "PHL", "osmType": "way", "osmId": 386892730, "highway": null, "place": null, "power": null, "landuse": "residential", "name": null, "voltage": null, "circuits": null, "cables": null, "frequency": null, "substationTag": null, "lineTag": null, "operator": null, "location": null }, "geometry": { "type": "Polygon", "coordinates": [ [ [ 120.2558792, 14.8591531 ], [ 120.2558567, 14.8590096 ], [ 120.2563717, 14.8588748 ], [ 120.2564001, 14.859104 ], [ 120.2558792, 14.8591531 ] ] ] } },
{ "type": "Feature", "properties": { "contextFeatureId": "PHL-S-001::landuse::way::386892731", "projectId": "PHL-S-001", "projectName": "Olongapo Solar Power Project", "countryCode": "PHL", "osmType": "way", "osmId": 386892731, "highway": null, "place": null, "power": null, "landuse": "residential", "name": null, "voltage": null, "circuits": null, "cables": null, "frequency": null, "substationTag": null, "lineTag": null, "operator": null, "location": null }, "geometry": { "type": "Polygon", "coordinates": [ [ [ 120.2558912, 14.8592298 ], [ 120.2558792, 14.8591531 ], [ 120.2564001, 14.859104 ], [ 120.2564122, 14.8592116 ], [ 120.2558912, 14.8592298 ] ] ] } },
{ "type": "Feature", "properties": { "contextFeatureId": "PHL-S-001::landuse::way::386892961", "projectId": "PHL-S-001", "projectName": "Olongapo Solar Power Project", "countryCode": "PHL", "osmType": "way", "osmId": 386892961, "highway": null, "place": null, "power": null, "landuse": "residential", "name": null, "voltage": null, "circuits": null, "cables": null, "frequency": null, "substationTag": null, "lineTag": null, "operator": null, "location": null }, "geometry": { "type": "Polygon", "coordinates": [ [ [ 120.25599, 14.8625259 ], [ 120.2558856, 14.8623089 ], [ 120.2561179, 14.8622064 ], [ 120.2562168, 14.8624322 ], [ 120.25599, 14.8625259 ] ] ] } },
{ "type": "Feature", "properties": { "contextFeatureId": "PHL-S-001::landuse::way::386892966", "projectId": "PHL-S-001", "projectName": "Olongapo Solar Power Project", "countryCode": "PHL", "osmType": "way", "osmId": 386892966, "highway": null, "place": null, "power": null, "landuse": "residential", "name": null, "voltage": null, "circuits": null, "cables": null, "frequency": null, "substationTag": null, "lineTag": null, "operator": null, "location": null }, "geometry": { "type": "Polygon", "coordinates": [ [ [ 120.2561179, 14.8622064 ], [ 120.2560012, 14.8619575 ], [ 120.2557653, 14.8620538 ], [ 120.2558856, 14.8623089 ], [ 120.2561179, 14.8622064 ] ] ] } },
{ "type": "Feature", "properties": { "contextFeatureId": "PHL-S-001::landuse::way::386893140", "projectId": "PHL-S-001", "projectName": "Olongapo Solar Power Project", "countryCode": "PHL", "osmType": "way", "osmId": 386893140, "highway": null, "place": null, "power": null, "landuse": "commercial", "name": null, "voltage": null, "circuits": null, "cables": null, "frequency": null, "substationTag": null, "lineTag": null, "operator": null, "location": null }, "geometry": { "type": "Polygon", "coordinates": [ [ [ 120.2556005, 14.8618242 ], [ 120.2555482, 14.8616466 ], [ 120.2554702, 14.8613697 ], [ 120.255446, 14.8612833 ], [ 120.2556117, 14.8613305 ], [ 120.2558224, 14.8614131 ], [ 120.2558381, 14.8615584 ], [ 120.2559025, 14.8617194 ], [ 120.2556005, 14.8618242 ] ] ] } },
{ "type": "Feature", "properties": { "contextFeatureId": "PHL-S-001::landuse::way::386893141", "projectId": "PHL-S-001", "projectName": "Olongapo Solar Power Project", "countryCode": "PHL", "osmType": "way", "osmId": 386893141, "highway": null, "place": null, "power": null, "landuse": "residential", "name": null, "voltage": null, "circuits": null, "cables": null, "frequency": null, "substationTag": null, "lineTag": null, "operator": null, "location": null }, "geometry": { "type": "Polygon", "coordinates": [ [ [ 120.2568542, 14.8587132 ], [ 120.2567678, 14.8583927 ], [ 120.2570243, 14.8582929 ], [ 120.2570434, 14.8585146 ], [ 120.2570807, 14.8586523 ], [ 120.2570586, 14.8586583 ], [ 120.2568542, 14.8587132 ] ] ] } },
{ "type": "Feature", "properties": { "contextFeatureId": "PHL-S-001::landuse::way::386893142", "projectId": "PHL-S-001", "projectName": "Olongapo Solar Power Project", "countryCode": "PHL", "osmType": "way", "osmId": 386893142, "highway": null, "place": null, "power": null, "landuse": "residential", "name": null, "voltage": null, "circuits": null, "cables": null, "frequency": null, "substationTag": null, "lineTag": null, "operator": null, "location": null }, "geometry": { "type": "Polygon", "coordinates": [ [ [ 120.2568295, 14.8588285 ], [ 120.2568326, 14.858763 ], [ 120.257059, 14.8587198 ], [ 120.2570498, 14.8588389 ], [ 120.2568295, 14.8588285 ] ] ] } },
{ "type": "Feature", "properties": { "contextFeatureId": "PHL-S-001::landuse::way::386893143", "projectId": "PHL-S-001", "projectName": "Olongapo Solar Power Project", "countryCode": "PHL", "osmType": "way", "osmId": 386893143, "highway": null, "place": null, "power": null, "landuse": "residential", "name": null, "voltage": null, "circuits": null, "cables": null, "frequency": null, "substationTag": null, "lineTag": null, "operator": null, "location": null }, "geometry": { "type": "Polygon", "coordinates": [ [ [ 120.2568202, 14.8590042 ], [ 120.2568295, 14.8588285 ], [ 120.2570498, 14.8588389 ], [ 120.2570251, 14.859031 ], [ 120.2568202, 14.8590042 ] ] ] } },
{ "type": "Feature", "properties": { "contextFeatureId": "PHL-S-001::landuse::way::386893144", "projectId": "PHL-S-001", "projectName": "Olongapo Solar Power Project", "countryCode": "PHL", "osmType": "way", "osmId": 386893144, "highway": null, "place": null, "power": null, "landuse": "residential", "name": null, "voltage": null, "circuits": null, "cables": null, "frequency": null, "substationTag": null, "lineTag": null, "operator": null, "location": null }, "geometry": { "type": "Polygon", "coordinates": [ [ [ 120.2566981, 14.8593707 ], [ 120.2567109, 14.8592425 ], [ 120.2564551, 14.8592116 ], [ 120.256428, 14.8589501 ], [ 120.2570251, 14.859031 ], [ 120.2568851, 14.8593953 ], [ 120.2566981, 14.8593707 ] ] ] } },
{ "type": "Feature", "properties": { "contextFeatureId": "PHL-S-001::landuse::way::386893145", "projectId": "PHL-S-001", "projectName": "Olongapo Solar Power Project", "countryCode": "PHL", "osmType": "way", "osmId": 386893145, "highway": null, "place": null, "power": null, "landuse": "residential", "name": null, "voltage": null, "circuits": null, "cables": null, "frequency": null, "substationTag": null, "lineTag": null, "operator": null, "location": null }, "geometry": { "type": "Polygon", "coordinates": [ [ [ 120.2566981, 14.8593707 ], [ 120.2564705, 14.8593407 ], [ 120.2564551, 14.8592116 ], [ 120.2567109, 14.8592425 ], [ 120.2566981, 14.8593707 ] ] ] } },
{ "type": "Feature", "properties": { "contextFeatureId": "PHL-S-001::landuse::way::386893406", "projectId": "PHL-S-001", "projectName": "Olongapo Solar Power Project", "countryCode": "PHL", "osmType": "way", "osmId": 386893406, "highway": null, "place": null, "power": null, "landuse": "residential", "name": null, "voltage": null, "circuits": null, "cables": null, "frequency": null, "substationTag": null, "lineTag": null, "operator": null, "location": null }, "geometry": { "type": "Polygon", "coordinates": [ [ [ 120.256753, 14.8597541 ], [ 120.2562987, 14.8596363 ], [ 120.2563263, 14.8595177 ], [ 120.2568428, 14.8596353 ], [ 120.256753, 14.8597541 ] ] ] } },
{ "type": "Feature", "properties": { "contextFeatureId": "PHL-S-001::landuse::way::386893407", "projectId": "PHL-S-001", "projectName": "Olongapo Solar Power Project", "countryCode": "PHL", "osmType": "way", "osmId": 386893407, "highway": null, "place": null, "power": null, "landuse": "residential", "name": null, "voltage": null, "circuits": null, "cables": null, "frequency": null, "substationTag": null, "lineTag": null, "operator": null, "location": null }, "geometry": { "type": "Polygon", "coordinates": [ [ [ 120.2566896, 14.8599278 ], [ 120.2562613, 14.8597997 ], [ 120.2562987, 14.8596363 ], [ 120.256753, 14.8597541 ], [ 120.2566896, 14.8599278 ] ] ] } },
{ "type": "Feature", "properties": { "contextFeatureId": "PHL-S-001::landuse::way::386893408", "projectId": "PHL-S-001", "projectName": "Olongapo Solar Power Project", "countryCode": "PHL", "osmType": "way", "osmId": 386893408, "highway": null, "place": null, "power": null, "landuse": "residential", "name": null, "voltage": null, "circuits": null, "cables": null, "frequency": null, "substationTag": null, "lineTag": null, "operator": null, "location": null }, "geometry": { "type": "Polygon", "coordinates": [ [ [ 120.2565909, 14.8601568 ], [ 120.2561999, 14.8600399 ], [ 120.2562613, 14.8597997 ], [ 120.2566896, 14.8599278 ], [ 120.2565909, 14.8601568 ] ] ] } },
{ "type": "Feature", "properties": { "contextFeatureId": "PHL-S-001::landuse::way::386893662", "projectId": "PHL-S-001", "projectName": "Olongapo Solar Power Project", "countryCode": "PHL", "osmType": "way", "osmId": 386893662, "highway": null, "place": null, "power": null, "landuse": "residential", "name": null, "voltage": null, "circuits": null, "cables": null, "frequency": null, "substationTag": null, "lineTag": null, "operator": null, "location": null }, "geometry": { "type": "Polygon", "coordinates": [ [ [ 120.2559601, 14.8603073 ], [ 120.2560328, 14.8599908 ], [ 120.2561999, 14.8600399 ], [ 120.2565909, 14.8601568 ], [ 120.2564141, 14.8604759 ], [ 120.2560602, 14.8603416 ], [ 120.2559601, 14.8603073 ] ] ] } },
{ "type": "Feature", "properties": { "contextFeatureId": "PHL-S-001::landuse::way::386893663", "projectId": "PHL-S-001", "projectName": "Olongapo Solar Power Project", "countryCode": "PHL", "osmType": "way", "osmId": 386893663, "highway": null, "place": null, "power": null, "landuse": "residential", "name": null, "voltage": null, "circuits": null, "cables": null, "frequency": null, "substationTag": null, "lineTag": null, "operator": null, "location": null }, "geometry": { "type": "Polygon", "coordinates": [ [ [ 120.2563004, 14.8606334 ], [ 120.2560195, 14.8604576 ], [ 120.2560602, 14.8603416 ], [ 120.2564141, 14.8604759 ], [ 120.2563004, 14.8606334 ] ] ] } },
{ "type": "Feature", "properties": { "contextFeatureId": "PHL-S-001::landuse::way::386893664", "projectId": "PHL-S-001", "projectName": "Olongapo Solar Power Project", "countryCode": "PHL", "osmType": "way", "osmId": 386893664, "highway": null, "place": null, "power": null, "landuse": "residential", "name": null, "voltage": null, "circuits": null, "cables": null, "frequency": null, "substationTag": null, "lineTag": null, "operator": null, "location": null }, "geometry": { "type": "Polygon", "coordinates": [ [ [ 120.2561323, 14.860849 ], [ 120.2559939, 14.8605173 ], [ 120.2560195, 14.8604576 ], [ 120.2563004, 14.8606334 ], [ 120.2561323, 14.860849 ] ] ] } },
{ "type": "Feature", "properties": { "contextFeatureId": "PHL-S-001::landuse::way::386893676", "projectId": "PHL-S-001", "projectName": "Olongapo Solar Power Project", "countryCode": "PHL", "osmType": "way", "osmId": 386893676, "highway": null, "place": null, "power": null, "landuse": "residential", "name": null, "voltage": null, "circuits": null, "cables": null, "frequency": null, "substationTag": null, "lineTag": null, "operator": null, "location": null }, "geometry": { "type": "Polygon", "coordinates": [ [ [ 120.2558224, 14.8614131 ], [ 120.2556117, 14.8613305 ], [ 120.2557496, 14.8610104 ], [ 120.2559477, 14.8610902 ], [ 120.2558692, 14.8612481 ], [ 120.2558224, 14.8614131 ] ] ] } },
{ "type": "Feature", "properties": { "contextFeatureId": "PHL-S-001::landuse::way::390159456", "projectId": "PHL-S-001", "projectName": "Olongapo Solar Power Project", "countryCode": "PHL", "osmType": "way", "osmId": 390159456, "highway": null, "place": null, "power": null, "landuse": "residential", "name": null, "voltage": null, "circuits": null, "cables": null, "frequency": null, "substationTag": null, "lineTag": null, "operator": null, "location": null }, "geometry": { "type": "Polygon", "coordinates": [ [ [ 120.2570224, 14.8631017 ], [ 120.2568955, 14.8628083 ], [ 120.2570032, 14.8627683 ], [ 120.2570241, 14.8627597 ], [ 120.2570421, 14.8628021 ], [ 120.2570744, 14.8628779 ], [ 120.2571472, 14.8630516 ], [ 120.2570224, 14.8631017 ] ] ] } },
{ "type": "Feature", "properties": { "contextFeatureId": "PHL-S-001::landuse::way::390159537", "projectId": "PHL-S-001", "projectName": "Olongapo Solar Power Project", "countryCode": "PHL", "osmType": "way", "osmId": 390159537, "highway": null, "place": null, "power": null, "landuse": "residential", "name": null, "voltage": null, "circuits": null, "cables": null, "frequency": null, "substationTag": null, "lineTag": null, "operator": null, "location": null }, "geometry": { "type": "Polygon", "coordinates": [ [ [ 120.2571472, 14.8630516 ], [ 120.2570744, 14.8628779 ], [ 120.2571863, 14.8628367 ], [ 120.257258, 14.8630042 ], [ 120.2572592, 14.863007 ], [ 120.2571472, 14.8630516 ] ] ] } },
{ "type": "Feature", "properties": { "contextFeatureId": "PHL-S-001::landuse::way::390159540", "projectId": "PHL-S-001", "projectName": "Olongapo Solar Power Project", "countryCode": "PHL", "osmType": "way", "osmId": 390159540, "highway": null, "place": null, "power": null, "landuse": "residential", "name": null, "voltage": null, "circuits": null, "cables": null, "frequency": null, "substationTag": null, "lineTag": null, "operator": null, "location": null }, "geometry": { "type": "Polygon", "coordinates": [ [ [ 120.256965, 14.8626795 ], [ 120.2569261, 14.8625878 ], [ 120.2570573, 14.862535 ], [ 120.257097, 14.8626279 ], [ 120.256965, 14.8626795 ] ] ] } },
{ "type": "Feature", "properties": { "contextFeatureId": "PHL-S-001::landuse::way::390159541", "projectId": "PHL-S-001", "projectName": "Olongapo Solar Power Project", "countryCode": "PHL", "osmType": "way", "osmId": 390159541, "highway": null, "place": null, "power": null, "landuse": "residential", "name": null, "voltage": null, "circuits": null, "cables": null, "frequency": null, "substationTag": null, "lineTag": null, "operator": null, "location": null }, "geometry": { "type": "Polygon", "coordinates": [ [ [ 120.2568955, 14.8628083 ], [ 120.2568748, 14.8627587 ], [ 120.2568452, 14.8626893 ], [ 120.2569195, 14.8626595 ], [ 120.2568951, 14.8626012 ], [ 120.2569261, 14.8625878 ], [ 120.256965, 14.8626795 ], [ 120.2569873, 14.8627314 ], [ 120.2570032, 14.8627683 ], [ 120.2568955, 14.8628083 ] ] ] } },
{ "type": "Feature", "properties": { "contextFeatureId": "PHL-S-001::landuse::way::390159542", "projectId": "PHL-S-001", "projectName": "Olongapo Solar Power Project", "countryCode": "PHL", "osmType": "way", "osmId": 390159542, "highway": null, "place": null, "power": null, "landuse": "residential", "name": null, "voltage": null, "circuits": null, "cables": null, "frequency": null, "substationTag": null, "lineTag": null, "operator": null, "location": null }, "geometry": { "type": "Polygon", "coordinates": [ [ [ 120.2568452, 14.8626893 ], [ 120.2568084, 14.8626038 ], [ 120.2568836, 14.8625738 ], [ 120.2568951, 14.8626012 ], [ 120.2569195, 14.8626595 ], [ 120.2568452, 14.8626893 ] ] ] } },
{ "type": "Feature", "properties": { "contextFeatureId": "PHL-S-001::landuse::way::390159543", "projectId": "PHL-S-001", "projectName": "Olongapo Solar Power Project", "countryCode": "PHL", "osmType": "way", "osmId": 390159543, "highway": null, "place": null, "power": null, "landuse": "residential", "name": null, "voltage": null, "circuits": null, "cables": null, "frequency": null, "substationTag": null, "lineTag": null, "operator": null, "location": null }, "geometry": { "type": "Polygon", "coordinates": [ [ [ 120.2566673, 14.8632507 ], [ 120.2565175, 14.8629061 ], [ 120.2568748, 14.8627587 ], [ 120.2568955, 14.8628083 ], [ 120.2570224, 14.8631017 ], [ 120.2566673, 14.8632507 ] ] ] } },
{ "type": "Feature", "properties": { "contextFeatureId": "PHL-S-001::landuse::way::390159667", "projectId": "PHL-S-001", "projectName": "Olongapo Solar Power Project", "countryCode": "PHL", "osmType": "way", "osmId": 390159667, "highway": null, "place": null, "power": null, "landuse": "residential", "name": null, "voltage": null, "circuits": null, "cables": null, "frequency": null, "substationTag": null, "lineTag": null, "operator": null, "location": null }, "geometry": { "type": "Polygon", "coordinates": [ [ [ 120.2567836, 14.8634669 ], [ 120.2572486, 14.8632663 ], [ 120.2574189, 14.8631928 ], [ 120.2576025, 14.8635766 ], [ 120.2574016, 14.8636613 ], [ 120.2572432, 14.8637293 ], [ 120.2569501, 14.8638515 ], [ 120.2567836, 14.8634669 ] ] ] } },
{ "type": "Feature", "properties": { "contextFeatureId": "PHL-S-001::landuse::way::390159668", "projectId": "PHL-S-001", "projectName": "Olongapo Solar Power Project", "countryCode": "PHL", "osmType": "way", "osmId": 390159668, "highway": null, "place": null, "power": null, "landuse": "residential", "name": null, "voltage": null, "circuits": null, "cables": null, "frequency": null, "substationTag": null, "lineTag": null, "operator": null, "location": null }, "geometry": { "type": "Polygon", "coordinates": [ [ [ 120.2574125, 14.8639553 ], [ 120.2577267, 14.8638217 ], [ 120.2576025, 14.8635766 ], [ 120.2574016, 14.8636613 ], [ 120.2574948, 14.8638683 ], [ 120.2573934, 14.8639124 ], [ 120.2574125, 14.8639553 ] ] ] } },
{ "type": "Feature", "properties": { "contextFeatureId": "PHL-S-001::landuse::way::391135329", "projectId": "PHL-S-001", "projectName": "Olongapo Solar Power Project", "countryCode": "PHL", "osmType": "way", "osmId": 391135329, "highway": null, "place": null, "power": null, "landuse": "residential", "name": null, "voltage": null, "circuits": null, "cables": null, "frequency": null, "substationTag": null, "lineTag": null, "operator": null, "location": null }, "geometry": { "type": "Polygon", "coordinates": [ [ [ 120.2568836, 14.8625738 ], [ 120.2569213, 14.8625579 ], [ 120.256899, 14.8625026 ], [ 120.2570863, 14.8624266 ], [ 120.2568563, 14.861905 ], [ 120.2567749, 14.8617288 ], [ 120.2563753, 14.8618771 ], [ 120.256435, 14.8620217 ], [ 120.2564411, 14.8620369 ], [ 120.2565657, 14.8623454 ], [ 120.2566462, 14.8625472 ], [ 120.2567364, 14.8627705 ], [ 120.2565013, 14.8628686 ], [ 120.2565175, 14.8629061 ], [ 120.2568748, 14.8627587 ], [ 120.2568452, 14.8626893 ], [ 120.2568084, 14.8626038 ], [ 120.2568836, 14.8625738 ] ] ] } },
{ "type": "Feature", "properties": { "contextFeatureId": "PHL-S-001::landuse::way::391138020", "projectId": "PHL-S-001", "projectName": "Olongapo Solar Power Project", "countryCode": "PHL", "osmType": "way", "osmId": 391138020, "highway": null, "place": null, "power": null, "landuse": "residential", "name": null, "voltage": null, "circuits": null, "cables": null, "frequency": null, "substationTag": null, "lineTag": null, "operator": null, "location": null }, "geometry": { "type": "Polygon", "coordinates": [ [ [ 120.2578237, 14.864622 ], [ 120.2577505, 14.864717 ], [ 120.2579106, 14.8652147 ], [ 120.258168, 14.865119 ], [ 120.2582725, 14.8654224 ], [ 120.2579923, 14.8655029 ], [ 120.2578382, 14.8655555 ], [ 120.2578682, 14.8657296 ], [ 120.2578913, 14.8658569 ], [ 120.2580579, 14.8658303 ], [ 120.2581181, 14.8660447 ], [ 120.2585608, 14.8659183 ], [ 120.2585927, 14.8659094 ], [ 120.258642, 14.8660427 ], [ 120.2587089, 14.8662366 ], [ 120.2587442, 14.8663384 ], [ 120.2588166, 14.8663445 ], [ 120.2588254, 14.8662369 ], [ 120.258909, 14.8659489 ], [ 120.2589762, 14.8658254 ], [ 120.2589854, 14.8658126 ], [ 120.2591278, 14.8656366 ], [ 120.2594337, 14.865508 ], [ 120.2595738, 14.8654019 ], [ 120.2595808, 14.8652778 ], [ 120.2595458, 14.8651063 ], [ 120.2594291, 14.864937 ], [ 120.2592997, 14.8647925 ], [ 120.2590695, 14.8646842 ], [ 120.2588173, 14.864612 ], [ 120.2584902, 14.8645399 ], [ 120.2580594, 14.8647217 ], [ 120.2579938, 14.8647548 ], [ 120.2579099, 14.8647978 ], [ 120.2578237, 14.864622 ] ] ] } },
{ "type": "Feature", "properties": { "contextFeatureId": "PHL-S-001::landuse::way::392019692", "projectId": "PHL-S-001", "projectName": "Olongapo Solar Power Project", "countryCode": "PHL", "osmType": "way", "osmId": 392019692, "highway": null, "place": null, "power": null, "landuse": "residential", "name": null, "voltage": null, "circuits": null, "cables": null, "frequency": null, "substationTag": null, "lineTag": null, "operator": null, "location": null }, "geometry": { "type": "Polygon", "coordinates": [ [ [ 120.2565013, 14.8628686 ], [ 120.256405, 14.8626471 ], [ 120.2566462, 14.8625472 ], [ 120.2567364, 14.8627705 ], [ 120.2565013, 14.8628686 ] ] ] } },
{ "type": "Feature", "properties": { "contextFeatureId": "PHL-S-001::landuse::way::392019693", "projectId": "PHL-S-001", "projectName": "Olongapo Solar Power Project", "countryCode": "PHL", "osmType": "way", "osmId": 392019693, "highway": null, "place": null, "power": null, "landuse": "residential", "name": null, "voltage": null, "circuits": null, "cables": null, "frequency": null, "substationTag": null, "lineTag": null, "operator": null, "location": null }, "geometry": { "type": "Polygon", "coordinates": [ [ [ 120.256405, 14.8626471 ], [ 120.2563169, 14.8624445 ], [ 120.2565657, 14.8623454 ], [ 120.2566462, 14.8625472 ], [ 120.256405, 14.8626471 ] ] ] } },
{ "type": "Feature", "properties": { "contextFeatureId": "PHL-S-001::landuse::way::392019694", "projectId": "PHL-S-001", "projectName": "Olongapo Solar Power Project", "countryCode": "PHL", "osmType": "way", "osmId": 392019694, "highway": null, "place": null, "power": null, "landuse": "residential", "name": null, "voltage": null, "circuits": null, "cables": null, "frequency": null, "substationTag": null, "lineTag": null, "operator": null, "location": null }, "geometry": { "type": "Polygon", "coordinates": [ [ [ 120.2563169, 14.8624445 ], [ 120.2561851, 14.8621412 ], [ 120.2564411, 14.8620369 ], [ 120.2565657, 14.8623454 ], [ 120.2563169, 14.8624445 ] ] ] } },
{ "type": "Feature", "properties": { "contextFeatureId": "PHL-S-001::landuse::way::392019695", "projectId": "PHL-S-001", "projectName": "Olongapo Solar Power Project", "countryCode": "PHL", "osmType": "way", "osmId": 392019695, "highway": null, "place": null, "power": null, "landuse": "residential", "name": null, "voltage": null, "circuits": null, "cables": null, "frequency": null, "substationTag": null, "lineTag": null, "operator": null, "location": null }, "geometry": { "type": "Polygon", "coordinates": [ [ [ 120.2561129, 14.8619749 ], [ 120.256067, 14.8618713 ], [ 120.2563336, 14.861776 ], [ 120.2563753, 14.8618771 ], [ 120.2561129, 14.8619749 ] ] ] } },
{ "type": "Feature", "properties": { "contextFeatureId": "PHL-S-001::landuse::way::392019696", "projectId": "PHL-S-001", "projectName": "Olongapo Solar Power Project", "countryCode": "PHL", "osmType": "way", "osmId": 392019696, "highway": null, "place": null, "power": null, "landuse": "residential", "name": null, "voltage": null, "circuits": null, "cables": null, "frequency": null, "substationTag": null, "lineTag": null, "operator": null, "location": null }, "geometry": { "type": "Polygon", "coordinates": [ [ [ 120.256067, 14.8618713 ], [ 120.256009, 14.8617309 ], [ 120.2562754, 14.8616348 ], [ 120.2563336, 14.861776 ], [ 120.256067, 14.8618713 ] ] ] } },
{ "type": "Feature", "properties": { "contextFeatureId": "PHL-S-001::landuse::way::392019697", "projectId": "PHL-S-001", "projectName": "Olongapo Solar Power Project", "countryCode": "PHL", "osmType": "way", "osmId": 392019697, "highway": null, "place": null, "power": null, "landuse": "residential", "name": null, "voltage": null, "circuits": null, "cables": null, "frequency": null, "substationTag": null, "lineTag": null, "operator": null, "location": null }, "geometry": { "type": "Polygon", "coordinates": [ [ [ 120.256009, 14.8617309 ], [ 120.2559745, 14.8616385 ], [ 120.2562384, 14.8615451 ], [ 120.2562754, 14.8616348 ], [ 120.256009, 14.8617309 ] ] ] } },
{ "type": "Feature", "properties": { "contextFeatureId": "PHL-S-001::landuse::way::392019698", "projectId": "PHL-S-001", "projectName": "Olongapo Solar Power Project", "countryCode": "PHL", "osmType": "way", "osmId": 392019698, "highway": null, "place": null, "power": null, "landuse": "residential", "name": null, "voltage": null, "circuits": null, "cables": null, "frequency": null, "substationTag": null, "lineTag": null, "operator": null, "location": null }, "geometry": { "type": "Polygon", "coordinates": [ [ [ 120.2562384, 14.8615451 ], [ 120.2561762, 14.8613943 ], [ 120.2559267, 14.8614578 ], [ 120.2559481, 14.861558 ], [ 120.2559745, 14.8616385 ], [ 120.2562384, 14.8615451 ] ] ] } },
{ "type": "Feature", "properties": { "contextFeatureId": "PHL-S-001::landuse::way::392019699", "projectId": "PHL-S-001", "projectName": "Olongapo Solar Power Project", "countryCode": "PHL", "osmType": "way", "osmId": 392019699, "highway": null, "place": null, "power": null, "landuse": "residential", "name": null, "voltage": null, "circuits": null, "cables": null, "frequency": null, "substationTag": null, "lineTag": null, "operator": null, "location": null }, "geometry": { "type": "Polygon", "coordinates": [ [ [ 120.2559267, 14.8614578 ], [ 120.2559241, 14.8613367 ], [ 120.2559638, 14.8612296 ], [ 120.2561569, 14.8613475 ], [ 120.2561762, 14.8613943 ], [ 120.2559267, 14.8614578 ] ] ] } },
{ "type": "Feature", "properties": { "contextFeatureId": "PHL-S-001::landuse::way::392019700", "projectId": "PHL-S-001", "projectName": "Olongapo Solar Power Project", "countryCode": "PHL", "osmType": "way", "osmId": 392019700, "highway": null, "place": null, "power": null, "landuse": "residential", "name": null, "voltage": null, "circuits": null, "cables": null, "frequency": null, "substationTag": null, "lineTag": null, "operator": null, "location": null }, "geometry": { "type": "Polygon", "coordinates": [ [ [ 120.2561569, 14.8613475 ], [ 120.2562026, 14.8612345 ], [ 120.2560261, 14.8611235 ], [ 120.2559638, 14.8612296 ], [ 120.2561569, 14.8613475 ] ] ] } },
{ "type": "Feature", "properties": { "contextFeatureId": "PHL-S-001::landuse::way::392019701", "projectId": "PHL-S-001", "projectName": "Olongapo Solar Power Project", "countryCode": "PHL", "osmType": "way", "osmId": 392019701, "highway": null, "place": null, "power": null, "landuse": "residential", "name": null, "voltage": null, "circuits": null, "cables": null, "frequency": null, "substationTag": null, "lineTag": null, "operator": null, "location": null }, "geometry": { "type": "Polygon", "coordinates": [ [ [ 120.2563753, 14.8618771 ], [ 120.2567749, 14.8617288 ], [ 120.2566156, 14.8613861 ], [ 120.2564936, 14.8610214 ], [ 120.2564204, 14.8610824 ], [ 120.2562865, 14.8612476 ], [ 120.2560451, 14.8610965 ], [ 120.2560261, 14.8611235 ], [ 120.2562026, 14.8612345 ], [ 120.2561569, 14.8613475 ], [ 120.2561762, 14.8613943 ], [ 120.2562384, 14.8615451 ], [ 120.2562754, 14.8616348 ], [ 120.2563336, 14.861776 ], [ 120.2563753, 14.8618771 ] ] ] } },
{ "type": "Feature", "properties": { "contextFeatureId": "PHL-S-001::landuse::way::392019702", "projectId": "PHL-S-001", "projectName": "Olongapo Solar Power Project", "countryCode": "PHL", "osmType": "way", "osmId": 392019702, "highway": null, "place": null, "power": null, "landuse": "residential", "name": null, "voltage": null, "circuits": null, "cables": null, "frequency": null, "substationTag": null, "lineTag": null, "operator": null, "location": null }, "geometry": { "type": "Polygon", "coordinates": [ [ [ 120.2564204, 14.8610824 ], [ 120.2561719, 14.8609165 ], [ 120.2560451, 14.8610965 ], [ 120.2562865, 14.8612476 ], [ 120.2564204, 14.8610824 ] ] ] } },
{ "type": "Feature", "properties": { "contextFeatureId": "PHL-S-001::landuse::way::392019703", "projectId": "PHL-S-001", "projectName": "Olongapo Solar Power Project", "countryCode": "PHL", "osmType": "way", "osmId": 392019703, "highway": null, "place": null, "power": null, "landuse": "residential", "name": null, "voltage": null, "circuits": null, "cables": null, "frequency": null, "substationTag": null, "lineTag": null, "operator": null, "location": null }, "geometry": { "type": "Polygon", "coordinates": [ [ [ 120.2564936, 14.8610214 ], [ 120.2564669, 14.8608545 ], [ 120.25646, 14.860797 ], [ 120.2563198, 14.8607066 ], [ 120.2561719, 14.8609165 ], [ 120.2564204, 14.8610824 ], [ 120.2564936, 14.8610214 ] ] ] } },
{ "type": "Feature", "properties": { "contextFeatureId": "PHL-S-001::landuse::way::392019704", "projectId": "PHL-S-001", "projectName": "Olongapo Solar Power Project", "countryCode": "PHL", "osmType": "way", "osmId": 392019704, "highway": null, "place": null, "power": null, "landuse": "residential", "name": null, "voltage": null, "circuits": null, "cables": null, "frequency": null, "substationTag": null, "lineTag": null, "operator": null, "location": null }, "geometry": { "type": "Polygon", "coordinates": [ [ [ 120.25646, 14.860797 ], [ 120.2565021, 14.8606718 ], [ 120.256392, 14.8606075 ], [ 120.2563198, 14.8607066 ], [ 120.25646, 14.860797 ] ] ] } },
{ "type": "Feature", "properties": { "contextFeatureId": "PHL-S-001::landuse::way::392019705", "projectId": "PHL-S-001", "projectName": "Olongapo Solar Power Project", "countryCode": "PHL", "osmType": "way", "osmId": 392019705, "highway": null, "place": null, "power": null, "landuse": "residential", "name": null, "voltage": null, "circuits": null, "cables": null, "frequency": null, "substationTag": null, "lineTag": null, "operator": null, "location": null }, "geometry": { "type": "Polygon", "coordinates": [ [ [ 120.2565021, 14.8606718 ], [ 120.2565488, 14.8605838 ], [ 120.2564526, 14.8605223 ], [ 120.256392, 14.8606075 ], [ 120.2565021, 14.8606718 ] ] ] } },
{ "type": "Feature", "properties": { "contextFeatureId": "PHL-S-001::landuse::way::392019706", "projectId": "PHL-S-001", "projectName": "Olongapo Solar Power Project", "countryCode": "PHL", "osmType": "way", "osmId": 392019706, "highway": null, "place": null, "power": null, "landuse": "residential", "name": null, "voltage": null, "circuits": null, "cables": null, "frequency": null, "substationTag": null, "lineTag": null, "operator": null, "location": null }, "geometry": { "type": "Polygon", "coordinates": [ [ [ 120.2565488, 14.8605838 ], [ 120.2566528, 14.8604391 ], [ 120.2565391, 14.8603806 ], [ 120.2564526, 14.8605223 ], [ 120.2565488, 14.8605838 ] ] ] } },
{ "type": "Feature", "properties": { "contextFeatureId": "PHL-S-001::landuse::way::392019707", "projectId": "PHL-S-001", "projectName": "Olongapo Solar Power Project", "countryCode": "PHL", "osmType": "way", "osmId": 392019707, "highway": null, "place": null, "power": null, "landuse": "residential", "name": null, "voltage": null, "circuits": null, "cables": null, "frequency": null, "substationTag": null, "lineTag": null, "operator": null, "location": null }, "geometry": { "type": "Polygon", "coordinates": [ [ [ 120.2566528, 14.8604391 ], [ 120.2567705, 14.8602757 ], [ 120.2566365, 14.8602079 ], [ 120.2565391, 14.8603806 ], [ 120.2566528, 14.8604391 ] ] ] } },
{ "type": "Feature", "properties": { "contextFeatureId": "PHL-S-001::landuse::way::392019708", "projectId": "PHL-S-001", "projectName": "Olongapo Solar Power Project", "countryCode": "PHL", "osmType": "way", "osmId": 392019708, "highway": null, "place": null, "power": null, "landuse": "residential", "name": null, "voltage": null, "circuits": null, "cables": null, "frequency": null, "substationTag": null, "lineTag": null, "operator": null, "location": null }, "geometry": { "type": "Polygon", "coordinates": [ [ [ 120.2567705, 14.8602757 ], [ 120.2568292, 14.860194 ], [ 120.256686, 14.86012 ], [ 120.2566365, 14.8602079 ], [ 120.2567705, 14.8602757 ] ] ] } },
{ "type": "Feature", "properties": { "contextFeatureId": "PHL-S-001::landuse::way::392019709", "projectId": "PHL-S-001", "projectName": "Olongapo Solar Power Project", "countryCode": "PHL", "osmType": "way", "osmId": 392019709, "highway": null, "place": null, "power": null, "landuse": "residential", "name": null, "voltage": null, "circuits": null, "cables": null, "frequency": null, "substationTag": null, "lineTag": null, "operator": null, "location": null }, "geometry": { "type": "Polygon", "coordinates": [ [ [ 120.2568292, 14.860194 ], [ 120.2569018, 14.8600932 ], [ 120.2567407, 14.8600229 ], [ 120.256686, 14.86012 ], [ 120.2568292, 14.860194 ] ] ] } },
{ "type": "Feature", "properties": { "contextFeatureId": "PHL-S-001::landuse::way::392705832", "projectId": "PHL-S-001", "projectName": "Olongapo Solar Power Project", "countryCode": "PHL", "osmType": "way", "osmId": 392705832, "highway": null, "place": null, "power": null, "landuse": "residential", "name": null, "voltage": null, "circuits": null, "cables": null, "frequency": null, "substationTag": null, "lineTag": null, "operator": null, "location": null }, "geometry": { "type": "Polygon", "coordinates": [ [ [ 120.2568435, 14.8597474 ], [ 120.2569097, 14.859573 ], [ 120.2572081, 14.8597006 ], [ 120.2570957, 14.8598621 ], [ 120.2568435, 14.8597474 ] ] ] } },
{ "type": "Feature", "properties": { "contextFeatureId": "PHL-S-001::landuse::way::392705833", "projectId": "PHL-S-001", "projectName": "Olongapo Solar Power Project", "countryCode": "PHL", "osmType": "way", "osmId": 392705833, "highway": null, "place": null, "power": null, "landuse": "residential", "name": null, "voltage": null, "circuits": null, "cables": null, "frequency": null, "substationTag": null, "lineTag": null, "operator": null, "location": null }, "geometry": { "type": "Polygon", "coordinates": [ [ [ 120.2572081, 14.8597006 ], [ 120.2573309, 14.8595241 ], [ 120.2569789, 14.8593908 ], [ 120.2569097, 14.859573 ], [ 120.2572081, 14.8597006 ] ] ] } },
{ "type": "Feature", "properties": { "contextFeatureId": "PHL-S-001::landuse::way::392705834", "projectId": "PHL-S-001", "projectName": "Olongapo Solar Power Project", "countryCode": "PHL", "osmType": "way", "osmId": 392705834, "highway": null, "place": null, "power": null, "landuse": "residential", "name": null, "voltage": null, "circuits": null, "cables": null, "frequency": null, "substationTag": null, "lineTag": null, "operator": null, "location": null }, "geometry": { "type": "Polygon", "coordinates": [ [ [ 120.2573309, 14.8595241 ], [ 120.2574294, 14.8593556 ], [ 120.2570375, 14.8592363 ], [ 120.2569789, 14.8593908 ], [ 120.2573309, 14.8595241 ] ] ] } },
{ "type": "Feature", "properties": { "contextFeatureId": "PHL-S-001::landuse::way::392706022", "projectId": "PHL-S-001", "projectName": "Olongapo Solar Power Project", "countryCode": "PHL", "osmType": "way", "osmId": 392706022, "highway": null, "place": null, "power": null, "landuse": "commercial", "name": null, "voltage": null, "circuits": null, "cables": null, "frequency": null, "substationTag": null, "lineTag": null, "operator": null, "location": null }, "geometry": { "type": "Polygon", "coordinates": [ [ [ 120.2570375, 14.8592363 ], [ 120.2571169, 14.8589775 ], [ 120.2571713, 14.8586894 ], [ 120.2576469, 14.8586175 ], [ 120.2575397, 14.859121 ], [ 120.2574294, 14.8593556 ], [ 120.2570375, 14.8592363 ] ] ] } },
{ "type": "Feature", "properties": { "contextFeatureId": "PHL-S-001::landuse::way::392706024", "projectId": "PHL-S-001", "projectName": "Olongapo Solar Power Project", "countryCode": "PHL", "osmType": "way", "osmId": 392706024, "highway": null, "place": null, "power": null, "landuse": "residential", "name": null, "voltage": null, "circuits": null, "cables": null, "frequency": null, "substationTag": null, "lineTag": null, "operator": null, "location": null }, "geometry": { "type": "Polygon", "coordinates": [ [ [ 120.2571667, 14.8586499 ], [ 120.2571363, 14.8584659 ], [ 120.2576786, 14.8583599 ], [ 120.2576454, 14.858581 ], [ 120.2571667, 14.8586499 ] ] ] } },
{ "type": "Feature", "properties": { "contextFeatureId": "PHL-S-001::landuse::way::392706026", "projectId": "PHL-S-001", "projectName": "Olongapo Solar Power Project", "countryCode": "PHL", "osmType": "way", "osmId": 392706026, "highway": null, "place": null, "power": null, "landuse": "residential", "name": null, "voltage": null, "circuits": null, "cables": null, "frequency": null, "substationTag": null, "lineTag": null, "operator": null, "location": null }, "geometry": { "type": "Polygon", "coordinates": [ [ [ 120.2571363, 14.8584659 ], [ 120.2570242, 14.8581703 ], [ 120.2572893, 14.8580304 ], [ 120.2573768, 14.8580699 ], [ 120.2574221, 14.8580021 ], [ 120.2574699, 14.8580224 ], [ 120.2577109, 14.8580941 ], [ 120.2576786, 14.8583599 ], [ 120.2571363, 14.8584659 ] ] ] } },
{ "type": "Feature", "properties": { "contextFeatureId": "PHL-S-001::landuse::way::392706028", "projectId": "PHL-S-001", "projectName": "Olongapo Solar Power Project", "countryCode": "PHL", "osmType": "way", "osmId": 392706028, "highway": null, "place": null, "power": null, "landuse": "residential", "name": null, "voltage": null, "circuits": null, "cables": null, "frequency": null, "substationTag": null, "lineTag": null, "operator": null, "location": null }, "geometry": { "type": "Polygon", "coordinates": [ [ [ 120.2570114, 14.8581477 ], [ 120.2569624, 14.8580552 ], [ 120.2571363, 14.8579491 ], [ 120.2571683, 14.8579645 ], [ 120.2572519, 14.8580191 ], [ 120.2570114, 14.8581477 ] ] ] } },
{ "type": "Feature", "properties": { "contextFeatureId": "PHL-S-001::landuse::way::392706030", "projectId": "PHL-S-001", "projectName": "Olongapo Solar Power Project", "countryCode": "PHL", "osmType": "way", "osmId": 392706030, "highway": null, "place": null, "power": null, "landuse": "residential", "name": null, "voltage": null, "circuits": null, "cables": null, "frequency": null, "substationTag": null, "lineTag": null, "operator": null, "location": null }, "geometry": { "type": "Polygon", "coordinates": [ [ [ 120.2570242, 14.8581703 ], [ 120.2570114, 14.8581477 ], [ 120.2572519, 14.8580191 ], [ 120.2571683, 14.8579645 ], [ 120.2572064, 14.8579017 ], [ 120.2572823, 14.8579425 ], [ 120.2574221, 14.8580021 ], [ 120.2573768, 14.8580699 ], [ 120.2572893, 14.8580304 ], [ 120.2570242, 14.8581703 ] ] ] } },
{ "type": "Feature", "properties": { "contextFeatureId": "PHL-S-001::landuse::way::392706032", "projectId": "PHL-S-001", "projectName": "Olongapo Solar Power Project", "countryCode": "PHL", "osmType": "way", "osmId": 392706032, "highway": null, "place": null, "power": null, "landuse": "residential", "name": null, "voltage": null, "circuits": null, "cables": null, "frequency": null, "substationTag": null, "lineTag": null, "operator": null, "location": null }, "geometry": { "type": "Polygon", "coordinates": [ [ [ 120.2569624, 14.8580552 ], [ 120.2568923, 14.857948 ], [ 120.2570204, 14.8578688 ], [ 120.2570405, 14.8578984 ], [ 120.2571363, 14.8579491 ], [ 120.2569624, 14.8580552 ] ] ] } },
{ "type": "Feature", "properties": { "contextFeatureId": "PHL-S-001::landuse::way::392706034", "projectId": "PHL-S-001", "projectName": "Olongapo Solar Power Project", "countryCode": "PHL", "osmType": "way", "osmId": 392706034, "highway": null, "place": null, "power": null, "landuse": "residential", "name": null, "voltage": null, "circuits": null, "cables": null, "frequency": null, "substationTag": null, "lineTag": null, "operator": null, "location": null }, "geometry": { "type": "Polygon", "coordinates": [ [ [ 120.2568923, 14.857948 ], [ 120.2567073, 14.8576923 ], [ 120.2568456, 14.8576027 ], [ 120.2570204, 14.8578688 ], [ 120.2568923, 14.857948 ] ] ] } },
{ "type": "Feature", "properties": { "contextFeatureId": "PHL-S-001::landuse::way::392706035", "projectId": "PHL-S-001", "projectName": "Olongapo Solar Power Project", "countryCode": "PHL", "osmType": "way", "osmId": 392706035, "highway": null, "place": null, "power": null, "landuse": "residential", "name": null, "voltage": null, "circuits": null, "cables": null, "frequency": null, "substationTag": null, "lineTag": null, "operator": null, "location": null }, "geometry": { "type": "Polygon", "coordinates": [ [ [ 120.2566927, 14.8576726 ], [ 120.2566448, 14.8575993 ], [ 120.2568046, 14.8575052 ], [ 120.2568366, 14.8575813 ], [ 120.2566927, 14.8576726 ] ] ] } },
{ "type": "Feature", "properties": { "contextFeatureId": "PHL-S-001::landuse::way::393920050", "projectId": "PHL-S-001", "projectName": "Olongapo Solar Power Project", "countryCode": "PHL", "osmType": "way", "osmId": 393920050, "highway": null, "place": null, "power": null, "landuse": "residential", "name": null, "voltage": null, "circuits": null, "cables": null, "frequency": null, "substationTag": null, "lineTag": null, "operator": null, "location": null }, "geometry": { "type": "Polygon", "coordinates": [ [ [ 120.2539275, 14.8522053 ], [ 120.2538743, 14.8521003 ], [ 120.2540954, 14.8520464 ], [ 120.2541295, 14.8521388 ], [ 120.2539275, 14.8522053 ] ] ] } },
{ "type": "Feature", "properties": { "contextFeatureId": "PHL-S-001::landuse::way::393920514", "projectId": "PHL-S-001", "projectName": "Olongapo Solar Power Project", "countryCode": "PHL", "osmType": "way", "osmId": 393920514, "highway": null, "place": null, "power": null, "landuse": "residential", "name": null, "voltage": null, "circuits": null, "cables": null, "frequency": null, "substationTag": null, "lineTag": null, "operator": null, "location": null }, "geometry": { "type": "Polygon", "coordinates": [ [ [ 120.2564951, 14.8571272 ], [ 120.2564889, 14.8569643 ], [ 120.2565399, 14.8569632 ], [ 120.2567329, 14.8569588 ], [ 120.2567315, 14.856986 ], [ 120.256861, 14.8569897 ], [ 120.2568247, 14.857134 ], [ 120.2564951, 14.8571272 ] ] ] } },
{ "type": "Feature", "properties": { "contextFeatureId": "PHL-S-001::landuse::way::393920569", "projectId": "PHL-S-001", "projectName": "Olongapo Solar Power Project", "countryCode": "PHL", "osmType": "way", "osmId": 393920569, "highway": null, "place": null, "power": null, "landuse": "residential", "name": null, "voltage": null, "circuits": null, "cables": null, "frequency": null, "substationTag": null, "lineTag": null, "operator": null, "location": null }, "geometry": { "type": "Polygon", "coordinates": [ [ [ 120.2564507, 14.8567108 ], [ 120.2564057, 14.8564932 ], [ 120.2565931, 14.8564585 ], [ 120.2566118, 14.8565633 ], [ 120.256717, 14.8565689 ], [ 120.2567197, 14.856692 ], [ 120.2564507, 14.8567108 ] ] ] } },
{ "type": "Feature", "properties": { "contextFeatureId": "PHL-S-001::landuse::way::393920642", "projectId": "PHL-S-001", "projectName": "Olongapo Solar Power Project", "countryCode": "PHL", "osmType": "way", "osmId": 393920642, "highway": null, "place": null, "power": null, "landuse": "residential", "name": null, "voltage": null, "circuits": null, "cables": null, "frequency": null, "substationTag": null, "lineTag": null, "operator": null, "location": null }, "geometry": { "type": "Polygon", "coordinates": [ [ [ 120.2564057, 14.8564932 ], [ 120.2563658, 14.8563321 ], [ 120.2565796, 14.8562692 ], [ 120.2570946, 14.8561392 ], [ 120.2571128, 14.8564094 ], [ 120.2571133, 14.8565862 ], [ 120.256717, 14.8565689 ], [ 120.2566118, 14.8565633 ], [ 120.2565931, 14.8564585 ], [ 120.2564057, 14.8564932 ] ] ] } },
{ "type": "Feature", "properties": { "contextFeatureId": "PHL-S-001::landuse::way::393920945", "projectId": "PHL-S-001", "projectName": "Olongapo Solar Power Project", "countryCode": "PHL", "osmType": "way", "osmId": 393920945, "highway": null, "place": null, "power": null, "landuse": "residential", "name": null, "voltage": null, "circuits": null, "cables": null, "frequency": null, "substationTag": null, "lineTag": null, "operator": null, "location": null }, "geometry": { "type": "Polygon", "coordinates": [ [ [ 120.2562037, 14.8557844 ], [ 120.2561769, 14.8556924 ], [ 120.2563191, 14.8556505 ], [ 120.2563473, 14.855742 ], [ 120.2562037, 14.8557844 ] ] ] } },
{ "type": "Feature", "properties": { "contextFeatureId": "PHL-S-001::landuse::way::393920946", "projectId": "PHL-S-001", "projectName": "Olongapo Solar Power Project", "countryCode": "PHL", "osmType": "way", "osmId": 393920946, "highway": null, "place": null, "power": null, "landuse": "residential", "name": null, "voltage": null, "circuits": null, "cables": null, "frequency": null, "substationTag": null, "lineTag": null, "operator": null, "location": null }, "geometry": { "type": "Polygon", "coordinates": [ [ [ 120.2561769, 14.8556924 ], [ 120.2561724, 14.8556779 ], [ 120.2564797, 14.85559 ], [ 120.25645, 14.8554885 ], [ 120.256439, 14.8554511 ], [ 120.2566296, 14.8553943 ], [ 120.2566345, 14.8554113 ], [ 120.2566601, 14.8554994 ], [ 120.2567025, 14.8556457 ], [ 120.2563473, 14.855742 ], [ 120.2563191, 14.8556505 ], [ 120.2561769, 14.8556924 ] ] ] } },
{ "type": "Feature", "properties": { "contextFeatureId": "PHL-S-001::landuse::way::393921209", "projectId": "PHL-S-001", "projectName": "Olongapo Solar Power Project", "countryCode": "PHL", "osmType": "way", "osmId": 393921209, "highway": null, "place": null, "power": null, "landuse": "residential", "name": null, "voltage": null, "circuits": null, "cables": null, "frequency": null, "substationTag": null, "lineTag": null, "operator": null, "location": null }, "geometry": { "type": "Polygon", "coordinates": [ [ [ 120.2561724, 14.8556779 ], [ 120.2561435, 14.8555792 ], [ 120.2563307, 14.8555239 ], [ 120.25645, 14.8554885 ], [ 120.2564797, 14.85559 ], [ 120.2561724, 14.8556779 ] ] ] } },
{ "type": "Feature", "properties": { "contextFeatureId": "PHL-S-001::landuse::way::393921210", "projectId": "PHL-S-001", "projectName": "Olongapo Solar Power Project", "countryCode": "PHL", "osmType": "way", "osmId": 393921210, "highway": null, "place": null, "power": null, "landuse": "residential", "name": null, "voltage": null, "circuits": null, "cables": null, "frequency": null, "substationTag": null, "lineTag": null, "operator": null, "location": null }, "geometry": { "type": "Polygon", "coordinates": [ [ [ 120.25645, 14.8554885 ], [ 120.256439, 14.8554511 ], [ 120.2563882, 14.8552917 ], [ 120.256272, 14.855331 ], [ 120.2563307, 14.8555239 ], [ 120.25645, 14.8554885 ] ] ] } },
{ "type": "Feature", "properties": { "contextFeatureId": "PHL-S-001::landuse::way::393921211", "projectId": "PHL-S-001", "projectName": "Olongapo Solar Power Project", "countryCode": "PHL", "osmType": "way", "osmId": 393921211, "highway": null, "place": null, "power": null, "landuse": "residential", "name": null, "voltage": null, "circuits": null, "cables": null, "frequency": null, "substationTag": null, "lineTag": null, "operator": null, "location": null }, "geometry": { "type": "Polygon", "coordinates": [ [ [ 120.2561435, 14.8555792 ], [ 120.2560909, 14.8553924 ], [ 120.256272, 14.855331 ], [ 120.2563307, 14.8555239 ], [ 120.2561435, 14.8555792 ] ] ] } },
{ "type": "Feature", "properties": { "contextFeatureId": "PHL-S-001::landuse::way::393921212", "projectId": "PHL-S-001", "projectName": "Olongapo Solar Power Project", "countryCode": "PHL", "osmType": "way", "osmId": 393921212, "highway": null, "place": null, "power": null, "landuse": "residential", "name": null, "voltage": null, "circuits": null, "cables": null, "frequency": null, "substationTag": null, "lineTag": null, "operator": null, "location": null }, "geometry": { "type": "Polygon", "coordinates": [ [ [ 120.2566296, 14.8553943 ], [ 120.256611, 14.855325 ], [ 120.2565822, 14.8552259 ], [ 120.2563882, 14.8552917 ], [ 120.256439, 14.8554511 ], [ 120.2566296, 14.8553943 ] ] ] } },
{ "type": "Feature", "properties": { "contextFeatureId": "PHL-S-001::landuse::way::393921213", "projectId": "PHL-S-001", "projectName": "Olongapo Solar Power Project", "countryCode": "PHL", "osmType": "way", "osmId": 393921213, "highway": null, "place": null, "power": null, "landuse": "residential", "name": null, "voltage": null, "circuits": null, "cables": null, "frequency": null, "substationTag": null, "lineTag": null, "operator": null, "location": null }, "geometry": { "type": "Polygon", "coordinates": [ [ [ 120.256611, 14.855325 ], [ 120.2567528, 14.8552834 ], [ 120.2567209, 14.855182 ], [ 120.2565822, 14.8552259 ], [ 120.256611, 14.855325 ] ] ] } },
{ "type": "Feature", "properties": { "contextFeatureId": "PHL-S-001::landuse::way::393921214", "projectId": "PHL-S-001", "projectName": "Olongapo Solar Power Project", "countryCode": "PHL", "osmType": "way", "osmId": 393921214, "highway": null, "place": null, "power": null, "landuse": "residential", "name": null, "voltage": null, "circuits": null, "cables": null, "frequency": null, "substationTag": null, "lineTag": null, "operator": null, "location": null }, "geometry": { "type": "Polygon", "coordinates": [ [ [ 120.2567528, 14.8552834 ], [ 120.2568225, 14.8552631 ], [ 120.256795, 14.85516 ], [ 120.2567209, 14.855182 ], [ 120.2567528, 14.8552834 ] ] ] } },
{ "type": "Feature", "properties": { "contextFeatureId": "PHL-S-001::landuse::way::393921215", "projectId": "PHL-S-001", "projectName": "Olongapo Solar Power Project", "countryCode": "PHL", "osmType": "way", "osmId": 393921215, "highway": null, "place": null, "power": null, "landuse": "residential", "name": null, "voltage": null, "circuits": null, "cables": null, "frequency": null, "substationTag": null, "lineTag": null, "operator": null, "location": null }, "geometry": { "type": "Polygon", "coordinates": [ [ [ 120.2566345, 14.8554113 ], [ 120.2568449, 14.855353 ], [ 120.2568225, 14.8552631 ], [ 120.2567528, 14.8552834 ], [ 120.256611, 14.855325 ], [ 120.2566345, 14.8554113 ] ] ] } },
{ "type": "Feature", "properties": { "contextFeatureId": "PHL-S-001::landuse::way::393921216", "projectId": "PHL-S-001", "projectName": "Olongapo Solar Power Project", "countryCode": "PHL", "osmType": "way", "osmId": 393921216, "highway": null, "place": null, "power": null, "landuse": "residential", "name": null, "voltage": null, "circuits": null, "cables": null, "frequency": null, "substationTag": null, "lineTag": null, "operator": null, "location": null }, "geometry": { "type": "Polygon", "coordinates": [ [ [ 120.2566601, 14.8554994 ], [ 120.256867, 14.8554413 ], [ 120.2568449, 14.855353 ], [ 120.2566345, 14.8554113 ], [ 120.2566601, 14.8554994 ] ] ] } },
{ "type": "Feature", "properties": { "contextFeatureId": "PHL-S-001::landuse::way::393921217", "projectId": "PHL-S-001", "projectName": "Olongapo Solar Power Project", "countryCode": "PHL", "osmType": "way", "osmId": 393921217, "highway": null, "place": null, "power": null, "landuse": "residential", "name": null, "voltage": null, "circuits": null, "cables": null, "frequency": null, "substationTag": null, "lineTag": null, "operator": null, "location": null }, "geometry": { "type": "Polygon", "coordinates": [ [ [ 120.2567025, 14.8556457 ], [ 120.2569389, 14.8555757 ], [ 120.256867, 14.8554413 ], [ 120.2566601, 14.8554994 ], [ 120.2567025, 14.8556457 ] ] ] } },
{ "type": "Feature", "properties": { "contextFeatureId": "PHL-S-001::landuse::way::393921218", "projectId": "PHL-S-001", "projectName": "Olongapo Solar Power Project", "countryCode": "PHL", "osmType": "way", "osmId": 393921218, "highway": null, "place": null, "power": null, "landuse": "residential", "name": null, "voltage": null, "circuits": null, "cables": null, "frequency": null, "substationTag": null, "lineTag": null, "operator": null, "location": null }, "geometry": { "type": "Polygon", "coordinates": [ [ [ 120.2567231, 14.8557173 ], [ 120.2569634, 14.8556469 ], [ 120.2569389, 14.8555757 ], [ 120.2567025, 14.8556457 ], [ 120.2567231, 14.8557173 ] ] ] } },
{ "type": "Feature", "properties": { "contextFeatureId": "PHL-S-001::landuse::way::393921219", "projectId": "PHL-S-001", "projectName": "Olongapo Solar Power Project", "countryCode": "PHL", "osmType": "way", "osmId": 393921219, "highway": null, "place": null, "power": null, "landuse": "residential", "name": null, "voltage": null, "circuits": null, "cables": null, "frequency": null, "substationTag": null, "lineTag": null, "operator": null, "location": null }, "geometry": { "type": "Polygon", "coordinates": [ [ [ 120.256748, 14.8558045 ], [ 120.2569907, 14.8557462 ], [ 120.2569787, 14.8557051 ], [ 120.2569634, 14.8556469 ], [ 120.2567231, 14.8557173 ], [ 120.256748, 14.8558045 ] ] ] } },
{ "type": "Feature", "properties": { "contextFeatureId": "PHL-S-001::landuse::way::393921743", "projectId": "PHL-S-001", "projectName": "Olongapo Solar Power Project", "countryCode": "PHL", "osmType": "way", "osmId": 393921743, "highway": null, "place": null, "power": null, "landuse": "residential", "name": null, "voltage": null, "circuits": null, "cables": null, "frequency": null, "substationTag": null, "lineTag": null, "operator": null, "location": null }, "geometry": { "type": "Polygon", "coordinates": [ [ [ 120.257072, 14.8558537 ], [ 120.2570107, 14.8557399 ], [ 120.2569418, 14.8554968 ], [ 120.2571419, 14.8554482 ], [ 120.2572421, 14.855715 ], [ 120.2572035, 14.8557475 ], [ 120.257072, 14.8558537 ] ] ] } },
{ "type": "Feature", "properties": { "contextFeatureId": "PHL-S-001::landuse::way::393921744", "projectId": "PHL-S-001", "projectName": "Olongapo Solar Power Project", "countryCode": "PHL", "osmType": "way", "osmId": 393921744, "highway": null, "place": null, "power": null, "landuse": "residential", "name": null, "voltage": null, "circuits": null, "cables": null, "frequency": null, "substationTag": null, "lineTag": null, "operator": null, "location": null }, "geometry": { "type": "Polygon", "coordinates": [ [ [ 120.2572421, 14.855715 ], [ 120.2571419, 14.8554482 ], [ 120.2572657, 14.8554169 ], [ 120.2572952, 14.8555049 ], [ 120.2573463, 14.855633 ], [ 120.2572421, 14.855715 ] ] ] } },
{ "type": "Feature", "properties": { "contextFeatureId": "PHL-S-001::landuse::way::393921745", "projectId": "PHL-S-001", "projectName": "Olongapo Solar Power Project", "countryCode": "PHL", "osmType": "way", "osmId": 393921745, "highway": null, "place": null, "power": null, "landuse": "residential", "name": null, "voltage": null, "circuits": null, "cables": null, "frequency": null, "substationTag": null, "lineTag": null, "operator": null, "location": null }, "geometry": { "type": "Polygon", "coordinates": [ [ [ 120.2572952, 14.8555049 ], [ 120.2572657, 14.8554169 ], [ 120.2573658, 14.8553823 ], [ 120.2574666, 14.8553552 ], [ 120.2575326, 14.8555396 ], [ 120.2573463, 14.855633 ], [ 120.2572952, 14.8555049 ] ] ] } },
{ "type": "Feature", "properties": { "contextFeatureId": "PHL-S-001::landuse::way::393921901", "projectId": "PHL-S-001", "projectName": "Olongapo Solar Power Project", "countryCode": "PHL", "osmType": "way", "osmId": 393921901, "highway": null, "place": null, "power": null, "landuse": "residential", "name": null, "voltage": null, "circuits": null, "cables": null, "frequency": null, "substationTag": null, "lineTag": null, "operator": null, "location": null }, "geometry": { "type": "Polygon", "coordinates": [ [ [ 120.2569479, 14.8554537 ], [ 120.2569285, 14.8553077 ], [ 120.2571293, 14.8552609 ], [ 120.2571693, 14.8553958 ], [ 120.2569479, 14.8554537 ] ] ] } },
{ "type": "Feature", "properties": { "contextFeatureId": "PHL-S-001::landuse::way::393922003", "projectId": "PHL-S-001", "projectName": "Olongapo Solar Power Project", "countryCode": "PHL", "osmType": "way", "osmId": 393922003, "highway": null, "place": null, "power": null, "landuse": "residential", "name": null, "voltage": null, "circuits": null, "cables": null, "frequency": null, "substationTag": null, "lineTag": null, "operator": null, "location": null }, "geometry": { "type": "Polygon", "coordinates": [ [ [ 120.2571693, 14.8553958 ], [ 120.2573714, 14.8553585 ], [ 120.2573231, 14.8552079 ], [ 120.2572653, 14.8552237 ], [ 120.2571293, 14.8552609 ], [ 120.2571693, 14.8553958 ] ] ] } },
{ "type": "Feature", "properties": { "contextFeatureId": "PHL-S-001::landuse::way::393922004", "projectId": "PHL-S-001", "projectName": "Olongapo Solar Power Project", "countryCode": "PHL", "osmType": "way", "osmId": 393922004, "highway": null, "place": null, "power": null, "landuse": "residential", "name": null, "voltage": null, "circuits": null, "cables": null, "frequency": null, "substationTag": null, "lineTag": null, "operator": null, "location": null }, "geometry": { "type": "Polygon", "coordinates": [ [ [ 120.2573714, 14.8553585 ], [ 120.2573231, 14.8552079 ], [ 120.2574095, 14.8551839 ], [ 120.2574563, 14.8553298 ], [ 120.2573714, 14.8553585 ] ] ] } },
{ "type": "Feature", "properties": { "contextFeatureId": "PHL-S-001::landuse::way::393934804", "projectId": "PHL-S-001", "projectName": "Olongapo Solar Power Project", "countryCode": "PHL", "osmType": "way", "osmId": 393934804, "highway": null, "place": null, "power": null, "landuse": "residential", "name": null, "voltage": null, "circuits": null, "cables": null, "frequency": null, "substationTag": null, "lineTag": null, "operator": null, "location": null }, "geometry": { "type": "Polygon", "coordinates": [ [ [ 120.2569285, 14.8553077 ], [ 120.2568839, 14.8551395 ], [ 120.2570755, 14.8550798 ], [ 120.2571293, 14.8552609 ], [ 120.2569285, 14.8553077 ] ] ] } },
{ "type": "Feature", "properties": { "contextFeatureId": "PHL-S-001::landuse::way::393935392", "projectId": "PHL-S-001", "projectName": "Olongapo Solar Power Project", "countryCode": "PHL", "osmType": "way", "osmId": 393935392, "highway": null, "place": null, "power": null, "landuse": "residential", "name": null, "voltage": null, "circuits": null, "cables": null, "frequency": null, "substationTag": null, "lineTag": null, "operator": null, "location": null }, "geometry": { "type": "Polygon", "coordinates": [ [ [ 120.2571293, 14.8552609 ], [ 120.2570755, 14.8550798 ], [ 120.2572082, 14.855039 ], [ 120.2572653, 14.8552237 ], [ 120.2571293, 14.8552609 ] ] ] } },
{ "type": "Feature", "properties": { "contextFeatureId": "PHL-S-001::landuse::way::393935394", "projectId": "PHL-S-001", "projectName": "Olongapo Solar Power Project", "countryCode": "PHL", "osmType": "way", "osmId": 393935394, "highway": null, "place": null, "power": null, "landuse": "residential", "name": null, "voltage": null, "circuits": null, "cables": null, "frequency": null, "substationTag": null, "lineTag": null, "operator": null, "location": null }, "geometry": { "type": "Polygon", "coordinates": [ [ [ 120.2572653, 14.8552237 ], [ 120.2572082, 14.855039 ], [ 120.2575486, 14.8549282 ], [ 120.2576109, 14.8551059 ], [ 120.2575017, 14.8551523 ], [ 120.2574095, 14.8551839 ], [ 120.2572653, 14.8552237 ] ] ] } },
{ "type": "Feature", "properties": { "contextFeatureId": "PHL-S-001::landuse::way::393936967", "projectId": "PHL-S-001", "projectName": "Olongapo Solar Power Project", "countryCode": "PHL", "osmType": "way", "osmId": 393936967, "highway": null, "place": null, "power": null, "landuse": "residential", "name": null, "voltage": null, "circuits": null, "cables": null, "frequency": null, "substationTag": null, "lineTag": null, "operator": null, "location": null }, "geometry": { "type": "Polygon", "coordinates": [ [ [ 120.2572069, 14.855013 ], [ 120.2571484, 14.8547932 ], [ 120.2571236, 14.8547033 ], [ 120.2571114, 14.8546589 ], [ 120.2572176, 14.8546894 ], [ 120.2572361, 14.8546898 ], [ 120.257292, 14.8546911 ], [ 120.2573653, 14.854965 ], [ 120.2572069, 14.855013 ] ] ] } },
{ "type": "Feature", "properties": { "contextFeatureId": "PHL-S-001::landuse::way::393936968", "projectId": "PHL-S-001", "projectName": "Olongapo Solar Power Project", "countryCode": "PHL", "osmType": "way", "osmId": 393936968, "highway": null, "place": null, "power": null, "landuse": "residential", "name": null, "voltage": null, "circuits": null, "cables": null, "frequency": null, "substationTag": null, "lineTag": null, "operator": null, "location": null }, "geometry": { "type": "Polygon", "coordinates": [ [ [ 120.2573653, 14.854965 ], [ 120.2575573, 14.8549024 ], [ 120.2574789, 14.8547039 ], [ 120.2574445, 14.854636 ], [ 120.257292, 14.8546911 ], [ 120.2573653, 14.854965 ] ] ] } },
{ "type": "Feature", "properties": { "contextFeatureId": "PHL-S-001::landuse::way::393936969", "projectId": "PHL-S-001", "projectName": "Olongapo Solar Power Project", "countryCode": "PHL", "osmType": "way", "osmId": 393936969, "highway": null, "place": null, "power": null, "landuse": "residential", "name": null, "voltage": null, "circuits": null, "cables": null, "frequency": null, "substationTag": null, "lineTag": null, "operator": null, "location": null }, "geometry": { "type": "Polygon", "coordinates": [ [ [ 120.2570354, 14.8550457 ], [ 120.2569785, 14.8548369 ], [ 120.2571484, 14.8547932 ], [ 120.2572069, 14.855013 ], [ 120.2570354, 14.8550457 ] ] ] } },
{ "type": "Feature", "properties": { "contextFeatureId": "PHL-S-001::landuse::way::393936970", "projectId": "PHL-S-001", "projectName": "Olongapo Solar Power Project", "countryCode": "PHL", "osmType": "way", "osmId": 393936970, "highway": null, "place": null, "power": null, "landuse": "residential", "name": null, "voltage": null, "circuits": null, "cables": null, "frequency": null, "substationTag": null, "lineTag": null, "operator": null, "location": null }, "geometry": { "type": "Polygon", "coordinates": [ [ [ 120.2570354, 14.8550457 ], [ 120.2569087, 14.8550798 ], [ 120.2568553, 14.8548693 ], [ 120.2569785, 14.8548369 ], [ 120.2570354, 14.8550457 ] ] ] } },
{ "type": "Feature", "properties": { "contextFeatureId": "PHL-S-001::landuse::way::393936971", "projectId": "PHL-S-001", "projectName": "Olongapo Solar Power Project", "countryCode": "PHL", "osmType": "way", "osmId": 393936971, "highway": null, "place": null, "power": null, "landuse": "residential", "name": null, "voltage": null, "circuits": null, "cables": null, "frequency": null, "substationTag": null, "lineTag": null, "operator": null, "location": null }, "geometry": { "type": "Polygon", "coordinates": [ [ [ 120.2568553, 14.8548693 ], [ 120.2568307, 14.8547725 ], [ 120.2571236, 14.8547033 ], [ 120.2571484, 14.8547932 ], [ 120.2569785, 14.8548369 ], [ 120.2568553, 14.8548693 ] ] ] } },
{ "type": "Feature", "properties": { "contextFeatureId": "PHL-S-001::landuse::way::393936972", "projectId": "PHL-S-001", "projectName": "Olongapo Solar Power Project", "countryCode": "PHL", "osmType": "way", "osmId": 393936972, "highway": null, "place": null, "power": null, "landuse": "residential", "name": null, "voltage": null, "circuits": null, "cables": null, "frequency": null, "substationTag": null, "lineTag": null, "operator": null, "location": null }, "geometry": { "type": "Polygon", "coordinates": [ [ [ 120.2568307, 14.8547725 ], [ 120.2567863, 14.8545974 ], [ 120.2567943, 14.8545812 ], [ 120.256911, 14.8545994 ], [ 120.2571114, 14.8546589 ], [ 120.2571236, 14.8547033 ], [ 120.2568307, 14.8547725 ] ] ] } },
{ "type": "Feature", "properties": { "contextFeatureId": "PHL-S-001::landuse::way::393936973", "projectId": "PHL-S-001", "projectName": "Olongapo Solar Power Project", "countryCode": "PHL", "osmType": "way", "osmId": 393936973, "highway": null, "place": null, "power": null, "landuse": "residential", "name": null, "voltage": null, "circuits": null, "cables": null, "frequency": null, "substationTag": null, "lineTag": null, "operator": null, "location": null }, "geometry": { "type": "Polygon", "coordinates": [ [ [ 120.2572361, 14.8546898 ], [ 120.2572413, 14.8546707 ], [ 120.2573004, 14.8544726 ], [ 120.2573815, 14.8545168 ], [ 120.2574445, 14.854636 ], [ 120.257292, 14.8546911 ], [ 120.2572361, 14.8546898 ] ] ] } },
{ "type": "Feature", "properties": { "contextFeatureId": "PHL-S-001::landuse::way::393936976", "projectId": "PHL-S-001", "projectName": "Olongapo Solar Power Project", "countryCode": "PHL", "osmType": "way", "osmId": 393936976, "highway": null, "place": null, "power": null, "landuse": "residential", "name": null, "voltage": null, "circuits": null, "cables": null, "frequency": null, "substationTag": null, "lineTag": null, "operator": null, "location": null }, "geometry": { "type": "Polygon", "coordinates": [ [ [ 120.2572413, 14.8546707 ], [ 120.2570564, 14.8546137 ], [ 120.2571291, 14.8543954 ], [ 120.2572585, 14.8544475 ], [ 120.2573004, 14.8544726 ], [ 120.2572413, 14.8546707 ] ] ] } },
{ "type": "Feature", "properties": { "contextFeatureId": "PHL-S-001::landuse::way::393936978", "projectId": "PHL-S-001", "projectName": "Olongapo Solar Power Project", "countryCode": "PHL", "osmType": "way", "osmId": 393936978, "highway": null, "place": null, "power": null, "landuse": "residential", "name": null, "voltage": null, "circuits": null, "cables": null, "frequency": null, "substationTag": null, "lineTag": null, "operator": null, "location": null }, "geometry": { "type": "Polygon", "coordinates": [ [ [ 120.2570564, 14.8546137 ], [ 120.256915, 14.8545733 ], [ 120.2569789, 14.8543381 ], [ 120.2571291, 14.8543954 ], [ 120.2570564, 14.8546137 ] ] ] } },
{ "type": "Feature", "properties": { "contextFeatureId": "PHL-S-001::landuse::way::393936980", "projectId": "PHL-S-001", "projectName": "Olongapo Solar Power Project", "countryCode": "PHL", "osmType": "way", "osmId": 393936980, "highway": null, "place": null, "power": null, "landuse": "residential", "name": null, "voltage": null, "circuits": null, "cables": null, "frequency": null, "substationTag": null, "lineTag": null, "operator": null, "location": null }, "geometry": { "type": "Polygon", "coordinates": [ [ [ 120.2563849, 14.8544126 ], [ 120.2563127, 14.8543105 ], [ 120.2562506, 14.8540684 ], [ 120.2564946, 14.8541519 ], [ 120.2567015, 14.8542345 ], [ 120.2566551, 14.8544121 ], [ 120.2563849, 14.8544126 ] ] ] } },
{ "type": "Feature", "properties": { "contextFeatureId": "PHL-S-001::landuse::way::393936982", "projectId": "PHL-S-001", "projectName": "Olongapo Solar Power Project", "countryCode": "PHL", "osmType": "way", "osmId": 393936982, "highway": null, "place": null, "power": null, "landuse": "residential", "name": null, "voltage": null, "circuits": null, "cables": null, "frequency": null, "substationTag": null, "lineTag": null, "operator": null, "location": null }, "geometry": { "type": "Polygon", "coordinates": [ [ [ 120.256915, 14.8545733 ], [ 120.2568309, 14.8545514 ], [ 120.2569033, 14.8543122 ], [ 120.2569789, 14.8543381 ], [ 120.256915, 14.8545733 ] ] ] } },
{ "type": "Feature", "properties": { "contextFeatureId": "PHL-S-001::landuse::way::393936984", "projectId": "PHL-S-001", "projectName": "Olongapo Solar Power Project", "countryCode": "PHL", "osmType": "way", "osmId": 393936984, "highway": null, "place": null, "power": null, "landuse": "residential", "name": null, "voltage": null, "circuits": null, "cables": null, "frequency": null, "substationTag": null, "lineTag": null, "operator": null, "location": null }, "geometry": { "type": "Polygon", "coordinates": [ [ [ 120.2568309, 14.8545514 ], [ 120.2567126, 14.8545228 ], [ 120.2566329, 14.8545035 ], [ 120.2566551, 14.8544121 ], [ 120.2567015, 14.8542345 ], [ 120.2569033, 14.8543122 ], [ 120.2568309, 14.8545514 ] ] ] } },
{ "type": "Feature", "properties": { "contextFeatureId": "PHL-S-001::landuse::way::393937036", "projectId": "PHL-S-001", "projectName": "Olongapo Solar Power Project", "countryCode": "PHL", "osmType": "way", "osmId": 393937036, "highway": null, "place": null, "power": null, "landuse": "residential", "name": null, "voltage": null, "circuits": null, "cables": null, "frequency": null, "substationTag": null, "lineTag": null, "operator": null, "location": null }, "geometry": { "type": "Polygon", "coordinates": [ [ [ 120.2564134, 14.8545496 ], [ 120.2563849, 14.8544126 ], [ 120.2566551, 14.8544121 ], [ 120.2566329, 14.8545035 ], [ 120.2565675, 14.8545171 ], [ 120.2564134, 14.8545496 ] ] ] } },
{ "type": "Feature", "properties": { "contextFeatureId": "PHL-S-001::landuse::way::393937037", "projectId": "PHL-S-001", "projectName": "Olongapo Solar Power Project", "countryCode": "PHL", "osmType": "way", "osmId": 393937037, "highway": null, "place": null, "power": null, "landuse": "residential", "name": null, "voltage": null, "circuits": null, "cables": null, "frequency": null, "substationTag": null, "lineTag": null, "operator": null, "location": null }, "geometry": { "type": "Polygon", "coordinates": [ [ [ 120.2565958, 14.8546366 ], [ 120.2565675, 14.8545171 ], [ 120.2566329, 14.8545035 ], [ 120.2567126, 14.8545228 ], [ 120.2567342, 14.8546083 ], [ 120.2565958, 14.8546366 ] ] ] } },
{ "type": "Feature", "properties": { "contextFeatureId": "PHL-S-001::landuse::way::393937111", "projectId": "PHL-S-001", "projectName": "Olongapo Solar Power Project", "countryCode": "PHL", "osmType": "way", "osmId": 393937111, "highway": null, "place": null, "power": null, "landuse": "residential", "name": null, "voltage": null, "circuits": null, "cables": null, "frequency": null, "substationTag": null, "lineTag": null, "operator": null, "location": null }, "geometry": { "type": "Polygon", "coordinates": [ [ [ 120.2566273, 14.8547694 ], [ 120.2565958, 14.8546366 ], [ 120.2567342, 14.8546083 ], [ 120.256767, 14.8547386 ], [ 120.2566273, 14.8547694 ] ] ] } },
{ "type": "Feature", "properties": { "contextFeatureId": "PHL-S-001::landuse::way::393937114", "projectId": "PHL-S-001", "projectName": "Olongapo Solar Power Project", "countryCode": "PHL", "osmType": "way", "osmId": 393937114, "highway": null, "place": null, "power": null, "landuse": "residential", "name": null, "voltage": null, "circuits": null, "cables": null, "frequency": null, "substationTag": null, "lineTag": null, "operator": null, "location": null }, "geometry": { "type": "Polygon", "coordinates": [ [ [ 120.2567143, 14.8551365 ], [ 120.2568564, 14.8550931 ], [ 120.2568244, 14.854966 ], [ 120.2566827, 14.8550033 ], [ 120.2567143, 14.8551365 ] ] ] } },
{ "type": "Feature", "properties": { "contextFeatureId": "PHL-S-001::landuse::way::393938712", "projectId": "PHL-S-001", "projectName": "Olongapo Solar Power Project", "countryCode": "PHL", "osmType": "way", "osmId": 393938712, "highway": null, "place": null, "power": null, "landuse": "residential", "name": null, "voltage": null, "circuits": null, "cables": null, "frequency": null, "substationTag": null, "lineTag": null, "operator": null, "location": null }, "geometry": { "type": "Polygon", "coordinates": [ [ [ 120.256651, 14.8548692 ], [ 120.2567918, 14.854837 ], [ 120.256767, 14.8547386 ], [ 120.2566273, 14.8547694 ], [ 120.2566301, 14.8547811 ], [ 120.256651, 14.8548692 ] ] ] } },
{ "type": "Feature", "properties": { "contextFeatureId": "PHL-S-001::landuse::way::393938713", "projectId": "PHL-S-001", "projectName": "Olongapo Solar Power Project", "countryCode": "PHL", "osmType": "way", "osmId": 393938713, "highway": null, "place": null, "power": null, "landuse": "residential", "name": null, "voltage": null, "circuits": null, "cables": null, "frequency": null, "substationTag": null, "lineTag": null, "operator": null, "location": null }, "geometry": { "type": "Polygon", "coordinates": [ [ [ 120.2566827, 14.8550033 ], [ 120.256651, 14.8548692 ], [ 120.2567918, 14.854837 ], [ 120.2568244, 14.854966 ], [ 120.2566827, 14.8550033 ] ] ] } },
{ "type": "Feature", "properties": { "contextFeatureId": "PHL-S-001::landuse::way::393938714", "projectId": "PHL-S-001", "projectName": "Olongapo Solar Power Project", "countryCode": "PHL", "osmType": "way", "osmId": 393938714, "highway": null, "place": null, "power": null, "landuse": "residential", "name": null, "voltage": null, "circuits": null, "cables": null, "frequency": null, "substationTag": null, "lineTag": null, "operator": null, "location": null }, "geometry": { "type": "Polygon", "coordinates": [ [ [ 120.2565666, 14.8551684 ], [ 120.2565321, 14.8550418 ], [ 120.2566827, 14.8550033 ], [ 120.2567143, 14.8551365 ], [ 120.2565834, 14.8551786 ], [ 120.2565666, 14.8551684 ] ] ] } },
{ "type": "Feature", "properties": { "contextFeatureId": "PHL-S-001::landuse::way::393938715", "projectId": "PHL-S-001", "projectName": "Olongapo Solar Power Project", "countryCode": "PHL", "osmType": "way", "osmId": 393938715, "highway": null, "place": null, "power": null, "landuse": "residential", "name": null, "voltage": null, "circuits": null, "cables": null, "frequency": null, "substationTag": null, "lineTag": null, "operator": null, "location": null }, "geometry": { "type": "Polygon", "coordinates": [ [ [ 120.2565321, 14.8550418 ], [ 120.2564985, 14.8549067 ], [ 120.256651, 14.8548692 ], [ 120.2566827, 14.8550033 ], [ 120.2565321, 14.8550418 ] ] ] } },
{ "type": "Feature", "properties": { "contextFeatureId": "PHL-S-001::landuse::way::393938716", "projectId": "PHL-S-001", "projectName": "Olongapo Solar Power Project", "countryCode": "PHL", "osmType": "way", "osmId": 393938716, "highway": null, "place": null, "power": null, "landuse": "residential", "name": null, "voltage": null, "circuits": null, "cables": null, "frequency": null, "substationTag": null, "lineTag": null, "operator": null, "location": null }, "geometry": { "type": "Polygon", "coordinates": [ [ [ 120.2564985, 14.8549067 ], [ 120.2564757, 14.8548173 ], [ 120.2566301, 14.8547811 ], [ 120.256651, 14.8548692 ], [ 120.2564985, 14.8549067 ] ] ] } },
{ "type": "Feature", "properties": { "contextFeatureId": "PHL-S-001::landuse::way::393938717", "projectId": "PHL-S-001", "projectName": "Olongapo Solar Power Project", "countryCode": "PHL", "osmType": "way", "osmId": 393938717, "highway": null, "place": null, "power": null, "landuse": "residential", "name": null, "voltage": null, "circuits": null, "cables": null, "frequency": null, "substationTag": null, "lineTag": null, "operator": null, "location": null }, "geometry": { "type": "Polygon", "coordinates": [ [ [ 120.2566273, 14.8547694 ], [ 120.2564721, 14.8548056 ], [ 120.2564398, 14.8546713 ], [ 120.2565958, 14.8546366 ], [ 120.2566273, 14.8547694 ] ] ] } },
{ "type": "Feature", "properties": { "contextFeatureId": "PHL-S-001::landuse::way::393938718", "projectId": "PHL-S-001", "projectName": "Olongapo Solar Power Project", "countryCode": "PHL", "osmType": "way", "osmId": 393938718, "highway": null, "place": null, "power": null, "landuse": "residential", "name": null, "voltage": null, "circuits": null, "cables": null, "frequency": null, "substationTag": null, "lineTag": null, "operator": null, "location": null }, "geometry": { "type": "Polygon", "coordinates": [ [ [ 120.2564398, 14.8546713 ], [ 120.2564134, 14.8545496 ], [ 120.2565675, 14.8545171 ], [ 120.2565958, 14.8546366 ], [ 120.2564398, 14.8546713 ] ] ] } },
{ "type": "Feature", "properties": { "contextFeatureId": "PHL-S-001::landuse::way::393938719", "projectId": "PHL-S-001", "projectName": "Olongapo Solar Power Project", "countryCode": "PHL", "osmType": "way", "osmId": 393938719, "highway": null, "place": null, "power": null, "landuse": "residential", "name": null, "voltage": null, "circuits": null, "cables": null, "frequency": null, "substationTag": null, "lineTag": null, "operator": null, "location": null }, "geometry": { "type": "Polygon", "coordinates": [ [ [ 120.2562966, 14.8543477 ], [ 120.2561555, 14.854301 ], [ 120.2561087, 14.8541999 ], [ 120.2560592, 14.8540934 ], [ 120.256003, 14.853974 ], [ 120.2561032, 14.8540201 ], [ 120.2562506, 14.8540684 ], [ 120.2563127, 14.8543105 ], [ 120.2562966, 14.8543477 ] ] ] } },
{ "type": "Feature", "properties": { "contextFeatureId": "PHL-S-001::landuse::way::393938720", "projectId": "PHL-S-001", "projectName": "Olongapo Solar Power Project", "countryCode": "PHL", "osmType": "way", "osmId": 393938720, "highway": null, "place": null, "power": null, "landuse": "residential", "name": null, "voltage": null, "circuits": null, "cables": null, "frequency": null, "substationTag": null, "lineTag": null, "operator": null, "location": null }, "geometry": { "type": "Polygon", "coordinates": [ [ [ 120.2564163, 14.8547199 ], [ 120.2562478, 14.8547595 ], [ 120.2562268, 14.8547414 ], [ 120.256138, 14.8547585 ], [ 120.2561139, 14.8546533 ], [ 120.2560831, 14.8545139 ], [ 120.2560772, 14.8544871 ], [ 120.2560951, 14.8544829 ], [ 120.2563506, 14.8544315 ], [ 120.2564163, 14.8547199 ] ] ] } },
{ "type": "Feature", "properties": { "contextFeatureId": "PHL-S-001::landuse::way::393938721", "projectId": "PHL-S-001", "projectName": "Olongapo Solar Power Project", "countryCode": "PHL", "osmType": "way", "osmId": 393938721, "highway": null, "place": null, "power": null, "landuse": "residential", "name": null, "voltage": null, "circuits": null, "cables": null, "frequency": null, "substationTag": null, "lineTag": null, "operator": null, "location": null }, "geometry": { "type": "Polygon", "coordinates": [ [ [ 120.2562974, 14.8549291 ], [ 120.2562478, 14.8547595 ], [ 120.2564163, 14.8547199 ], [ 120.2564595, 14.8548878 ], [ 120.2562974, 14.8549291 ] ] ] } },
{ "type": "Feature", "properties": { "contextFeatureId": "PHL-S-001::landuse::way::393938722", "projectId": "PHL-S-001", "projectName": "Olongapo Solar Power Project", "countryCode": "PHL", "osmType": "way", "osmId": 393938722, "highway": null, "place": null, "power": null, "landuse": "residential", "name": null, "voltage": null, "circuits": null, "cables": null, "frequency": null, "substationTag": null, "lineTag": null, "operator": null, "location": null }, "geometry": { "type": "Polygon", "coordinates": [ [ [ 120.2563263, 14.8550286 ], [ 120.2563067, 14.8549609 ], [ 120.2562974, 14.8549291 ], [ 120.2564595, 14.8548878 ], [ 120.2564863, 14.8549861 ], [ 120.2563263, 14.8550286 ] ] ] } },
{ "type": "Feature", "properties": { "contextFeatureId": "PHL-S-001::landuse::way::393938723", "projectId": "PHL-S-001", "projectName": "Olongapo Solar Power Project", "countryCode": "PHL", "osmType": "way", "osmId": 393938723, "highway": null, "place": null, "power": null, "landuse": "residential", "name": null, "voltage": null, "circuits": null, "cables": null, "frequency": null, "substationTag": null, "lineTag": null, "operator": null, "location": null }, "geometry": { "type": "Polygon", "coordinates": [ [ [ 120.2563505, 14.8551094 ], [ 120.2563263, 14.8550286 ], [ 120.2564863, 14.8549861 ], [ 120.2565074, 14.8550636 ], [ 120.2563505, 14.8551094 ] ] ] } },
{ "type": "Feature", "properties": { "contextFeatureId": "PHL-S-001::landuse::way::393939759", "projectId": "PHL-S-001", "projectName": "Olongapo Solar Power Project", "countryCode": "PHL", "osmType": "way", "osmId": 393939759, "highway": null, "place": null, "power": null, "landuse": "residential", "name": null, "voltage": null, "circuits": null, "cables": null, "frequency": null, "substationTag": null, "lineTag": null, "operator": null, "location": null }, "geometry": { "type": "Polygon", "coordinates": [ [ [ 120.2563956, 14.8552512 ], [ 120.2563599, 14.8551405 ], [ 120.2563552, 14.8551278 ], [ 120.2565121, 14.8550799 ], [ 120.2565463, 14.8551998 ], [ 120.2563956, 14.8552512 ] ] ] } },
{ "type": "Feature", "properties": { "contextFeatureId": "PHL-S-001::landuse::way::393939760", "projectId": "PHL-S-001", "projectName": "Olongapo Solar Power Project", "countryCode": "PHL", "osmType": "way", "osmId": 393939760, "highway": null, "place": null, "power": null, "landuse": "residential", "name": null, "voltage": null, "circuits": null, "cables": null, "frequency": null, "substationTag": null, "lineTag": null, "operator": null, "location": null }, "geometry": { "type": "Polygon", "coordinates": [ [ [ 120.2563599, 14.8551405 ], [ 120.2562065, 14.8551877 ], [ 120.2562442, 14.8553029 ], [ 120.2563956, 14.8552512 ], [ 120.2563599, 14.8551405 ] ] ] } },
{ "type": "Feature", "properties": { "contextFeatureId": "PHL-S-001::landuse::way::393939761", "projectId": "PHL-S-001", "projectName": "Olongapo Solar Power Project", "countryCode": "PHL", "osmType": "way", "osmId": 393939761, "highway": null, "place": null, "power": null, "landuse": "residential", "name": null, "voltage": null, "circuits": null, "cables": null, "frequency": null, "substationTag": null, "lineTag": null, "operator": null, "location": null }, "geometry": { "type": "Polygon", "coordinates": [ [ [ 120.2562442, 14.8553029 ], [ 120.2560843, 14.8553583 ], [ 120.2560522, 14.8552349 ], [ 120.2562065, 14.8551877 ], [ 120.2562442, 14.8553029 ] ] ] } },
{ "type": "Feature", "properties": { "contextFeatureId": "PHL-S-001::landuse::way::393939770", "projectId": "PHL-S-001", "projectName": "Olongapo Solar Power Project", "countryCode": "PHL", "osmType": "way", "osmId": 393939770, "highway": null, "place": null, "power": null, "landuse": "residential", "name": null, "voltage": null, "circuits": null, "cables": null, "frequency": null, "substationTag": null, "lineTag": null, "operator": null, "location": null }, "geometry": { "type": "Polygon", "coordinates": [ [ [ 120.2560522, 14.8552349 ], [ 120.2560017, 14.8550416 ], [ 120.2563067, 14.8549609 ], [ 120.2563505, 14.8551094 ], [ 120.2565074, 14.8550636 ], [ 120.2565121, 14.8550799 ], [ 120.2563552, 14.8551278 ], [ 120.2563599, 14.8551405 ], [ 120.2562065, 14.8551877 ], [ 120.2560522, 14.8552349 ] ] ] } },
{ "type": "Feature", "properties": { "contextFeatureId": "PHL-S-001::landuse::way::393943037", "projectId": "PHL-S-001", "projectName": "Olongapo Solar Power Project", "countryCode": "PHL", "osmType": "way", "osmId": 393943037, "highway": null, "place": null, "power": null, "landuse": "residential", "name": null, "voltage": null, "circuits": null, "cables": null, "frequency": null, "substationTag": null, "lineTag": null, "operator": null, "location": null }, "geometry": { "type": "Polygon", "coordinates": [ [ [ 120.2560017, 14.8550416 ], [ 120.2559425, 14.854803 ], [ 120.256138, 14.8547585 ], [ 120.2562268, 14.8547414 ], [ 120.2562478, 14.8547595 ], [ 120.2562974, 14.8549291 ], [ 120.2563067, 14.8549609 ], [ 120.2560017, 14.8550416 ] ] ] } },
{ "type": "Feature", "properties": { "contextFeatureId": "PHL-S-001::landuse::way::393943038", "projectId": "PHL-S-001", "projectName": "Olongapo Solar Power Project", "countryCode": "PHL", "osmType": "way", "osmId": 393943038, "highway": null, "place": null, "power": null, "landuse": "residential", "name": null, "voltage": null, "circuits": null, "cables": null, "frequency": null, "substationTag": null, "lineTag": null, "operator": null, "location": null }, "geometry": { "type": "Polygon", "coordinates": [ [ [ 120.2559425, 14.854803 ], [ 120.2559185, 14.8546956 ], [ 120.2561139, 14.8546533 ], [ 120.256138, 14.8547585 ], [ 120.2559425, 14.854803 ] ] ] } },
{ "type": "Feature", "properties": { "contextFeatureId": "PHL-S-001::landuse::way::393943039", "projectId": "PHL-S-001", "projectName": "Olongapo Solar Power Project", "countryCode": "PHL", "osmType": "way", "osmId": 393943039, "highway": null, "place": null, "power": null, "landuse": "residential", "name": null, "voltage": null, "circuits": null, "cables": null, "frequency": null, "substationTag": null, "lineTag": null, "operator": null, "location": null }, "geometry": { "type": "Polygon", "coordinates": [ [ [ 120.2559185, 14.8546956 ], [ 120.2558826, 14.8545607 ], [ 120.2560831, 14.8545139 ], [ 120.2561139, 14.8546533 ], [ 120.2559185, 14.8546956 ] ] ] } },
{ "type": "Feature", "properties": { "contextFeatureId": "PHL-S-001::landuse::way::394253238", "projectId": "PHL-S-001", "projectName": "Olongapo Solar Power Project", "countryCode": "PHL", "osmType": "way", "osmId": 394253238, "highway": null, "place": null, "power": null, "landuse": "residential", "name": null, "voltage": null, "circuits": null, "cables": null, "frequency": null, "substationTag": null, "lineTag": null, "operator": null, "location": null }, "geometry": { "type": "Polygon", "coordinates": [ [ [ 120.2560951, 14.8544829 ], [ 120.2560827, 14.8544234 ], [ 120.2560623, 14.8543307 ], [ 120.2561555, 14.854301 ], [ 120.2562966, 14.8543477 ], [ 120.2563506, 14.8544315 ], [ 120.2560951, 14.8544829 ] ] ] } },
{ "type": "Feature", "properties": { "contextFeatureId": "PHL-S-001::landuse::way::394253239", "projectId": "PHL-S-001", "projectName": "Olongapo Solar Power Project", "countryCode": "PHL", "osmType": "way", "osmId": 394253239, "highway": null, "place": null, "power": null, "landuse": "residential", "name": null, "voltage": null, "circuits": null, "cables": null, "frequency": null, "substationTag": null, "lineTag": null, "operator": null, "location": null }, "geometry": { "type": "Polygon", "coordinates": [ [ [ 120.2558826, 14.8545607 ], [ 120.2558609, 14.8544736 ], [ 120.2560827, 14.8544234 ], [ 120.2560951, 14.8544829 ], [ 120.2560772, 14.8544871 ], [ 120.2560831, 14.8545139 ], [ 120.2558826, 14.8545607 ] ] ] } },
{ "type": "Feature", "properties": { "contextFeatureId": "PHL-S-001::landuse::way::394253240", "projectId": "PHL-S-001", "projectName": "Olongapo Solar Power Project", "countryCode": "PHL", "osmType": "way", "osmId": 394253240, "highway": null, "place": null, "power": null, "landuse": "residential", "name": null, "voltage": null, "circuits": null, "cables": null, "frequency": null, "substationTag": null, "lineTag": null, "operator": null, "location": null }, "geometry": { "type": "Polygon", "coordinates": [ [ [ 120.2560623, 14.8543307 ], [ 120.2561555, 14.854301 ], [ 120.2561087, 14.8541999 ], [ 120.2558043, 14.8543222 ], [ 120.2558609, 14.8544736 ], [ 120.2560827, 14.8544234 ], [ 120.2560623, 14.8543307 ] ] ] } },
{ "type": "Feature", "properties": { "contextFeatureId": "PHL-S-001::landuse::way::394268357", "projectId": "PHL-S-001", "projectName": "Olongapo Solar Power Project", "countryCode": "PHL", "osmType": "way", "osmId": 394268357, "highway": null, "place": null, "power": null, "landuse": "residential", "name": null, "voltage": null, "circuits": null, "cables": null, "frequency": null, "substationTag": null, "lineTag": null, "operator": null, "location": null }, "geometry": { "type": "Polygon", "coordinates": [ [ [ 120.2557574, 14.8542247 ], [ 120.2560592, 14.8540934 ], [ 120.2561087, 14.8541999 ], [ 120.2558043, 14.8543222 ], [ 120.2557574, 14.8542247 ] ] ] } },
{ "type": "Feature", "properties": { "contextFeatureId": "PHL-S-001::landuse::way::394268358", "projectId": "PHL-S-001", "projectName": "Olongapo Solar Power Project", "countryCode": "PHL", "osmType": "way", "osmId": 394268358, "highway": null, "place": null, "power": null, "landuse": "residential", "name": null, "voltage": null, "circuits": null, "cables": null, "frequency": null, "substationTag": null, "lineTag": null, "operator": null, "location": null }, "geometry": { "type": "Polygon", "coordinates": [ [ [ 120.2557574, 14.8542247 ], [ 120.2556907, 14.8540955 ], [ 120.2556063, 14.8539757 ], [ 120.2557517, 14.8538303 ], [ 120.256003, 14.853974 ], [ 120.2560592, 14.8540934 ], [ 120.2557574, 14.8542247 ] ] ] } },
{ "type": "Feature", "properties": { "contextFeatureId": "PHL-S-001::landuse::way::394268359", "projectId": "PHL-S-001", "projectName": "Olongapo Solar Power Project", "countryCode": "PHL", "osmType": "way", "osmId": 394268359, "highway": null, "place": null, "power": null, "landuse": "residential", "name": null, "voltage": null, "circuits": null, "cables": null, "frequency": null, "substationTag": null, "lineTag": null, "operator": null, "location": null }, "geometry": { "type": "Polygon", "coordinates": [ [ [ 120.2556063, 14.8539757 ], [ 120.25546, 14.8538568 ], [ 120.2556033, 14.8537065 ], [ 120.2557517, 14.8538303 ], [ 120.2556063, 14.8539757 ] ] ] } },
{ "type": "Feature", "properties": { "contextFeatureId": "PHL-S-001::landuse::way::394268360", "projectId": "PHL-S-001", "projectName": "Olongapo Solar Power Project", "countryCode": "PHL", "osmType": "way", "osmId": 394268360, "highway": null, "place": null, "power": null, "landuse": "commercial", "name": null, "voltage": null, "circuits": null, "cables": null, "frequency": null, "substationTag": null, "lineTag": null, "operator": null, "location": null }, "geometry": { "type": "Polygon", "coordinates": [ [ [ 120.25546, 14.8538568 ], [ 120.2552091, 14.8536436 ], [ 120.2553583, 14.8534884 ], [ 120.2556033, 14.8537065 ], [ 120.25546, 14.8538568 ] ] ] } },
{ "type": "Feature", "properties": { "contextFeatureId": "PHL-S-001::landuse::way::394268361", "projectId": "PHL-S-001", "projectName": "Olongapo Solar Power Project", "countryCode": "PHL", "osmType": "way", "osmId": 394268361, "highway": null, "place": null, "power": null, "landuse": "residential", "name": null, "voltage": null, "circuits": null, "cables": null, "frequency": null, "substationTag": null, "lineTag": null, "operator": null, "location": null }, "geometry": { "type": "Polygon", "coordinates": [ [ [ 120.2552091, 14.8536436 ], [ 120.2551142, 14.8535659 ], [ 120.2550328, 14.8534924 ], [ 120.2551916, 14.85334 ], [ 120.2553583, 14.8534884 ], [ 120.2552091, 14.8536436 ] ] ] } },
{ "type": "Feature", "properties": { "contextFeatureId": "PHL-S-001::landuse::way::394268362", "projectId": "PHL-S-001", "projectName": "Olongapo Solar Power Project", "countryCode": "PHL", "osmType": "way", "osmId": 394268362, "highway": null, "place": null, "power": null, "landuse": "residential", "name": null, "voltage": null, "circuits": null, "cables": null, "frequency": null, "substationTag": null, "lineTag": null, "operator": null, "location": null }, "geometry": { "type": "Polygon", "coordinates": [ [ [ 120.2550328, 14.8534924 ], [ 120.2549541, 14.8534167 ], [ 120.2551192, 14.8532701 ], [ 120.2551916, 14.85334 ], [ 120.2550328, 14.8534924 ] ] ] } },
{ "type": "Feature", "properties": { "contextFeatureId": "PHL-S-001::landuse::way::394268363", "projectId": "PHL-S-001", "projectName": "Olongapo Solar Power Project", "countryCode": "PHL", "osmType": "way", "osmId": 394268363, "highway": null, "place": null, "power": null, "landuse": "residential", "name": null, "voltage": null, "circuits": null, "cables": null, "frequency": null, "substationTag": null, "lineTag": null, "operator": null, "location": null }, "geometry": { "type": "Polygon", "coordinates": [ [ [ 120.2549541, 14.8534167 ], [ 120.2548913, 14.8533526 ], [ 120.2550638, 14.853208 ], [ 120.2551192, 14.8532701 ], [ 120.2549541, 14.8534167 ] ] ] } },
{ "type": "Feature", "properties": { "contextFeatureId": "PHL-S-001::landuse::way::394281918", "projectId": "PHL-S-001", "projectName": "Olongapo Solar Power Project", "countryCode": "PHL", "osmType": "way", "osmId": 394281918, "highway": null, "place": null, "power": null, "landuse": "residential", "name": null, "voltage": null, "circuits": null, "cables": null, "frequency": null, "substationTag": null, "lineTag": null, "operator": null, "location": null }, "geometry": { "type": "Polygon", "coordinates": [ [ [ 120.2548913, 14.8533526 ], [ 120.2548373, 14.8532901 ], [ 120.2550129, 14.8531539 ], [ 120.2550638, 14.853208 ], [ 120.2548913, 14.8533526 ] ] ] } },
{ "type": "Feature", "properties": { "contextFeatureId": "PHL-S-001::landuse::way::394281920", "projectId": "PHL-S-001", "projectName": "Olongapo Solar Power Project", "countryCode": "PHL", "osmType": "way", "osmId": 394281920, "highway": null, "place": null, "power": null, "landuse": "residential", "name": null, "voltage": null, "circuits": null, "cables": null, "frequency": null, "substationTag": null, "lineTag": null, "operator": null, "location": null }, "geometry": { "type": "Polygon", "coordinates": [ [ [ 120.2548373, 14.8532901 ], [ 120.2547656, 14.8531909 ], [ 120.2549355, 14.8530661 ], [ 120.2550129, 14.8531539 ], [ 120.2548373, 14.8532901 ] ] ] } },
{ "type": "Feature", "properties": { "contextFeatureId": "PHL-S-001::landuse::way::394281921", "projectId": "PHL-S-001", "projectName": "Olongapo Solar Power Project", "countryCode": "PHL", "osmType": "way", "osmId": 394281921, "highway": null, "place": null, "power": null, "landuse": "residential", "name": null, "voltage": null, "circuits": null, "cables": null, "frequency": null, "substationTag": null, "lineTag": null, "operator": null, "location": null }, "geometry": { "type": "Polygon", "coordinates": [ [ [ 120.2547656, 14.8531909 ], [ 120.2546701, 14.853057 ], [ 120.254586, 14.8529272 ], [ 120.2547436, 14.8528381 ], [ 120.2548522, 14.8529667 ], [ 120.2549355, 14.8530661 ], [ 120.2547656, 14.8531909 ] ] ] } },
{ "type": "Feature", "properties": { "contextFeatureId": "PHL-S-001::landuse::way::394281923", "projectId": "PHL-S-001", "projectName": "Olongapo Solar Power Project", "countryCode": "PHL", "osmType": "way", "osmId": 394281923, "highway": null, "place": null, "power": null, "landuse": "residential", "name": null, "voltage": null, "circuits": null, "cables": null, "frequency": null, "substationTag": null, "lineTag": null, "operator": null, "location": null }, "geometry": { "type": "Polygon", "coordinates": [ [ [ 120.254586, 14.8529272 ], [ 120.2545427, 14.8528557 ], [ 120.2545036, 14.8527892 ], [ 120.2546486, 14.8527157 ], [ 120.2547436, 14.8528381 ], [ 120.254586, 14.8529272 ] ] ] } },
{ "type": "Feature", "properties": { "contextFeatureId": "PHL-S-001::landuse::way::394281925", "projectId": "PHL-S-001", "projectName": "Olongapo Solar Power Project", "countryCode": "PHL", "osmType": "way", "osmId": 394281925, "highway": null, "place": null, "power": null, "landuse": "residential", "name": null, "voltage": null, "circuits": null, "cables": null, "frequency": null, "substationTag": null, "lineTag": null, "operator": null, "location": null }, "geometry": { "type": "Polygon", "coordinates": [ [ [ 120.2545036, 14.8527892 ], [ 120.2544695, 14.8527206 ], [ 120.2546131, 14.8526503 ], [ 120.2546486, 14.8527157 ], [ 120.2545036, 14.8527892 ] ] ] } },
{ "type": "Feature", "properties": { "contextFeatureId": "PHL-S-001::landuse::way::394281927", "projectId": "PHL-S-001", "projectName": "Olongapo Solar Power Project", "countryCode": "PHL", "osmType": "way", "osmId": 394281927, "highway": null, "place": null, "power": null, "landuse": "residential", "name": null, "voltage": null, "circuits": null, "cables": null, "frequency": null, "substationTag": null, "lineTag": null, "operator": null, "location": null }, "geometry": { "type": "Polygon", "coordinates": [ [ [ 120.2544695, 14.8527206 ], [ 120.2544504, 14.8526821 ], [ 120.254591, 14.8526153 ], [ 120.2546131, 14.8526503 ], [ 120.2544695, 14.8527206 ] ] ] } },
{ "type": "Feature", "properties": { "contextFeatureId": "PHL-S-001::landuse::way::394281928", "projectId": "PHL-S-001", "projectName": "Olongapo Solar Power Project", "countryCode": "PHL", "osmType": "way", "osmId": 394281928, "highway": null, "place": null, "power": null, "landuse": "residential", "name": null, "voltage": null, "circuits": null, "cables": null, "frequency": null, "substationTag": null, "lineTag": null, "operator": null, "location": null }, "geometry": { "type": "Polygon", "coordinates": [ [ [ 120.2544504, 14.8526821 ], [ 120.2544104, 14.8526017 ], [ 120.2545459, 14.8525381 ], [ 120.254591, 14.8526153 ], [ 120.2544504, 14.8526821 ] ] ] } },
{ "type": "Feature", "properties": { "contextFeatureId": "PHL-S-001::landuse::way::394281930", "projectId": "PHL-S-001", "projectName": "Olongapo Solar Power Project", "countryCode": "PHL", "osmType": "way", "osmId": 394281930, "highway": null, "place": null, "power": null, "landuse": "residential", "name": null, "voltage": null, "circuits": null, "cables": null, "frequency": null, "substationTag": null, "lineTag": null, "operator": null, "location": null }, "geometry": { "type": "Polygon", "coordinates": [ [ [ 120.2544104, 14.8526017 ], [ 120.254383, 14.8525466 ], [ 120.2545179, 14.8524879 ], [ 120.2545459, 14.8525381 ], [ 120.2544104, 14.8526017 ] ] ] } },
{ "type": "Feature", "properties": { "contextFeatureId": "PHL-S-001::landuse::way::394281932", "projectId": "PHL-S-001", "projectName": "Olongapo Solar Power Project", "countryCode": "PHL", "osmType": "way", "osmId": 394281932, "highway": null, "place": null, "power": null, "landuse": "residential", "name": null, "voltage": null, "circuits": null, "cables": null, "frequency": null, "substationTag": null, "lineTag": null, "operator": null, "location": null }, "geometry": { "type": "Polygon", "coordinates": [ [ [ 120.254383, 14.8525466 ], [ 120.2543477, 14.8524764 ], [ 120.2544891, 14.8524212 ], [ 120.2544992, 14.8524467 ], [ 120.2545179, 14.8524879 ], [ 120.254383, 14.8525466 ] ] ] } },
{ "type": "Feature", "properties": { "contextFeatureId": "PHL-S-001::landuse::way::394281933", "projectId": "PHL-S-001", "projectName": "Olongapo Solar Power Project", "countryCode": "PHL", "osmType": "way", "osmId": 394281933, "highway": null, "place": null, "power": null, "landuse": "residential", "name": null, "voltage": null, "circuits": null, "cables": null, "frequency": null, "substationTag": null, "lineTag": null, "operator": null, "location": null }, "geometry": { "type": "Polygon", "coordinates": [ [ [ 120.2543477, 14.8524764 ], [ 120.254302, 14.8523703 ], [ 120.2544545, 14.852319 ], [ 120.2544891, 14.8524212 ], [ 120.2543477, 14.8524764 ] ] ] } },
{ "type": "Feature", "properties": { "contextFeatureId": "PHL-S-001::landuse::way::394281935", "projectId": "PHL-S-001", "projectName": "Olongapo Solar Power Project", "countryCode": "PHL", "osmType": "way", "osmId": 394281935, "highway": null, "place": null, "power": null, "landuse": "residential", "name": null, "voltage": null, "circuits": null, "cables": null, "frequency": null, "substationTag": null, "lineTag": null, "operator": null, "location": null }, "geometry": { "type": "Polygon", "coordinates": [ [ [ 120.2542086, 14.8521055 ], [ 120.2541884, 14.8520363 ], [ 120.2543757, 14.8519862 ], [ 120.2543954, 14.8520575 ], [ 120.2542086, 14.8521055 ] ] ] } },
{ "type": "Feature", "properties": { "contextFeatureId": "PHL-S-001::landuse::way::394281937", "projectId": "PHL-S-001", "projectName": "Olongapo Solar Power Project", "countryCode": "PHL", "osmType": "way", "osmId": 394281937, "highway": null, "place": null, "power": null, "landuse": "residential", "name": null, "voltage": null, "circuits": null, "cables": null, "frequency": null, "substationTag": null, "lineTag": null, "operator": null, "location": null }, "geometry": { "type": "Polygon", "coordinates": [ [ [ 120.254302, 14.8523703 ], [ 120.2542714, 14.8523027 ], [ 120.2544389, 14.852248 ], [ 120.2544545, 14.852319 ], [ 120.254302, 14.8523703 ] ] ] } },
{ "type": "Feature", "properties": { "contextFeatureId": "PHL-S-001::landuse::way::394281938", "projectId": "PHL-S-001", "projectName": "Olongapo Solar Power Project", "countryCode": "PHL", "osmType": "way", "osmId": 394281938, "highway": null, "place": null, "power": null, "landuse": "residential", "name": null, "voltage": null, "circuits": null, "cables": null, "frequency": null, "substationTag": null, "lineTag": null, "operator": null, "location": null }, "geometry": { "type": "Polygon", "coordinates": [ [ [ 120.2542369, 14.8522028 ], [ 120.2542086, 14.8521055 ], [ 120.2543954, 14.8520575 ], [ 120.2544173, 14.8521492 ], [ 120.2542369, 14.8522028 ] ] ] } },
{ "type": "Feature", "properties": { "contextFeatureId": "PHL-S-001::landuse::way::394281940", "projectId": "PHL-S-001", "projectName": "Olongapo Solar Power Project", "countryCode": "PHL", "osmType": "way", "osmId": 394281940, "highway": null, "place": null, "power": null, "landuse": "residential", "name": null, "voltage": null, "circuits": null, "cables": null, "frequency": null, "substationTag": null, "lineTag": null, "operator": null, "location": null }, "geometry": { "type": "Polygon", "coordinates": [ [ [ 120.2542714, 14.8523027 ], [ 120.2542369, 14.8522028 ], [ 120.2544173, 14.8521492 ], [ 120.2544389, 14.852248 ], [ 120.2542714, 14.8523027 ] ] ] } },
{ "type": "Feature", "properties": { "contextFeatureId": "PHL-S-001::landuse::way::439251659", "projectId": "PHL-S-001", "projectName": "Olongapo Solar Power Project", "countryCode": "PHL", "osmType": "way", "osmId": 439251659, "highway": null, "place": null, "power": null, "landuse": "residential", "name": null, "voltage": null, "circuits": null, "cables": null, "frequency": null, "substationTag": null, "lineTag": null, "operator": null, "location": null }, "geometry": { "type": "Polygon", "coordinates": [ [ [ 120.2563658, 14.8563321 ], [ 120.2562037, 14.8557844 ], [ 120.2563473, 14.855742 ], [ 120.2567025, 14.8556457 ], [ 120.2567231, 14.8557173 ], [ 120.256748, 14.8558045 ], [ 120.2567633, 14.8558908 ], [ 120.257055, 14.8559107 ], [ 120.2570946, 14.8561392 ], [ 120.2565796, 14.8562692 ], [ 120.2563658, 14.8563321 ] ] ] } },
{ "type": "Feature", "properties": { "contextFeatureId": "PHL-S-001::landuse::way::439251660", "projectId": "PHL-S-001", "projectName": "Olongapo Solar Power Project", "countryCode": "PHL", "osmType": "way", "osmId": 439251660, "highway": null, "place": null, "power": null, "landuse": "residential", "name": null, "voltage": null, "circuits": null, "cables": null, "frequency": null, "substationTag": null, "lineTag": null, "operator": null, "location": null }, "geometry": { "type": "Polygon", "coordinates": [ [ [ 120.2567633, 14.8558908 ], [ 120.256748, 14.8558045 ], [ 120.2569907, 14.8557462 ], [ 120.2570107, 14.8557399 ], [ 120.257072, 14.8558537 ], [ 120.257055, 14.8559107 ], [ 120.2567633, 14.8558908 ] ] ] } },
{ "type": "Feature", "properties": { "contextFeatureId": "PHL-S-001::landuse::way::469049569", "projectId": "PHL-S-001", "projectName": "Olongapo Solar Power Project", "countryCode": "PHL", "osmType": "way", "osmId": 469049569, "highway": null, "place": null, "power": null, "landuse": "retail", "name": "Duty Free Superstore", "voltage": null, "circuits": null, "cables": null, "frequency": null, "substationTag": null, "lineTag": null, "operator": null, "location": null }, "geometry": { "type": "Polygon", "coordinates": [ [ [ 120.2839845, 14.8180378 ], [ 120.2842452, 14.8180292 ], [ 120.2842244, 14.8174353 ], [ 120.2839545, 14.8174441 ], [ 120.2839746, 14.8180182 ], [ 120.2839845, 14.8180378 ] ] ] } },
{ "type": "Feature", "properties": { "contextFeatureId": "PHL-S-001::landuse::way::469049570", "projectId": "PHL-S-001", "projectName": "Olongapo Solar Power Project", "countryCode": "PHL", "osmType": "way", "osmId": 469049570, "highway": null, "place": null, "power": null, "landuse": "retail", "name": "Freeport Exchange", "voltage": null, "circuits": null, "cables": null, "frequency": null, "substationTag": null, "lineTag": null, "operator": null, "location": null }, "geometry": { "type": "Polygon", "coordinates": [ [ [ 120.2835577, 14.8192309 ], [ 120.2837996, 14.8192196 ], [ 120.2838019, 14.8192778 ], [ 120.2838257, 14.819277 ], [ 120.2838339, 14.8194831 ], [ 120.2842724, 14.8194668 ], [ 120.2844684, 14.8194391 ], [ 120.28441, 14.8187794 ], [ 120.2835432, 14.8188212 ], [ 120.2835577, 14.8192309 ] ] ] } },
{ "type": "Feature", "properties": { "contextFeatureId": "PHL-S-001::landuse::way::474374216", "projectId": "PHL-S-001", "projectName": "Olongapo Solar Power Project", "countryCode": "PHL", "osmType": "way", "osmId": 474374216, "highway": null, "place": null, "power": null, "landuse": "garages", "name": null, "voltage": null, "circuits": null, "cables": null, "frequency": null, "substationTag": null, "lineTag": null, "operator": null, "location": null }, "geometry": { "type": "Polygon", "coordinates": [ [ [ 120.2827158, 14.8390242 ], [ 120.2830319, 14.8387073 ], [ 120.2831772, 14.8388426 ], [ 120.2830146, 14.8390056 ], [ 120.2829283, 14.8389251 ], [ 120.2827747, 14.8390791 ], [ 120.2827158, 14.8390242 ] ] ] } },
{ "type": "Feature", "properties": { "contextFeatureId": "PHL-S-001::landuse::way::474374219", "projectId": "PHL-S-001", "projectName": "Olongapo Solar Power Project", "countryCode": "PHL", "osmType": "way", "osmId": 474374219, "highway": null, "place": null, "power": null, "landuse": "garages", "name": null, "voltage": null, "circuits": null, "cables": null, "frequency": null, "substationTag": null, "lineTag": null, "operator": null, "location": null }, "geometry": { "type": "Polygon", "coordinates": [ [ [ 120.2790914, 14.8384635 ], [ 120.2792658, 14.8383792 ], [ 120.279432, 14.8387085 ], [ 120.2793918, 14.8387487 ], [ 120.2792926, 14.8388213 ], [ 120.2790914, 14.8384635 ] ] ] } },
{ "type": "Feature", "properties": { "contextFeatureId": "PHL-S-001::landuse::way::474374220", "projectId": "PHL-S-001", "projectName": "Olongapo Solar Power Project", "countryCode": "PHL", "osmType": "way", "osmId": 474374220, "highway": null, "place": null, "power": null, "landuse": "retail", "name": "Flying V", "voltage": null, "circuits": null, "cables": null, "frequency": null, "substationTag": null, "lineTag": null, "operator": null, "location": null }, "geometry": { "type": "Polygon", "coordinates": [ [ [ 120.2791825, 14.8388799 ], [ 120.2792926, 14.8388213 ], [ 120.2790914, 14.8384635 ], [ 120.2789707, 14.8385348 ], [ 120.2791825, 14.8388799 ] ] ] } },
{ "type": "Feature", "properties": { "contextFeatureId": "PHL-S-001::landuse::way::488573458", "projectId": "PHL-S-001", "projectName": "Olongapo Solar Power Project", "countryCode": "PHL", "osmType": "way", "osmId": 488573458, "highway": null, "place": null, "power": null, "landuse": "residential", "name": null, "voltage": null, "circuits": null, "cables": null, "frequency": null, "substationTag": null, "lineTag": null, "operator": null, "location": null }, "geometry": { "type": "Polygon", "coordinates": [ [ [ 120.2529234, 14.8558726 ], [ 120.2527773, 14.8557104 ], [ 120.2528495, 14.8556458 ], [ 120.2529953, 14.855811 ], [ 120.2529234, 14.8558726 ] ] ] } },
{ "type": "Feature", "properties": { "contextFeatureId": "PHL-S-001::landuse::way::496237718", "projectId": "PHL-S-001", "projectName": "Olongapo Solar Power Project", "countryCode": "PHL", "osmType": "way", "osmId": 496237718, "highway": null, "place": null, "power": null, "landuse": "residential", "name": null, "voltage": null, "circuits": null, "cables": null, "frequency": null, "substationTag": null, "lineTag": null, "operator": null, "location": null }, "geometry": { "type": "Polygon", "coordinates": [ [ [ 120.2570421, 14.8628021 ], [ 120.2570241, 14.8627597 ], [ 120.2571355, 14.8627178 ], [ 120.2571528, 14.8627584 ], [ 120.2570421, 14.8628021 ] ] ] } },
{ "type": "Feature", "properties": { "contextFeatureId": "PHL-S-001::landuse::way::496237719", "projectId": "PHL-S-001", "projectName": "Olongapo Solar Power Project", "countryCode": "PHL", "osmType": "way", "osmId": 496237719, "highway": null, "place": null, "power": null, "landuse": "residential", "name": null, "voltage": null, "circuits": null, "cables": null, "frequency": null, "substationTag": null, "lineTag": null, "operator": null, "location": null }, "geometry": { "type": "Polygon", "coordinates": [ [ [ 120.2570744, 14.8628779 ], [ 120.2570421, 14.8628021 ], [ 120.2571528, 14.8627584 ], [ 120.2571863, 14.8628367 ], [ 120.2570744, 14.8628779 ] ] ] } },
{ "type": "Feature", "properties": { "contextFeatureId": "PHL-S-001::landuse::way::496238249", "projectId": "PHL-S-001", "projectName": "Olongapo Solar Power Project", "countryCode": "PHL", "osmType": "way", "osmId": 496238249, "highway": null, "place": null, "power": null, "landuse": "residential", "name": null, "voltage": null, "circuits": null, "cables": null, "frequency": null, "substationTag": null, "lineTag": null, "operator": null, "location": null }, "geometry": { "type": "Polygon", "coordinates": [ [ [ 120.2571692, 14.8630977 ], [ 120.25734, 14.8630243 ], [ 120.2574189, 14.8631928 ], [ 120.2572486, 14.8632663 ], [ 120.2571692, 14.8630977 ] ] ] } },
{ "type": "Feature", "properties": { "contextFeatureId": "PHL-S-001::landuse::way::496238253", "projectId": "PHL-S-001", "projectName": "Olongapo Solar Power Project", "countryCode": "PHL", "osmType": "way", "osmId": 496238253, "highway": null, "place": null, "power": null, "landuse": "residential", "name": null, "voltage": null, "circuits": null, "cables": null, "frequency": null, "substationTag": null, "lineTag": null, "operator": null, "location": null }, "geometry": { "type": "Polygon", "coordinates": [ [ [ 120.2567836, 14.8634669 ], [ 120.2567026, 14.8632865 ], [ 120.2571692, 14.8630977 ], [ 120.2572486, 14.8632663 ], [ 120.2567836, 14.8634669 ] ] ] } },
{ "type": "Feature", "properties": { "contextFeatureId": "PHL-S-001::landuse::way::496238873", "projectId": "PHL-S-001", "projectName": "Olongapo Solar Power Project", "countryCode": "PHL", "osmType": "way", "osmId": 496238873, "highway": null, "place": null, "power": null, "landuse": "residential", "name": null, "voltage": null, "circuits": null, "cables": null, "frequency": null, "substationTag": null, "lineTag": null, "operator": null, "location": null }, "geometry": { "type": "Polygon", "coordinates": [ [ [ 120.2574975, 14.8641469 ], [ 120.2574125, 14.8639553 ], [ 120.2577267, 14.8638217 ], [ 120.2578226, 14.8640115 ], [ 120.2574975, 14.8641469 ] ] ] } },
{ "type": "Feature", "properties": { "contextFeatureId": "PHL-S-001::landuse::way::496238878", "projectId": "PHL-S-001", "projectName": "Olongapo Solar Power Project", "countryCode": "PHL", "osmType": "way", "osmId": 496238878, "highway": null, "place": null, "power": null, "landuse": "residential", "name": null, "voltage": null, "circuits": null, "cables": null, "frequency": null, "substationTag": null, "lineTag": null, "operator": null, "location": null }, "geometry": { "type": "Polygon", "coordinates": [ [ [ 120.2575325, 14.8642258 ], [ 120.2574975, 14.8641469 ], [ 120.2578226, 14.8640115 ], [ 120.2578578, 14.8640879 ], [ 120.2575325, 14.8642258 ] ] ] } },
{ "type": "Feature", "properties": { "contextFeatureId": "PHL-S-001::landuse::way::496240012", "projectId": "PHL-S-001", "projectName": "Olongapo Solar Power Project", "countryCode": "PHL", "osmType": "way", "osmId": 496240012, "highway": null, "place": null, "power": null, "landuse": "residential", "name": null, "voltage": null, "circuits": null, "cables": null, "frequency": null, "substationTag": null, "lineTag": null, "operator": null, "location": null }, "geometry": { "type": "Polygon", "coordinates": [ [ [ 120.2579679, 14.8645432 ], [ 120.2579808, 14.8645358 ], [ 120.2580282, 14.864624 ], [ 120.2582962, 14.8644954 ], [ 120.2584902, 14.8645399 ], [ 120.2580594, 14.8647217 ], [ 120.2579679, 14.8645432 ] ] ] } },
{ "type": "Feature", "properties": { "contextFeatureId": "PHL-S-001::landuse::way::497808847", "projectId": "PHL-S-001", "projectName": "Olongapo Solar Power Project", "countryCode": "PHL", "osmType": "way", "osmId": 497808847, "highway": null, "place": null, "power": null, "landuse": "residential", "name": null, "voltage": null, "circuits": null, "cables": null, "frequency": null, "substationTag": null, "lineTag": null, "operator": null, "location": null }, "geometry": { "type": "Polygon", "coordinates": [ [ [ 120.2568428, 14.8596353 ], [ 120.2569245, 14.8594376 ], [ 120.2564328, 14.8593705 ], [ 120.2559422, 14.8593287 ], [ 120.2559692, 14.8594237 ], [ 120.2563263, 14.8595177 ], [ 120.2568428, 14.8596353 ] ] ] } },
{ "type": "Feature", "properties": { "contextFeatureId": "PHL-S-001::landuse::way::497808849", "projectId": "PHL-S-001", "projectName": "Olongapo Solar Power Project", "countryCode": "PHL", "osmType": "way", "osmId": 497808849, "highway": null, "place": null, "power": null, "landuse": "residential", "name": null, "voltage": null, "circuits": null, "cables": null, "frequency": null, "substationTag": null, "lineTag": null, "operator": null, "location": null }, "geometry": { "type": "Polygon", "coordinates": [ [ [ 120.2540213, 14.8600776 ], [ 120.2546153, 14.8599247 ], [ 120.2552677, 14.85968 ], [ 120.2559031, 14.8598572 ], [ 120.2560328, 14.8599908 ], [ 120.2559601, 14.8603073 ], [ 120.2560602, 14.8603416 ], [ 120.2560195, 14.8604576 ], [ 120.2559939, 14.8605173 ], [ 120.2561323, 14.860849 ], [ 120.2559477, 14.8610902 ], [ 120.2557496, 14.8610104 ], [ 120.2556258, 14.8610335 ], [ 120.2553278, 14.8609139 ], [ 120.2551896, 14.8606074 ], [ 120.2548969, 14.8607037 ], [ 120.2547104, 14.8607565 ], [ 120.2546022, 14.8607882 ], [ 120.2543554, 14.8608833 ], [ 120.2542785, 14.8608813 ], [ 120.2541281, 14.8607477 ], [ 120.2541194, 14.8606666 ], [ 120.254082, 14.8605132 ], [ 120.2541054, 14.8604003 ], [ 120.2541311, 14.8602942 ], [ 120.2540213, 14.8600776 ] ] ] } },
{ "type": "Feature", "properties": { "contextFeatureId": "PHL-S-001::landuse::way::497808850", "projectId": "PHL-S-001", "projectName": "Olongapo Solar Power Project", "countryCode": "PHL", "osmType": "way", "osmId": 497808850, "highway": null, "place": null, "power": null, "landuse": "farmland", "name": null, "voltage": null, "circuits": null, "cables": null, "frequency": null, "substationTag": null, "lineTag": null, "operator": null, "location": null }, "geometry": { "type": "Polygon", "coordinates": [ [ [ 120.255446, 14.8612833 ], [ 120.2554254, 14.8612007 ], [ 120.2553278, 14.8609139 ], [ 120.2556258, 14.8610335 ], [ 120.2557496, 14.8610104 ], [ 120.2556117, 14.8613305 ], [ 120.255446, 14.8612833 ] ] ] } },
{ "type": "Feature", "properties": { "contextFeatureId": "PHL-S-001::landuse::way::497809083", "projectId": "PHL-S-001", "projectName": "Olongapo Solar Power Project", "countryCode": "PHL", "osmType": "way", "osmId": 497809083, "highway": null, "place": null, "power": null, "landuse": "meadow", "name": null, "voltage": null, "circuits": null, "cables": null, "frequency": null, "substationTag": null, "lineTag": null, "operator": null, "location": null }, "geometry": { "type": "Polygon", "coordinates": [ [ [ 120.2552677, 14.85968 ], [ 120.255136, 14.859197 ], [ 120.2550808, 14.8589943 ], [ 120.2550216, 14.8587772 ], [ 120.2549934, 14.8586738 ], [ 120.2550978, 14.8586389 ], [ 120.2551559, 14.8586195 ], [ 120.2553521, 14.858554 ], [ 120.2552885, 14.8584194 ], [ 120.2553952, 14.8582738 ], [ 120.2555912, 14.8582844 ], [ 120.2556174, 14.8581617 ], [ 120.2558781, 14.8580717 ], [ 120.2560608, 14.8580139 ], [ 120.2563946, 14.8579385 ], [ 120.2564747, 14.8578828 ], [ 120.2565144, 14.8579861 ], [ 120.2568118, 14.8578711 ], [ 120.2570243, 14.8582929 ], [ 120.2567678, 14.8583927 ], [ 120.2568542, 14.8587132 ], [ 120.2570586, 14.8586583 ], [ 120.257059, 14.8587198 ], [ 120.2568326, 14.858763 ], [ 120.2564207, 14.8588601 ], [ 120.2563717, 14.8588748 ], [ 120.2558567, 14.8590096 ], [ 120.2558792, 14.8591531 ], [ 120.2558912, 14.8592298 ], [ 120.2559063, 14.8593259 ], [ 120.2559422, 14.8593287 ], [ 120.2559692, 14.8594237 ], [ 120.2563263, 14.8595177 ], [ 120.2562987, 14.8596363 ], [ 120.2562613, 14.8597997 ], [ 120.2561999, 14.8600399 ], [ 120.2560328, 14.8599908 ], [ 120.2559031, 14.8598572 ], [ 120.2552677, 14.85968 ] ] ] } },
{ "type": "Feature", "properties": { "contextFeatureId": "PHL-S-001::landuse::way::497809084", "projectId": "PHL-S-001", "projectName": "Olongapo Solar Power Project", "countryCode": "PHL", "osmType": "way", "osmId": 497809084, "highway": null, "place": null, "power": null, "landuse": "residential", "name": null, "voltage": null, "circuits": null, "cables": null, "frequency": null, "substationTag": null, "lineTag": null, "operator": null, "location": null }, "geometry": { "type": "Polygon", "coordinates": [ [ [ 120.256428, 14.8589501 ], [ 120.2564207, 14.8588601 ], [ 120.2568326, 14.858763 ], [ 120.2568295, 14.8588285 ], [ 120.2568202, 14.8590042 ], [ 120.256428, 14.8589501 ] ] ] } },
{ "type": "Feature", "properties": { "contextFeatureId": "PHL-S-001::landuse::way::514440371", "projectId": "PHL-S-001", "projectName": "Olongapo Solar Power Project", "countryCode": "PHL", "osmType": "way", "osmId": 514440371, "highway": null, "place": null, "power": null, "landuse": "farmland", "name": null, "voltage": null, "circuits": null, "cables": null, "frequency": null, "substationTag": null, "lineTag": null, "operator": null, "location": null }, "geometry": { "type": "Polygon", "coordinates": [ [ [ 120.2668996, 14.8708065 ], [ 120.2668125, 14.8704928 ], [ 120.2669788, 14.8704553 ], [ 120.2670673, 14.8707715 ], [ 120.2668996, 14.8708065 ] ] ] } },
{ "type": "Feature", "properties": { "contextFeatureId": "PHL-S-001::landuse::way::514440372", "projectId": "PHL-S-001", "projectName": "Olongapo Solar Power Project", "countryCode": "PHL", "osmType": "way", "osmId": 514440372, "highway": null, "place": null, "power": null, "landuse": "farmland", "name": null, "voltage": null, "circuits": null, "cables": null, "frequency": null, "substationTag": null, "lineTag": null, "operator": null, "location": null }, "geometry": { "type": "Polygon", "coordinates": [ [ [ 120.2668996, 14.8708065 ], [ 120.2667025, 14.870883 ], [ 120.2666046, 14.8706523 ], [ 120.2665603, 14.8704371 ], [ 120.2665603, 14.8704203 ], [ 120.2667146, 14.8704008 ], [ 120.2667722, 14.8703982 ], [ 120.2668125, 14.8704928 ], [ 120.2668996, 14.8708065 ] ] ] } },
{ "type": "Feature", "properties": { "contextFeatureId": "PHL-S-001::landuse::way::514440373", "projectId": "PHL-S-001", "projectName": "Olongapo Solar Power Project", "countryCode": "PHL", "osmType": "way", "osmId": 514440373, "highway": null, "place": null, "power": null, "landuse": "farmland", "name": null, "voltage": null, "circuits": null, "cables": null, "frequency": null, "substationTag": null, "lineTag": null, "operator": null, "location": null }, "geometry": { "type": "Polygon", "coordinates": [ [ [ 120.2670673, 14.8707715 ], [ 120.267314, 14.8706795 ], [ 120.2673006, 14.8706108 ], [ 120.267306, 14.8705408 ], [ 120.2672604, 14.870428 ], [ 120.2672295, 14.8703723 ], [ 120.2669788, 14.8704553 ], [ 120.2670673, 14.8707715 ] ] ] } },
{ "type": "Feature", "properties": { "contextFeatureId": "PHL-S-001::landuse::way::539146234", "projectId": "PHL-S-001", "projectName": "Olongapo Solar Power Project", "countryCode": "PHL", "osmType": "way", "osmId": 539146234, "highway": null, "place": null, "power": null, "landuse": "residential", "name": "Galla's Apartment", "voltage": null, "circuits": null, "cables": null, "frequency": null, "substationTag": null, "lineTag": null, "operator": null, "location": null }, "geometry": { "type": "Polygon", "coordinates": [ [ [ 120.2827634, 14.8411972 ], [ 120.2828212, 14.8412791 ], [ 120.282958, 14.841189 ], [ 120.2829002, 14.8411071 ], [ 120.2827634, 14.8411972 ] ] ] } },
{ "type": "Feature", "properties": { "contextFeatureId": "PHL-S-001::landuse::way::669452796", "projectId": "PHL-S-001", "projectName": "Olongapo Solar Power Project", "countryCode": "PHL", "osmType": "way", "osmId": 669452796, "highway": null, "place": null, "power": null, "landuse": "residential", "name": null, "voltage": null, "circuits": null, "cables": null, "frequency": null, "substationTag": null, "lineTag": null, "operator": null, "location": null }, "geometry": { "type": "Polygon", "coordinates": [ [ [ 120.2524371, 14.8556092 ], [ 120.2522897, 14.8554412 ], [ 120.2523575, 14.8553815 ], [ 120.2525114, 14.8555495 ], [ 120.2524371, 14.8556092 ] ] ] } },
{ "type": "Feature", "properties": { "contextFeatureId": "PHL-S-001::landuse::way::669452797", "projectId": "PHL-S-001", "projectName": "Olongapo Solar Power Project", "countryCode": "PHL", "osmType": "way", "osmId": 669452797, "highway": null, "place": null, "power": null, "landuse": "residential", "name": null, "voltage": null, "circuits": null, "cables": null, "frequency": null, "substationTag": null, "lineTag": null, "operator": null, "location": null }, "geometry": { "type": "Polygon", "coordinates": [ [ [ 120.2523633, 14.8556707 ], [ 120.2522175, 14.8555048 ], [ 120.2522897, 14.8554412 ], [ 120.2524371, 14.8556092 ], [ 120.2523633, 14.8556707 ] ] ] } },
{ "type": "Feature", "properties": { "contextFeatureId": "PHL-S-001::landuse::way::669452798", "projectId": "PHL-S-001", "projectName": "Olongapo Solar Power Project", "countryCode": "PHL", "osmType": "way", "osmId": 669452798, "highway": null, "place": null, "power": null, "landuse": "residential", "name": null, "voltage": null, "circuits": null, "cables": null, "frequency": null, "substationTag": null, "lineTag": null, "operator": null, "location": null }, "geometry": { "type": "Polygon", "coordinates": [ [ [ 120.25203, 14.855958 ], [ 120.2520827, 14.8559077 ], [ 120.2521006, 14.8558915 ], [ 120.2519492, 14.8557386 ], [ 120.2518653, 14.8558148 ], [ 120.25203, 14.855958 ] ] ] } },
{ "type": "Feature", "properties": { "contextFeatureId": "PHL-S-001::landuse::way::669452799", "projectId": "PHL-S-001", "projectName": "Olongapo Solar Power Project", "countryCode": "PHL", "osmType": "way", "osmId": 669452799, "highway": null, "place": null, "power": null, "landuse": "residential", "name": null, "voltage": null, "circuits": null, "cables": null, "frequency": null, "substationTag": null, "lineTag": null, "operator": null, "location": null }, "geometry": { "type": "Polygon", "coordinates": [ [ [ 120.2521006, 14.8558915 ], [ 120.2521794, 14.8558267 ], [ 120.2520318, 14.8556684 ], [ 120.2519492, 14.8557386 ], [ 120.2521006, 14.8558915 ] ] ] } },
{ "type": "Feature", "properties": { "contextFeatureId": "PHL-S-001::landuse::way::669452800", "projectId": "PHL-S-001", "projectName": "Olongapo Solar Power Project", "countryCode": "PHL", "osmType": "way", "osmId": 669452800, "highway": null, "place": null, "power": null, "landuse": "residential", "name": null, "voltage": null, "circuits": null, "cables": null, "frequency": null, "substationTag": null, "lineTag": null, "operator": null, "location": null }, "geometry": { "type": "Polygon", "coordinates": [ [ [ 120.252262, 14.8557543 ], [ 120.2521137, 14.8555944 ], [ 120.2522175, 14.8555048 ], [ 120.2523633, 14.8556707 ], [ 120.2523487, 14.8556833 ], [ 120.252262, 14.8557543 ] ] ] } },
{ "type": "Feature", "properties": { "contextFeatureId": "PHL-S-001::landuse::way::669452801", "projectId": "PHL-S-001", "projectName": "Olongapo Solar Power Project", "countryCode": "PHL", "osmType": "way", "osmId": 669452801, "highway": null, "place": null, "power": null, "landuse": "residential", "name": null, "voltage": null, "circuits": null, "cables": null, "frequency": null, "substationTag": null, "lineTag": null, "operator": null, "location": null }, "geometry": { "type": "Polygon", "coordinates": [ [ [ 120.2521794, 14.8558267 ], [ 120.2521873, 14.8558204 ], [ 120.252262, 14.8557543 ], [ 120.2521137, 14.8555944 ], [ 120.2520318, 14.8556684 ], [ 120.2521794, 14.8558267 ] ] ] } },
{ "type": "Feature", "properties": { "contextFeatureId": "PHL-S-001::landuse::way::672136424", "projectId": "PHL-S-001", "projectName": "Olongapo Solar Power Project", "countryCode": "PHL", "osmType": "way", "osmId": 672136424, "highway": null, "place": null, "power": null, "landuse": "grass", "name": null, "voltage": null, "circuits": null, "cables": null, "frequency": null, "substationTag": null, "lineTag": null, "operator": null, "location": null }, "geometry": { "type": "Polygon", "coordinates": [ [ [ 120.2962415, 14.8299308 ], [ 120.2962254, 14.8296339 ], [ 120.2961919, 14.829315 ], [ 120.2959813, 14.8291465 ], [ 120.2947046, 14.8292048 ], [ 120.2947287, 14.829844 ], [ 120.2948387, 14.8298453 ], [ 120.2948548, 14.8299853 ], [ 120.2962415, 14.8299308 ] ] ] } },
{ "type": "Feature", "properties": { "contextFeatureId": "PHL-S-001::landuse::way::672136425", "projectId": "PHL-S-001", "projectName": "Olongapo Solar Power Project", "countryCode": "PHL", "osmType": "way", "osmId": 672136425, "highway": null, "place": null, "power": null, "landuse": "grass", "name": null, "voltage": null, "circuits": null, "cables": null, "frequency": null, "substationTag": null, "lineTag": null, "operator": null, "location": null }, "geometry": { "type": "Polygon", "coordinates": [ [ [ 120.2961738, 14.8289656 ], [ 120.2961866, 14.8289364 ], [ 120.2962068, 14.8289113 ], [ 120.296233, 14.8288922 ], [ 120.2962635, 14.8288802 ], [ 120.2962961, 14.8288763 ], [ 120.2963287, 14.8288807 ], [ 120.2963589, 14.8288931 ], [ 120.2963849, 14.8289126 ], [ 120.2964047, 14.828938 ], [ 120.296417, 14.8289674 ], [ 120.296421, 14.828999 ], [ 120.2964165, 14.8290304 ], [ 120.2964037, 14.8290597 ], [ 120.2963835, 14.8290848 ], [ 120.2963572, 14.8291039 ], [ 120.2963268, 14.8291158 ], [ 120.2962942, 14.8291198 ], [ 120.2962616, 14.8291154 ], [ 120.2962313, 14.829103 ], [ 120.2962054, 14.8290834 ], [ 120.2961856, 14.8290581 ], [ 120.2961733, 14.8290286 ], [ 120.2961692, 14.8289971 ], [ 120.2961738, 14.8289656 ] ] ] } },
{ "type": "Feature", "properties": { "contextFeatureId": "PHL-S-001::landuse::way::672149883", "projectId": "PHL-S-001", "projectName": "Olongapo Solar Power Project", "countryCode": "PHL", "osmType": "way", "osmId": 672149883, "highway": null, "place": null, "power": null, "landuse": "retail", "name": "Flying V", "voltage": null, "circuits": null, "cables": null, "frequency": null, "substationTag": null, "lineTag": null, "operator": null, "location": null }, "geometry": { "type": "Polygon", "coordinates": [ [ [ 120.2975035, 14.8112821 ], [ 120.2974793, 14.8107363 ], [ 120.2970663, 14.8107402 ], [ 120.297069, 14.8111862 ], [ 120.2970964, 14.8113314 ], [ 120.2971387, 14.8113923 ], [ 120.2972151, 14.8114027 ], [ 120.2972621, 14.8113885 ], [ 120.2975035, 14.8112821 ] ] ] } },
{ "type": "Feature", "properties": { "contextFeatureId": "PHL-S-001::landuse::way::672153096", "projectId": "PHL-S-001", "projectName": "Olongapo Solar Power Project", "countryCode": "PHL", "osmType": "way", "osmId": 672153096, "highway": null, "place": null, "power": null, "landuse": "industrial", "name": null, "voltage": null, "circuits": null, "cables": null, "frequency": null, "substationTag": null, "lineTag": null, "operator": null, "location": null }, "geometry": { "type": "Polygon", "coordinates": [ [ [ 120.2970663, 14.8107402 ], [ 120.2970743, 14.8103331 ], [ 120.2971387, 14.8102981 ], [ 120.2971432, 14.8101754 ], [ 120.297652, 14.8101959 ], [ 120.2977781, 14.8101119 ], [ 120.2978076, 14.8085888 ], [ 120.2976127, 14.8083919 ], [ 120.297554, 14.8082044 ], [ 120.2975839, 14.8080109 ], [ 120.2977071, 14.8078197 ], [ 120.2977422, 14.8077451 ], [ 120.2977206, 14.8076502 ], [ 120.297389, 14.807542 ], [ 120.2974149, 14.8073587 ], [ 120.297754, 14.8074957 ], [ 120.2978709, 14.8075429 ], [ 120.2982156, 14.8075649 ], [ 120.2983229, 14.807093 ], [ 120.2998317, 14.807093 ], [ 120.2998209, 14.8076829 ], [ 120.3004378, 14.807714 ], [ 120.3004888, 14.8090936 ], [ 120.2994803, 14.8091273 ], [ 120.299495, 14.8098741 ], [ 120.2988352, 14.8104161 ], [ 120.2988741, 14.8107441 ], [ 120.2986273, 14.8108556 ], [ 120.2975035, 14.8112821 ], [ 120.2974793, 14.8107363 ], [ 120.2970663, 14.8107402 ] ] ] } },
{ "type": "Feature", "properties": { "contextFeatureId": "PHL-S-001::landuse::way::697943669", "projectId": "PHL-S-001", "projectName": "Olongapo Solar Power Project", "countryCode": "PHL", "osmType": "way", "osmId": 697943669, "highway": null, "place": null, "power": null, "landuse": "residential", "name": null, "voltage": null, "circuits": null, "cables": null, "frequency": null, "substationTag": null, "lineTag": null, "operator": null, "location": null }, "geometry": { "type": "Polygon", "coordinates": [ [ [ 120.2617755, 14.8673325 ], [ 120.2615036, 14.8669982 ], [ 120.2619969, 14.8668098 ], [ 120.2622527, 14.8667169 ], [ 120.2626852, 14.8665641 ], [ 120.2627517, 14.8667354 ], [ 120.2617755, 14.8673325 ] ] ] } },
{ "type": "Feature", "properties": { "contextFeatureId": "PHL-S-001::landuse::way::697946108", "projectId": "PHL-S-001", "projectName": "Olongapo Solar Power Project", "countryCode": "PHL", "osmType": "way", "osmId": 697946108, "highway": null, "place": null, "power": null, "landuse": "residential", "name": null, "voltage": null, "circuits": null, "cables": null, "frequency": null, "substationTag": null, "lineTag": null, "operator": null, "location": null }, "geometry": { "type": "Polygon", "coordinates": [ [ [ 120.2621012, 14.8676569 ], [ 120.2620425, 14.8675833 ], [ 120.2624988, 14.8672433 ], [ 120.262551, 14.86731 ], [ 120.2624643, 14.867374 ], [ 120.2621012, 14.8676569 ] ] ] } },
{ "type": "Feature", "properties": { "contextFeatureId": "PHL-S-001::landuse::way::697946109", "projectId": "PHL-S-001", "projectName": "Olongapo Solar Power Project", "countryCode": "PHL", "osmType": "way", "osmId": 697946109, "highway": null, "place": null, "power": null, "landuse": "residential", "name": null, "voltage": null, "circuits": null, "cables": null, "frequency": null, "substationTag": null, "lineTag": null, "operator": null, "location": null }, "geometry": { "type": "Polygon", "coordinates": [ [ [ 120.2621987, 14.8677795 ], [ 120.2621012, 14.8676569 ], [ 120.2624643, 14.867374 ], [ 120.2625006, 14.8673472 ], [ 120.2625957, 14.8674718 ], [ 120.2623503, 14.8676636 ], [ 120.2621987, 14.8677795 ] ] ] } },
{ "type": "Feature", "properties": { "contextFeatureId": "PHL-S-001::landuse::way::697946110", "projectId": "PHL-S-001", "projectName": "Olongapo Solar Power Project", "countryCode": "PHL", "osmType": "way", "osmId": 697946110, "highway": null, "place": null, "power": null, "landuse": "residential", "name": null, "voltage": null, "circuits": null, "cables": null, "frequency": null, "substationTag": null, "lineTag": null, "operator": null, "location": null }, "geometry": { "type": "Polygon", "coordinates": [ [ [ 120.2624923, 14.867844 ], [ 120.2623503, 14.8676636 ], [ 120.2621987, 14.8677795 ], [ 120.2623374, 14.8679549 ], [ 120.2624923, 14.867844 ] ] ] } },
{ "type": "Feature", "properties": { "contextFeatureId": "PHL-S-001::landuse::way::697946111", "projectId": "PHL-S-001", "projectName": "Olongapo Solar Power Project", "countryCode": "PHL", "osmType": "way", "osmId": 697946111, "highway": null, "place": null, "power": null, "landuse": "residential", "name": null, "voltage": null, "circuits": null, "cables": null, "frequency": null, "substationTag": null, "lineTag": null, "operator": null, "location": null }, "geometry": { "type": "Polygon", "coordinates": [ [ [ 120.2624923, 14.867844 ], [ 120.2627457, 14.8676626 ], [ 120.2625957, 14.8674718 ], [ 120.2623503, 14.8676636 ], [ 120.2624923, 14.867844 ] ] ] } },
{ "type": "Feature", "properties": { "contextFeatureId": "PHL-S-001::landuse::way::697946112", "projectId": "PHL-S-001", "projectName": "Olongapo Solar Power Project", "countryCode": "PHL", "osmType": "way", "osmId": 697946112, "highway": null, "place": null, "power": null, "landuse": "residential", "name": null, "voltage": null, "circuits": null, "cables": null, "frequency": null, "substationTag": null, "lineTag": null, "operator": null, "location": null }, "geometry": { "type": "Polygon", "coordinates": [ [ [ 120.2627457, 14.8676626 ], [ 120.2625957, 14.8674718 ], [ 120.2625006, 14.8673472 ], [ 120.262551, 14.86731 ], [ 120.2631178, 14.8668909 ], [ 120.2633446, 14.8667258 ], [ 120.263497, 14.8669098 ], [ 120.2633902, 14.8669883 ], [ 120.2632912, 14.8670611 ], [ 120.2631335, 14.867177 ], [ 120.2630943, 14.8671277 ], [ 120.2628225, 14.8673447 ], [ 120.2629505, 14.867516 ], [ 120.2627457, 14.8676626 ] ] ] } },
{ "type": "Feature", "properties": { "contextFeatureId": "PHL-S-001::landuse::way::697946113", "projectId": "PHL-S-001", "projectName": "Olongapo Solar Power Project", "countryCode": "PHL", "osmType": "way", "osmId": 697946113, "highway": null, "place": null, "power": null, "landuse": "residential", "name": null, "voltage": null, "circuits": null, "cables": null, "frequency": null, "substationTag": null, "lineTag": null, "operator": null, "location": null }, "geometry": { "type": "Polygon", "coordinates": [ [ [ 120.2629505, 14.867516 ], [ 120.263245, 14.8673215 ], [ 120.2631335, 14.867177 ], [ 120.2630943, 14.8671277 ], [ 120.2628225, 14.8673447 ], [ 120.2629505, 14.867516 ] ] ] } },
{ "type": "Feature", "properties": { "contextFeatureId": "PHL-S-001::landuse::way::697946119", "projectId": "PHL-S-001", "projectName": "Olongapo Solar Power Project", "countryCode": "PHL", "osmType": "way", "osmId": 697946119, "highway": null, "place": null, "power": null, "landuse": "residential", "name": null, "voltage": null, "circuits": null, "cables": null, "frequency": null, "substationTag": null, "lineTag": null, "operator": null, "location": null }, "geometry": { "type": "Polygon", "coordinates": [ [ [ 120.263497, 14.8669098 ], [ 120.2637129, 14.8667478 ], [ 120.2638325, 14.8668899 ], [ 120.2639928, 14.8667708 ], [ 120.2637092, 14.8664436 ], [ 120.2633446, 14.8667258 ], [ 120.263497, 14.8669098 ] ] ] } },
{ "type": "Feature", "properties": { "contextFeatureId": "PHL-S-001::landuse::way::697946121", "projectId": "PHL-S-001", "projectName": "Olongapo Solar Power Project", "countryCode": "PHL", "osmType": "way", "osmId": 697946121, "highway": null, "place": null, "power": null, "landuse": "residential", "name": null, "voltage": null, "circuits": null, "cables": null, "frequency": null, "substationTag": null, "lineTag": null, "operator": null, "location": null }, "geometry": { "type": "Polygon", "coordinates": [ [ [ 120.2636115, 14.8670541 ], [ 120.263497, 14.8669098 ], [ 120.2637129, 14.8667478 ], [ 120.2638325, 14.8668899 ], [ 120.2636115, 14.8670541 ] ] ] } },
{ "type": "Feature", "properties": { "contextFeatureId": "PHL-S-001::landuse::way::698140659", "projectId": "PHL-S-001", "projectName": "Olongapo Solar Power Project", "countryCode": "PHL", "osmType": "way", "osmId": 698140659, "highway": null, "place": null, "power": null, "landuse": "residential", "name": null, "voltage": null, "circuits": null, "cables": null, "frequency": null, "substationTag": null, "lineTag": null, "operator": null, "location": null }, "geometry": { "type": "Polygon", "coordinates": [ [ [ 120.2603939, 14.865478 ], [ 120.2601464, 14.8651147 ], [ 120.2603776, 14.8649725 ], [ 120.2606508, 14.8653065 ], [ 120.2603939, 14.865478 ] ] ] } },
{ "type": "Feature", "properties": { "contextFeatureId": "PHL-S-001::landuse::way::698140677", "projectId": "PHL-S-001", "projectName": "Olongapo Solar Power Project", "countryCode": "PHL", "osmType": "way", "osmId": 698140677, "highway": null, "place": null, "power": null, "landuse": "residential", "name": null, "voltage": null, "circuits": null, "cables": null, "frequency": null, "substationTag": null, "lineTag": null, "operator": null, "location": null }, "geometry": { "type": "Polygon", "coordinates": [ [ [ 120.2590308, 14.8635277 ], [ 120.2580883, 14.8639674 ], [ 120.2579944, 14.8637781 ], [ 120.2589655, 14.8633384 ], [ 120.2590308, 14.8635277 ] ] ] } },
{ "type": "Feature", "properties": { "contextFeatureId": "PHL-S-001::landuse::way::698140715", "projectId": "PHL-S-001", "projectName": "Olongapo Solar Power Project", "countryCode": "PHL", "osmType": "way", "osmId": 698140715, "highway": null, "place": null, "power": null, "landuse": "residential", "name": null, "voltage": null, "circuits": null, "cables": null, "frequency": null, "substationTag": null, "lineTag": null, "operator": null, "location": null }, "geometry": { "type": "Polygon", "coordinates": [ [ [ 120.2569995, 14.8606924 ], [ 120.2567001, 14.860634 ], [ 120.2569598, 14.8603187 ], [ 120.2571284, 14.8601558 ], [ 120.2573487, 14.8602607 ], [ 120.257312, 14.8606728 ], [ 120.2569995, 14.8606924 ] ] ] } },
{ "type": "Feature", "properties": { "contextFeatureId": "PHL-S-001::landuse::way::698140716", "projectId": "PHL-S-001", "projectName": "Olongapo Solar Power Project", "countryCode": "PHL", "osmType": "way", "osmId": 698140716, "highway": null, "place": null, "power": null, "landuse": "residential", "name": null, "voltage": null, "circuits": null, "cables": null, "frequency": null, "substationTag": null, "lineTag": null, "operator": null, "location": null }, "geometry": { "type": "Polygon", "coordinates": [ [ [ 120.2567001, 14.860634 ], [ 120.2566784, 14.8608694 ], [ 120.2567233, 14.8612657 ], [ 120.2576728, 14.8612287 ], [ 120.2576833, 14.8606885 ], [ 120.2582211, 14.8607269 ], [ 120.2582407, 14.8605912 ], [ 120.2579088, 14.8604968 ], [ 120.2576945, 14.8604151 ], [ 120.2573487, 14.8602607 ], [ 120.257312, 14.8606728 ], [ 120.2569995, 14.8606924 ], [ 120.2567001, 14.860634 ] ] ] } },
{ "type": "Feature", "properties": { "contextFeatureId": "PHL-S-001::landuse::way::698140721", "projectId": "PHL-S-001", "projectName": "Olongapo Solar Power Project", "countryCode": "PHL", "osmType": "way", "osmId": 698140721, "highway": null, "place": null, "power": null, "landuse": "residential", "name": null, "voltage": null, "circuits": null, "cables": null, "frequency": null, "substationTag": null, "lineTag": null, "operator": null, "location": null }, "geometry": { "type": "Polygon", "coordinates": [ [ [ 120.2580628, 14.8604685 ], [ 120.2581738, 14.8601934 ], [ 120.2581897, 14.8601539 ], [ 120.2578836, 14.8600941 ], [ 120.2576671, 14.8600314 ], [ 120.2575496, 14.8599507 ], [ 120.25748, 14.8598476 ], [ 120.2572346, 14.8601265 ], [ 120.2575154, 14.8602618 ], [ 120.2577035, 14.8603458 ], [ 120.2580628, 14.8604685 ] ] ] } },
{ "type": "Feature", "properties": { "contextFeatureId": "PHL-S-001::landuse::way::698140722", "projectId": "PHL-S-001", "projectName": "Olongapo Solar Power Project", "countryCode": "PHL", "osmType": "way", "osmId": 698140722, "highway": null, "place": null, "power": null, "landuse": "residential", "name": null, "voltage": null, "circuits": null, "cables": null, "frequency": null, "substationTag": null, "lineTag": null, "operator": null, "location": null }, "geometry": { "type": "Polygon", "coordinates": [ [ [ 120.2572346, 14.8601265 ], [ 120.2571716, 14.8600951 ], [ 120.2574118, 14.8597666 ], [ 120.2574141, 14.8597666 ], [ 120.25748, 14.8598476 ], [ 120.2572346, 14.8601265 ] ] ] } },
{ "type": "Feature", "properties": { "contextFeatureId": "PHL-S-001::landuse::way::698155030", "projectId": "PHL-S-001", "projectName": "Olongapo Solar Power Project", "countryCode": "PHL", "osmType": "way", "osmId": 698155030, "highway": null, "place": null, "power": null, "landuse": "residential", "name": null, "voltage": null, "circuits": null, "cables": null, "frequency": null, "substationTag": null, "lineTag": null, "operator": null, "location": null }, "geometry": { "type": "Polygon", "coordinates": [ [ [ 120.2599113, 14.8647898 ], [ 120.259788, 14.8645958 ], [ 120.2604898, 14.8642223 ], [ 120.2606068, 14.8644187 ], [ 120.2599113, 14.8647898 ] ] ] } },
{ "type": "Feature", "properties": { "contextFeatureId": "PHL-S-001::landuse::way::698155031", "projectId": "PHL-S-001", "projectName": "Olongapo Solar Power Project", "countryCode": "PHL", "osmType": "way", "osmId": 698155031, "highway": null, "place": null, "power": null, "landuse": "residential", "name": null, "voltage": null, "circuits": null, "cables": null, "frequency": null, "substationTag": null, "lineTag": null, "operator": null, "location": null }, "geometry": { "type": "Polygon", "coordinates": [ [ [ 120.259788, 14.8645958 ], [ 120.2596919, 14.8644364 ], [ 120.2596798, 14.8644103 ], [ 120.2596701, 14.8643954 ], [ 120.2598264, 14.8643207 ], [ 120.2597533, 14.8641927 ], [ 120.2598386, 14.8641419 ], [ 120.2599118, 14.8640982 ], [ 120.2602824, 14.8639079 ], [ 120.2603726, 14.8640437 ], [ 120.2604898, 14.8642223 ], [ 120.259788, 14.8645958 ] ] ] } },
{ "type": "Feature", "properties": { "contextFeatureId": "PHL-S-001::landuse::way::698155032", "projectId": "PHL-S-001", "projectName": "Olongapo Solar Power Project", "countryCode": "PHL", "osmType": "way", "osmId": 698155032, "highway": null, "place": null, "power": null, "landuse": "residential", "name": null, "voltage": null, "circuits": null, "cables": null, "frequency": null, "substationTag": null, "lineTag": null, "operator": null, "location": null }, "geometry": { "type": "Polygon", "coordinates": [ [ [ 120.2594978, 14.8641653 ], [ 120.2593933, 14.8640211 ], [ 120.2597481, 14.86383 ], [ 120.2598325, 14.8639744 ], [ 120.2594978, 14.8641653 ] ] ] } },
{ "type": "Feature", "properties": { "contextFeatureId": "PHL-S-001::landuse::way::698155033", "projectId": "PHL-S-001", "projectName": "Olongapo Solar Power Project", "countryCode": "PHL", "osmType": "way", "osmId": 698155033, "highway": null, "place": null, "power": null, "landuse": "residential", "name": null, "voltage": null, "circuits": null, "cables": null, "frequency": null, "substationTag": null, "lineTag": null, "operator": null, "location": null }, "geometry": { "type": "Polygon", "coordinates": [ [ [ 120.2596701, 14.8643954 ], [ 120.2594978, 14.8641653 ], [ 120.2598325, 14.8639744 ], [ 120.2599118, 14.8640982 ], [ 120.2598386, 14.8641419 ], [ 120.2597533, 14.8641927 ], [ 120.2598264, 14.8643207 ], [ 120.2596701, 14.8643954 ] ] ] } },
{ "type": "Feature", "properties": { "contextFeatureId": "PHL-S-001::landuse::way::698155043", "projectId": "PHL-S-001", "projectName": "Olongapo Solar Power Project", "countryCode": "PHL", "osmType": "way", "osmId": 698155043, "highway": null, "place": null, "power": null, "landuse": "residential", "name": null, "voltage": null, "circuits": null, "cables": null, "frequency": null, "substationTag": null, "lineTag": null, "operator": null, "location": null }, "geometry": { "type": "Polygon", "coordinates": [ [ [ 120.2576728, 14.8612287 ], [ 120.2582874, 14.8611429 ], [ 120.2583435, 14.8608296 ], [ 120.2590111, 14.8609338 ], [ 120.2591143, 14.8608524 ], [ 120.2588259, 14.8607433 ], [ 120.2585408, 14.8606692 ], [ 120.25852, 14.8607658 ], [ 120.2584154, 14.8607522 ], [ 120.2583195, 14.8607397 ], [ 120.2582211, 14.8607269 ], [ 120.2576833, 14.8606885 ], [ 120.2576728, 14.8612287 ] ] ] } },
{ "type": "Feature", "properties": { "contextFeatureId": "PHL-S-001::landuse::way::698155044", "projectId": "PHL-S-001", "projectName": "Olongapo Solar Power Project", "countryCode": "PHL", "osmType": "way", "osmId": 698155044, "highway": null, "place": null, "power": null, "landuse": "residential", "name": null, "voltage": null, "circuits": null, "cables": null, "frequency": null, "substationTag": null, "lineTag": null, "operator": null, "location": null }, "geometry": { "type": "Polygon", "coordinates": [ [ [ 120.2583195, 14.8607397 ], [ 120.2583378, 14.8606164 ], [ 120.2582407, 14.8605912 ], [ 120.2582211, 14.8607269 ], [ 120.2583195, 14.8607397 ] ] ] } },
{ "type": "Feature", "properties": { "contextFeatureId": "PHL-S-001::landuse::way::698155045", "projectId": "PHL-S-001", "projectName": "Olongapo Solar Power Project", "countryCode": "PHL", "osmType": "way", "osmId": 698155045, "highway": null, "place": null, "power": null, "landuse": "residential", "name": null, "voltage": null, "circuits": null, "cables": null, "frequency": null, "substationTag": null, "lineTag": null, "operator": null, "location": null }, "geometry": { "type": "Polygon", "coordinates": [ [ [ 120.2584154, 14.8607522 ], [ 120.258431, 14.8606406 ], [ 120.2583378, 14.8606164 ], [ 120.2583195, 14.8607397 ], [ 120.2584154, 14.8607522 ] ] ] } },
{ "type": "Feature", "properties": { "contextFeatureId": "PHL-S-001::landuse::way::698155046", "projectId": "PHL-S-001", "projectName": "Olongapo Solar Power Project", "countryCode": "PHL", "osmType": "way", "osmId": 698155046, "highway": null, "place": null, "power": null, "landuse": "residential", "name": null, "voltage": null, "circuits": null, "cables": null, "frequency": null, "substationTag": null, "lineTag": null, "operator": null, "location": null }, "geometry": { "type": "Polygon", "coordinates": [ [ [ 120.25852, 14.8607658 ], [ 120.2585408, 14.8606692 ], [ 120.258431, 14.8606406 ], [ 120.2584154, 14.8607522 ], [ 120.25852, 14.8607658 ] ] ] } },
{ "type": "Feature", "properties": { "contextFeatureId": "PHL-S-001::landuse::way::698157755", "projectId": "PHL-S-001", "projectName": "Olongapo Solar Power Project", "countryCode": "PHL", "osmType": "way", "osmId": 698157755, "highway": null, "place": null, "power": null, "landuse": "commercial", "name": null, "voltage": null, "circuits": null, "cables": null, "frequency": null, "substationTag": null, "lineTag": null, "operator": null, "location": null }, "geometry": { "type": "Polygon", "coordinates": [ [ [ 120.2605335, 14.8634643 ], [ 120.2604446, 14.8632715 ], [ 120.2609449, 14.863027 ], [ 120.2610468, 14.8631773 ], [ 120.2605335, 14.8634643 ] ] ] } },
{ "type": "Feature", "properties": { "contextFeatureId": "PHL-S-001::landuse::way::698157757", "projectId": "PHL-S-001", "projectName": "Olongapo Solar Power Project", "countryCode": "PHL", "osmType": "way", "osmId": 698157757, "highway": null, "place": null, "power": null, "landuse": "residential", "name": null, "voltage": null, "circuits": null, "cables": null, "frequency": null, "substationTag": null, "lineTag": null, "operator": null, "location": null }, "geometry": { "type": "Polygon", "coordinates": [ [ [ 120.2615215, 14.8636896 ], [ 120.2611495, 14.8631388 ], [ 120.2618843, 14.8627184 ], [ 120.262233, 14.8628934 ], [ 120.2623215, 14.8632706 ], [ 120.2615215, 14.8636896 ] ] ] } },
{ "type": "Feature", "properties": { "contextFeatureId": "PHL-S-001::landuse::way::698157761", "projectId": "PHL-S-001", "projectName": "Olongapo Solar Power Project", "countryCode": "PHL", "osmType": "way", "osmId": 698157761, "highway": null, "place": null, "power": null, "landuse": "residential", "name": null, "voltage": null, "circuits": null, "cables": null, "frequency": null, "substationTag": null, "lineTag": null, "operator": null, "location": null }, "geometry": { "type": "Polygon", "coordinates": [ [ [ 120.2617088, 14.8638489 ], [ 120.2616502, 14.863767 ], [ 120.2619731, 14.863566 ], [ 120.2619392, 14.8635017 ], [ 120.2621342, 14.8633853 ], [ 120.2622754, 14.8636057 ], [ 120.2618699, 14.8638448 ], [ 120.2618195, 14.8637811 ], [ 120.2617088, 14.8638489 ] ] ] } },
{ "type": "Feature", "properties": { "contextFeatureId": "PHL-S-001::landuse::way::698157762", "projectId": "PHL-S-001", "projectName": "Olongapo Solar Power Project", "countryCode": "PHL", "osmType": "way", "osmId": 698157762, "highway": null, "place": null, "power": null, "landuse": "residential", "name": null, "voltage": null, "circuits": null, "cables": null, "frequency": null, "substationTag": null, "lineTag": null, "operator": null, "location": null }, "geometry": { "type": "Polygon", "coordinates": [ [ [ 120.2617528, 14.8639144 ], [ 120.2617088, 14.8638489 ], [ 120.2618195, 14.8637811 ], [ 120.2618699, 14.8638448 ], [ 120.2617528, 14.8639144 ] ] ] } },
{ "type": "Feature", "properties": { "contextFeatureId": "PHL-S-001::landuse::way::698157763", "projectId": "PHL-S-001", "projectName": "Olongapo Solar Power Project", "countryCode": "PHL", "osmType": "way", "osmId": 698157763, "highway": null, "place": null, "power": null, "landuse": "residential", "name": null, "voltage": null, "circuits": null, "cables": null, "frequency": null, "substationTag": null, "lineTag": null, "operator": null, "location": null }, "geometry": { "type": "Polygon", "coordinates": [ [ [ 120.2614735, 14.8639652 ], [ 120.2613529, 14.8637951 ], [ 120.2615039, 14.8636951 ], [ 120.2616244, 14.8638652 ], [ 120.2614735, 14.8639652 ] ] ] } },
{ "type": "Feature", "properties": { "contextFeatureId": "PHL-S-001::landuse::way::698157764", "projectId": "PHL-S-001", "projectName": "Olongapo Solar Power Project", "countryCode": "PHL", "osmType": "way", "osmId": 698157764, "highway": null, "place": null, "power": null, "landuse": "residential", "name": null, "voltage": null, "circuits": null, "cables": null, "frequency": null, "substationTag": null, "lineTag": null, "operator": null, "location": null }, "geometry": { "type": "Polygon", "coordinates": [ [ [ 120.2622231, 14.864115 ], [ 120.2621553, 14.8639253 ], [ 120.2622735, 14.8638858 ], [ 120.2623412, 14.8640756 ], [ 120.2622231, 14.864115 ] ] ] } },
{ "type": "Feature", "properties": { "contextFeatureId": "PHL-S-001::landuse::way::698159166", "projectId": "PHL-S-001", "projectName": "Olongapo Solar Power Project", "countryCode": "PHL", "osmType": "way", "osmId": 698159166, "highway": null, "place": null, "power": null, "landuse": "residential", "name": null, "voltage": null, "circuits": null, "cables": null, "frequency": null, "substationTag": null, "lineTag": null, "operator": null, "location": null }, "geometry": { "type": "Polygon", "coordinates": [ [ [ 120.2629119, 14.8640566 ], [ 120.2628682, 14.8639358 ], [ 120.2629912, 14.8639092 ], [ 120.2630369, 14.8640232 ], [ 120.2629119, 14.8640566 ] ] ] } },
{ "type": "Feature", "properties": { "contextFeatureId": "PHL-S-001::landuse::way::698159167", "projectId": "PHL-S-001", "projectName": "Olongapo Solar Power Project", "countryCode": "PHL", "osmType": "way", "osmId": 698159167, "highway": null, "place": null, "power": null, "landuse": "residential", "name": null, "voltage": null, "circuits": null, "cables": null, "frequency": null, "substationTag": null, "lineTag": null, "operator": null, "location": null }, "geometry": { "type": "Polygon", "coordinates": [ [ [ 120.2630369, 14.8640232 ], [ 120.2629912, 14.8639092 ], [ 120.263105, 14.8638778 ], [ 120.2631528, 14.8639908 ], [ 120.2630369, 14.8640232 ] ] ] } },
{ "type": "Feature", "properties": { "contextFeatureId": "PHL-S-001::landuse::way::698159176", "projectId": "PHL-S-001", "projectName": "Olongapo Solar Power Project", "countryCode": "PHL", "osmType": "way", "osmId": 698159176, "highway": null, "place": null, "power": null, "landuse": "residential", "name": null, "voltage": null, "circuits": null, "cables": null, "frequency": null, "substationTag": null, "lineTag": null, "operator": null, "location": null }, "geometry": { "type": "Polygon", "coordinates": [ [ [ 120.2625955, 14.8684011 ], [ 120.2625085, 14.8682915 ], [ 120.2627189, 14.8681562 ], [ 120.2628919, 14.8680487 ], [ 120.2629747, 14.8681552 ], [ 120.2625955, 14.8684011 ] ] ] } },
{ "type": "Feature", "properties": { "contextFeatureId": "PHL-S-001::landuse::way::698162504", "projectId": "PHL-S-001", "projectName": "Olongapo Solar Power Project", "countryCode": "PHL", "osmType": "way", "osmId": 698162504, "highway": null, "place": null, "power": null, "landuse": "residential", "name": null, "voltage": null, "circuits": null, "cables": null, "frequency": null, "substationTag": null, "lineTag": null, "operator": null, "location": null }, "geometry": { "type": "Polygon", "coordinates": [ [ [ 120.262571, 14.865129 ], [ 120.2624329, 14.864926 ], [ 120.2625032, 14.8648812 ], [ 120.2625877, 14.8649188 ], [ 120.2626825, 14.8650581 ], [ 120.262571, 14.865129 ] ] ] } },
{ "type": "Feature", "properties": { "contextFeatureId": "PHL-S-001::landuse::way::698164354", "projectId": "PHL-S-001", "projectName": "Olongapo Solar Power Project", "countryCode": "PHL", "osmType": "way", "osmId": 698164354, "highway": null, "place": null, "power": null, "landuse": "residential", "name": null, "voltage": null, "circuits": null, "cables": null, "frequency": null, "substationTag": null, "lineTag": null, "operator": null, "location": null }, "geometry": { "type": "Polygon", "coordinates": [ [ [ 120.2629188, 14.8677918 ], [ 120.2628377, 14.867681 ], [ 120.2629314, 14.867618 ], [ 120.2630103, 14.8677328 ], [ 120.2629188, 14.8677918 ] ] ] } },
{ "type": "Feature", "properties": { "contextFeatureId": "PHL-S-001::landuse::way::698164355", "projectId": "PHL-S-001", "projectName": "Olongapo Solar Power Project", "countryCode": "PHL", "osmType": "way", "osmId": 698164355, "highway": null, "place": null, "power": null, "landuse": "residential", "name": null, "voltage": null, "circuits": null, "cables": null, "frequency": null, "substationTag": null, "lineTag": null, "operator": null, "location": null }, "geometry": { "type": "Polygon", "coordinates": [ [ [ 120.2625993, 14.8680021 ], [ 120.2629188, 14.8677918 ], [ 120.2628377, 14.867681 ], [ 120.2625214, 14.8678975 ], [ 120.2625993, 14.8680021 ] ] ] } },
{ "type": "Feature", "properties": { "contextFeatureId": "PHL-S-001::landuse::way::698164356", "projectId": "PHL-S-001", "projectName": "Olongapo Solar Power Project", "countryCode": "PHL", "osmType": "way", "osmId": 698164356, "highway": null, "place": null, "power": null, "landuse": "residential", "name": null, "voltage": null, "circuits": null, "cables": null, "frequency": null, "substationTag": null, "lineTag": null, "operator": null, "location": null }, "geometry": { "type": "Polygon", "coordinates": [ [ [ 120.2629314, 14.867618 ], [ 120.2630875, 14.8675157 ], [ 120.2631716, 14.8676335 ], [ 120.2630103, 14.8677328 ], [ 120.2629314, 14.867618 ] ] ] } },
{ "type": "Feature", "properties": { "contextFeatureId": "PHL-S-001::landuse::way::698164357", "projectId": "PHL-S-001", "projectName": "Olongapo Solar Power Project", "countryCode": "PHL", "osmType": "way", "osmId": 698164357, "highway": null, "place": null, "power": null, "landuse": "residential", "name": null, "voltage": null, "circuits": null, "cables": null, "frequency": null, "substationTag": null, "lineTag": null, "operator": null, "location": null }, "geometry": { "type": "Polygon", "coordinates": [ [ [ 120.2631716, 14.8676335 ], [ 120.2630875, 14.8675157 ], [ 120.2631948, 14.8674392 ], [ 120.2632837, 14.8675646 ], [ 120.2631716, 14.8676335 ] ] ] } },
{ "type": "Feature", "properties": { "contextFeatureId": "PHL-S-001::landuse::way::698164358", "projectId": "PHL-S-001", "projectName": "Olongapo Solar Power Project", "countryCode": "PHL", "osmType": "way", "osmId": 698164358, "highway": null, "place": null, "power": null, "landuse": "residential", "name": null, "voltage": null, "circuits": null, "cables": null, "frequency": null, "substationTag": null, "lineTag": null, "operator": null, "location": null }, "geometry": { "type": "Polygon", "coordinates": [ [ [ 120.2632837, 14.8675646 ], [ 120.2631948, 14.8674392 ], [ 120.2633168, 14.8673498 ], [ 120.2634138, 14.8674807 ], [ 120.2632837, 14.8675646 ] ] ] } },
{ "type": "Feature", "properties": { "contextFeatureId": "PHL-S-001::landuse::way::698164359", "projectId": "PHL-S-001", "projectName": "Olongapo Solar Power Project", "countryCode": "PHL", "osmType": "way", "osmId": 698164359, "highway": null, "place": null, "power": null, "landuse": "residential", "name": null, "voltage": null, "circuits": null, "cables": null, "frequency": null, "substationTag": null, "lineTag": null, "operator": null, "location": null }, "geometry": { "type": "Polygon", "coordinates": [ [ [ 120.262621, 14.8680165 ], [ 120.2635512, 14.8674239 ], [ 120.263663, 14.8675709 ], [ 120.2632531, 14.8678186 ], [ 120.2628919, 14.8680487 ], [ 120.2627189, 14.8681562 ], [ 120.262621, 14.8680165 ] ] ] } },
{ "type": "Feature", "properties": { "contextFeatureId": "PHL-S-001::landuse::way::698164360", "projectId": "PHL-S-001", "projectName": "Olongapo Solar Power Project", "countryCode": "PHL", "osmType": "way", "osmId": 698164360, "highway": null, "place": null, "power": null, "landuse": "residential", "name": null, "voltage": null, "circuits": null, "cables": null, "frequency": null, "substationTag": null, "lineTag": null, "operator": null, "location": null }, "geometry": { "type": "Polygon", "coordinates": [ [ [ 120.2627162, 14.8685856 ], [ 120.262619, 14.8684382 ], [ 120.2625955, 14.8684011 ], [ 120.2629747, 14.8681552 ], [ 120.2631117, 14.8683436 ], [ 120.2627162, 14.8685856 ] ] ] } },
{ "type": "Feature", "properties": { "contextFeatureId": "PHL-S-001::landuse::way::698169103", "projectId": "PHL-S-001", "projectName": "Olongapo Solar Power Project", "countryCode": "PHL", "osmType": "way", "osmId": 698169103, "highway": null, "place": null, "power": null, "landuse": "residential", "name": null, "voltage": null, "circuits": null, "cables": null, "frequency": null, "substationTag": null, "lineTag": null, "operator": null, "location": null }, "geometry": { "type": "Polygon", "coordinates": [ [ [ 120.2601577, 14.8622211 ], [ 120.2600848, 14.8621124 ], [ 120.2601852, 14.8620494 ], [ 120.2602582, 14.8621582 ], [ 120.2601577, 14.8622211 ] ] ] } },
{ "type": "Feature", "properties": { "contextFeatureId": "PHL-S-001::landuse::way::698170058", "projectId": "PHL-S-001", "projectName": "Olongapo Solar Power Project", "countryCode": "PHL", "osmType": "way", "osmId": 698170058, "highway": null, "place": null, "power": null, "landuse": "residential", "name": null, "voltage": null, "circuits": null, "cables": null, "frequency": null, "substationTag": null, "lineTag": null, "operator": null, "location": null }, "geometry": { "type": "Polygon", "coordinates": [ [ [ 120.2621689, 14.867431 ], [ 120.2620173, 14.8675429 ], [ 120.2619376, 14.8674416 ], [ 120.2620892, 14.8673302 ], [ 120.2621689, 14.867431 ] ] ] } },
{ "type": "Feature", "properties": { "contextFeatureId": "PHL-S-001::landuse::way::698170059", "projectId": "PHL-S-001", "projectName": "Olongapo Solar Power Project", "countryCode": "PHL", "osmType": "way", "osmId": 698170059, "highway": null, "place": null, "power": null, "landuse": "residential", "name": null, "voltage": null, "circuits": null, "cables": null, "frequency": null, "substationTag": null, "lineTag": null, "operator": null, "location": null }, "geometry": { "type": "Polygon", "coordinates": [ [ [ 120.2619376, 14.8674416 ], [ 120.2618376, 14.8673197 ], [ 120.2619904, 14.867209 ], [ 120.2620746, 14.8673117 ], [ 120.2620892, 14.8673302 ], [ 120.2619376, 14.8674416 ] ] ] } },
{ "type": "Feature", "properties": { "contextFeatureId": "PHL-S-001::landuse::way::698173270", "projectId": "PHL-S-001", "projectName": "Olongapo Solar Power Project", "countryCode": "PHL", "osmType": "way", "osmId": 698173270, "highway": null, "place": null, "power": null, "landuse": "residential", "name": null, "voltage": null, "circuits": null, "cables": null, "frequency": null, "substationTag": null, "lineTag": null, "operator": null, "location": null }, "geometry": { "type": "Polygon", "coordinates": [ [ [ 120.2582159, 14.8605149 ], [ 120.2580628, 14.8604685 ], [ 120.2581738, 14.8601934 ], [ 120.2583166, 14.8602184 ], [ 120.2582159, 14.8605149 ] ] ] } },
{ "type": "Feature", "properties": { "contextFeatureId": "PHL-S-001::landuse::way::698173271", "projectId": "PHL-S-001", "projectName": "Olongapo Solar Power Project", "countryCode": "PHL", "osmType": "way", "osmId": 698173271, "highway": null, "place": null, "power": null, "landuse": "residential", "name": null, "voltage": null, "circuits": null, "cables": null, "frequency": null, "substationTag": null, "lineTag": null, "operator": null, "location": null }, "geometry": { "type": "Polygon", "coordinates": [ [ [ 120.2583687, 14.8605532 ], [ 120.2582159, 14.8605149 ], [ 120.2583166, 14.8602184 ], [ 120.2584609, 14.8602437 ], [ 120.2583687, 14.8605532 ] ] ] } },
{ "type": "Feature", "properties": { "contextFeatureId": "PHL-S-001::landuse::way::698173272", "projectId": "PHL-S-001", "projectName": "Olongapo Solar Power Project", "countryCode": "PHL", "osmType": "way", "osmId": 698173272, "highway": null, "place": null, "power": null, "landuse": "residential", "name": null, "voltage": null, "circuits": null, "cables": null, "frequency": null, "substationTag": null, "lineTag": null, "operator": null, "location": null }, "geometry": { "type": "Polygon", "coordinates": [ [ [ 120.2584984, 14.8605857 ], [ 120.2583687, 14.8605532 ], [ 120.2584609, 14.8602437 ], [ 120.2585985, 14.8602678 ], [ 120.2584984, 14.8605857 ] ] ] } },
{ "type": "Feature", "properties": { "contextFeatureId": "PHL-S-001::landuse::way::698173273", "projectId": "PHL-S-001", "projectName": "Olongapo Solar Power Project", "countryCode": "PHL", "osmType": "way", "osmId": 698173273, "highway": null, "place": null, "power": null, "landuse": "residential", "name": null, "voltage": null, "circuits": null, "cables": null, "frequency": null, "substationTag": null, "lineTag": null, "operator": null, "location": null }, "geometry": { "type": "Polygon", "coordinates": [ [ [ 120.2586092, 14.8606135 ], [ 120.2584984, 14.8605857 ], [ 120.2585985, 14.8602678 ], [ 120.2587119, 14.8602876 ], [ 120.2586092, 14.8606135 ] ] ] } },
{ "type": "Feature", "properties": { "contextFeatureId": "PHL-S-001::landuse::way::698173274", "projectId": "PHL-S-001", "projectName": "Olongapo Solar Power Project", "countryCode": "PHL", "osmType": "way", "osmId": 698173274, "highway": null, "place": null, "power": null, "landuse": "residential", "name": null, "voltage": null, "circuits": null, "cables": null, "frequency": null, "substationTag": null, "lineTag": null, "operator": null, "location": null }, "geometry": { "type": "Polygon", "coordinates": [ [ [ 120.2587325, 14.8606444 ], [ 120.2586092, 14.8606135 ], [ 120.2587119, 14.8602876 ], [ 120.2588454, 14.860311 ], [ 120.2587325, 14.8606444 ] ] ] } },
{ "type": "Feature", "properties": { "contextFeatureId": "PHL-S-001::landuse::way::698173275", "projectId": "PHL-S-001", "projectName": "Olongapo Solar Power Project", "countryCode": "PHL", "osmType": "way", "osmId": 698173275, "highway": null, "place": null, "power": null, "landuse": "residential", "name": null, "voltage": null, "circuits": null, "cables": null, "frequency": null, "substationTag": null, "lineTag": null, "operator": null, "location": null }, "geometry": { "type": "Polygon", "coordinates": [ [ [ 120.2588905, 14.8606883 ], [ 120.2587642, 14.860651 ], [ 120.2588212, 14.8604828 ], [ 120.2589722, 14.8604828 ], [ 120.2588905, 14.8606883 ] ] ] } },
{ "type": "Feature", "properties": { "contextFeatureId": "PHL-S-001::landuse::way::698173276", "projectId": "PHL-S-001", "projectName": "Olongapo Solar Power Project", "countryCode": "PHL", "osmType": "way", "osmId": 698173276, "highway": null, "place": null, "power": null, "landuse": "residential", "name": null, "voltage": null, "circuits": null, "cables": null, "frequency": null, "substationTag": null, "lineTag": null, "operator": null, "location": null }, "geometry": { "type": "Polygon", "coordinates": [ [ [ 120.2587642, 14.860651 ], [ 120.2587325, 14.8606444 ], [ 120.2588454, 14.860311 ], [ 120.259145, 14.8603635 ], [ 120.2591737, 14.8604031 ], [ 120.2592309, 14.860482 ], [ 120.2589722, 14.8604828 ], [ 120.2588212, 14.8604828 ], [ 120.2587642, 14.860651 ] ] ] } },
{ "type": "Feature", "properties": { "contextFeatureId": "PHL-S-001::landuse::way::698173280", "projectId": "PHL-S-001", "projectName": "Olongapo Solar Power Project", "countryCode": "PHL", "osmType": "way", "osmId": 698173280, "highway": null, "place": null, "power": null, "landuse": "residential", "name": null, "voltage": null, "circuits": null, "cables": null, "frequency": null, "substationTag": null, "lineTag": null, "operator": null, "location": null }, "geometry": { "type": "Polygon", "coordinates": [ [ [ 120.2592558, 14.86087 ], [ 120.2594064, 14.8607243 ], [ 120.2593296, 14.8606183 ], [ 120.259255, 14.8605153 ], [ 120.2592309, 14.860482 ], [ 120.2589722, 14.8604828 ], [ 120.2588905, 14.8606883 ], [ 120.2591858, 14.8608147 ], [ 120.2592558, 14.86087 ] ] ] } },
{ "type": "Feature", "properties": { "contextFeatureId": "PHL-S-001::landuse::way::698173282", "projectId": "PHL-S-001", "projectName": "Olongapo Solar Power Project", "countryCode": "PHL", "osmType": "way", "osmId": 698173282, "highway": null, "place": null, "power": null, "landuse": "residential", "name": null, "voltage": null, "circuits": null, "cables": null, "frequency": null, "substationTag": null, "lineTag": null, "operator": null, "location": null }, "geometry": { "type": "Polygon", "coordinates": [ [ [ 120.2597933, 14.8613852 ], [ 120.2597422, 14.8613309 ], [ 120.2598624, 14.8612415 ], [ 120.2598743, 14.8608625 ], [ 120.2603601, 14.8609352 ], [ 120.260667, 14.8611199 ], [ 120.2606207, 14.8614355 ], [ 120.2605952, 14.8616095 ], [ 120.2603895, 14.8615481 ], [ 120.2603143, 14.8613967 ], [ 120.2600701, 14.8613676 ], [ 120.2599887, 14.8612667 ], [ 120.2597933, 14.8613852 ] ] ] } },
{ "type": "Feature", "properties": { "contextFeatureId": "PHL-S-001::landuse::way::698173413", "projectId": "PHL-S-001", "projectName": "Olongapo Solar Power Project", "countryCode": "PHL", "osmType": "way", "osmId": 698173413, "highway": null, "place": null, "power": null, "landuse": "residential", "name": null, "voltage": null, "circuits": null, "cables": null, "frequency": null, "substationTag": null, "lineTag": null, "operator": null, "location": null }, "geometry": { "type": "Polygon", "coordinates": [ [ [ 120.2597422, 14.8613309 ], [ 120.2592558, 14.86087 ], [ 120.2594064, 14.8607243 ], [ 120.2595133, 14.8608617 ], [ 120.25963, 14.8608515 ], [ 120.2598743, 14.8608625 ], [ 120.2598624, 14.8612415 ], [ 120.2597422, 14.8613309 ] ] ] } },
{ "type": "Feature", "properties": { "contextFeatureId": "PHL-S-001::landuse::way::698479240", "projectId": "PHL-S-001", "projectName": "Olongapo Solar Power Project", "countryCode": "PHL", "osmType": "way", "osmId": 698479240, "highway": null, "place": null, "power": null, "landuse": "residential", "name": null, "voltage": null, "circuits": null, "cables": null, "frequency": null, "substationTag": null, "lineTag": null, "operator": null, "location": null }, "geometry": { "type": "Polygon", "coordinates": [ [ [ 120.263245, 14.8673215 ], [ 120.2634053, 14.8672074 ], [ 120.2632912, 14.8670611 ], [ 120.2631335, 14.867177 ], [ 120.263245, 14.8673215 ] ] ] } },
{ "type": "Feature", "properties": { "contextFeatureId": "PHL-S-001::landuse::way::698479241", "projectId": "PHL-S-001", "projectName": "Olongapo Solar Power Project", "countryCode": "PHL", "osmType": "way", "osmId": 698479241, "highway": null, "place": null, "power": null, "landuse": "residential", "name": null, "voltage": null, "circuits": null, "cables": null, "frequency": null, "substationTag": null, "lineTag": null, "operator": null, "location": null }, "geometry": { "type": "Polygon", "coordinates": [ [ [ 120.2635045, 14.8671336 ], [ 120.2633902, 14.8669883 ], [ 120.263497, 14.8669098 ], [ 120.2636115, 14.8670541 ], [ 120.2635045, 14.8671336 ] ] ] } },
{ "type": "Feature", "properties": { "contextFeatureId": "PHL-S-001::landuse::way::698479242", "projectId": "PHL-S-001", "projectName": "Olongapo Solar Power Project", "countryCode": "PHL", "osmType": "way", "osmId": 698479242, "highway": null, "place": null, "power": null, "landuse": "residential", "name": null, "voltage": null, "circuits": null, "cables": null, "frequency": null, "substationTag": null, "lineTag": null, "operator": null, "location": null }, "geometry": { "type": "Polygon", "coordinates": [ [ [ 120.2634053, 14.8672074 ], [ 120.2635045, 14.8671336 ], [ 120.2633902, 14.8669883 ], [ 120.2632912, 14.8670611 ], [ 120.2634053, 14.8672074 ] ] ] } },
{ "type": "Feature", "properties": { "contextFeatureId": "PHL-S-001::landuse::way::776099153", "projectId": "PHL-S-001", "projectName": "Olongapo Solar Power Project", "countryCode": "PHL", "osmType": "way", "osmId": 776099153, "highway": null, "place": null, "power": null, "landuse": "residential", "name": null, "voltage": null, "circuits": null, "cables": null, "frequency": null, "substationTag": null, "lineTag": null, "operator": null, "location": null }, "geometry": { "type": "Polygon", "coordinates": [ [ [ 120.2833391, 14.8380204 ], [ 120.2843068, 14.8368798 ], [ 120.2853667, 14.8346866 ], [ 120.2859054, 14.8344789 ], [ 120.2878389, 14.8351743 ], [ 120.290433, 14.835096 ], [ 120.2911435, 14.8347892 ], [ 120.2912267, 14.8349252 ], [ 120.2912232, 14.8359804 ], [ 120.291464, 14.8363737 ], [ 120.2912107, 14.8367136 ], [ 120.290792, 14.8369654 ], [ 120.29063, 14.8375226 ], [ 120.2903894, 14.8380462 ], [ 120.2901288, 14.8390176 ], [ 120.2902271, 14.8400527 ], [ 120.2923965, 14.8407452 ], [ 120.2938293, 14.8408269 ], [ 120.2937281, 14.8437133 ], [ 120.2912375, 14.8454162 ], [ 120.2908288, 14.8449986 ], [ 120.2901677, 14.8443952 ], [ 120.2899116, 14.8441603 ], [ 120.289424, 14.8436806 ], [ 120.2888076, 14.8430868 ], [ 120.2880217, 14.8423267 ], [ 120.2875443, 14.8418823 ], [ 120.2868104, 14.8412159 ], [ 120.2864678, 14.8408868 ], [ 120.2861368, 14.8405516 ], [ 120.2860046, 14.8404176 ], [ 120.285779, 14.8402257 ], [ 120.2849523, 14.839472 ], [ 120.284431, 14.8389068 ], [ 120.2841487, 14.8387024 ], [ 120.2833391, 14.8380204 ] ] ] } },
{ "type": "Feature", "properties": { "contextFeatureId": "PHL-S-001::landuse::way::817974163", "projectId": "PHL-S-001", "projectName": "Olongapo Solar Power Project", "countryCode": "PHL", "osmType": "way", "osmId": 817974163, "highway": null, "place": null, "power": null, "landuse": "residential", "name": null, "voltage": null, "circuits": null, "cables": null, "frequency": null, "substationTag": null, "lineTag": null, "operator": null, "location": null }, "geometry": { "type": "Polygon", "coordinates": [ [ [ 120.25681, 14.8571901 ], [ 120.2564993, 14.8571818 ], [ 120.2564951, 14.8571272 ], [ 120.2568247, 14.857134 ], [ 120.25681, 14.8571901 ] ] ] } },
{ "type": "Feature", "properties": { "contextFeatureId": "PHL-S-001::landuse::way::817974164", "projectId": "PHL-S-001", "projectName": "Olongapo Solar Power Project", "countryCode": "PHL", "osmType": "way", "osmId": 817974164, "highway": null, "place": null, "power": null, "landuse": "residential", "name": null, "voltage": null, "circuits": null, "cables": null, "frequency": null, "substationTag": null, "lineTag": null, "operator": null, "location": null }, "geometry": { "type": "Polygon", "coordinates": [ [ [ 120.2565163, 14.8573515 ], [ 120.2564993, 14.8571818 ], [ 120.25681, 14.8571901 ], [ 120.256793, 14.8572724 ], [ 120.2566112, 14.8572662 ], [ 120.2566073, 14.8573521 ], [ 120.2565163, 14.8573515 ] ] ] } },
{ "type": "Feature", "properties": { "contextFeatureId": "PHL-S-001::landuse::way::817975948", "projectId": "PHL-S-001", "projectName": "Olongapo Solar Power Project", "countryCode": "PHL", "osmType": "way", "osmId": 817975948, "highway": null, "place": null, "power": null, "landuse": "residential", "name": null, "voltage": null, "circuits": null, "cables": null, "frequency": null, "substationTag": null, "lineTag": null, "operator": null, "location": null }, "geometry": { "type": "Polygon", "coordinates": [ [ [ 120.2564594, 14.8568312 ], [ 120.2564507, 14.8567108 ], [ 120.2567197, 14.856692 ], [ 120.256717, 14.8565689 ], [ 120.2571133, 14.8565862 ], [ 120.257096, 14.8567201 ], [ 120.2570666, 14.8568165 ], [ 120.2569361, 14.856776 ], [ 120.2567831, 14.8567868 ], [ 120.2567822, 14.8567694 ], [ 120.2565894, 14.8567833 ], [ 120.2565919, 14.8568216 ], [ 120.2565357, 14.8568257 ], [ 120.2564594, 14.8568312 ] ] ] } },
{ "type": "Feature", "properties": { "contextFeatureId": "PHL-S-001::landuse::way::817976138", "projectId": "PHL-S-001", "projectName": "Olongapo Solar Power Project", "countryCode": "PHL", "osmType": "way", "osmId": 817976138, "highway": null, "place": null, "power": null, "landuse": "residential", "name": null, "voltage": null, "circuits": null, "cables": null, "frequency": null, "substationTag": null, "lineTag": null, "operator": null, "location": null }, "geometry": { "type": "Polygon", "coordinates": [ [ [ 120.2565399, 14.8569632 ], [ 120.2565357, 14.8568257 ], [ 120.2565919, 14.8568216 ], [ 120.2565894, 14.8567833 ], [ 120.2567822, 14.8567694 ], [ 120.2567831, 14.8567868 ], [ 120.2569361, 14.856776 ], [ 120.2570666, 14.8568165 ], [ 120.2570024, 14.8569938 ], [ 120.256861, 14.8569897 ], [ 120.2567315, 14.856986 ], [ 120.2567329, 14.8569588 ], [ 120.2565399, 14.8569632 ] ] ] } },
{ "type": "Feature", "properties": { "contextFeatureId": "PHL-S-001::landuse::way::817979772", "projectId": "PHL-S-001", "projectName": "Olongapo Solar Power Project", "countryCode": "PHL", "osmType": "way", "osmId": 817979772, "highway": null, "place": null, "power": null, "landuse": "residential", "name": null, "voltage": null, "circuits": null, "cables": null, "frequency": null, "substationTag": null, "lineTag": null, "operator": null, "location": null }, "geometry": { "type": "Polygon", "coordinates": [ [ [ 120.2612994, 14.8637863 ], [ 120.2611801, 14.8635815 ], [ 120.2613142, 14.8635089 ], [ 120.2614543, 14.8636981 ], [ 120.2612994, 14.8637863 ] ] ] } },
{ "type": "Feature", "properties": { "contextFeatureId": "PHL-S-001::landuse::way::817981319", "projectId": "PHL-S-001", "projectName": "Olongapo Solar Power Project", "countryCode": "PHL", "osmType": "way", "osmId": 817981319, "highway": null, "place": null, "power": null, "landuse": "residential", "name": null, "voltage": null, "circuits": null, "cables": null, "frequency": null, "substationTag": null, "lineTag": null, "operator": null, "location": null }, "geometry": { "type": "Polygon", "coordinates": [ [ [ 120.2622817, 14.8673478 ], [ 120.2621874, 14.8672284 ], [ 120.26238, 14.8670897 ], [ 120.2624692, 14.8672073 ], [ 120.2622817, 14.8673478 ] ] ] } },
{ "type": "Feature", "properties": { "contextFeatureId": "PHL-S-001::landuse::way::817981320", "projectId": "PHL-S-001", "projectName": "Olongapo Solar Power Project", "countryCode": "PHL", "osmType": "way", "osmId": 817981320, "highway": null, "place": null, "power": null, "landuse": "residential", "name": null, "voltage": null, "circuits": null, "cables": null, "frequency": null, "substationTag": null, "lineTag": null, "operator": null, "location": null }, "geometry": { "type": "Polygon", "coordinates": [ [ [ 120.2621689, 14.867431 ], [ 120.2620892, 14.8673302 ], [ 120.2620746, 14.8673117 ], [ 120.2621874, 14.8672284 ], [ 120.2622817, 14.8673478 ], [ 120.2621689, 14.867431 ] ] ] } },
{ "type": "Feature", "properties": { "contextFeatureId": "PHL-S-001::landuse::way::817981321", "projectId": "PHL-S-001", "projectName": "Olongapo Solar Power Project", "countryCode": "PHL", "osmType": "way", "osmId": 817981321, "highway": null, "place": null, "power": null, "landuse": "residential", "name": null, "voltage": null, "circuits": null, "cables": null, "frequency": null, "substationTag": null, "lineTag": null, "operator": null, "location": null }, "geometry": { "type": "Polygon", "coordinates": [ [ [ 120.26238, 14.8670897 ], [ 120.2629638, 14.8666926 ], [ 120.2631178, 14.8668909 ], [ 120.262551, 14.86731 ], [ 120.2624988, 14.8672433 ], [ 120.2624692, 14.8672073 ], [ 120.26238, 14.8670897 ] ] ] } },
{ "type": "Feature", "properties": { "contextFeatureId": "PHL-S-001::landuse::way::817981680", "projectId": "PHL-S-001", "projectName": "Olongapo Solar Power Project", "countryCode": "PHL", "osmType": "way", "osmId": 817981680, "highway": null, "place": null, "power": null, "landuse": "residential", "name": null, "voltage": null, "circuits": null, "cables": null, "frequency": null, "substationTag": null, "lineTag": null, "operator": null, "location": null }, "geometry": { "type": "Polygon", "coordinates": [ [ [ 120.2569873, 14.8627314 ], [ 120.2571189, 14.8626791 ], [ 120.2571355, 14.8627178 ], [ 120.2570032, 14.8627683 ], [ 120.2569873, 14.8627314 ] ] ] } },
{ "type": "Feature", "properties": { "contextFeatureId": "PHL-S-001::landuse::way::817981681", "projectId": "PHL-S-001", "projectName": "Olongapo Solar Power Project", "countryCode": "PHL", "osmType": "way", "osmId": 817981681, "highway": null, "place": null, "power": null, "landuse": "residential", "name": null, "voltage": null, "circuits": null, "cables": null, "frequency": null, "substationTag": null, "lineTag": null, "operator": null, "location": null }, "geometry": { "type": "Polygon", "coordinates": [ [ [ 120.2569873, 14.8627314 ], [ 120.256965, 14.8626795 ], [ 120.257097, 14.8626279 ], [ 120.2571189, 14.8626791 ], [ 120.2569873, 14.8627314 ] ] ] } },
{ "type": "Feature", "properties": { "contextFeatureId": "PHL-S-001::landuse::way::828965308", "projectId": "PHL-S-001", "projectName": "Olongapo Solar Power Project", "countryCode": "PHL", "osmType": "way", "osmId": 828965308, "highway": null, "place": null, "power": null, "landuse": "commercial", "name": null, "voltage": null, "circuits": null, "cables": null, "frequency": null, "substationTag": null, "lineTag": null, "operator": null, "location": null }, "geometry": { "type": "Polygon", "coordinates": [ [ [ 120.3006333, 14.8222395 ], [ 120.3002951, 14.8224006 ], [ 120.3000217, 14.8218628 ], [ 120.300364, 14.8217042 ], [ 120.3006333, 14.8222395 ] ] ] } },
{ "type": "Feature", "properties": { "contextFeatureId": "PHL-S-001::landuse::way::828965313", "projectId": "PHL-S-001", "projectName": "Olongapo Solar Power Project", "countryCode": "PHL", "osmType": "way", "osmId": 828965313, "highway": null, "place": null, "power": null, "landuse": "commercial", "name": "Toyota Subic", "voltage": null, "circuits": null, "cables": null, "frequency": null, "substationTag": null, "lineTag": null, "operator": null, "location": null }, "geometry": { "type": "Polygon", "coordinates": [ [ [ 120.3011933, 14.8219721 ], [ 120.3016702, 14.8217126 ], [ 120.301831, 14.8215685 ], [ 120.3017199, 14.8213535 ], [ 120.3013047, 14.8205032 ], [ 120.300618, 14.8208371 ], [ 120.3007479, 14.8210934 ], [ 120.3011933, 14.8219721 ] ] ] } },
{ "type": "Feature", "properties": { "contextFeatureId": "PHL-S-001::landuse::way::829332632", "projectId": "PHL-S-001", "projectName": "Olongapo Solar Power Project", "countryCode": "PHL", "osmType": "way", "osmId": 829332632, "highway": null, "place": null, "power": null, "landuse": "forest", "name": null, "voltage": null, "circuits": null, "cables": null, "frequency": null, "substationTag": null, "lineTag": null, "operator": null, "location": null }, "geometry": { "type": "Polygon", "coordinates": [ [ [ 120.2975082, 14.8124193 ], [ 120.2974974, 14.8125503 ], [ 120.2974981, 14.8126617 ], [ 120.2975088, 14.8128613 ], [ 120.2975303, 14.8129832 ], [ 120.2977388, 14.8136658 ], [ 120.2978347, 14.8135718 ], [ 120.2975973, 14.8127382 ], [ 120.2995017, 14.8123051 ], [ 120.2995862, 14.8123972 ], [ 120.2997579, 14.8124205 ], [ 120.2998531, 14.8127265 ], [ 120.2992308, 14.812908 ], [ 120.2996238, 14.8141916 ], [ 120.2989626, 14.8143328 ], [ 120.2990364, 14.8150862 ], [ 120.2990605, 14.8151212 ], [ 120.3001119, 14.8151523 ], [ 120.3002071, 14.8151769 ], [ 120.3002742, 14.8152184 ], [ 120.3004539, 14.815387 ], [ 120.3006323, 14.8156216 ], [ 120.3007033, 14.8157111 ], [ 120.3008804, 14.8159315 ], [ 120.3008375, 14.8159963 ], [ 120.3006926, 14.8161182 ], [ 120.3006041, 14.816135 ], [ 120.3004386, 14.8161245 ], [ 120.3004357, 14.8162837 ], [ 120.3018129, 14.8162634 ], [ 120.3020163, 14.8165071 ], [ 120.3021973, 14.8170646 ], [ 120.3023958, 14.8171113 ], [ 120.3026547, 14.8175884 ], [ 120.3029443, 14.8175871 ], [ 120.3031442, 14.817569 ], [ 120.3031911, 14.8175223 ], [ 120.3032608, 14.8151277 ], [ 120.303042, 14.8151095 ], [ 120.3028067, 14.8149186 ], [ 120.3026967, 14.8143245 ], [ 120.3025306, 14.8140713 ], [ 120.3023564, 14.8140126 ], [ 120.3020125, 14.8142144 ], [ 120.3012445, 14.814771 ], [ 120.3008706, 14.8149981 ], [ 120.3005942, 14.8148711 ], [ 120.3004823, 14.8146596 ], [ 120.3004126, 14.8143558 ], [ 120.3004754, 14.8141746 ], [ 120.3007328, 14.8139033 ], [ 120.3007927, 14.8137743 ], [ 120.3006865, 14.8134846 ], [ 120.3001738, 14.8129863 ], [ 120.3001332, 14.8127878 ], [ 120.3001428, 14.812548 ], [ 120.3004786, 14.8121559 ], [ 120.3011537, 14.8117123 ], [ 120.3012969, 14.8115465 ], [ 120.3013458, 14.8113455 ], [ 120.3011858, 14.8108019 ], [ 120.3010988, 14.8106855 ], [ 120.3010715, 14.8106489 ], [ 120.3007699, 14.81059 ], [ 120.3000819, 14.8106314 ], [ 120.2999731, 14.8106895 ], [ 120.2998977, 14.8108487 ], [ 120.2997654, 14.8112102 ], [ 120.2984789, 14.8117412 ], [ 120.2980985, 14.8120249 ], [ 120.2978714, 14.8122803 ], [ 120.2975082, 14.8124193 ] ] ] } },
{ "type": "Feature", "properties": { "contextFeatureId": "PHL-S-001::landuse::way::829332633", "projectId": "PHL-S-001", "projectName": "Olongapo Solar Power Project", "countryCode": "PHL", "osmType": "way", "osmId": 829332633, "highway": null, "place": null, "power": null, "landuse": "forest", "name": null, "voltage": null, "circuits": null, "cables": null, "frequency": null, "substationTag": null, "lineTag": null, "operator": null, "location": null }, "geometry": { "type": "Polygon", "coordinates": [ [ [ 120.2985425, 14.8162924 ], [ 120.2985147, 14.8162297 ], [ 120.2981874, 14.8151601 ], [ 120.2982961, 14.8151471 ], [ 120.2985844, 14.8161247 ], [ 120.2986149, 14.8162431 ], [ 120.3000462, 14.8162407 ], [ 120.3000453, 14.8162933 ], [ 120.2985425, 14.8162924 ] ] ] } },
{ "type": "Feature", "properties": { "contextFeatureId": "PHL-S-001::landuse::way::829332637", "projectId": "PHL-S-001", "projectName": "Olongapo Solar Power Project", "countryCode": "PHL", "osmType": "way", "osmId": 829332637, "highway": null, "place": null, "power": null, "landuse": "industrial", "name": null, "voltage": null, "circuits": null, "cables": null, "frequency": null, "substationTag": null, "lineTag": null, "operator": null, "location": null }, "geometry": { "type": "Polygon", "coordinates": [ [ [ 120.2986149, 14.8162431 ], [ 120.2985844, 14.8161247 ], [ 120.2982961, 14.8151471 ], [ 120.2984034, 14.8151341 ], [ 120.2988875, 14.815116 ], [ 120.2989277, 14.8150771 ], [ 120.2988513, 14.8143523 ], [ 120.2981016, 14.8145001 ], [ 120.2979031, 14.8138052 ], [ 120.297828, 14.8137624 ], [ 120.297767, 14.8137566 ], [ 120.2977388, 14.8136658 ], [ 120.2978347, 14.8135718 ], [ 120.2975973, 14.8127382 ], [ 120.2995017, 14.8123051 ], [ 120.2995862, 14.8123972 ], [ 120.2997579, 14.8124205 ], [ 120.2998531, 14.8127265 ], [ 120.2992308, 14.812908 ], [ 120.2996238, 14.8141916 ], [ 120.2989626, 14.8143328 ], [ 120.2990364, 14.8150862 ], [ 120.2990605, 14.8151212 ], [ 120.3001119, 14.8151523 ], [ 120.3002071, 14.8151769 ], [ 120.3002742, 14.8152184 ], [ 120.3004539, 14.815387 ], [ 120.3006323, 14.8156216 ], [ 120.3007033, 14.8157111 ], [ 120.3008804, 14.8159315 ], [ 120.3008375, 14.8159963 ], [ 120.3006926, 14.8161182 ], [ 120.3006041, 14.816135 ], [ 120.3004386, 14.8161245 ], [ 120.300048, 14.8161257 ], [ 120.3000462, 14.8162407 ], [ 120.2986149, 14.8162431 ] ] ] } },
{ "type": "Feature", "properties": { "contextFeatureId": "PHL-S-001::landuse::way::829332652", "projectId": "PHL-S-001", "projectName": "Olongapo Solar Power Project", "countryCode": "PHL", "osmType": "way", "osmId": 829332652, "highway": null, "place": null, "power": null, "landuse": "commercial", "name": null, "voltage": null, "circuits": null, "cables": null, "frequency": null, "substationTag": null, "lineTag": null, "operator": null, "location": null }, "geometry": { "type": "Polygon", "coordinates": [ [ [ 120.2990901, 14.8216308 ], [ 120.2991998, 14.8218466 ], [ 120.2995015, 14.8217024 ], [ 120.2993909, 14.8214937 ], [ 120.2990901, 14.8216308 ] ] ] } },
{ "type": "Feature", "properties": { "contextFeatureId": "PHL-S-001::landuse::way::829368349", "projectId": "PHL-S-001", "projectName": "Olongapo Solar Power Project", "countryCode": "PHL", "osmType": "way", "osmId": 829368349, "highway": null, "place": null, "power": null, "landuse": "commercial", "name": "La Terraza", "voltage": null, "circuits": null, "cables": null, "frequency": null, "substationTag": null, "lineTag": null, "operator": null, "location": null }, "geometry": { "type": "Polygon", "coordinates": [ [ [ 120.3005697, 14.8239589 ], [ 120.3008814, 14.8238147 ], [ 120.3006423, 14.8233533 ], [ 120.3005877, 14.8233779 ], [ 120.3004904, 14.8231844 ], [ 120.300236, 14.8233056 ], [ 120.3005697, 14.8239589 ] ] ] } },
{ "type": "Feature", "properties": { "contextFeatureId": "PHL-S-001::landuse::way::829368353", "projectId": "PHL-S-001", "projectName": "Olongapo Solar Power Project", "countryCode": "PHL", "osmType": "way", "osmId": 829368353, "highway": null, "place": null, "power": null, "landuse": "retail", "name": null, "voltage": null, "circuits": null, "cables": null, "frequency": null, "substationTag": null, "lineTag": null, "operator": null, "location": null }, "geometry": { "type": "Polygon", "coordinates": [ [ [ 120.3007282, 14.8225008 ], [ 120.3006192, 14.8225552 ], [ 120.3004121, 14.8226585 ], [ 120.3002689, 14.8227299 ], [ 120.3000563, 14.822836 ], [ 120.2998417, 14.8229403 ], [ 120.2997686, 14.8230162 ], [ 120.2997404, 14.8230642 ], [ 120.2997378, 14.8231225 ], [ 120.2997458, 14.8231867 ], [ 120.2998707, 14.8234441 ], [ 120.300002, 14.8233831 ], [ 120.3000151, 14.8234089 ], [ 120.300236, 14.8233056 ], [ 120.3004904, 14.8231844 ], [ 120.3004452, 14.8230914 ], [ 120.3006001, 14.8230194 ], [ 120.3005377, 14.8228982 ], [ 120.3007677, 14.8227893 ], [ 120.3006973, 14.8226535 ], [ 120.3007811, 14.8226136 ], [ 120.3007282, 14.8225008 ] ] ] } },
{ "type": "Feature", "properties": { "contextFeatureId": "PHL-S-001::landuse::way::829368354", "projectId": "PHL-S-001", "projectName": "Olongapo Solar Power Project", "countryCode": "PHL", "osmType": "way", "osmId": 829368354, "highway": null, "place": null, "power": null, "landuse": "industrial", "name": null, "voltage": null, "circuits": null, "cables": null, "frequency": null, "substationTag": null, "lineTag": null, "operator": null, "location": null }, "geometry": { "type": "Polygon", "coordinates": [ [ [ 120.3006001, 14.8230194 ], [ 120.3005377, 14.8228982 ], [ 120.3007677, 14.8227893 ], [ 120.3006973, 14.8226535 ], [ 120.3007811, 14.8226136 ], [ 120.3007282, 14.8225008 ], [ 120.3017762, 14.8219874 ], [ 120.3020927, 14.8218772 ], [ 120.302222, 14.8221155 ], [ 120.3022454, 14.8221586 ], [ 120.3020179, 14.8222717 ], [ 120.3018965, 14.822332 ], [ 120.3019264, 14.8223882 ], [ 120.3018412, 14.8224304 ], [ 120.3018396, 14.8224205 ], [ 120.3015491, 14.8225625 ], [ 120.3010389, 14.8228099 ], [ 120.3006001, 14.8230194 ] ] ] } },
{ "type": "Feature", "properties": { "contextFeatureId": "PHL-S-001::landuse::way::829368356", "projectId": "PHL-S-001", "projectName": "Olongapo Solar Power Project", "countryCode": "PHL", "osmType": "way", "osmId": 829368356, "highway": null, "place": null, "power": null, "landuse": "commercial", "name": null, "voltage": null, "circuits": null, "cables": null, "frequency": null, "substationTag": null, "lineTag": null, "operator": null, "location": null }, "geometry": { "type": "Polygon", "coordinates": [ [ [ 120.3022454, 14.8221586 ], [ 120.3024106, 14.8224632 ], [ 120.3024119, 14.822506 ], [ 120.302202, 14.8226143 ], [ 120.3024267, 14.8230577 ], [ 120.3021194, 14.8232082 ], [ 120.3018828, 14.8227565 ], [ 120.3006423, 14.8233533 ], [ 120.3005877, 14.8233779 ], [ 120.3004904, 14.8231844 ], [ 120.3004452, 14.8230914 ], [ 120.3006001, 14.8230194 ], [ 120.3010389, 14.8228099 ], [ 120.3015491, 14.8225625 ], [ 120.3018396, 14.8224205 ], [ 120.3018412, 14.8224304 ], [ 120.3019264, 14.8223882 ], [ 120.3018965, 14.822332 ], [ 120.3020179, 14.8222717 ], [ 120.3022454, 14.8221586 ] ] ] } },
{ "type": "Feature", "properties": { "contextFeatureId": "PHL-S-001::landuse::way::829368363", "projectId": "PHL-S-001", "projectName": "Olongapo Solar Power Project", "countryCode": "PHL", "osmType": "way", "osmId": 829368363, "highway": null, "place": null, "power": null, "landuse": "village_green", "name": null, "voltage": null, "circuits": null, "cables": null, "frequency": null, "substationTag": null, "lineTag": null, "operator": null, "location": null }, "geometry": { "type": "Polygon", "coordinates": [ [ [ 120.3003004, 14.8243421 ], [ 120.3004532, 14.8242699 ], [ 120.3004016, 14.824161 ], [ 120.3002465, 14.824237 ], [ 120.3003004, 14.8243421 ] ] ] } },
{ "type": "Feature", "properties": { "contextFeatureId": "PHL-S-001::landuse::way::829370748", "projectId": "PHL-S-001", "projectName": "Olongapo Solar Power Project", "countryCode": "PHL", "osmType": "way", "osmId": 829370748, "highway": null, "place": null, "power": null, "landuse": "retail", "name": null, "voltage": null, "circuits": null, "cables": null, "frequency": null, "substationTag": null, "lineTag": null, "operator": null, "location": null }, "geometry": { "type": "Polygon", "coordinates": [ [ [ 120.2998707, 14.8234441 ], [ 120.3000811, 14.8238779 ], [ 120.30011, 14.8238686 ], [ 120.3001939, 14.8240338 ], [ 120.3002311, 14.8240162 ], [ 120.3003046, 14.8239815 ], [ 120.3000151, 14.8234089 ], [ 120.300002, 14.8233831 ], [ 120.2998707, 14.8234441 ] ] ] } },
{ "type": "Feature", "properties": { "contextFeatureId": "PHL-S-001::landuse::way::829409598", "projectId": "PHL-S-001", "projectName": "Olongapo Solar Power Project", "countryCode": "PHL", "osmType": "way", "osmId": 829409598, "highway": null, "place": null, "power": null, "landuse": "grass", "name": null, "voltage": null, "circuits": null, "cables": null, "frequency": null, "substationTag": null, "lineTag": null, "operator": null, "location": null }, "geometry": { "type": "Polygon", "coordinates": [ [ [ 120.2976792, 14.819458 ], [ 120.2977481, 14.8194299 ], [ 120.2978499, 14.819352 ], [ 120.2979171, 14.8192951 ], [ 120.2979844, 14.8191563 ], [ 120.2981673, 14.81843 ], [ 120.2983355, 14.8178616 ], [ 120.2983739, 14.8176132 ], [ 120.2984133, 14.8173223 ], [ 120.2984181, 14.8171558 ], [ 120.2984264, 14.8169883 ], [ 120.2983528, 14.816995 ], [ 120.2981567, 14.8170214 ], [ 120.2979669, 14.8170292 ], [ 120.2978032, 14.8171474 ], [ 120.2977753, 14.8172601 ], [ 120.2979152, 14.8172293 ], [ 120.2981445, 14.8170815 ], [ 120.2982129, 14.817075 ], [ 120.2982639, 14.8171515 ], [ 120.2982894, 14.8172475 ], [ 120.2982986, 14.8174185 ], [ 120.2977958, 14.8191909 ], [ 120.2976792, 14.819458 ] ] ] } },
{ "type": "Feature", "properties": { "contextFeatureId": "PHL-S-001::landuse::way::829409600", "projectId": "PHL-S-001", "projectName": "Olongapo Solar Power Project", "countryCode": "PHL", "osmType": "way", "osmId": 829409600, "highway": null, "place": null, "power": null, "landuse": "industrial", "name": "NSD Compound", "voltage": null, "circuits": null, "cables": null, "frequency": null, "substationTag": null, "lineTag": null, "operator": null, "location": null }, "geometry": { "type": "Polygon", "coordinates": [ [ [ 120.2919453, 14.8200284 ], [ 120.2920318, 14.8212705 ], [ 120.2921659, 14.8235886 ], [ 120.2977449, 14.8232982 ], [ 120.2981095, 14.823231 ], [ 120.2980589, 14.8227279 ], [ 120.2979547, 14.8214205 ], [ 120.2979309, 14.8211006 ], [ 120.2979178, 14.8209148 ], [ 120.2978615, 14.8201166 ], [ 120.2976979, 14.8197938 ], [ 120.2976914, 14.819677 ], [ 120.2976792, 14.819458 ], [ 120.2970388, 14.8194878 ], [ 120.2968825, 14.8194956 ], [ 120.2966593, 14.8195856 ], [ 120.2925583, 14.8199913 ], [ 120.2919453, 14.8200284 ] ] ] } },
{ "type": "Feature", "properties": { "contextFeatureId": "PHL-S-001::landuse::way::829409604", "projectId": "PHL-S-001", "projectName": "Olongapo Solar Power Project", "countryCode": "PHL", "osmType": "way", "osmId": 829409604, "highway": null, "place": null, "power": null, "landuse": "commercial", "name": null, "voltage": null, "circuits": null, "cables": null, "frequency": null, "substationTag": null, "lineTag": null, "operator": null, "location": null }, "geometry": { "type": "Polygon", "coordinates": [ [ [ 120.2979178, 14.8209148 ], [ 120.298351, 14.8209036 ], [ 120.2984436, 14.8210825 ], [ 120.2979309, 14.8211006 ], [ 120.2979178, 14.8209148 ] ] ] } },
{ "type": "Feature", "properties": { "contextFeatureId": "PHL-S-001::landuse::way::829409618", "projectId": "PHL-S-001", "projectName": "Olongapo Solar Power Project", "countryCode": "PHL", "osmType": "way", "osmId": 829409618, "highway": null, "place": null, "power": null, "landuse": "village_green", "name": null, "voltage": null, "circuits": null, "cables": null, "frequency": null, "substationTag": null, "lineTag": null, "operator": null, "location": null }, "geometry": { "type": "Polygon", "coordinates": [ [ [ 120.3002759, 14.8240949 ], [ 120.3002279, 14.8241156 ], [ 120.3001857, 14.8240936 ], [ 120.3000811, 14.8238779 ], [ 120.30011, 14.8238686 ], [ 120.3001939, 14.8240338 ], [ 120.3002311, 14.8240162 ], [ 120.3002759, 14.8240949 ] ] ] } },
{ "type": "Feature", "properties": { "contextFeatureId": "PHL-S-001::landuse::way::829409634", "projectId": "PHL-S-001", "projectName": "Olongapo Solar Power Project", "countryCode": "PHL", "osmType": "way", "osmId": 829409634, "highway": null, "place": null, "power": null, "landuse": "industrial", "name": null, "voltage": null, "circuits": null, "cables": null, "frequency": null, "substationTag": null, "lineTag": null, "operator": null, "location": null }, "geometry": { "type": "Polygon", "coordinates": [ [ [ 120.3013422, 14.8251465 ], [ 120.3008844, 14.8253596 ], [ 120.3006188, 14.824818 ], [ 120.3010586, 14.8246111 ], [ 120.3013422, 14.8251465 ] ] ] } },
{ "type": "Feature", "properties": { "contextFeatureId": "PHL-S-001::landuse::way::829409635", "projectId": "PHL-S-001", "projectName": "Olongapo Solar Power Project", "countryCode": "PHL", "osmType": "way", "osmId": 829409635, "highway": null, "place": null, "power": null, "landuse": "industrial", "name": null, "voltage": null, "circuits": null, "cables": null, "frequency": null, "substationTag": null, "lineTag": null, "operator": null, "location": null }, "geometry": { "type": "Polygon", "coordinates": [ [ [ 120.3010586, 14.8246111 ], [ 120.3012321, 14.8245295 ], [ 120.3015026, 14.825073 ], [ 120.3013422, 14.8251465 ], [ 120.3010586, 14.8246111 ] ] ] } },
{ "type": "Feature", "properties": { "contextFeatureId": "PHL-S-001::landuse::way::829409649", "projectId": "PHL-S-001", "projectName": "Olongapo Solar Power Project", "countryCode": "PHL", "osmType": "way", "osmId": 829409649, "highway": null, "place": null, "power": null, "landuse": "commercial", "name": null, "voltage": null, "circuits": null, "cables": null, "frequency": null, "substationTag": null, "lineTag": null, "operator": null, "location": null }, "geometry": { "type": "Polygon", "coordinates": [ [ [ 120.3020753, 14.823914 ], [ 120.3025635, 14.8236832 ], [ 120.3023382, 14.8232515 ], [ 120.3021088, 14.823363 ], [ 120.3022463, 14.823621 ], [ 120.3019908, 14.8237429 ], [ 120.3020753, 14.823914 ] ] ] } },
{ "type": "Feature", "properties": { "contextFeatureId": "PHL-S-001::landuse::way::829431795", "projectId": "PHL-S-001", "projectName": "Olongapo Solar Power Project", "countryCode": "PHL", "osmType": "way", "osmId": 829431795, "highway": null, "place": null, "power": null, "landuse": "forest", "name": null, "voltage": null, "circuits": null, "cables": null, "frequency": null, "substationTag": null, "lineTag": null, "operator": null, "location": null }, "geometry": { "type": "Polygon", "coordinates": [ [ [ 120.297767, 14.8137566 ], [ 120.2980064, 14.81453 ], [ 120.2981874, 14.8151601 ], [ 120.2982961, 14.8151471 ], [ 120.2984034, 14.8151341 ], [ 120.2988875, 14.815116 ], [ 120.2989277, 14.8150771 ], [ 120.2988513, 14.8143523 ], [ 120.2981016, 14.8145001 ], [ 120.2979031, 14.8138052 ], [ 120.297828, 14.8137624 ], [ 120.297767, 14.8137566 ] ] ] } },
{ "type": "Feature", "properties": { "contextFeatureId": "PHL-S-001::landuse::way::829435448", "projectId": "PHL-S-001", "projectName": "Olongapo Solar Power Project", "countryCode": "PHL", "osmType": "way", "osmId": 829435448, "highway": null, "place": null, "power": null, "landuse": "forest", "name": null, "voltage": null, "circuits": null, "cables": null, "frequency": null, "substationTag": null, "lineTag": null, "operator": null, "location": null }, "geometry": { "type": "Polygon", "coordinates": [ [ [ 120.303266, 14.8149428 ], [ 120.3032702, 14.8146946 ], [ 120.3033185, 14.808702 ], [ 120.3029644, 14.8088187 ], [ 120.3026158, 14.8089847 ], [ 120.3021061, 14.8090988 ], [ 120.3013122, 14.8094981 ], [ 120.3006738, 14.8097055 ], [ 120.3001481, 14.8100219 ], [ 120.2996063, 14.8105769 ], [ 120.2990699, 14.8108984 ], [ 120.298622, 14.8110695 ], [ 120.2977341, 14.8114092 ], [ 120.297714, 14.8116023 ], [ 120.2977033, 14.8118799 ], [ 120.2976564, 14.8120367 ], [ 120.2977623, 14.812005 ], [ 120.2979895, 14.8118849 ], [ 120.2983865, 14.8115888 ], [ 120.299621, 14.8110792 ], [ 120.2997295, 14.8107829 ], [ 120.2998331, 14.8105641 ], [ 120.3000299, 14.810459 ], [ 120.3007825, 14.8104136 ], [ 120.3011769, 14.8104907 ], [ 120.3012458, 14.8105829 ], [ 120.3013514, 14.8107243 ], [ 120.301533, 14.8113413 ], [ 120.3014635, 14.8116269 ], [ 120.3012767, 14.8118435 ], [ 120.3006018, 14.8122869 ], [ 120.3003216, 14.812614 ], [ 120.3003146, 14.8127884 ], [ 120.3003177, 14.8128802 ], [ 120.3008437, 14.8133888 ], [ 120.3009878, 14.8137819 ], [ 120.3008862, 14.8140009 ], [ 120.300635, 14.8142656 ], [ 120.3006004, 14.8143654 ], [ 120.3006543, 14.8145998 ], [ 120.3007276, 14.8147383 ], [ 120.3008584, 14.8147985 ], [ 120.3011417, 14.8146264 ], [ 120.3019109, 14.814069 ], [ 120.3023354, 14.81382 ], [ 120.3026498, 14.8139259 ], [ 120.3028689, 14.8142597 ], [ 120.3029735, 14.8148252 ], [ 120.3031136, 14.8149389 ], [ 120.303266, 14.8149428 ] ] ] } },
{ "type": "Feature", "properties": { "contextFeatureId": "PHL-S-001::landuse::way::897842620", "projectId": "PHL-S-001", "projectName": "Olongapo Solar Power Project", "countryCode": "PHL", "osmType": "way", "osmId": 897842620, "highway": null, "place": null, "power": null, "landuse": "religious", "name": "Iglesia ni Cristo", "voltage": null, "circuits": null, "cables": null, "frequency": null, "substationTag": null, "lineTag": null, "operator": null, "location": null }, "geometry": { "type": "Polygon", "coordinates": [ [ [ 120.2783009, 14.8369318 ], [ 120.2784154, 14.8370988 ], [ 120.2785349, 14.8372737 ], [ 120.2785818, 14.8373424 ], [ 120.2779166, 14.8377482 ], [ 120.27769, 14.8374098 ], [ 120.2780776, 14.8372147 ], [ 120.2780487, 14.837168 ], [ 120.2780682, 14.8371116 ], [ 120.2781084, 14.8370692 ], [ 120.2783009, 14.8369318 ] ] ] } },
{ "type": "Feature", "properties": { "contextFeatureId": "PHL-S-001::landuse::way::993182972", "projectId": "PHL-S-001", "projectName": "Olongapo Solar Power Project", "countryCode": "PHL", "osmType": "way", "osmId": 993182972, "highway": null, "place": null, "power": null, "landuse": "commercial", "name": null, "voltage": null, "circuits": null, "cables": null, "frequency": null, "substationTag": null, "lineTag": null, "operator": null, "location": null }, "geometry": { "type": "Polygon", "coordinates": [ [ [ 120.2832261, 14.8148268 ], [ 120.2834795, 14.8152279 ], [ 120.282953, 14.815564 ], [ 120.2826924, 14.8151403 ], [ 120.2832261, 14.8148268 ] ] ] } },
{ "type": "Feature", "properties": { "contextFeatureId": "PHL-S-001::landuse::way::1017338068", "projectId": "PHL-S-001", "projectName": "Olongapo Solar Power Project", "countryCode": "PHL", "osmType": "way", "osmId": 1017338068, "highway": null, "place": null, "power": null, "landuse": "commercial", "name": "Isuzu Subic", "voltage": null, "circuits": null, "cables": null, "frequency": null, "substationTag": null, "lineTag": null, "operator": null, "location": null }, "geometry": { "type": "Polygon", "coordinates": [ [ [ 120.3023176, 14.8210398 ], [ 120.3022022, 14.8211806 ], [ 120.301831, 14.8215685 ], [ 120.3017199, 14.8213535 ], [ 120.3013047, 14.8205032 ], [ 120.3019291, 14.8202463 ], [ 120.3023176, 14.8210398 ] ] ] } },
{ "type": "Feature", "properties": { "contextFeatureId": "PHL-S-001::landuse::way::1024770822", "projectId": "PHL-S-001", "projectName": "Olongapo Solar Power Project", "countryCode": "PHL", "osmType": "way", "osmId": 1024770822, "highway": null, "place": null, "power": null, "landuse": "industrial", "name": null, "voltage": null, "circuits": null, "cables": null, "frequency": null, "substationTag": null, "lineTag": null, "operator": null, "location": null }, "geometry": { "type": "Polygon", "coordinates": [ [ [ 120.2679844, 14.8253181 ], [ 120.2678329, 14.8252506 ], [ 120.2679254, 14.8250756 ], [ 120.267971, 14.8247852 ], [ 120.2683465, 14.8247373 ], [ 120.2684505, 14.8248831 ], [ 120.2684629, 14.8249638 ], [ 120.2684615, 14.8250484 ], [ 120.2683797, 14.8251508 ], [ 120.2681822, 14.8251677 ], [ 120.2679844, 14.8253181 ] ] ] } },
{ "type": "Feature", "properties": { "contextFeatureId": "PHL-S-001::landuse::way::1024772864", "projectId": "PHL-S-001", "projectName": "Olongapo Solar Power Project", "countryCode": "PHL", "osmType": "way", "osmId": 1024772864, "highway": null, "place": null, "power": null, "landuse": "industrial", "name": null, "voltage": null, "circuits": null, "cables": null, "frequency": null, "substationTag": null, "lineTag": null, "operator": null, "location": null }, "geometry": { "type": "Polygon", "coordinates": [ [ [ 120.2553176, 14.8511777 ], [ 120.2548338, 14.8501433 ], [ 120.2555021, 14.8499883 ], [ 120.2557543, 14.8510044 ], [ 120.2553176, 14.8511777 ] ] ] } },
{ "type": "Feature", "properties": { "contextFeatureId": "PHL-S-001::landuse::way::1024776892", "projectId": "PHL-S-001", "projectName": "Olongapo Solar Power Project", "countryCode": "PHL", "osmType": "way", "osmId": 1024776892, "highway": null, "place": null, "power": null, "landuse": "residential", "name": null, "voltage": null, "circuits": null, "cables": null, "frequency": null, "substationTag": null, "lineTag": null, "operator": null, "location": null }, "geometry": { "type": "Polygon", "coordinates": [ [ [ 120.2608293, 14.8629006 ], [ 120.2605998, 14.863039 ], [ 120.2604966, 14.8628633 ], [ 120.260683, 14.86271 ], [ 120.2608293, 14.8629006 ] ] ] } },
{ "type": "Feature", "properties": { "contextFeatureId": "PHL-S-001::landuse::way::1024776893", "projectId": "PHL-S-001", "projectName": "Olongapo Solar Power Project", "countryCode": "PHL", "osmType": "way", "osmId": 1024776893, "highway": null, "place": null, "power": null, "landuse": "residential", "name": null, "voltage": null, "circuits": null, "cables": null, "frequency": null, "substationTag": null, "lineTag": null, "operator": null, "location": null }, "geometry": { "type": "Polygon", "coordinates": [ [ [ 120.2602932, 14.8621888 ], [ 120.2601114, 14.8623005 ], [ 120.2599574, 14.8620905 ], [ 120.2601407, 14.8619759 ], [ 120.2602932, 14.8621888 ] ] ] } },
{ "type": "Feature", "properties": { "contextFeatureId": "PHL-S-001::landuse::way::1024776894", "projectId": "PHL-S-001", "projectName": "Olongapo Solar Power Project", "countryCode": "PHL", "osmType": "way", "osmId": 1024776894, "highway": null, "place": null, "power": null, "landuse": "residential", "name": null, "voltage": null, "circuits": null, "cables": null, "frequency": null, "substationTag": null, "lineTag": null, "operator": null, "location": null }, "geometry": { "type": "Polygon", "coordinates": [ [ [ 120.2600573, 14.8618954 ], [ 120.2598388, 14.8620507 ], [ 120.2596812, 14.8618601 ], [ 120.2599201, 14.861698 ], [ 120.2600573, 14.8618954 ] ] ] } },
{ "type": "Feature", "properties": { "contextFeatureId": "PHL-S-001::landuse::way::1025441937", "projectId": "PHL-S-001", "projectName": "Olongapo Solar Power Project", "countryCode": "PHL", "osmType": "way", "osmId": 1025441937, "highway": null, "place": null, "power": null, "landuse": "residential", "name": null, "voltage": null, "circuits": null, "cables": null, "frequency": null, "substationTag": null, "lineTag": null, "operator": null, "location": null }, "geometry": { "type": "Polygon", "coordinates": [ [ [ 120.2574563, 14.8553298 ], [ 120.2576714, 14.8552431 ], [ 120.2576109, 14.8551059 ], [ 120.2575017, 14.8551523 ], [ 120.2574095, 14.8551839 ], [ 120.2574563, 14.8553298 ] ] ] } },
{ "type": "Feature", "properties": { "contextFeatureId": "PHL-S-001::landuse::way::1025441938", "projectId": "PHL-S-001", "projectName": "Olongapo Solar Power Project", "countryCode": "PHL", "osmType": "way", "osmId": 1025441938, "highway": null, "place": null, "power": null, "landuse": "residential", "name": null, "voltage": null, "circuits": null, "cables": null, "frequency": null, "substationTag": null, "lineTag": null, "operator": null, "location": null }, "geometry": { "type": "Polygon", "coordinates": [ [ [ 120.2571624, 14.8557237 ], [ 120.257128, 14.8556136 ], [ 120.2571887, 14.8555944 ], [ 120.2572296, 14.8557011 ], [ 120.2571624, 14.8557237 ] ] ] } },
{ "type": "Feature", "properties": { "contextFeatureId": "PHL-S-001::landuse::way::1025725196", "projectId": "PHL-S-001", "projectName": "Olongapo Solar Power Project", "countryCode": "PHL", "osmType": "way", "osmId": 1025725196, "highway": null, "place": null, "power": null, "landuse": "residential", "name": null, "voltage": null, "circuits": null, "cables": null, "frequency": null, "substationTag": null, "lineTag": null, "operator": null, "location": null }, "geometry": { "type": "Polygon", "coordinates": [ [ [ 120.2607887, 14.8661236 ], [ 120.2606533, 14.8661672 ], [ 120.2605668, 14.8661899 ], [ 120.2602808, 14.866222 ], [ 120.2601691, 14.8658902 ], [ 120.2605173, 14.8657528 ], [ 120.2606279, 14.8659453 ], [ 120.2607887, 14.8661236 ] ] ] } },
{ "type": "Feature", "properties": { "contextFeatureId": "PHL-S-001::landuse::way::1025725908", "projectId": "PHL-S-001", "projectName": "Olongapo Solar Power Project", "countryCode": "PHL", "osmType": "way", "osmId": 1025725908, "highway": null, "place": null, "power": null, "landuse": "residential", "name": null, "voltage": null, "circuits": null, "cables": null, "frequency": null, "substationTag": null, "lineTag": null, "operator": null, "location": null }, "geometry": { "type": "Polygon", "coordinates": [ [ [ 120.2590157, 14.8635757 ], [ 120.258694, 14.8637091 ], [ 120.2582607, 14.8638941 ], [ 120.2580954, 14.8639831 ], [ 120.2582705, 14.8642945 ], [ 120.2584993, 14.8643803 ], [ 120.2587567, 14.8644142 ], [ 120.2588851, 14.8644412 ], [ 120.2590394, 14.8644873 ], [ 120.2591996, 14.8643027 ], [ 120.2592289, 14.8643023 ], [ 120.2593002, 14.8642586 ], [ 120.2593344, 14.8642426 ], [ 120.2594408, 14.8641709 ], [ 120.2593255, 14.8640069 ], [ 120.2590157, 14.8635757 ] ] ] } },
{ "type": "Feature", "properties": { "contextFeatureId": "PHL-S-001::landuse::way::1125446124", "projectId": "PHL-S-001", "projectName": "Olongapo Solar Power Project", "countryCode": "PHL", "osmType": "way", "osmId": 1125446124, "highway": null, "place": null, "power": null, "landuse": "grass", "name": null, "voltage": null, "circuits": null, "cables": null, "frequency": null, "substationTag": null, "lineTag": null, "operator": null, "location": null }, "geometry": { "type": "Polygon", "coordinates": [ [ [ 120.2981532, 14.8195995 ], [ 120.2981432, 14.8196401 ], [ 120.2981208, 14.8196766 ], [ 120.2980941, 14.8197065 ], [ 120.2980557, 14.819741 ], [ 120.2980075, 14.819761 ], [ 120.2979551, 14.819768 ], [ 120.2979067, 14.8197611 ], [ 120.297864, 14.8197397 ], [ 120.2978336, 14.8197036 ], [ 120.297822, 14.819658 ], [ 120.2978237, 14.8196099 ], [ 120.2978534, 14.8195577 ], [ 120.2978923, 14.8195216 ], [ 120.2979395, 14.8194977 ], [ 120.2979952, 14.8194818 ], [ 120.2980606, 14.8194802 ], [ 120.2981093, 14.8194985 ], [ 120.2981326, 14.8195209 ], [ 120.29815, 14.8195531 ], [ 120.2981532, 14.8195995 ] ] ] } },
{ "type": "Feature", "properties": { "contextFeatureId": "PHL-S-001::landuse::way::1125446138", "projectId": "PHL-S-001", "projectName": "Olongapo Solar Power Project", "countryCode": "PHL", "osmType": "way", "osmId": 1125446138, "highway": null, "place": null, "power": null, "landuse": "grass", "name": null, "voltage": null, "circuits": null, "cables": null, "frequency": null, "substationTag": null, "lineTag": null, "operator": null, "location": null }, "geometry": { "type": "Polygon", "coordinates": [ [ [ 120.2980049, 14.8055872 ], [ 120.2980201, 14.8055813 ], [ 120.2980577, 14.805578 ], [ 120.2981003, 14.8055964 ], [ 120.2981289, 14.8056301 ], [ 120.2981317, 14.8056556 ], [ 120.298107, 14.8056935 ], [ 120.2978843, 14.8059506 ], [ 120.2978607, 14.8059766 ], [ 120.2978434, 14.8059918 ], [ 120.2978282, 14.8059945 ], [ 120.2978097, 14.8059902 ], [ 120.2977912, 14.8059799 ], [ 120.2977856, 14.8059685 ], [ 120.2977856, 14.8059495 ], [ 120.2978046, 14.8059159 ], [ 120.2980049, 14.8055872 ] ] ] } },
{ "type": "Feature", "properties": { "contextFeatureId": "PHL-S-001::landuse::way::1125601472", "projectId": "PHL-S-001", "projectName": "Olongapo Solar Power Project", "countryCode": "PHL", "osmType": "way", "osmId": 1125601472, "highway": null, "place": null, "power": null, "landuse": "grass", "name": null, "voltage": null, "circuits": null, "cables": null, "frequency": null, "substationTag": null, "lineTag": null, "operator": null, "location": null }, "geometry": { "type": "Polygon", "coordinates": [ [ [ 120.303169, 14.8216958 ], [ 120.3031617, 14.8217011 ], [ 120.3031547, 14.8217015 ], [ 120.3031485, 14.821696 ], [ 120.3031171, 14.8216486 ], [ 120.303081, 14.8216121 ], [ 120.3030331, 14.8215735 ], [ 120.3029858, 14.8215442 ], [ 120.302946, 14.8215259 ], [ 120.3029085, 14.8215101 ], [ 120.302857, 14.8214987 ], [ 120.3027991, 14.8214892 ], [ 120.3027356, 14.8214881 ], [ 120.3026831, 14.8214906 ], [ 120.3026228, 14.8215022 ], [ 120.3025529, 14.8215201 ], [ 120.3025199, 14.8215287 ], [ 120.3025026, 14.82153 ], [ 120.3024919, 14.821523 ], [ 120.3024915, 14.8215149 ], [ 120.3024982, 14.8215035 ], [ 120.3028709, 14.8210747 ], [ 120.3028828, 14.8210709 ], [ 120.3028982, 14.8210711 ], [ 120.3029151, 14.821084 ], [ 120.303002, 14.821162 ], [ 120.3030631, 14.8212242 ], [ 120.303109, 14.8212836 ], [ 120.3031334, 14.8213322 ], [ 120.3031521, 14.8213961 ], [ 120.3031617, 14.8214667 ], [ 120.3031659, 14.8215615 ], [ 120.303169, 14.8216958 ] ] ] } },
{ "type": "Feature", "properties": { "contextFeatureId": "PHL-S-001::landuse::way::1125601473", "projectId": "PHL-S-001", "projectName": "Olongapo Solar Power Project", "countryCode": "PHL", "osmType": "way", "osmId": 1125601473, "highway": null, "place": null, "power": null, "landuse": "grass", "name": null, "voltage": null, "circuits": null, "cables": null, "frequency": null, "substationTag": null, "lineTag": null, "operator": null, "location": null }, "geometry": { "type": "Polygon", "coordinates": [ [ [ 120.3032288, 14.8206151 ], [ 120.3032795, 14.8205118 ], [ 120.3032891, 14.8204846 ], [ 120.303299, 14.8204785 ], [ 120.3033113, 14.8204793 ], [ 120.3033212, 14.8204899 ], [ 120.3033221, 14.8205218 ], [ 120.3033362, 14.8208714 ], [ 120.3033439, 14.8212126 ], [ 120.3033443, 14.8212271 ], [ 120.3033389, 14.8212354 ], [ 120.3033289, 14.8212394 ], [ 120.3033208, 14.8212385 ], [ 120.3033135, 14.821231 ], [ 120.3032986, 14.8211942 ], [ 120.3032492, 14.8211154 ], [ 120.303149, 14.8210125 ], [ 120.3030901, 14.8209594 ], [ 120.3030349, 14.8209073 ], [ 120.3030276, 14.8208972 ], [ 120.3030276, 14.820885 ], [ 120.3030312, 14.8208701 ], [ 120.3030466, 14.8208486 ], [ 120.3032288, 14.8206151 ] ] ] } },
{ "type": "Feature", "properties": { "contextFeatureId": "PHL-S-001::landuse::way::1125601474", "projectId": "PHL-S-001", "projectName": "Olongapo Solar Power Project", "countryCode": "PHL", "osmType": "way", "osmId": 1125601474, "highway": null, "place": null, "power": null, "landuse": "grass", "name": null, "voltage": null, "circuits": null, "cables": null, "frequency": null, "substationTag": null, "lineTag": null, "operator": null, "location": null }, "geometry": { "type": "Polygon", "coordinates": [ [ [ 120.3029993, 14.8210444 ], [ 120.3029864, 14.8210301 ], [ 120.3029864, 14.8210167 ], [ 120.3030042, 14.8210086 ], [ 120.3030206, 14.8210162 ], [ 120.3031096, 14.8211009 ], [ 120.3031789, 14.8211745 ], [ 120.3032333, 14.8212688 ], [ 120.303262, 14.8213429 ], [ 120.3032799, 14.8214065 ], [ 120.3032912, 14.8214797 ], [ 120.3032912, 14.8215687 ], [ 120.3032981, 14.8220148 ], [ 120.3032973, 14.8226094 ], [ 120.3032924, 14.8231637 ], [ 120.3032924, 14.8239607 ], [ 120.3032907, 14.8246494 ], [ 120.3032948, 14.8252859 ], [ 120.3032924, 14.825516 ], [ 120.3032858, 14.8259532 ], [ 120.3032842, 14.8263051 ], [ 120.3032777, 14.8267091 ], [ 120.3032768, 14.8271614 ], [ 120.3032744, 14.8276224 ], [ 120.3032728, 14.8278184 ], [ 120.3032269, 14.8278177 ], [ 120.3032294, 14.8276239 ], [ 120.3032327, 14.8271669 ], [ 120.3032417, 14.827061 ], [ 120.3032466, 14.8269337 ], [ 120.3032466, 14.8267827 ], [ 120.3032507, 14.8265842 ], [ 120.3032515, 14.8263391 ], [ 120.3032548, 14.8260173 ], [ 120.3032548, 14.8256718 ], [ 120.3032548, 14.8254014 ], [ 120.3032548, 14.8250795 ], [ 120.3032564, 14.824802 ], [ 120.3032548, 14.8245616 ], [ 120.3032556, 14.8242628 ], [ 120.3032572, 14.823971 ], [ 120.3032548, 14.8237101 ], [ 120.3032556, 14.8234974 ], [ 120.3032588, 14.8231882 ], [ 120.3032638, 14.8226616 ], [ 120.3032629, 14.8223493 ], [ 120.3032597, 14.8219642 ], [ 120.3032523, 14.8215958 ], [ 120.3032507, 14.8215262 ], [ 120.3032392, 14.821444 ], [ 120.3032335, 14.821376 ], [ 120.3031991, 14.821289 ], [ 120.3031566, 14.8212194 ], [ 120.3030994, 14.8211459 ], [ 120.3029993, 14.8210444 ] ] ] } },
{ "type": "Feature", "properties": { "contextFeatureId": "PHL-S-001::landuse::way::1139489054", "projectId": "PHL-S-001", "projectName": "Olongapo Solar Power Project", "countryCode": "PHL", "osmType": "way", "osmId": 1139489054, "highway": null, "place": null, "power": null, "landuse": "retail", "name": "Aman Sinaya Water Station", "voltage": null, "circuits": null, "cables": null, "frequency": null, "substationTag": null, "lineTag": null, "operator": null, "location": null }, "geometry": { "type": "Polygon", "coordinates": [ [ [ 120.2893781, 14.8410615 ], [ 120.2894029, 14.8410339 ], [ 120.2894137, 14.8410433 ], [ 120.2893849, 14.8410857 ], [ 120.2893781, 14.8410615 ] ] ] } },
{ "type": "Feature", "properties": { "contextFeatureId": "PHL-S-001::landuse::way::1196827849", "projectId": "PHL-S-001", "projectName": "Olongapo Solar Power Project", "countryCode": "PHL", "osmType": "way", "osmId": 1196827849, "highway": null, "place": null, "power": null, "landuse": "garages", "name": null, "voltage": null, "circuits": null, "cables": null, "frequency": null, "substationTag": null, "lineTag": null, "operator": "Victory Liner", "location": null }, "geometry": { "type": "Polygon", "coordinates": [ [ [ 120.2833734, 14.8404837 ], [ 120.2832804, 14.8404103 ], [ 120.2836661, 14.8399541 ], [ 120.2837591, 14.8400275 ], [ 120.2833734, 14.8404837 ] ] ] } },
{ "type": "Feature", "properties": { "contextFeatureId": "PHL-S-001::landuse::way::1426314827", "projectId": "PHL-S-001", "projectName": "Olongapo Solar Power Project", "countryCode": "PHL", "osmType": "way", "osmId": 1426314827, "highway": null, "place": null, "power": null, "landuse": "construction", "name": "BBM Housing Project", "voltage": null, "circuits": null, "cables": null, "frequency": null, "substationTag": null, "lineTag": null, "operator": "Subic Bay Metropolitan Authority", "location": null }, "geometry": { "type": "Polygon", "coordinates": [ [ [ 120.2741895, 14.8264903 ], [ 120.2753473, 14.8257061 ], [ 120.2748826, 14.8248784 ], [ 120.2734476, 14.8257336 ], [ 120.2741895, 14.8264903 ] ] ] } },
{ "type": "Feature", "properties": { "contextFeatureId": "PHL-S-001::landuse::way::1426327415", "projectId": "PHL-S-001", "projectName": "Olongapo Solar Power Project", "countryCode": "PHL", "osmType": "way", "osmId": 1426327415, "highway": null, "place": null, "power": null, "landuse": "residential", "name": null, "voltage": null, "circuits": null, "cables": null, "frequency": null, "substationTag": null, "lineTag": null, "operator": null, "location": null }, "geometry": { "type": "Polygon", "coordinates": [ [ [ 120.2751068, 14.8334813 ], [ 120.2752207, 14.833424 ], [ 120.2753527, 14.833669 ], [ 120.2752389, 14.8337263 ], [ 120.2751068, 14.8334813 ] ] ] } },
{ "type": "Feature", "properties": { "contextFeatureId": "PHL-S-001::landuse::way::1426327535", "projectId": "PHL-S-001", "projectName": "Olongapo Solar Power Project", "countryCode": "PHL", "osmType": "way", "osmId": 1426327535, "highway": null, "place": null, "power": null, "landuse": "residential", "name": null, "voltage": null, "circuits": null, "cables": null, "frequency": null, "substationTag": null, "lineTag": null, "operator": null, "location": null }, "geometry": { "type": "Polygon", "coordinates": [ [ [ 120.2751245, 14.8337773 ], [ 120.2752172, 14.8337252 ], [ 120.2750771, 14.8334923 ], [ 120.2749845, 14.8335444 ], [ 120.2751245, 14.8337773 ] ] ] } },
{ "type": "Feature", "properties": { "contextFeatureId": "PHL-S-003::landuse::way::459956399", "projectId": "PHL-S-003", "projectName": "Opus Solar Power Project", "countryCode": "PHL", "osmType": "way", "osmId": 459956399, "highway": null, "place": null, "power": null, "landuse": "religious", "name": null, "voltage": null, "circuits": null, "cables": null, "frequency": null, "substationTag": null, "lineTag": null, "operator": null, "location": null }, "geometry": { "type": "Polygon", "coordinates": [ [ [ 120.4867645, 18.0751994 ], [ 120.4871373, 18.0751969 ], [ 120.4871275, 18.0749223 ], [ 120.4867801, 18.0749452 ], [ 120.4867645, 18.0751994 ] ] ] } },
{ "type": "Feature", "properties": { "contextFeatureId": "PHL-S-004::landuse::way::136572359", "projectId": "PHL-S-004", "projectName": "Laoag Solar Power Project", "countryCode": "PHL", "osmType": "way", "osmId": 136572359, "highway": null, "place": null, "power": null, "landuse": "basin", "name": null, "voltage": null, "circuits": null, "cables": null, "frequency": null, "substationTag": null, "lineTag": null, "operator": null, "location": null }, "geometry": { "type": "Polygon", "coordinates": [ [ [ 120.2263173, 15.8743738 ], [ 120.2261564, 15.8741158 ], [ 120.2257181, 15.8740678 ], [ 120.2258147, 15.8733557 ], [ 120.2261457, 15.8733005 ], [ 120.2264461, 15.8736307 ], [ 120.2265426, 15.8739919 ], [ 120.2265212, 15.8742809 ], [ 120.2263173, 15.8743738 ] ] ] } },
{ "type": "Feature", "properties": { "contextFeatureId": "PHL-S-004::landuse::way::601362866", "projectId": "PHL-S-004", "projectName": "Laoag Solar Power Project", "countryCode": "PHL", "osmType": "way", "osmId": 601362866, "highway": null, "place": null, "power": null, "landuse": "retail", "name": null, "voltage": null, "circuits": null, "cables": null, "frequency": null, "substationTag": null, "lineTag": null, "operator": null, "location": null }, "geometry": { "type": "Polygon", "coordinates": [ [ [ 120.2373598, 15.8917311 ], [ 120.237201, 15.8916637 ], [ 120.2372776, 15.8914968 ], [ 120.2373545, 15.8915294 ], [ 120.2374364, 15.8915642 ], [ 120.2374118, 15.8916178 ], [ 120.2373598, 15.8917311 ] ] ] } },
{ "type": "Feature", "properties": { "contextFeatureId": "PHL-S-004::landuse::way::601362879", "projectId": "PHL-S-004", "projectName": "Laoag Solar Power Project", "countryCode": "PHL", "osmType": "way", "osmId": 601362879, "highway": null, "place": null, "power": null, "landuse": "recreation_ground", "name": "Hiraya Wellness Resort and Ecopark", "voltage": null, "circuits": null, "cables": null, "frequency": null, "substationTag": null, "lineTag": null, "operator": null, "location": null }, "geometry": { "type": "Polygon", "coordinates": [ [ [ 120.2423868, 15.8659655 ], [ 120.2430922, 15.8663835 ], [ 120.2435133, 15.8658236 ], [ 120.2438915, 15.8660042 ], [ 120.2439854, 15.8659113 ], [ 120.2441007, 15.8659758 ], [ 120.2442241, 15.8658417 ], [ 120.2445513, 15.8660377 ], [ 120.2448088, 15.8657436 ], [ 120.2450019, 15.8658649 ], [ 120.2450484, 15.8658131 ], [ 120.2454069, 15.8654134 ], [ 120.244218, 15.8647076 ], [ 120.24409, 15.8646316 ], [ 120.2443716, 15.8642085 ], [ 120.243862, 15.8638421 ], [ 120.2435589, 15.8641775 ], [ 120.2434355, 15.8641053 ], [ 120.2432075, 15.8643272 ], [ 120.2430788, 15.8643401 ], [ 120.2429983, 15.8644278 ], [ 120.2421802, 15.86458 ], [ 120.2414936, 15.865594 ], [ 120.2423868, 15.8659655 ] ] ] } },
{ "type": "Feature", "properties": { "contextFeatureId": "PHL-S-004::landuse::way::735035330", "projectId": "PHL-S-004", "projectName": "Laoag Solar Power Project", "countryCode": "PHL", "osmType": "way", "osmId": 735035330, "highway": null, "place": null, "power": null, "landuse": "recreation_ground", "name": "Aguilar Open Plaza", "voltage": null, "circuits": null, "cables": null, "frequency": null, "substationTag": null, "lineTag": null, "operator": null, "location": null }, "geometry": { "type": "Polygon", "coordinates": [ [ [ 120.2379142, 15.888938 ], [ 120.2384908, 15.889147 ], [ 120.2385204, 15.8883937 ], [ 120.238173, 15.8882596 ], [ 120.2379142, 15.888938 ] ] ] } },
{ "type": "Feature", "properties": { "contextFeatureId": "PHL-S-004::landuse::way::1016060221", "projectId": "PHL-S-004", "projectName": "Laoag Solar Power Project", "countryCode": "PHL", "osmType": "way", "osmId": 1016060221, "highway": null, "place": null, "power": null, "landuse": "retail", "name": null, "voltage": null, "circuits": null, "cables": null, "frequency": null, "substationTag": null, "lineTag": null, "operator": null, "location": null }, "geometry": { "type": "Polygon", "coordinates": [ [ [ 120.2383591, 15.8874873 ], [ 120.2383922, 15.8874215 ], [ 120.2385415, 15.8874856 ], [ 120.2385478, 15.8875772 ], [ 120.2383591, 15.8874873 ] ] ] } },
{ "type": "Feature", "properties": { "contextFeatureId": "PHL-S-004::landuse::way::1016060223", "projectId": "PHL-S-004", "projectName": "Laoag Solar Power Project", "countryCode": "PHL", "osmType": "way", "osmId": 1016060223, "highway": null, "place": null, "power": null, "landuse": "religious", "name": null, "voltage": null, "circuits": null, "cables": null, "frequency": null, "substationTag": null, "lineTag": null, "operator": "Iglesia ni Cristo", "location": null }, "geometry": { "type": "Polygon", "coordinates": [ [ [ 120.2364531, 15.8888756 ], [ 120.236625, 15.8889533 ], [ 120.2367823, 15.8886314 ], [ 120.2366104, 15.8885536 ], [ 120.2364531, 15.8888756 ] ] ] } },
{ "type": "Feature", "properties": { "contextFeatureId": "PHL-S-004::landuse::way::1016071413", "projectId": "PHL-S-004", "projectName": "Laoag Solar Power Project", "countryCode": "PHL", "osmType": "way", "osmId": 1016071413, "highway": null, "place": null, "power": null, "landuse": "residential", "name": null, "voltage": null, "circuits": null, "cables": null, "frequency": null, "substationTag": null, "lineTag": null, "operator": null, "location": null }, "geometry": { "type": "Polygon", "coordinates": [ [ [ 120.2286029, 15.8763369 ], [ 120.2315399, 15.8759229 ], [ 120.2316874, 15.8748535 ], [ 120.2313119, 15.8745362 ], [ 120.2301773, 15.8746652 ], [ 120.2297696, 15.8740021 ], [ 120.2299735, 15.8735171 ], [ 120.229311, 15.8733623 ], [ 120.2291796, 15.8727483 ], [ 120.2292305, 15.8720749 ], [ 120.2286431, 15.8721059 ], [ 120.2274522, 15.8722762 ], [ 120.2273878, 15.8729082 ], [ 120.2283052, 15.8726993 ], [ 120.2284929, 15.8730501 ], [ 120.2287343, 15.8740124 ], [ 120.228973, 15.8744278 ], [ 120.2296704, 15.8748767 ], [ 120.2293861, 15.8754856 ], [ 120.2310008, 15.8755011 ], [ 120.230923, 15.8756662 ], [ 120.2290964, 15.875821 ], [ 120.2283454, 15.8759242 ], [ 120.2286029, 15.8763369 ] ] ] } },
{ "type": "Feature", "properties": { "contextFeatureId": "PHL-S-004::landuse::way::1084286433", "projectId": "PHL-S-004", "projectName": "Laoag Solar Power Project", "countryCode": "PHL", "osmType": "way", "osmId": 1084286433, "highway": null, "place": null, "power": null, "landuse": "retail", "name": null, "voltage": null, "circuits": null, "cables": null, "frequency": null, "substationTag": null, "lineTag": null, "operator": null, "location": null }, "geometry": { "type": "Polygon", "coordinates": [ [ [ 120.2421145, 15.8746342 ], [ 120.2422325, 15.8742769 ], [ 120.2423935, 15.8743569 ], [ 120.2422553, 15.8746948 ], [ 120.2421145, 15.8746342 ] ] ] } },
{ "type": "Feature", "properties": { "contextFeatureId": "PHL-S-004::landuse::way::1084286443", "projectId": "PHL-S-004", "projectName": "Laoag Solar Power Project", "countryCode": "PHL", "osmType": "way", "osmId": 1084286443, "highway": null, "place": null, "power": null, "landuse": "retail", "name": null, "voltage": null, "circuits": null, "cables": null, "frequency": null, "substationTag": null, "lineTag": null, "operator": null, "location": null }, "geometry": { "type": "Polygon", "coordinates": [ [ [ 120.2383447, 15.8848195 ], [ 120.2380992, 15.8847614 ], [ 120.238177, 15.8844106 ], [ 120.2384104, 15.8844776 ], [ 120.2383447, 15.8848195 ] ] ] } },
{ "type": "Feature", "properties": { "contextFeatureId": "PHL-S-004::landuse::way::1084289310", "projectId": "PHL-S-004", "projectName": "Laoag Solar Power Project", "countryCode": "PHL", "osmType": "way", "osmId": 1084289310, "highway": null, "place": null, "power": null, "landuse": "religious", "name": null, "voltage": null, "circuits": null, "cables": null, "frequency": null, "substationTag": null, "lineTag": null, "operator": null, "location": null }, "geometry": { "type": "Polygon", "coordinates": [ [ [ 120.2463497, 15.8654301 ], [ 120.2458777, 15.865176 ], [ 120.2460051, 15.8650186 ], [ 120.2464959, 15.865256 ], [ 120.2463497, 15.8654301 ] ] ] } },
{ "type": "Feature", "properties": { "contextFeatureId": "PHL-S-005::landuse::way::157827279", "projectId": "PHL-S-005", "projectName": "Calatrava Solar Power Project", "countryCode": "PHL", "osmType": "way", "osmId": 157827279, "highway": null, "place": null, "power": null, "landuse": "residential", "name": null, "voltage": null, "circuits": null, "cables": null, "frequency": null, "substationTag": null, "lineTag": null, "operator": null, "location": null }, "geometry": { "type": "Polygon", "coordinates": [ [ [ 123.481789, 10.599026 ], [ 123.4810373, 10.5993332 ], [ 123.4803862, 10.5993632 ], [ 123.4803744, 10.599116 ], [ 123.4808648, 10.5987744 ], [ 123.4811235, 10.5984751 ], [ 123.4809376, 10.5982023 ], [ 123.4806385, 10.5976038 ], [ 123.4802613, 10.5975773 ], [ 123.480237, 10.5973337 ], [ 123.4806331, 10.597384 ], [ 123.4810534, 10.5976885 ], [ 123.4816957, 10.5973602 ], [ 123.48197, 10.5969295 ], [ 123.4810746, 10.5966711 ], [ 123.4808431, 10.5959331 ], [ 123.4815966, 10.5957047 ], [ 123.4811696, 10.5948441 ], [ 123.4789863, 10.5958908 ], [ 123.4789234, 10.5957641 ], [ 123.4808861, 10.5947939 ], [ 123.4803434, 10.5942226 ], [ 123.4790694, 10.5948241 ], [ 123.4784289, 10.5935 ], [ 123.4777984, 10.593537 ], [ 123.4772542, 10.5923559 ], [ 123.4767033, 10.5928206 ], [ 123.475616, 10.5925677 ], [ 123.474491, 10.5925732 ], [ 123.4742624, 10.5920788 ], [ 123.4741405, 10.5908428 ], [ 123.4743386, 10.5899514 ], [ 123.4749787, 10.5893146 ], [ 123.4754436, 10.588573 ], [ 123.4752586, 10.5871074 ], [ 123.4760614, 10.5870095 ], [ 123.4758815, 10.5855851 ], [ 123.4775124, 10.5849521 ], [ 123.4779823, 10.5851822 ], [ 123.4779604, 10.5856227 ], [ 123.4784943, 10.5856483 ], [ 123.4787475, 10.5857967 ], [ 123.4788607, 10.586374 ], [ 123.4787152, 10.5868666 ], [ 123.4785428, 10.587248 ], [ 123.4783865, 10.5870785 ], [ 123.4784296, 10.5865541 ], [ 123.4782733, 10.586284 ], [ 123.4779446, 10.5863793 ], [ 123.4777722, 10.5867342 ], [ 123.4779123, 10.5878837 ], [ 123.4784996, 10.5879843 ], [ 123.4796798, 10.5892079 ], [ 123.4795127, 10.5896528 ], [ 123.4797283, 10.5900713 ], [ 123.4797714, 10.5904527 ], [ 123.4796097, 10.5907016 ], [ 123.4796951, 10.5909187 ], [ 123.4805312, 10.590601 ], [ 123.4810647, 10.5908023 ], [ 123.481097, 10.590495 ], [ 123.4808653, 10.5898223 ], [ 123.4811239, 10.5895416 ], [ 123.4828429, 10.5900342 ], [ 123.4836081, 10.5905003 ], [ 123.4851331, 10.5926668 ], [ 123.4851062, 10.5934878 ], [ 123.4849499, 10.5940281 ], [ 123.4853056, 10.5943988 ], [ 123.4853117, 10.5944719 ], [ 123.4854026, 10.595204 ], [ 123.486157, 10.5956171 ], [ 123.4862065, 10.5957074 ], [ 123.4864534, 10.5961574 ], [ 123.4859091, 10.5969254 ], [ 123.4855049, 10.5978153 ], [ 123.4821963, 10.5987899 ], [ 123.481789, 10.599026 ] ] ] } },
{ "type": "Feature", "properties": { "contextFeatureId": "PHL-S-005::landuse::way::163214148", "projectId": "PHL-S-005", "projectName": "Calatrava Solar Power Project", "countryCode": "PHL", "osmType": "way", "osmId": 163214148, "highway": null, "place": null, "power": null, "landuse": "cemetery", "name": "Cemetery", "voltage": null, "circuits": null, "cables": null, "frequency": null, "substationTag": null, "lineTag": null, "operator": null, "location": null }, "geometry": { "type": "Polygon", "coordinates": [ [ [ 123.4767579, 10.5956363 ], [ 123.4773051, 10.5954043 ], [ 123.4776666, 10.5962504 ], [ 123.4771227, 10.5965011 ], [ 123.4767579, 10.5956363 ] ] ] } },
{ "type": "Feature", "properties": { "contextFeatureId": "PHL-S-005::landuse::way::246541393", "projectId": "PHL-S-005", "projectName": "Calatrava Solar Power Project", "countryCode": "PHL", "osmType": "way", "osmId": 246541393, "highway": null, "place": null, "power": null, "landuse": "residential", "name": null, "voltage": null, "circuits": null, "cables": null, "frequency": null, "substationTag": null, "lineTag": null, "operator": null, "location": null }, "geometry": { "type": "Polygon", "coordinates": [ [ [ 123.4832011, 10.6006898 ], [ 123.4834725, 10.6005308 ], [ 123.483333, 10.6003516 ], [ 123.483038, 10.6003674 ], [ 123.4832472, 10.5997926 ], [ 123.4833813, 10.5998032 ], [ 123.4834886, 10.5996872 ], [ 123.4830111, 10.5994394 ], [ 123.4826678, 10.5994341 ], [ 123.4823889, 10.599181 ], [ 123.4820471, 10.5995007 ], [ 123.4826022, 10.6001676 ], [ 123.4832011, 10.6006898 ] ] ] } },
{ "type": "Feature", "properties": { "contextFeatureId": "PHL-S-005::landuse::way::246541397", "projectId": "PHL-S-005", "projectName": "Calatrava Solar Power Project", "countryCode": "PHL", "osmType": "way", "osmId": 246541397, "highway": null, "place": null, "power": null, "landuse": "residential", "name": null, "voltage": null, "circuits": null, "cables": null, "frequency": null, "substationTag": null, "lineTag": null, "operator": null, "location": null }, "geometry": { "type": "Polygon", "coordinates": [ [ [ 123.4853353, 10.6072484 ], [ 123.4851744, 10.6071324 ], [ 123.4852387, 10.6069742 ], [ 123.4851717, 10.6068978 ], [ 123.4852092, 10.606795 ], [ 123.4852816, 10.606708 ], [ 123.4853862, 10.606679 ], [ 123.4855499, 10.6062202 ], [ 123.4857886, 10.6063389 ], [ 123.4858851, 10.6064048 ], [ 123.4862285, 10.6064628 ], [ 123.4863331, 10.6065498 ], [ 123.4866335, 10.6070454 ], [ 123.486848, 10.6074962 ], [ 123.4866308, 10.607744 ], [ 123.4864001, 10.6077546 ], [ 123.4861614, 10.607317 ], [ 123.4859254, 10.607375 ], [ 123.4856437, 10.6073301 ], [ 123.4854935, 10.6072141 ], [ 123.4853353, 10.6072484 ] ] ] } },
{ "type": "Feature", "properties": { "contextFeatureId": "PHL-S-005::landuse::way::246541399", "projectId": "PHL-S-005", "projectName": "Calatrava Solar Power Project", "countryCode": "PHL", "osmType": "way", "osmId": 246541399, "highway": null, "place": null, "power": null, "landuse": "residential", "name": null, "voltage": null, "circuits": null, "cables": null, "frequency": null, "substationTag": null, "lineTag": null, "operator": null, "location": null }, "geometry": { "type": "Polygon", "coordinates": [ [ [ 123.4868507, 10.6085982 ], [ 123.4867005, 10.6087432 ], [ 123.486486, 10.6084532 ], [ 123.4864752, 10.6082608 ], [ 123.4865745, 10.6079233 ], [ 123.4869929, 10.6077651 ], [ 123.487237, 10.6082502 ], [ 123.4869768, 10.6079629 ], [ 123.4868722, 10.6081131 ], [ 123.48673, 10.6081738 ], [ 123.4866657, 10.608274 ], [ 123.4867515, 10.6083847 ], [ 123.4866925, 10.6085165 ], [ 123.4867622, 10.6085798 ], [ 123.4867461, 10.6086167 ], [ 123.4868507, 10.6085982 ] ] ] } },
{ "type": "Feature", "properties": { "contextFeatureId": "PHL-S-005::landuse::way::246541402", "projectId": "PHL-S-005", "projectName": "Calatrava Solar Power Project", "countryCode": "PHL", "osmType": "way", "osmId": 246541402, "highway": null, "place": null, "power": null, "landuse": "residential", "name": null, "voltage": null, "circuits": null, "cables": null, "frequency": null, "substationTag": null, "lineTag": null, "operator": null, "location": null }, "geometry": { "type": "Polygon", "coordinates": [ [ [ 123.4872128, 10.6076149 ], [ 123.4870653, 10.6075147 ], [ 123.487068, 10.6074145 ], [ 123.4872021, 10.6073512 ], [ 123.4873308, 10.6074567 ], [ 123.4873657, 10.6075463 ], [ 123.4875025, 10.6075569 ], [ 123.4876339, 10.6075806 ], [ 123.487752, 10.6075173 ], [ 123.4881141, 10.6074224 ], [ 123.4882669, 10.607404 ], [ 123.4883769, 10.6077045 ], [ 123.4885352, 10.6076228 ], [ 123.4885137, 10.6077282 ], [ 123.4884145, 10.6077704 ], [ 123.488342, 10.607947 ], [ 123.4882777, 10.6079075 ], [ 123.4881704, 10.6075305 ], [ 123.4876098, 10.6076544 ], [ 123.4872128, 10.6076149 ] ] ] } },
{ "type": "Feature", "properties": { "contextFeatureId": "PHL-S-005::landuse::way::246541403", "projectId": "PHL-S-005", "projectName": "Calatrava Solar Power Project", "countryCode": "PHL", "osmType": "way", "osmId": 246541403, "highway": null, "place": null, "power": null, "landuse": "residential", "name": null, "voltage": null, "circuits": null, "cables": null, "frequency": null, "substationTag": null, "lineTag": null, "operator": null, "location": null }, "geometry": { "type": "Polygon", "coordinates": [ [ [ 123.4866201, 10.6133542 ], [ 123.4865289, 10.6133779 ], [ 123.486502, 10.6133226 ], [ 123.4863089, 10.613051 ], [ 123.4862902, 10.612964 ], [ 123.486384, 10.6129587 ], [ 123.4863626, 10.6122944 ], [ 123.4864833, 10.6122918 ], [ 123.4865503, 10.6127953 ], [ 123.4866201, 10.6133542 ] ] ] } },
{ "type": "Feature", "properties": { "contextFeatureId": "PHL-S-005::landuse::way::246541404", "projectId": "PHL-S-005", "projectName": "Calatrava Solar Power Project", "countryCode": "PHL", "osmType": "way", "osmId": 246541404, "highway": null, "place": null, "power": null, "landuse": "residential", "name": null, "voltage": null, "circuits": null, "cables": null, "frequency": null, "substationTag": null, "lineTag": null, "operator": null, "location": null }, "geometry": { "type": "Polygon", "coordinates": [ [ [ 123.4867864, 10.613486 ], [ 123.4868776, 10.6134596 ], [ 123.4869017, 10.6133357 ], [ 123.4871082, 10.61337 ], [ 123.4871055, 10.6131486 ], [ 123.487017, 10.6130906 ], [ 123.4869258, 10.6131591 ], [ 123.4869124, 10.6130484 ], [ 123.4868239, 10.6130642 ], [ 123.4867931, 10.6126226 ], [ 123.4867877, 10.6122219 ], [ 123.4866616, 10.6121994 ], [ 123.4866375, 10.6124262 ], [ 123.4866576, 10.6125461 ], [ 123.4866858, 10.6127043 ], [ 123.4867193, 10.6130378 ], [ 123.4867864, 10.613486 ] ] ] } },
{ "type": "Feature", "properties": { "contextFeatureId": "PHL-S-005::landuse::way::246541407", "projectId": "PHL-S-005", "projectName": "Calatrava Solar Power Project", "countryCode": "PHL", "osmType": "way", "osmId": 246541407, "highway": null, "place": null, "power": null, "landuse": "residential", "name": null, "voltage": null, "circuits": null, "cables": null, "frequency": null, "substationTag": null, "lineTag": null, "operator": null, "location": null }, "geometry": { "type": "Polygon", "coordinates": [ [ [ 123.4893548, 10.6229237 ], [ 123.4895617, 10.6228431 ], [ 123.4892798, 10.622345 ], [ 123.48908, 10.6218574 ], [ 123.4889551, 10.6215382 ], [ 123.4885625, 10.6205666 ], [ 123.4884269, 10.6206473 ], [ 123.4884911, 10.6210752 ], [ 123.4886517, 10.6215663 ], [ 123.4891406, 10.622366 ], [ 123.4890835, 10.6225134 ], [ 123.4893548, 10.6229237 ] ] ] } },
{ "type": "Feature", "properties": { "contextFeatureId": "PHL-S-005::landuse::way::247484292", "projectId": "PHL-S-005", "projectName": "Calatrava Solar Power Project", "countryCode": "PHL", "osmType": "way", "osmId": 247484292, "highway": null, "place": null, "power": null, "landuse": "farmyard", "name": null, "voltage": null, "circuits": null, "cables": null, "frequency": null, "substationTag": null, "lineTag": null, "operator": null, "location": null }, "geometry": { "type": "Polygon", "coordinates": [ [ [ 123.4852702, 10.5930342 ], [ 123.4852755, 10.5931041 ], [ 123.4852333, 10.5931562 ], [ 123.4852071, 10.5932273 ], [ 123.4851749, 10.5932227 ], [ 123.4851575, 10.5931483 ], [ 123.4851327, 10.5931054 ], [ 123.4851347, 10.593058 ], [ 123.4851595, 10.5929993 ], [ 123.48525, 10.5929657 ], [ 123.4852702, 10.5930342 ] ] ] } },
{ "type": "Feature", "properties": { "contextFeatureId": "PHL-S-005::landuse::way::255347808", "projectId": "PHL-S-005", "projectName": "Calatrava Solar Power Project", "countryCode": "PHL", "osmType": "way", "osmId": 255347808, "highway": null, "place": null, "power": null, "landuse": "residential", "name": null, "voltage": null, "circuits": null, "cables": null, "frequency": null, "substationTag": null, "lineTag": null, "operator": null, "location": null }, "geometry": { "type": "Polygon", "coordinates": [ [ [ 123.4569051, 10.6265776 ], [ 123.456694, 10.6261394 ], [ 123.4571473, 10.6259594 ], [ 123.457258, 10.6263121 ], [ 123.4569051, 10.6265776 ] ] ] } },
{ "type": "Feature", "properties": { "contextFeatureId": "PHL-S-005::landuse::way::255347811", "projectId": "PHL-S-005", "projectName": "Calatrava Solar Power Project", "countryCode": "PHL", "osmType": "way", "osmId": 255347811, "highway": null, "place": null, "power": null, "landuse": "residential", "name": null, "voltage": null, "circuits": null, "cables": null, "frequency": null, "substationTag": null, "lineTag": null, "operator": null, "location": null }, "geometry": { "type": "Polygon", "coordinates": [ [ [ 123.4622491, 10.6251719 ], [ 123.4623672, 10.6247162 ], [ 123.4626167, 10.6247467 ], [ 123.4624617, 10.6252096 ], [ 123.4622491, 10.6251719 ] ] ] } },
{ "type": "Feature", "properties": { "contextFeatureId": "PHL-S-005::landuse::way::255347812", "projectId": "PHL-S-005", "projectName": "Calatrava Solar Power Project", "countryCode": "PHL", "osmType": "way", "osmId": 255347812, "highway": null, "place": null, "power": null, "landuse": "residential", "name": null, "voltage": null, "circuits": null, "cables": null, "frequency": null, "substationTag": null, "lineTag": null, "operator": null, "location": null }, "geometry": { "type": "Polygon", "coordinates": [ [ [ 123.460466, 10.6254587 ], [ 123.4597184, 10.6253601 ], [ 123.4600609, 10.6246172 ], [ 123.4607667, 10.6249989 ], [ 123.460466, 10.6254587 ] ] ] } },
{ "type": "Feature", "properties": { "contextFeatureId": "PHL-S-005::landuse::way::255347816", "projectId": "PHL-S-005", "projectName": "Calatrava Solar Power Project", "countryCode": "PHL", "osmType": "way", "osmId": 255347816, "highway": null, "place": null, "power": null, "landuse": "residential", "name": null, "voltage": null, "circuits": null, "cables": null, "frequency": null, "substationTag": null, "lineTag": null, "operator": null, "location": null }, "geometry": { "type": "Polygon", "coordinates": [ [ [ 123.4579178, 10.6280669 ], [ 123.4581363, 10.6267956 ], [ 123.4600795, 10.6273471 ], [ 123.460806, 10.6270452 ], [ 123.4609773, 10.6273122 ], [ 123.460239, 10.6283687 ], [ 123.4579178, 10.6280669 ] ] ] } },
{ "type": "Feature", "properties": { "contextFeatureId": "PHL-S-005::landuse::way::255347817", "projectId": "PHL-S-005", "projectName": "Calatrava Solar Power Project", "countryCode": "PHL", "osmType": "way", "osmId": 255347817, "highway": null, "place": null, "power": null, "landuse": "residential", "name": null, "voltage": null, "circuits": null, "cables": null, "frequency": null, "substationTag": null, "lineTag": null, "operator": null, "location": null }, "geometry": { "type": "Polygon", "coordinates": [ [ [ 123.4538376, 10.6260589 ], [ 123.4528185, 10.6257633 ], [ 123.4530065, 10.6247782 ], [ 123.4534325, 10.6233374 ], [ 123.454084, 10.6232184 ], [ 123.4545768, 10.6239244 ], [ 123.4538376, 10.6260589 ] ] ] } },
{ "type": "Feature", "properties": { "contextFeatureId": "PHL-S-005::landuse::way::255347819", "projectId": "PHL-S-005", "projectName": "Calatrava Solar Power Project", "countryCode": "PHL", "osmType": "way", "osmId": 255347819, "highway": null, "place": null, "power": null, "landuse": "residential", "name": null, "voltage": null, "circuits": null, "cables": null, "frequency": null, "substationTag": null, "lineTag": null, "operator": null, "location": null }, "geometry": { "type": "Polygon", "coordinates": [ [ [ 123.4644139, 10.6182678 ], [ 123.4643903, 10.6195624 ], [ 123.463274, 10.6206363 ], [ 123.4617443, 10.6210659 ], [ 123.4608465, 10.6207118 ], [ 123.4614135, 10.6197307 ], [ 123.461697, 10.6186103 ], [ 123.4628724, 10.6183897 ], [ 123.4644139, 10.6182678 ] ] ] } },
{ "type": "Feature", "properties": { "contextFeatureId": "PHL-S-005::landuse::way::255438781", "projectId": "PHL-S-005", "projectName": "Calatrava Solar Power Project", "countryCode": "PHL", "osmType": "way", "osmId": 255438781, "highway": null, "place": null, "power": null, "landuse": "residential", "name": null, "voltage": null, "circuits": null, "cables": null, "frequency": null, "substationTag": null, "lineTag": null, "operator": null, "location": null }, "geometry": { "type": "Polygon", "coordinates": [ [ [ 123.4832186, 10.6228757 ], [ 123.4830481, 10.6228615 ], [ 123.4828599, 10.6227967 ], [ 123.482683, 10.6227698 ], [ 123.4824707, 10.6228804 ], [ 123.4822214, 10.62298 ], [ 123.482416, 10.6232425 ], [ 123.4826122, 10.6233579 ], [ 123.4829564, 10.6233515 ], [ 123.4831687, 10.6231618 ], [ 123.4832186, 10.6228757 ] ] ] } },
{ "type": "Feature", "properties": { "contextFeatureId": "PHL-S-005::landuse::way::255438782", "projectId": "PHL-S-005", "projectName": "Calatrava Solar Power Project", "countryCode": "PHL", "osmType": "way", "osmId": 255438782, "highway": null, "place": null, "power": null, "landuse": "residential", "name": null, "voltage": null, "circuits": null, "cables": null, "frequency": null, "substationTag": null, "lineTag": null, "operator": null, "location": null }, "geometry": { "type": "Polygon", "coordinates": [ [ [ 123.4754702, 10.6174383 ], [ 123.4752089, 10.6177709 ], [ 123.4747824, 10.6174831 ], [ 123.4748375, 10.6170237 ], [ 123.4753049, 10.6166107 ], [ 123.4756496, 10.6164838 ], [ 123.4759298, 10.6167298 ], [ 123.4760148, 10.6170407 ], [ 123.4754702, 10.6174383 ] ] ] } },
{ "type": "Feature", "properties": { "contextFeatureId": "PHL-S-005::landuse::way::255438783", "projectId": "PHL-S-005", "projectName": "Calatrava Solar Power Project", "countryCode": "PHL", "osmType": "way", "osmId": 255438783, "highway": null, "place": null, "power": null, "landuse": "residential", "name": null, "voltage": null, "circuits": null, "cables": null, "frequency": null, "substationTag": null, "lineTag": null, "operator": null, "location": null }, "geometry": { "type": "Polygon", "coordinates": [ [ [ 123.4862868, 10.6178298 ], [ 123.486171, 10.6179589 ], [ 123.4857793, 10.618042 ], [ 123.4854298, 10.6181755 ], [ 123.4850003, 10.6179086 ], [ 123.4848244, 10.6176286 ], [ 123.4851316, 10.6175017 ], [ 123.485579, 10.6174601 ], [ 123.4859729, 10.6174557 ], [ 123.4862868, 10.6178298 ] ] ] } },
{ "type": "Feature", "properties": { "contextFeatureId": "PHL-S-005::landuse::way::310895259", "projectId": "PHL-S-005", "projectName": "Calatrava Solar Power Project", "countryCode": "PHL", "osmType": "way", "osmId": 310895259, "highway": null, "place": null, "power": null, "landuse": "residential", "name": null, "voltage": null, "circuits": null, "cables": null, "frequency": null, "substationTag": null, "lineTag": null, "operator": null, "location": null }, "geometry": { "type": "Polygon", "coordinates": [ [ [ 123.4696876, 10.5643603 ], [ 123.4692691, 10.5644447 ], [ 123.4701366, 10.56635 ], [ 123.469827, 10.566765 ], [ 123.470975, 10.5675771 ], [ 123.4705832, 10.5679591 ], [ 123.4705979, 10.5682168 ], [ 123.4717352, 10.5689129 ], [ 123.4716617, 10.5695283 ], [ 123.470857, 10.5702982 ], [ 123.4704279, 10.5698447 ], [ 123.4699558, 10.5699924 ], [ 123.4704386, 10.5705303 ], [ 123.470106, 10.5706463 ], [ 123.4698163, 10.5703931 ], [ 123.4692799, 10.5708361 ], [ 123.4688829, 10.5702033 ], [ 123.4678208, 10.5711631 ], [ 123.4683127, 10.5715918 ], [ 123.4686791, 10.5713529 ], [ 123.4696017, 10.5715216 ], [ 123.4705351, 10.5715849 ], [ 123.4724127, 10.5708361 ], [ 123.4730779, 10.5707095 ], [ 123.473956, 10.5706953 ], [ 123.4739791, 10.5700135 ], [ 123.4736894, 10.5695072 ], [ 123.4736143, 10.5684842 ], [ 123.4736251, 10.568115 ], [ 123.4724449, 10.5675877 ], [ 123.4719728, 10.5677248 ], [ 123.4708034, 10.56686 ], [ 123.4704386, 10.5660584 ], [ 123.4700845, 10.5652779 ], [ 123.4696876, 10.5643603 ] ] ] } },
{ "type": "Feature", "properties": { "contextFeatureId": "PHL-S-005::landuse::way::1077923673", "projectId": "PHL-S-005", "projectName": "Calatrava Solar Power Project", "countryCode": "PHL", "osmType": "way", "osmId": 1077923673, "highway": null, "place": null, "power": null, "landuse": "aquaculture", "name": null, "voltage": null, "circuits": null, "cables": null, "frequency": null, "substationTag": null, "lineTag": null, "operator": null, "location": null }, "geometry": { "type": "Polygon", "coordinates": [ [ [ 123.4795476, 10.6012002 ], [ 123.4808404, 10.600288 ], [ 123.481055, 10.6004725 ], [ 123.4809584, 10.6011369 ], [ 123.4809692, 10.6012265 ], [ 123.4814305, 10.6017433 ], [ 123.4809853, 10.6020755 ], [ 123.4807975, 10.6018645 ], [ 123.4806312, 10.6019858 ], [ 123.4805829, 10.6021176 ], [ 123.480363, 10.6023022 ], [ 123.4795476, 10.6012002 ] ] ] } },
{ "type": "Feature", "properties": { "contextFeatureId": "PHL-S-005::landuse::way::1077923674", "projectId": "PHL-S-005", "projectName": "Calatrava Solar Power Project", "countryCode": "PHL", "osmType": "way", "osmId": 1077923674, "highway": null, "place": null, "power": null, "landuse": "aquaculture", "name": null, "voltage": null, "circuits": null, "cables": null, "frequency": null, "substationTag": null, "lineTag": null, "operator": null, "location": null }, "geometry": { "type": "Polygon", "coordinates": [ [ [ 123.4818919, 10.5997343 ], [ 123.4814359, 10.5999505 ], [ 123.4812374, 10.6009682 ], [ 123.4812374, 10.6011211 ], [ 123.481452, 10.6013689 ], [ 123.4817899, 10.6011316 ], [ 123.4817309, 10.6010051 ], [ 123.4820206, 10.6008258 ], [ 123.4822459, 10.6009102 ], [ 123.4825249, 10.6011474 ], [ 123.4830452, 10.6007836 ], [ 123.4827019, 10.6003301 ], [ 123.4822245, 10.5998081 ], [ 123.4818919, 10.5997343 ] ] ] } },
{ "type": "Feature", "properties": { "contextFeatureId": "PHL-S-005::landuse::way::1077923675", "projectId": "PHL-S-005", "projectName": "Calatrava Solar Power Project", "countryCode": "PHL", "osmType": "way", "osmId": 1077923675, "highway": null, "place": null, "power": null, "landuse": "aquaculture", "name": null, "voltage": null, "circuits": null, "cables": null, "frequency": null, "substationTag": null, "lineTag": null, "operator": null, "location": null }, "geometry": { "type": "Polygon", "coordinates": [ [ [ 123.4804596, 10.602376 ], [ 123.4807063, 10.6022073 ], [ 123.4809209, 10.6022706 ], [ 123.4818275, 10.6033304 ], [ 123.4814788, 10.6037259 ], [ 123.4810067, 10.603188 ], [ 123.4804596, 10.602376 ] ] ] } },
{ "type": "Feature", "properties": { "contextFeatureId": "PHL-S-005::landuse::way::1077923676", "projectId": "PHL-S-005", "projectName": "Calatrava Solar Power Project", "countryCode": "PHL", "osmType": "way", "osmId": 1077923676, "highway": null, "place": null, "power": null, "landuse": "aquaculture", "name": null, "voltage": null, "circuits": null, "cables": null, "frequency": null, "substationTag": null, "lineTag": null, "operator": null, "location": null }, "geometry": { "type": "Polygon", "coordinates": [ [ [ 123.4842794, 10.6022785 ], [ 123.4834575, 10.6024621 ], [ 123.4834949, 10.6043395 ], [ 123.4837237, 10.6045874 ], [ 123.4850593, 10.6031644 ], [ 123.4848818, 10.6030359 ], [ 123.4845316, 10.6026595 ], [ 123.4844102, 10.6024897 ], [ 123.4842794, 10.6022785 ] ] ] } },
{ "type": "Feature", "properties": { "contextFeatureId": "PHL-S-005::landuse::way::1077923677", "projectId": "PHL-S-005", "projectName": "Calatrava Solar Power Project", "countryCode": "PHL", "osmType": "way", "osmId": 1077923677, "highway": null, "place": null, "power": null, "landuse": "aquaculture", "name": null, "voltage": null, "circuits": null, "cables": null, "frequency": null, "substationTag": null, "lineTag": null, "operator": null, "location": null }, "geometry": { "type": "Polygon", "coordinates": [ [ [ 123.4831306, 10.6017323 ], [ 123.4828411, 10.6014431 ], [ 123.482757, 10.6014431 ], [ 123.4824535, 10.602049 ], [ 123.482318, 10.6021408 ], [ 123.4821779, 10.6020857 ], [ 123.4818884, 10.601668 ], [ 123.481356, 10.6020031 ], [ 123.4815241, 10.6022555 ], [ 123.4815521, 10.6024254 ], [ 123.4814681, 10.602788 ], [ 123.4819351, 10.6031828 ], [ 123.4820145, 10.6031506 ], [ 123.4828971, 10.6040595 ], [ 123.4829485, 10.6038438 ], [ 123.4829018, 10.6036234 ], [ 123.482701, 10.6033526 ], [ 123.4825469, 10.6029762 ], [ 123.4828084, 10.6028339 ], [ 123.4828364, 10.6027559 ], [ 123.4828271, 10.6024713 ], [ 123.4829251, 10.6023703 ], [ 123.4828924, 10.6022096 ], [ 123.4825282, 10.6024162 ], [ 123.4825982, 10.6022969 ], [ 123.4831306, 10.6017323 ] ] ] } },
{ "type": "Feature", "properties": { "contextFeatureId": "PHL-S-005::landuse::way::1077923678", "projectId": "PHL-S-005", "projectName": "Calatrava Solar Power Project", "countryCode": "PHL", "osmType": "way", "osmId": 1077923678, "highway": null, "place": null, "power": null, "landuse": "aquaculture", "name": null, "voltage": null, "circuits": null, "cables": null, "frequency": null, "substationTag": null, "lineTag": null, "operator": null, "location": null }, "geometry": { "type": "Polygon", "coordinates": [ [ [ 123.4851384, 10.6032579 ], [ 123.4844425, 10.603997 ], [ 123.483714, 10.6047635 ], [ 123.4834572, 10.6050344 ], [ 123.4832096, 10.6054796 ], [ 123.4831489, 10.6056862 ], [ 123.4838167, 10.6061727 ], [ 123.4856894, 10.6039878 ], [ 123.4851384, 10.6032579 ] ] ] } },
{ "type": "Feature", "properties": { "contextFeatureId": "PHL-S-005::landuse::way::1077923679", "projectId": "PHL-S-005", "projectName": "Calatrava Solar Power Project", "countryCode": "PHL", "osmType": "way", "osmId": 1077923679, "highway": null, "place": null, "power": null, "landuse": "aquaculture", "name": null, "voltage": null, "circuits": null, "cables": null, "frequency": null, "substationTag": null, "lineTag": null, "operator": null, "location": null }, "geometry": { "type": "Polygon", "coordinates": [ [ [ 123.4858202, 10.6040475 ], [ 123.4839101, 10.6062691 ], [ 123.4840829, 10.6064114 ], [ 123.4847601, 10.6068659 ], [ 123.4849329, 10.6064895 ], [ 123.4851103, 10.6060534 ], [ 123.4851757, 10.6057 ], [ 123.4853205, 10.6054383 ], [ 123.4854933, 10.6051721 ], [ 123.4857501, 10.6051996 ], [ 123.4858809, 10.6051583 ], [ 123.486007, 10.6050527 ], [ 123.4860163, 10.6048967 ], [ 123.485993, 10.6047452 ], [ 123.486063, 10.6046809 ], [ 123.4861144, 10.6044835 ], [ 123.486063, 10.604355 ], [ 123.4858202, 10.6040475 ] ] ] } },
{ "type": "Feature", "properties": { "contextFeatureId": "PHL-S-005::landuse::way::1077923680", "projectId": "PHL-S-005", "projectName": "Calatrava Solar Power Project", "countryCode": "PHL", "osmType": "way", "osmId": 1077923680, "highway": null, "place": null, "power": null, "landuse": "aquaculture", "name": null, "voltage": null, "circuits": null, "cables": null, "frequency": null, "substationTag": null, "lineTag": null, "operator": null, "location": null }, "geometry": { "type": "Polygon", "coordinates": [ [ [ 123.479411, 10.6012998 ], [ 123.4771229, 10.6028697 ], [ 123.47789, 10.6041879 ], [ 123.4802343, 10.6024004 ], [ 123.479411, 10.6012998 ] ] ] } },
{ "type": "Feature", "properties": { "contextFeatureId": "PHL-S-005::landuse::way::1077923681", "projectId": "PHL-S-005", "projectName": "Calatrava Solar Power Project", "countryCode": "PHL", "osmType": "way", "osmId": 1077923681, "highway": null, "place": null, "power": null, "landuse": "aquaculture", "name": null, "voltage": null, "circuits": null, "cables": null, "frequency": null, "substationTag": null, "lineTag": null, "operator": null, "location": null }, "geometry": { "type": "Polygon", "coordinates": [ [ [ 123.4802986, 10.6024531 ], [ 123.4779276, 10.6042881 ], [ 123.4779919, 10.604499 ], [ 123.4786196, 10.605775 ], [ 123.4787912, 10.6057539 ], [ 123.4791989, 10.6050474 ], [ 123.4792848, 10.6049999 ], [ 123.4803094, 10.6049208 ], [ 123.4813983, 10.6038241 ], [ 123.4802986, 10.6024531 ] ] ] } },
{ "type": "Feature", "properties": { "contextFeatureId": "PHL-S-005::landuse::way::1077923682", "projectId": "PHL-S-005", "projectName": "Calatrava Solar Power Project", "countryCode": "PHL", "osmType": "way", "osmId": 1077923682, "highway": null, "place": null, "power": null, "landuse": "aquaculture", "name": null, "voltage": null, "circuits": null, "cables": null, "frequency": null, "substationTag": null, "lineTag": null, "operator": null, "location": null }, "geometry": { "type": "Polygon", "coordinates": [ [ [ 123.4820045, 10.603281 ], [ 123.4805025, 10.6048576 ], [ 123.4810175, 10.6047785 ], [ 123.4819294, 10.6063023 ], [ 123.4830398, 10.6056854 ], [ 123.4831096, 10.6053743 ], [ 123.483646, 10.6046519 ], [ 123.4834314, 10.6044357 ], [ 123.4831793, 10.6044674 ], [ 123.4829862, 10.6042723 ], [ 123.4820045, 10.603281 ] ] ] } },
{ "type": "Feature", "properties": { "contextFeatureId": "PHL-S-005::landuse::way::1077923683", "projectId": "PHL-S-005", "projectName": "Calatrava Solar Power Project", "countryCode": "PHL", "osmType": "way", "osmId": 1077923683, "highway": null, "place": null, "power": null, "landuse": "aquaculture", "name": null, "voltage": null, "circuits": null, "cables": null, "frequency": null, "substationTag": null, "lineTag": null, "operator": null, "location": null }, "geometry": { "type": "Polygon", "coordinates": [ [ [ 123.4828676, 10.6059541 ], [ 123.4818869, 10.6065095 ], [ 123.4812751, 10.6070237 ], [ 123.482536, 10.607804 ], [ 123.4835448, 10.6064407 ], [ 123.4828676, 10.6059541 ] ] ] } },
{ "type": "Feature", "properties": { "contextFeatureId": "PHL-S-005::landuse::way::1077923684", "projectId": "PHL-S-005", "projectName": "Calatrava Solar Power Project", "countryCode": "PHL", "osmType": "way", "osmId": 1077923684, "highway": null, "place": null, "power": null, "landuse": "aquaculture", "name": null, "voltage": null, "circuits": null, "cables": null, "frequency": null, "substationTag": null, "lineTag": null, "operator": null, "location": null }, "geometry": { "type": "Polygon", "coordinates": [ [ [ 123.4837362, 10.606505 ], [ 123.4827088, 10.6078637 ], [ 123.483414, 10.6083043 ], [ 123.4835261, 10.6083181 ], [ 123.4836802, 10.6082768 ], [ 123.484334, 10.6077902 ], [ 123.4845021, 10.6075699 ], [ 123.4845488, 10.607322 ], [ 123.4846002, 10.6070925 ], [ 123.4837362, 10.606505 ] ] ] } },
{ "type": "Feature", "properties": { "contextFeatureId": "PHL-S-005::landuse::way::1077923685", "projectId": "PHL-S-005", "projectName": "Calatrava Solar Power Project", "countryCode": "PHL", "osmType": "way", "osmId": 1077923685, "highway": null, "place": null, "power": null, "landuse": "aquaculture", "name": null, "voltage": null, "circuits": null, "cables": null, "frequency": null, "substationTag": null, "lineTag": null, "operator": null, "location": null }, "geometry": { "type": "Polygon", "coordinates": [ [ [ 123.4777688, 10.604281 ], [ 123.4770085, 10.6029862 ], [ 123.4763337, 10.6035896 ], [ 123.4754474, 10.604225 ], [ 123.4763703, 10.6053639 ], [ 123.4777688, 10.604281 ] ] ] } },
{ "type": "Feature", "properties": { "contextFeatureId": "PHL-S-005::landuse::way::1077923686", "projectId": "PHL-S-005", "projectName": "Calatrava Solar Power Project", "countryCode": "PHL", "osmType": "way", "osmId": 1077923686, "highway": null, "place": null, "power": null, "landuse": "aquaculture", "name": null, "voltage": null, "circuits": null, "cables": null, "frequency": null, "substationTag": null, "lineTag": null, "operator": null, "location": null }, "geometry": { "type": "Polygon", "coordinates": [ [ [ 123.4785533, 10.6058217 ], [ 123.4778774, 10.6044507 ], [ 123.4778452, 10.6043822 ], [ 123.4764236, 10.6054367 ], [ 123.4774697, 10.6068762 ], [ 123.4775984, 10.6069448 ], [ 123.4778345, 10.60695 ], [ 123.4778881, 10.6068604 ], [ 123.478151, 10.6059535 ], [ 123.47821, 10.6058375 ], [ 123.4783602, 10.6058269 ], [ 123.4785533, 10.6058217 ] ] ] } },
{ "type": "Feature", "properties": { "contextFeatureId": "PHL-S-005::landuse::way::1077923687", "projectId": "PHL-S-005", "projectName": "Calatrava Solar Power Project", "countryCode": "PHL", "osmType": "way", "osmId": 1077923687, "highway": null, "place": null, "power": null, "landuse": "aquaculture", "name": null, "voltage": null, "circuits": null, "cables": null, "frequency": null, "substationTag": null, "lineTag": null, "operator": null, "location": null }, "geometry": { "type": "Polygon", "coordinates": [ [ [ 123.4779632, 10.6070344 ], [ 123.478269, 10.6059429 ], [ 123.478387, 10.6058849 ], [ 123.4788322, 10.6058586 ], [ 123.4791702, 10.6059324 ], [ 123.4791756, 10.6063437 ], [ 123.4792453, 10.6065757 ], [ 123.4797066, 10.6071979 ], [ 123.4797817, 10.6073139 ], [ 123.4797978, 10.6074193 ], [ 123.4796798, 10.6076144 ], [ 123.4793687, 10.6077726 ], [ 123.4792453, 10.6077251 ], [ 123.4790093, 10.6074773 ], [ 123.4786659, 10.6070713 ], [ 123.4784406, 10.6069342 ], [ 123.47821, 10.6069448 ], [ 123.4779632, 10.6070344 ] ] ] } },
{ "type": "Feature", "properties": { "contextFeatureId": "PHL-S-005::landuse::way::1077923688", "projectId": "PHL-S-005", "projectName": "Calatrava Solar Power Project", "countryCode": "PHL", "osmType": "way", "osmId": 1077923688, "highway": null, "place": null, "power": null, "landuse": "aquaculture", "name": null, "voltage": null, "circuits": null, "cables": null, "frequency": null, "substationTag": null, "lineTag": null, "operator": null, "location": null }, "geometry": { "type": "Polygon", "coordinates": [ [ [ 123.4811944, 10.6078723 ], [ 123.4811197, 10.6071103 ], [ 123.483394, 10.6084507 ], [ 123.4832912, 10.6085471 ], [ 123.4831511, 10.6085792 ], [ 123.482927, 10.6084644 ], [ 123.4821331, 10.6081064 ], [ 123.4816521, 10.607909 ], [ 123.4811944, 10.6078723 ] ] ] } },
{ "type": "Feature", "properties": { "contextFeatureId": "PHL-S-006::landuse::way::533736257", "projectId": "PHL-S-006", "projectName": "Armenia Solar Power Project", "countryCode": "PHL", "osmType": "way", "osmId": 533736257, "highway": null, "place": null, "power": null, "landuse": "residential", "name": null, "voltage": null, "circuits": null, "cables": null, "frequency": null, "substationTag": null, "lineTag": null, "operator": null, "location": null }, "geometry": { "type": "Polygon", "coordinates": [ [ [ 120.5797906, 15.4080812 ], [ 120.5802539, 15.4080264 ], [ 120.5805624, 15.4083406 ], [ 120.5805487, 15.4088951 ], [ 120.5799544, 15.4088835 ], [ 120.5798944, 15.40907 ], [ 120.5797104, 15.4095394 ], [ 120.5788556, 15.4095081 ], [ 120.5784985, 15.4095081 ], [ 120.5784011, 15.4099463 ], [ 120.5775498, 15.4098793 ], [ 120.5766151, 15.4097492 ], [ 120.5762261, 15.4097063 ], [ 120.5762141, 15.4095271 ], [ 120.5759539, 15.4092214 ], [ 120.5756287, 15.4092158 ], [ 120.5755773, 15.4094607 ], [ 120.5753245, 15.4094452 ], [ 120.5753027, 15.4090928 ], [ 120.5747665, 15.4090294 ], [ 120.5746796, 15.4092442 ], [ 120.5744342, 15.4092379 ], [ 120.5744765, 15.4088185 ], [ 120.5745168, 15.408624 ], [ 120.5741024, 15.4085234 ], [ 120.5740611, 15.4084615 ], [ 120.57326, 15.4084001 ], [ 120.5732376, 15.4082494 ], [ 120.5730663, 15.4082145 ], [ 120.572371, 15.4082129 ], [ 120.5723702, 15.4080247 ], [ 120.5721272, 15.4080468 ], [ 120.5720919, 15.4081909 ], [ 120.5715998, 15.4081906 ], [ 120.5709579, 15.408317 ], [ 120.570667, 15.4074924 ], [ 120.5710937, 15.407536 ], [ 120.5712161, 15.4068974 ], [ 120.571869, 15.4070124 ], [ 120.5717779, 15.4076488 ], [ 120.5727309, 15.4077973 ], [ 120.5746137, 15.4079642 ], [ 120.5754361, 15.4079224 ], [ 120.5757668, 15.4079485 ], [ 120.5758546, 15.4073269 ], [ 120.57617, 15.4073878 ], [ 120.5761061, 15.4079003 ], [ 120.5762217, 15.4079014 ], [ 120.5763721, 15.4070524 ], [ 120.5766536, 15.4071054 ], [ 120.5765702, 15.4074567 ], [ 120.5772973, 15.4076512 ], [ 120.5775354, 15.4076616 ], [ 120.5778625, 15.4076628 ], [ 120.5780339, 15.4080523 ], [ 120.5782781, 15.4083025 ], [ 120.5786586, 15.4082789 ], [ 120.5790698, 15.4079469 ], [ 120.579445, 15.4078931 ], [ 120.5797906, 15.4080812 ] ] ] } },
{ "type": "Feature", "properties": { "contextFeatureId": "PHL-S-006::landuse::way::533736847", "projectId": "PHL-S-006", "projectName": "Armenia Solar Power Project", "countryCode": "PHL", "osmType": "way", "osmId": 533736847, "highway": null, "place": null, "power": null, "landuse": "residential", "name": null, "voltage": null, "circuits": null, "cables": null, "frequency": null, "substationTag": null, "lineTag": null, "operator": null, "location": null }, "geometry": { "type": "Polygon", "coordinates": [ [ [ 120.5589247, 15.4131873 ], [ 120.5585914, 15.4129612 ], [ 120.5584544, 15.4128701 ], [ 120.5588062, 15.4115916 ], [ 120.5583119, 15.4117313 ], [ 120.5582446, 15.4120425 ], [ 120.5584961, 15.4120621 ], [ 120.5583865, 15.4126472 ], [ 120.5581057, 15.4128463 ], [ 120.5579741, 15.4134067 ], [ 120.5581366, 15.4135736 ], [ 120.5579272, 15.4139397 ], [ 120.5578192, 15.4141873 ], [ 120.5574608, 15.4146037 ], [ 120.5576229, 15.4147217 ], [ 120.5578478, 15.4144489 ], [ 120.5580647, 15.414674 ], [ 120.5582923, 15.4147543 ], [ 120.5582515, 15.4148395 ], [ 120.5579312, 15.4149404 ], [ 120.5575268, 15.4151797 ], [ 120.5578387, 15.4153932 ], [ 120.5582847, 15.4155961 ], [ 120.5584312, 15.4154301 ], [ 120.5589315, 15.4156466 ], [ 120.5594259, 15.4158649 ], [ 120.5599663, 15.4162179 ], [ 120.5603807, 15.4165589 ], [ 120.5607813, 15.4167966 ], [ 120.5609825, 15.416685 ], [ 120.5612506, 15.4166528 ], [ 120.5619078, 15.4174636 ], [ 120.5635647, 15.4195067 ], [ 120.5638948, 15.4189611 ], [ 120.5634348, 15.4185953 ], [ 120.563505, 15.4184264 ], [ 120.5637939, 15.4186235 ], [ 120.5639348, 15.41838 ], [ 120.5639783, 15.4182642 ], [ 120.5640691, 15.4178656 ], [ 120.5630983, 15.4173504 ], [ 120.563014, 15.4174991 ], [ 120.5620228, 15.4169327 ], [ 120.5620594, 15.4167694 ], [ 120.5616893, 15.4161197 ], [ 120.5616047, 15.4159758 ], [ 120.5617333, 15.4155948 ], [ 120.5619127, 15.4151236 ], [ 120.5613444, 15.414935 ], [ 120.560654, 15.4146592 ], [ 120.5608807, 15.4137821 ], [ 120.5626918, 15.4135575 ], [ 120.5628753, 15.4141257 ], [ 120.5637942, 15.4141525 ], [ 120.5635653, 15.4133346 ], [ 120.5609212, 15.4135507 ], [ 120.5605065, 15.4135745 ], [ 120.5601005, 15.4136141 ], [ 120.5593486, 15.4134542 ], [ 120.5589247, 15.4131873 ] ] ] } },
{ "type": "Feature", "properties": { "contextFeatureId": "PHL-S-006::landuse::way::533737234", "projectId": "PHL-S-006", "projectName": "Armenia Solar Power Project", "countryCode": "PHL", "osmType": "way", "osmId": 533737234, "highway": null, "place": null, "power": null, "landuse": "farmland", "name": null, "voltage": null, "circuits": null, "cables": null, "frequency": null, "substationTag": null, "lineTag": null, "operator": null, "location": null }, "geometry": { "type": "Polygon", "coordinates": [ [ [ 120.5870513, 15.4339154 ], [ 120.5873868, 15.4338416 ], [ 120.5878494, 15.4339348 ], [ 120.5882635, 15.433961 ], [ 120.5885306, 15.4340911 ], [ 120.5886727, 15.4341114 ], [ 120.5887832, 15.4323562 ], [ 120.5888095, 15.4314279 ], [ 120.5887832, 15.4309662 ], [ 120.5884199, 15.4309662 ], [ 120.5883933, 15.4318103 ], [ 120.5879815, 15.4317966 ], [ 120.5880522, 15.4309583 ], [ 120.5878412, 15.4309865 ], [ 120.5878096, 15.4318286 ], [ 120.5877728, 15.4319707 ], [ 120.5870255, 15.4318895 ], [ 120.5869781, 15.4329802 ], [ 120.5870513, 15.4339154 ] ] ] } },
{ "type": "Feature", "properties": { "contextFeatureId": "PHL-S-006::landuse::way::533742298", "projectId": "PHL-S-006", "projectName": "Armenia Solar Power Project", "countryCode": "PHL", "osmType": "way", "osmId": 533742298, "highway": null, "place": null, "power": null, "landuse": "farmland", "name": null, "voltage": null, "circuits": null, "cables": null, "frequency": null, "substationTag": null, "lineTag": null, "operator": null, "location": null }, "geometry": { "type": "Polygon", "coordinates": [ [ [ 120.5915559, 15.4300153 ], [ 120.5915664, 15.4293713 ], [ 120.5914521, 15.429352 ], [ 120.5914451, 15.4292765 ], [ 120.5914774, 15.4288872 ], [ 120.5915067, 15.4287532 ], [ 120.5915698, 15.4284132 ], [ 120.5917129, 15.4283598 ], [ 120.5913389, 15.4283598 ], [ 120.5914421, 15.4280831 ], [ 120.5914808, 15.428003 ], [ 120.5915582, 15.4277926 ], [ 120.5916021, 15.4277278 ], [ 120.5915513, 15.4277011 ], [ 120.5917729, 15.427225 ], [ 120.5932833, 15.4229083 ], [ 120.593103, 15.422622 ], [ 120.5927424, 15.422622 ], [ 120.5924136, 15.4226936 ], [ 120.591862, 15.4229185 ], [ 120.5916393, 15.4229901 ], [ 120.5913423, 15.4234809 ], [ 120.5910772, 15.4240943 ], [ 120.590706, 15.4240534 ], [ 120.5905066, 15.4241602 ], [ 120.5904514, 15.4241863 ], [ 120.5902817, 15.4244624 ], [ 120.5897832, 15.4245237 ], [ 120.5894544, 15.4247793 ], [ 120.5891906, 15.4250455 ], [ 120.5888726, 15.4250938 ], [ 120.5888567, 15.4256053 ], [ 120.589359, 15.4258222 ], [ 120.5896559, 15.4268753 ], [ 120.5886589, 15.4262823 ], [ 120.5885933, 15.4252018 ], [ 120.5881046, 15.4249254 ], [ 120.5881391, 15.4245697 ], [ 120.5872959, 15.4244654 ], [ 120.5873713, 15.4231647 ], [ 120.5882641, 15.4234472 ], [ 120.5885346, 15.4236456 ], [ 120.5889369, 15.4236122 ], [ 120.5890161, 15.4233867 ], [ 120.5895231, 15.4233579 ], [ 120.5895412, 15.4230715 ], [ 120.5897842, 15.4229552 ], [ 120.5898108, 15.4226488 ], [ 120.5889818, 15.4226535 ], [ 120.5890967, 15.4212252 ], [ 120.5854589, 15.420307 ], [ 120.5837406, 15.4198461 ], [ 120.5824461, 15.41949 ], [ 120.5780246, 15.4183215 ], [ 120.5749127, 15.4174966 ], [ 120.5746593, 15.4173574 ], [ 120.571179, 15.4164237 ], [ 120.5702537, 15.4159141 ], [ 120.566522, 15.4137328 ], [ 120.560374, 15.4101602 ], [ 120.5591661, 15.4110373 ], [ 120.558827, 15.4121415 ], [ 120.5585709, 15.4128903 ], [ 120.5593303, 15.4133711 ], [ 120.5600657, 15.4135356 ], [ 120.5618101, 15.4133619 ], [ 120.5635688, 15.4132121 ], [ 120.563931, 15.414333 ], [ 120.5656883, 15.4151053 ], [ 120.5655084, 15.4154016 ], [ 120.5638111, 15.4147716 ], [ 120.562728, 15.4145893 ], [ 120.5625369, 15.4152562 ], [ 120.5618815, 15.4150733 ], [ 120.5615805, 15.4159093 ], [ 120.5621299, 15.4167531 ], [ 120.5639837, 15.4172424 ], [ 120.5646975, 15.4162082 ], [ 120.5653465, 15.4161834 ], [ 120.5670784, 15.416876 ], [ 120.5683781, 15.4189558 ], [ 120.5687903, 15.4203254 ], [ 120.569006, 15.420479 ], [ 120.5696052, 15.4204615 ], [ 120.5697104, 15.4231136 ], [ 120.5709511, 15.4231663 ], [ 120.5709619, 15.4233793 ], [ 120.5709439, 15.4236452 ], [ 120.5701018, 15.4237112 ], [ 120.5700884, 15.4242502 ], [ 120.5697991, 15.4242782 ], [ 120.5697769, 15.4246553 ], [ 120.569462, 15.4246537 ], [ 120.5694473, 15.4243512 ], [ 120.5685351, 15.4243445 ], [ 120.5685085, 15.4245435 ], [ 120.5679385, 15.4245565 ], [ 120.5678698, 15.4247536 ], [ 120.5690925, 15.4260771 ], [ 120.5697748, 15.4261778 ], [ 120.5702034, 15.4262624 ], [ 120.5702108, 15.4264592 ], [ 120.5706455, 15.4266171 ], [ 120.5720277, 15.4268998 ], [ 120.5723473, 15.4267585 ], [ 120.5725106, 15.4268226 ], [ 120.5728509, 15.4266727 ], [ 120.5727117, 15.42642 ], [ 120.5730761, 15.426232 ], [ 120.5737259, 15.4260753 ], [ 120.5738501, 15.4263453 ], [ 120.5747572, 15.4260795 ], [ 120.5751654, 15.4259365 ], [ 120.5750997, 15.4256184 ], [ 120.5754229, 15.4255284 ], [ 120.5753724, 15.4252773 ], [ 120.5742084, 15.4255481 ], [ 120.574066, 15.4245266 ], [ 120.57351, 15.4242355 ], [ 120.5735419, 15.4238657 ], [ 120.5738905, 15.4236621 ], [ 120.573717, 15.4221299 ], [ 120.5738159, 15.4214677 ], [ 120.5735297, 15.420629 ], [ 120.5732168, 15.4200798 ], [ 120.5737631, 15.4200093 ], [ 120.5744066, 15.4210392 ], [ 120.5751554, 15.4218165 ], [ 120.5750474, 15.4219384 ], [ 120.5753677, 15.4223721 ], [ 120.575361, 15.4228036 ], [ 120.5755461, 15.422861 ], [ 120.5756748, 15.4227233 ], [ 120.5757376, 15.4236907 ], [ 120.5757883, 15.4237455 ], [ 120.5758182, 15.4238628 ], [ 120.5758301, 15.4240992 ], [ 120.5759343, 15.4246913 ], [ 120.5765619, 15.4245254 ], [ 120.5766048, 15.4246034 ], [ 120.5768445, 15.4246768 ], [ 120.5772327, 15.4245954 ], [ 120.5771937, 15.4244365 ], [ 120.5776159, 15.4243749 ], [ 120.5778082, 15.4243143 ], [ 120.5781659, 15.4242448 ], [ 120.5785312, 15.4241584 ], [ 120.5795038, 15.4239611 ], [ 120.5801234, 15.4238432 ], [ 120.5801217, 15.4235769 ], [ 120.5805892, 15.4235358 ], [ 120.5806273, 15.4236781 ], [ 120.5812742, 15.4236981 ], [ 120.5816201, 15.4237074 ], [ 120.5816679, 15.4240762 ], [ 120.582307, 15.4241335 ], [ 120.5823501, 15.4246972 ], [ 120.5825453, 15.4256421 ], [ 120.5822316, 15.4257813 ], [ 120.5829316, 15.4266504 ], [ 120.5845013, 15.4266606 ], [ 120.5847452, 15.4273763 ], [ 120.5863256, 15.4271718 ], [ 120.5865589, 15.4278772 ], [ 120.5861771, 15.4279795 ], [ 120.5860922, 15.4288179 ], [ 120.5851377, 15.4287258 ], [ 120.5847877, 15.4287872 ], [ 120.5846816, 15.4288383 ], [ 120.5846922, 15.4291655 ], [ 120.5852862, 15.4296767 ], [ 120.5855937, 15.4298812 ], [ 120.5861314, 15.4299708 ], [ 120.5862908, 15.4298197 ], [ 120.5866781, 15.4299294 ], [ 120.5866258, 15.4301335 ], [ 120.5867544, 15.4302032 ], [ 120.5867182, 15.4304938 ], [ 120.5873171, 15.4306604 ], [ 120.5891176, 15.4306875 ], [ 120.589214, 15.4301722 ], [ 120.590263, 15.4301025 ], [ 120.5903273, 15.4297616 ], [ 120.5907212, 15.4297732 ], [ 120.5907741, 15.4301315 ], [ 120.5912718, 15.4301451 ], [ 120.5913803, 15.4300483 ], [ 120.5915559, 15.4300153 ] ] ] } },
{ "type": "Feature", "properties": { "contextFeatureId": "PHL-S-006::landuse::way::534700451", "projectId": "PHL-S-006", "projectName": "Armenia Solar Power Project", "countryCode": "PHL", "osmType": "way", "osmId": 534700451, "highway": null, "place": null, "power": null, "landuse": "residential", "name": null, "voltage": null, "circuits": null, "cables": null, "frequency": null, "substationTag": null, "lineTag": null, "operator": null, "location": null }, "geometry": { "type": "Polygon", "coordinates": [ [ [ 120.5851239, 15.4331235 ], [ 120.5847647, 15.4330434 ], [ 120.5851185, 15.4320982 ], [ 120.5852377, 15.4315661 ], [ 120.5850703, 15.4313801 ], [ 120.5846496, 15.4312019 ], [ 120.5846628, 15.4307679 ], [ 120.5846014, 15.4305059 ], [ 120.584521, 15.4304038 ], [ 120.5843615, 15.4301933 ], [ 120.5842074, 15.430028 ], [ 120.584103, 15.4297917 ], [ 120.5841383, 15.4295787 ], [ 120.5844039, 15.429445 ], [ 120.5849255, 15.4302019 ], [ 120.5850262, 15.4302773 ], [ 120.5852027, 15.4303707 ], [ 120.5855745, 15.4304751 ], [ 120.5861868, 15.4306391 ], [ 120.5868208, 15.4307975 ], [ 120.5868082, 15.4310931 ], [ 120.5868095, 15.43123 ], [ 120.5866913, 15.4315083 ], [ 120.5865024, 15.4316702 ], [ 120.5859706, 15.4315079 ], [ 120.5858288, 15.4314934 ], [ 120.5857746, 15.4317444 ], [ 120.5858469, 15.4322608 ], [ 120.5858311, 15.4325822 ], [ 120.5851239, 15.4331235 ] ] ] } },
{ "type": "Feature", "properties": { "contextFeatureId": "PHL-S-006::landuse::way::534700598", "projectId": "PHL-S-006", "projectName": "Armenia Solar Power Project", "countryCode": "PHL", "osmType": "way", "osmId": 534700598, "highway": null, "place": null, "power": null, "landuse": "residential", "name": null, "voltage": null, "circuits": null, "cables": null, "frequency": null, "substationTag": null, "lineTag": null, "operator": null, "location": null }, "geometry": { "type": "Polygon", "coordinates": [ [ [ 120.5866913, 15.4305606 ], [ 120.5867479, 15.4302056 ], [ 120.5866103, 15.4301439 ], [ 120.586663, 15.4299341 ], [ 120.5862947, 15.4298254 ], [ 120.5861727, 15.4300032 ], [ 120.5860076, 15.4299928 ], [ 120.585596, 15.429912 ], [ 120.5846747, 15.4291778 ], [ 120.5844331, 15.4286413 ], [ 120.5842636, 15.4287391 ], [ 120.5841558, 15.4285933 ], [ 120.5840413, 15.4286673 ], [ 120.5840609, 15.4286938 ], [ 120.5844293, 15.4292559 ], [ 120.5845991, 15.4294991 ], [ 120.5848006, 15.4297799 ], [ 120.5849996, 15.4300661 ], [ 120.5851188, 15.4301823 ], [ 120.5852689, 15.4302684 ], [ 120.5858128, 15.4304014 ], [ 120.5866707, 15.430582 ], [ 120.5866913, 15.4305606 ] ] ] } },
{ "type": "Feature", "properties": { "contextFeatureId": "PHL-S-006::landuse::way::534700752", "projectId": "PHL-S-006", "projectName": "Armenia Solar Power Project", "countryCode": "PHL", "osmType": "way", "osmId": 534700752, "highway": null, "place": null, "power": null, "landuse": "residential", "name": null, "voltage": null, "circuits": null, "cables": null, "frequency": null, "substationTag": null, "lineTag": null, "operator": null, "location": null }, "geometry": { "type": "Polygon", "coordinates": [ [ [ 120.5830062, 15.4274088 ], [ 120.5825354, 15.4276856 ], [ 120.5818152, 15.4264243 ], [ 120.5822023, 15.4262352 ], [ 120.5830062, 15.4274088 ] ] ] } },
{ "type": "Feature", "properties": { "contextFeatureId": "PHL-S-006::landuse::way::534701153", "projectId": "PHL-S-006", "projectName": "Armenia Solar Power Project", "countryCode": "PHL", "osmType": "way", "osmId": 534701153, "highway": null, "place": null, "power": null, "landuse": "residential", "name": null, "voltage": null, "circuits": null, "cables": null, "frequency": null, "substationTag": null, "lineTag": null, "operator": null, "location": null }, "geometry": { "type": "Polygon", "coordinates": [ [ [ 120.5825001, 15.4256064 ], [ 120.5812477, 15.4258097 ], [ 120.5811802, 15.4250306 ], [ 120.5809214, 15.4249412 ], [ 120.5806589, 15.4249342 ], [ 120.5748205, 15.4263436 ], [ 120.5747385, 15.4261108 ], [ 120.5752056, 15.4259467 ], [ 120.5751409, 15.4256413 ], [ 120.575473, 15.4255506 ], [ 120.5753927, 15.4252492 ], [ 120.5743219, 15.4254427 ], [ 120.5742048, 15.424891 ], [ 120.5749911, 15.4247009 ], [ 120.5749412, 15.4239497 ], [ 120.5757476, 15.4238343 ], [ 120.5759088, 15.4247264 ], [ 120.5765477, 15.4245537 ], [ 120.5765988, 15.4246243 ], [ 120.5768438, 15.4247043 ], [ 120.5772602, 15.424602 ], [ 120.5772142, 15.4244516 ], [ 120.5776046, 15.4244064 ], [ 120.5778077, 15.4243302 ], [ 120.5781619, 15.4242605 ], [ 120.5795857, 15.4239712 ], [ 120.5801289, 15.4238629 ], [ 120.5801325, 15.4235908 ], [ 120.5805712, 15.4235651 ], [ 120.5806215, 15.4236909 ], [ 120.5816179, 15.4237174 ], [ 120.5816626, 15.4240889 ], [ 120.5822994, 15.424144 ], [ 120.5823274, 15.4247969 ], [ 120.5825001, 15.4256064 ] ] ] } },
{ "type": "Feature", "properties": { "contextFeatureId": "PHL-S-006::landuse::way::534701291", "projectId": "PHL-S-006", "projectName": "Armenia Solar Power Project", "countryCode": "PHL", "osmType": "way", "osmId": 534701291, "highway": null, "place": null, "power": null, "landuse": "residential", "name": null, "voltage": null, "circuits": null, "cables": null, "frequency": null, "substationTag": null, "lineTag": null, "operator": null, "location": null }, "geometry": { "type": "Polygon", "coordinates": [ [ [ 120.568971, 15.4267756 ], [ 120.5693586, 15.4264697 ], [ 120.5697344, 15.4261965 ], [ 120.5701854, 15.4262776 ], [ 120.5701903, 15.4264636 ], [ 120.5706354, 15.4266394 ], [ 120.571371, 15.4267773 ], [ 120.5720335, 15.4269138 ], [ 120.5723571, 15.426782 ], [ 120.5724983, 15.426835 ], [ 120.5728818, 15.4266786 ], [ 120.5727566, 15.4264339 ], [ 120.5730864, 15.4262508 ], [ 120.5737207, 15.4260888 ], [ 120.5738409, 15.4263584 ], [ 120.5747338, 15.4261164 ], [ 120.5748157, 15.4263454 ], [ 120.574815, 15.4264798 ], [ 120.5749485, 15.4269937 ], [ 120.573681, 15.4274276 ], [ 120.5729811, 15.4277188 ], [ 120.5723375, 15.4278334 ], [ 120.5721812, 15.4279174 ], [ 120.572136, 15.4281022 ], [ 120.5719585, 15.4283151 ], [ 120.5714061, 15.4281953 ], [ 120.5711468, 15.4281048 ], [ 120.5706928, 15.4279584 ], [ 120.5707205, 15.4275868 ], [ 120.5704531, 15.4274825 ], [ 120.5703377, 15.4277264 ], [ 120.5701785, 15.427897 ], [ 120.5698102, 15.4280598 ], [ 120.5700034, 15.4284571 ], [ 120.5696781, 15.4285399 ], [ 120.5695708, 15.428464 ], [ 120.5694515, 15.4280875 ], [ 120.568971, 15.4267756 ] ] ] } },
{ "type": "Feature", "properties": { "contextFeatureId": "PHL-S-006::landuse::way::534701311", "projectId": "PHL-S-006", "projectName": "Armenia Solar Power Project", "countryCode": "PHL", "osmType": "way", "osmId": 534701311, "highway": null, "place": null, "power": null, "landuse": "residential", "name": null, "voltage": null, "circuits": null, "cables": null, "frequency": null, "substationTag": null, "lineTag": null, "operator": null, "location": null }, "geometry": { "type": "Polygon", "coordinates": [ [ [ 120.5697697, 15.4246409 ], [ 120.5694754, 15.4246433 ], [ 120.5694598, 15.4243322 ], [ 120.5685182, 15.4243339 ], [ 120.5685052, 15.4245224 ], [ 120.5679328, 15.424537 ], [ 120.5678305, 15.4247798 ], [ 120.567301, 15.4241181 ], [ 120.5670749, 15.4238542 ], [ 120.5677397, 15.422296 ], [ 120.5671652, 15.4220248 ], [ 120.5680208, 15.4204417 ], [ 120.5685624, 15.4198026 ], [ 120.5687907, 15.4204703 ], [ 120.5690425, 15.4206069 ], [ 120.5695777, 15.4205614 ], [ 120.5696857, 15.4231345 ], [ 120.5709373, 15.4231842 ], [ 120.5709364, 15.4236197 ], [ 120.5700939, 15.4237081 ], [ 120.5700852, 15.4242347 ], [ 120.5697826, 15.4242581 ], [ 120.5697697, 15.4246409 ] ] ] } },
{ "type": "Feature", "properties": { "contextFeatureId": "PHL-S-006::landuse::way::534702296", "projectId": "PHL-S-006", "projectName": "Armenia Solar Power Project", "countryCode": "PHL", "osmType": "way", "osmId": 534702296, "highway": null, "place": null, "power": null, "landuse": "residential", "name": null, "voltage": null, "circuits": null, "cables": null, "frequency": null, "substationTag": null, "lineTag": null, "operator": null, "location": null }, "geometry": { "type": "Polygon", "coordinates": [ [ [ 120.5609322, 15.4554139 ], [ 120.5615673, 15.455756 ], [ 120.5611844, 15.4562241 ], [ 120.561035, 15.4568093 ], [ 120.5607921, 15.4573134 ], [ 120.560652, 15.4577365 ], [ 120.5602411, 15.4583667 ], [ 120.5595779, 15.4589518 ], [ 120.5592043, 15.4593029 ], [ 120.5588868, 15.459663 ], [ 120.5585505, 15.4601581 ], [ 120.5585879, 15.4605272 ], [ 120.558728, 15.4608962 ], [ 120.5587653, 15.4611843 ], [ 120.5588697, 15.4614706 ], [ 120.5590736, 15.4616794 ], [ 120.5590175, 15.4619495 ], [ 120.5590175, 15.4625796 ], [ 120.5589054, 15.4626516 ], [ 120.5584198, 15.4628587 ], [ 120.5584132, 15.4628542 ], [ 120.5581676, 15.4626876 ], [ 120.5584011, 15.4623366 ], [ 120.5582236, 15.4619315 ], [ 120.5580835, 15.4617694 ], [ 120.5579061, 15.4613103 ], [ 120.5577753, 15.4609683 ], [ 120.5573924, 15.4605362 ], [ 120.5570655, 15.4602481 ], [ 120.5579247, 15.459852 ], [ 120.5585599, 15.4591228 ], [ 120.558813, 15.4588863 ], [ 120.5594752, 15.4582676 ], [ 120.5599889, 15.4574304 ], [ 120.5609322, 15.4554139 ] ] ] } },
{ "type": "Feature", "properties": { "contextFeatureId": "PHL-S-006::landuse::way::534702823", "projectId": "PHL-S-006", "projectName": "Armenia Solar Power Project", "countryCode": "PHL", "osmType": "way", "osmId": 534702823, "highway": null, "place": null, "power": null, "landuse": "residential", "name": null, "voltage": null, "circuits": null, "cables": null, "frequency": null, "substationTag": null, "lineTag": null, "operator": null, "location": null }, "geometry": { "type": "Polygon", "coordinates": [ [ [ 120.5531148, 15.4560343 ], [ 120.55335, 15.4574183 ], [ 120.5519017, 15.4575018 ], [ 120.5520502, 15.4571677 ], [ 120.5523226, 15.4570842 ], [ 120.552273, 15.4568337 ], [ 120.5521981, 15.4568324 ], [ 120.5520131, 15.4568337 ], [ 120.5518274, 15.456786 ], [ 120.5519141, 15.4564519 ], [ 120.5518177, 15.4563505 ], [ 120.5511175, 15.4561782 ], [ 120.5512637, 15.4557876 ], [ 120.5531148, 15.4560343 ] ] ] } },
{ "type": "Feature", "properties": { "contextFeatureId": "PHL-S-006::landuse::way::534702912", "projectId": "PHL-S-006", "projectName": "Armenia Solar Power Project", "countryCode": "PHL", "osmType": "way", "osmId": 534702912, "highway": null, "place": null, "power": null, "landuse": "residential", "name": null, "voltage": null, "circuits": null, "cables": null, "frequency": null, "substationTag": null, "lineTag": null, "operator": null, "location": null }, "geometry": { "type": "Polygon", "coordinates": [ [ [ 120.5553479, 15.464051 ], [ 120.5561327, 15.4641248 ], [ 120.5557308, 15.465699 ], [ 120.5554054, 15.465699 ], [ 120.5553415, 15.4659143 ], [ 120.5545695, 15.4659696 ], [ 120.5539415, 15.4660112 ], [ 120.5538289, 15.4660186 ], [ 120.5537741, 15.4660223 ], [ 120.5535487, 15.4660372 ], [ 120.5535423, 15.4656806 ], [ 120.553966, 15.4657352 ], [ 120.5540107, 15.465741 ], [ 120.5546397, 15.465822 ], [ 120.5549842, 15.4652009 ], [ 120.5554436, 15.4645306 ], [ 120.5553479, 15.464051 ] ] ] } },
{ "type": "Feature", "properties": { "contextFeatureId": "PHL-S-006::landuse::way::534702946", "projectId": "PHL-S-006", "projectName": "Armenia Solar Power Project", "countryCode": "PHL", "osmType": "way", "osmId": 534702946, "highway": null, "place": null, "power": null, "landuse": "residential", "name": null, "voltage": null, "circuits": null, "cables": null, "frequency": null, "substationTag": null, "lineTag": null, "operator": null, "location": null }, "geometry": { "type": "Polygon", "coordinates": [ [ [ 120.5395455, 15.4496639 ], [ 120.540201, 15.4497083 ], [ 120.5409326, 15.4496659 ], [ 120.5414152, 15.4490088 ], [ 120.5411095, 15.4481453 ], [ 120.5407645, 15.4480067 ], [ 120.539764, 15.447591 ], [ 120.5393845, 15.4480123 ], [ 120.5392385, 15.4485555 ], [ 120.538544, 15.4485502 ], [ 120.5372224, 15.4485111 ], [ 120.5371195, 15.4488636 ], [ 120.5383365, 15.4492489 ], [ 120.538816, 15.4496136 ], [ 120.5395455, 15.4496639 ] ] ] } },
{ "type": "Feature", "properties": { "contextFeatureId": "PHL-S-006::landuse::way::534705713", "projectId": "PHL-S-006", "projectName": "Armenia Solar Power Project", "countryCode": "PHL", "osmType": "way", "osmId": 534705713, "highway": null, "place": null, "power": null, "landuse": "residential", "name": null, "voltage": null, "circuits": null, "cables": null, "frequency": null, "substationTag": null, "lineTag": null, "operator": null, "location": null }, "geometry": { "type": "Polygon", "coordinates": [ [ [ 120.5457493, 15.4542652 ], [ 120.5463358, 15.4542095 ], [ 120.5463354, 15.4545583 ], [ 120.5467247, 15.4545349 ], [ 120.5467728, 15.454838 ], [ 120.5467286, 15.4550242 ], [ 120.5464609, 15.4551706 ], [ 120.5461573, 15.4552849 ], [ 120.5459199, 15.4553435 ], [ 120.5455943, 15.4552557 ], [ 120.5457493, 15.4542652 ] ] ] } },
{ "type": "Feature", "properties": { "contextFeatureId": "PHL-S-006::landuse::way::534706174", "projectId": "PHL-S-006", "projectName": "Armenia Solar Power Project", "countryCode": "PHL", "osmType": "way", "osmId": 534706174, "highway": null, "place": null, "power": null, "landuse": "residential", "name": null, "voltage": null, "circuits": null, "cables": null, "frequency": null, "substationTag": null, "lineTag": null, "operator": null, "location": null }, "geometry": { "type": "Polygon", "coordinates": [ [ [ 120.5590979, 15.4284632 ], [ 120.558292, 15.4284778 ], [ 120.5582142, 15.4289742 ], [ 120.5577877, 15.4289897 ], [ 120.5577686, 15.4283997 ], [ 120.5572708, 15.4283311 ], [ 120.5573747, 15.4275093 ], [ 120.5584601, 15.4275008 ], [ 120.5584157, 15.4280819 ], [ 120.5587158, 15.4281199 ], [ 120.559208, 15.428382 ], [ 120.5590979, 15.4284632 ] ] ] } },
{ "type": "Feature", "properties": { "contextFeatureId": "PHL-S-006::landuse::way::534709016", "projectId": "PHL-S-006", "projectName": "Armenia Solar Power Project", "countryCode": "PHL", "osmType": "way", "osmId": 534709016, "highway": null, "place": null, "power": null, "landuse": "residential", "name": null, "voltage": null, "circuits": null, "cables": null, "frequency": null, "substationTag": null, "lineTag": null, "operator": null, "location": null }, "geometry": { "type": "Polygon", "coordinates": [ [ [ 120.5634245, 15.4248311 ], [ 120.5637655, 15.4246426 ], [ 120.5635169, 15.4243262 ], [ 120.563406, 15.4241895 ], [ 120.5632037, 15.4243639 ], [ 120.5630652, 15.4244506 ], [ 120.5620326, 15.4261597 ], [ 120.5616651, 15.4267337 ], [ 120.5615042, 15.4269742 ], [ 120.5612977, 15.4272715 ], [ 120.5609219, 15.4278141 ], [ 120.5606706, 15.4281907 ], [ 120.5605562, 15.4284446 ], [ 120.5604766, 15.4285972 ], [ 120.5604127, 15.4288394 ], [ 120.5604827, 15.4290687 ], [ 120.5602809, 15.4291375 ], [ 120.5601774, 15.4297461 ], [ 120.5601367, 15.4301341 ], [ 120.5601069, 15.4310382 ], [ 120.5602424, 15.4317748 ], [ 120.5606531, 15.4317725 ], [ 120.5608637, 15.4317324 ], [ 120.5607936, 15.4315178 ], [ 120.5605967, 15.431574 ], [ 120.5605275, 15.4313823 ], [ 120.5608208, 15.4312468 ], [ 120.5608641, 15.4313808 ], [ 120.560907, 15.431462 ], [ 120.5609787, 15.4318185 ], [ 120.5611058, 15.431754 ], [ 120.561191, 15.4321694 ], [ 120.5609218, 15.4322591 ], [ 120.5610058, 15.432686 ], [ 120.5609218, 15.4335004 ], [ 120.5610644, 15.4343296 ], [ 120.561392, 15.4350794 ], [ 120.5619763, 15.4358541 ], [ 120.5627435, 15.4381592 ], [ 120.563181, 15.4396733 ], [ 120.5635851, 15.4406672 ], [ 120.5637965, 15.4406359 ], [ 120.5636989, 15.4401343 ], [ 120.5638087, 15.4400872 ], [ 120.5637721, 15.4398756 ], [ 120.5640801, 15.4399251 ], [ 120.5641641, 15.4403449 ], [ 120.5645892, 15.4403341 ], [ 120.5647722, 15.4400128 ], [ 120.5645567, 15.4399422 ], [ 120.5644957, 15.439617 ], [ 120.5647356, 15.4395896 ], [ 120.564699, 15.4393662 ], [ 120.5648576, 15.4393427 ], [ 120.5648535, 15.438697 ], [ 120.5644335, 15.4387112 ], [ 120.5643264, 15.4389299 ], [ 120.5642401, 15.4389519 ], [ 120.5637309, 15.4389699 ], [ 120.5637474, 15.4392582 ], [ 120.5636882, 15.4392889 ], [ 120.5636639, 15.439018 ], [ 120.5634856, 15.438694 ], [ 120.5631907, 15.4385119 ], [ 120.5628481, 15.437601 ], [ 120.5630579, 15.4375944 ], [ 120.5629995, 15.437394 ], [ 120.5630958, 15.4373874 ], [ 120.5631052, 15.4372571 ], [ 120.563187, 15.4372391 ], [ 120.5632476, 15.4372422 ], [ 120.5633818, 15.4372501 ], [ 120.5633351, 15.4373669 ], [ 120.5633164, 15.4374667 ], [ 120.5633102, 15.4376802 ], [ 120.5637924, 15.4377203 ], [ 120.5637477, 15.4370267 ], [ 120.5638069, 15.436997 ], [ 120.5639696, 15.4369931 ], [ 120.5640892, 15.4369561 ], [ 120.5643169, 15.4370032 ], [ 120.5644591, 15.436964 ], [ 120.5646055, 15.4369522 ], [ 120.5646427, 15.4367501 ], [ 120.5644911, 15.4366566 ], [ 120.5643138, 15.4365957 ], [ 120.564264, 15.436529 ], [ 120.5644429, 15.4363605 ], [ 120.5644998, 15.4364153 ], [ 120.5645266, 15.4364904 ], [ 120.5645811, 15.4365486 ], [ 120.5649755, 15.436623 ], [ 120.5652158, 15.4365549 ], [ 120.5652926, 15.4362586 ], [ 120.5653576, 15.4361371 ], [ 120.5656987, 15.4362558 ], [ 120.5658538, 15.4360246 ], [ 120.5654861, 15.435661 ], [ 120.5646708, 15.4348394 ], [ 120.5643236, 15.4345934 ], [ 120.5638532, 15.4344803 ], [ 120.5628089, 15.4341079 ], [ 120.5620531, 15.4337936 ], [ 120.5617343, 15.4329047 ], [ 120.5615927, 15.4322686 ], [ 120.5615267, 15.4321516 ], [ 120.5613421, 15.4313041 ], [ 120.5615375, 15.4311272 ], [ 120.5613412, 15.4304751 ], [ 120.5616546, 15.4303202 ], [ 120.5615532, 15.4300144 ], [ 120.5629357, 15.429404 ], [ 120.5630487, 15.4299046 ], [ 120.5625567, 15.4300634 ], [ 120.5627506, 15.4305746 ], [ 120.5633757, 15.4303836 ], [ 120.5630172, 15.4291884 ], [ 120.5628493, 15.4288015 ], [ 120.5630763, 15.4286636 ], [ 120.562949, 15.4283257 ], [ 120.5626153, 15.4284673 ], [ 120.5626892, 15.4287654 ], [ 120.5623334, 15.4289039 ], [ 120.5625757, 15.4293987 ], [ 120.5616442, 15.4298373 ], [ 120.5615566, 15.4296939 ], [ 120.5612064, 15.4298252 ], [ 120.5610343, 15.4295753 ], [ 120.5610845, 15.429529 ], [ 120.5607094, 15.429118 ], [ 120.5605769, 15.4288679 ], [ 120.5607569, 15.4283855 ], [ 120.5613635, 15.4275724 ], [ 120.5614033, 15.4274898 ], [ 120.5618064, 15.4280525 ], [ 120.5621245, 15.4281207 ], [ 120.5622583, 15.4283263 ], [ 120.5624794, 15.4281901 ], [ 120.5622295, 15.4278036 ], [ 120.5623938, 15.4277122 ], [ 120.5621379, 15.427436 ], [ 120.5620352, 15.4275146 ], [ 120.5617441, 15.4271069 ], [ 120.5618851, 15.4269913 ], [ 120.5617298, 15.4267899 ], [ 120.5632199, 15.4245411 ], [ 120.5634245, 15.4248311 ] ] ] } },
{ "type": "Feature", "properties": { "contextFeatureId": "PHL-S-006::landuse::way::534709357", "projectId": "PHL-S-006", "projectName": "Armenia Solar Power Project", "countryCode": "PHL", "osmType": "way", "osmId": 534709357, "highway": null, "place": null, "power": null, "landuse": "residential", "name": null, "voltage": null, "circuits": null, "cables": null, "frequency": null, "substationTag": null, "lineTag": null, "operator": null, "location": null }, "geometry": { "type": "Polygon", "coordinates": [ [ [ 120.5556619, 15.4187788 ], [ 120.5548937, 15.4181063 ], [ 120.5547216, 15.4178659 ], [ 120.5549784, 15.4173999 ], [ 120.5557326, 15.4171996 ], [ 120.555882, 15.4170633 ], [ 120.5561401, 15.4181514 ], [ 120.5556619, 15.4187788 ] ] ] } },
{ "type": "Feature", "properties": { "contextFeatureId": "PHL-S-006::landuse::way::534709804", "projectId": "PHL-S-006", "projectName": "Armenia Solar Power Project", "countryCode": "PHL", "osmType": "way", "osmId": 534709804, "highway": null, "place": null, "power": null, "landuse": "residential", "name": null, "voltage": null, "circuits": null, "cables": null, "frequency": null, "substationTag": null, "lineTag": null, "operator": null, "location": null }, "geometry": { "type": "Polygon", "coordinates": [ [ [ 120.5486203, 15.4161183 ], [ 120.5499747, 15.4165484 ], [ 120.549699, 15.4176899 ], [ 120.5496242, 15.4178864 ], [ 120.5493259, 15.4177916 ], [ 120.549042, 15.4177212 ], [ 120.5489528, 15.4169628 ], [ 120.5485817, 15.4166157 ], [ 120.5486203, 15.4161183 ] ] ] } },
{ "type": "Feature", "properties": { "contextFeatureId": "PHL-S-006::landuse::way::534710642", "projectId": "PHL-S-006", "projectName": "Armenia Solar Power Project", "countryCode": "PHL", "osmType": "way", "osmId": 534710642, "highway": null, "place": null, "power": null, "landuse": "farmland", "name": null, "voltage": null, "circuits": null, "cables": null, "frequency": null, "substationTag": null, "lineTag": null, "operator": null, "location": null }, "geometry": { "type": "Polygon", "coordinates": [ [ [ 120.5959109, 15.4238019 ], [ 120.5966772, 15.4196509 ], [ 120.596521, 15.4194677 ], [ 120.5955759, 15.4182522 ], [ 120.5955454, 15.4181568 ], [ 120.5937254, 15.418377 ], [ 120.5916085, 15.4174154 ], [ 120.5901845, 15.4180026 ], [ 120.5884102, 15.4168648 ], [ 120.5873517, 15.4167987 ], [ 120.5866283, 15.4171071 ], [ 120.5862171, 15.4169969 ], [ 120.5856993, 15.4166299 ], [ 120.5854252, 15.4165932 ], [ 120.5847322, 15.4169309 ], [ 120.5834833, 15.417731 ], [ 120.5838633, 15.4187985 ], [ 120.5842656, 15.4193887 ], [ 120.5851404, 15.4199959 ], [ 120.5913839, 15.4217273 ], [ 120.5934933, 15.4222999 ], [ 120.594581, 15.4227669 ], [ 120.5959109, 15.4238019 ] ] ] } },
{ "type": "Feature", "properties": { "contextFeatureId": "PHL-S-006::landuse::way::534712285", "projectId": "PHL-S-006", "projectName": "Armenia Solar Power Project", "countryCode": "PHL", "osmType": "way", "osmId": 534712285, "highway": null, "place": null, "power": null, "landuse": "farmland", "name": null, "voltage": null, "circuits": null, "cables": null, "frequency": null, "substationTag": null, "lineTag": null, "operator": null, "location": null }, "geometry": { "type": "Polygon", "coordinates": [ [ [ 120.5962705, 15.4185373 ], [ 120.5974951, 15.4130677 ], [ 120.5928431, 15.4119431 ], [ 120.5922996, 15.4143112 ], [ 120.5909736, 15.4142064 ], [ 120.589749, 15.414409 ], [ 120.5905316, 15.4113703 ], [ 120.5861621, 15.4102945 ], [ 120.5861187, 15.4109302 ], [ 120.586394, 15.411014 ], [ 120.5865027, 15.4132284 ], [ 120.5867128, 15.4132144 ], [ 120.5867853, 15.4138012 ], [ 120.5865027, 15.413906 ], [ 120.5862636, 15.4141156 ], [ 120.5857274, 15.4140457 ], [ 120.5855969, 15.4140248 ], [ 120.5854738, 15.4101338 ], [ 120.5844376, 15.4098963 ], [ 120.5844883, 15.411028 ], [ 120.5846694, 15.4145906 ], [ 120.584068, 15.4146046 ], [ 120.5841579, 15.413779 ], [ 120.584133, 15.4129124 ], [ 120.5840581, 15.4112353 ], [ 120.5839748, 15.4099956 ], [ 120.5837875, 15.4100036 ], [ 120.5837875, 15.4099073 ], [ 120.5837251, 15.4096866 ], [ 120.5835586, 15.4096505 ], [ 120.5830218, 15.409494 ], [ 120.5829885, 15.4095823 ], [ 120.5828886, 15.4095903 ], [ 120.5828137, 15.4094459 ], [ 120.5820354, 15.4092734 ], [ 120.5818107, 15.4092011 ], [ 120.5818565, 15.4097749 ], [ 120.5818606, 15.4098271 ], [ 120.5814777, 15.4097869 ], [ 120.5814803, 15.4090943 ], [ 120.5807536, 15.4089123 ], [ 120.5800003, 15.4089163 ], [ 120.5799545, 15.409161 ], [ 120.5799087, 15.409165 ], [ 120.5797631, 15.4095462 ], [ 120.5785603, 15.4095542 ], [ 120.5784646, 15.4099474 ], [ 120.5775369, 15.4099043 ], [ 120.5766142, 15.409775 ], [ 120.5761851, 15.4097492 ], [ 120.5761851, 15.4095475 ], [ 120.5759759, 15.4094699 ], [ 120.575945, 15.4092327 ], [ 120.5757378, 15.4092204 ], [ 120.5756433, 15.4092527 ], [ 120.5755843, 15.4094699 ], [ 120.5753697, 15.4094803 ], [ 120.5753107, 15.4094544 ], [ 120.5752946, 15.4090976 ], [ 120.5747689, 15.4090562 ], [ 120.5746938, 15.4092527 ], [ 120.5744148, 15.4092527 ], [ 120.5744591, 15.4088092 ], [ 120.5744859, 15.4086386 ], [ 120.5741573, 15.4085546 ], [ 120.574093, 15.408539 ], [ 120.57405, 15.4084718 ], [ 120.5739658, 15.4084609 ], [ 120.5732514, 15.4084104 ], [ 120.5732232, 15.4082565 ], [ 120.5724622, 15.4082494 ], [ 120.5723609, 15.4082171 ], [ 120.5723656, 15.4080322 ], [ 120.5721349, 15.4080736 ], [ 120.5721135, 15.4081977 ], [ 120.5719526, 15.4082339 ], [ 120.5715901, 15.4082258 ], [ 120.5710451, 15.408335 ], [ 120.5709531, 15.408335 ], [ 120.5706628, 15.4076049 ], [ 120.5701068, 15.4074858 ], [ 120.5701687, 15.4078139 ], [ 120.5700423, 15.4078672 ], [ 120.5700722, 15.4080703 ], [ 120.56991, 15.4080897 ], [ 120.5698559, 15.4078369 ], [ 120.5696648, 15.4078232 ], [ 120.5694383, 15.4078437 ], [ 120.569325, 15.4075434 ], [ 120.5681783, 15.4075503 ], [ 120.5678386, 15.407482 ], [ 120.5676899, 15.4074547 ], [ 120.5671236, 15.4074957 ], [ 120.5666565, 15.4076731 ], [ 120.5654107, 15.4082668 ], [ 120.5649577, 15.4086694 ], [ 120.5639066, 15.4090829 ], [ 120.5636706, 15.4091424 ], [ 120.5634265, 15.4090442 ], [ 120.5632594, 15.408775 ], [ 120.5629992, 15.40855 ], [ 120.5628444, 15.4085063 ], [ 120.5605638, 15.4100886 ], [ 120.5605914, 15.410156 ], [ 120.5621685, 15.4110119 ], [ 120.566385, 15.4134994 ], [ 120.5694963, 15.4153353 ], [ 120.5711968, 15.4163334 ], [ 120.5735786, 15.4170419 ], [ 120.5750646, 15.4174297 ], [ 120.5743082, 15.4161058 ], [ 120.573761, 15.4159921 ], [ 120.5738039, 15.4156973 ], [ 120.5736376, 15.4156352 ], [ 120.5736537, 15.4155266 ], [ 120.5735357, 15.4152836 ], [ 120.5734767, 15.4150612 ], [ 120.5733533, 15.4150871 ], [ 120.573407, 15.4139804 ], [ 120.5731709, 15.4139235 ], [ 120.5732353, 15.4134063 ], [ 120.5736537, 15.4134529 ], [ 120.5737342, 15.4138614 ], [ 120.5744745, 15.4139855 ], [ 120.5744852, 15.4133184 ], [ 120.5747803, 15.4134063 ], [ 120.5748446, 15.4138201 ], [ 120.574732, 15.4141407 ], [ 120.576482, 15.4147565 ], [ 120.5760431, 15.4165843 ], [ 120.5763459, 15.4175613 ], [ 120.5766408, 15.4177998 ], [ 120.577416, 15.4179349 ], [ 120.5785209, 15.418334 ], [ 120.5837178, 15.4195579 ], [ 120.5831649, 15.4175513 ], [ 120.5854741, 15.4163912 ], [ 120.5858329, 15.4165203 ], [ 120.5864628, 15.416957 ], [ 120.5868097, 15.4169024 ], [ 120.5872202, 15.4166363 ], [ 120.5884023, 15.4166909 ], [ 120.5901262, 15.4179206 ], [ 120.5904342, 15.4178044 ], [ 120.5914956, 15.4172641 ], [ 120.5916442, 15.4172572 ], [ 120.5937143, 15.4182482 ], [ 120.5956364, 15.4180078 ], [ 120.5962705, 15.4185373 ] ] ] } },
{ "type": "Feature", "properties": { "contextFeatureId": "PHL-S-006::landuse::way::534716321", "projectId": "PHL-S-006", "projectName": "Armenia Solar Power Project", "countryCode": "PHL", "osmType": "way", "osmId": 534716321, "highway": null, "place": null, "power": null, "landuse": "farmland", "name": null, "voltage": null, "circuits": null, "cables": null, "frequency": null, "substationTag": null, "lineTag": null, "operator": null, "location": null }, "geometry": { "type": "Polygon", "coordinates": [ [ [ 120.5639613, 15.4059244 ], [ 120.562214, 15.4058672 ], [ 120.5621203, 15.4023213 ], [ 120.56209, 15.3992926 ], [ 120.5617681, 15.3994866 ], [ 120.5611351, 15.3997245 ], [ 120.560832, 15.3999469 ], [ 120.5607408, 15.3998176 ], [ 120.5601937, 15.399996 ], [ 120.5601561, 15.3999314 ], [ 120.5598369, 15.3999908 ], [ 120.5597833, 15.3999262 ], [ 120.559566, 15.4001589 ], [ 120.5592522, 15.4016639 ], [ 120.557549, 15.4016613 ], [ 120.5569074, 15.4016888 ], [ 120.553203, 15.4038579 ], [ 120.5501484, 15.4055881 ], [ 120.549979, 15.4054198 ], [ 120.549141, 15.4061736 ], [ 120.5490813, 15.4065046 ], [ 120.5490959, 15.4068144 ], [ 120.5493039, 15.4072649 ], [ 120.5499129, 15.407874 ], [ 120.551371, 15.4088508 ], [ 120.553583, 15.4101555 ], [ 120.5553097, 15.4105771 ], [ 120.5553308, 15.4105385 ], [ 120.5554931, 15.410576 ], [ 120.5554915, 15.4106527 ], [ 120.5564952, 15.4109963 ], [ 120.5575249, 15.4145021 ], [ 120.5578059, 15.4141826 ], [ 120.5580947, 15.4135786 ], [ 120.5579627, 15.4134515 ], [ 120.5580897, 15.4128348 ], [ 120.5583684, 15.4126342 ], [ 120.5584533, 15.4120956 ], [ 120.5582238, 15.4120744 ], [ 120.5583007, 15.4117248 ], [ 120.5587398, 15.4116045 ], [ 120.5589318, 15.4109934 ], [ 120.5629719, 15.4080013 ], [ 120.5633429, 15.4072602 ], [ 120.5654702, 15.4066583 ], [ 120.5655849, 15.4065615 ], [ 120.5656991, 15.4063905 ], [ 120.5666979, 15.4041135 ], [ 120.5660124, 15.4038258 ], [ 120.5658504, 15.4041231 ], [ 120.5655929, 15.404423 ], [ 120.5640676, 15.4059662 ], [ 120.5634606, 15.4067141 ], [ 120.5624682, 15.4077407 ], [ 120.5613765, 15.4085629 ], [ 120.5610332, 15.4081234 ], [ 120.5611485, 15.4080096 ], [ 120.561119, 15.4079346 ], [ 120.5617306, 15.4074691 ], [ 120.5617225, 15.4074278 ], [ 120.561398, 15.4072545 ], [ 120.5613336, 15.4072778 ], [ 120.561288, 15.4073657 ], [ 120.5612826, 15.4074795 ], [ 120.5604029, 15.4080897 ], [ 120.5600354, 15.4081363 ], [ 120.5597725, 15.4080535 ], [ 120.5597672, 15.4079579 ], [ 120.5600327, 15.407857 ], [ 120.5600113, 15.4074847 ], [ 120.5597135, 15.4074304 ], [ 120.5595204, 15.4074459 ], [ 120.5594748, 15.4073476 ], [ 120.5593085, 15.4072855 ], [ 120.55933, 15.4072028 ], [ 120.5594748, 15.4071382 ], [ 120.5593675, 15.406877 ], [ 120.5594963, 15.4068666 ], [ 120.5595794, 15.4069934 ], [ 120.5598235, 15.4069882 ], [ 120.559845, 15.4071899 ], [ 120.5603144, 15.4073011 ], [ 120.5603653, 15.4073605 ], [ 120.5606577, 15.4074097 ], [ 120.5607864, 15.4072985 ], [ 120.5607837, 15.4065796 ], [ 120.5612826, 15.4067089 ], [ 120.5615106, 15.4066003 ], [ 120.5621436, 15.4069313 ], [ 120.5622241, 15.4069442 ], [ 120.5622455, 15.4071071 ], [ 120.5624467, 15.407239 ], [ 120.5627525, 15.4072519 ], [ 120.5639613, 15.4059244 ] ] ] } },
{ "type": "Feature", "properties": { "contextFeatureId": "PHL-S-006::landuse::way::536003313", "projectId": "PHL-S-006", "projectName": "Armenia Solar Power Project", "countryCode": "PHL", "osmType": "way", "osmId": 536003313, "highway": null, "place": null, "power": null, "landuse": "residential", "name": null, "voltage": null, "circuits": null, "cables": null, "frequency": null, "substationTag": null, "lineTag": null, "operator": null, "location": null }, "geometry": { "type": "Polygon", "coordinates": [ [ [ 120.5698404, 15.4390478 ], [ 120.5704035, 15.4390892 ], [ 120.5703591, 15.4395217 ], [ 120.5703627, 15.4395768 ], [ 120.5698704, 15.4395558 ], [ 120.5698587, 15.4393753 ], [ 120.5698404, 15.4390478 ] ] ] } },
{ "type": "Feature", "properties": { "contextFeatureId": "PHL-S-006::landuse::way::542875669", "projectId": "PHL-S-006", "projectName": "Armenia Solar Power Project", "countryCode": "PHL", "osmType": "way", "osmId": 542875669, "highway": null, "place": null, "power": null, "landuse": "military", "name": "Camp General Servillano S. Aquino", "voltage": null, "circuits": null, "cables": null, "frequency": null, "substationTag": null, "lineTag": null, "operator": null, "location": null }, "geometry": { "type": "Polygon", "coordinates": [ [ [ 120.5938633, 15.4446669 ], [ 120.5943563, 15.4441086 ], [ 120.5949725, 15.4435265 ], [ 120.5955887, 15.4428137 ], [ 120.5960201, 15.4423861 ], [ 120.5964391, 15.4417803 ], [ 120.5965623, 15.4412813 ], [ 120.596587, 15.4405923 ], [ 120.596708, 15.440202 ], [ 120.5966523, 15.4391248 ], [ 120.59665, 15.4386343 ], [ 120.5965625, 15.4380138 ], [ 120.5959705, 15.4369686 ], [ 120.5957731, 15.4364892 ], [ 120.5987755, 15.4343294 ], [ 120.5987209, 15.4342099 ], [ 120.5957632, 15.4363268 ], [ 120.5953283, 15.4358474 ], [ 120.5949151, 15.4353616 ], [ 120.594188, 15.4342449 ], [ 120.5938552, 15.4339716 ], [ 120.5932452, 15.4339182 ], [ 120.5923702, 15.4340607 ], [ 120.5917478, 15.4344171 ], [ 120.5910207, 15.4348745 ], [ 120.5903367, 15.4351359 ], [ 120.5893507, 15.4353675 ], [ 120.588106, 15.4354566 ], [ 120.5860478, 15.4361813 ], [ 120.5846675, 15.4372267 ], [ 120.584304, 15.4377078 ], [ 120.5834967, 15.4389195 ], [ 120.5806314, 15.4410103 ], [ 120.578413, 15.4424774 ], [ 120.5772237, 15.4432436 ], [ 120.5769588, 15.4434396 ], [ 120.5771294, 15.4469226 ], [ 120.5773279, 15.4470945 ], [ 120.5765736, 15.4479636 ], [ 120.5760207, 15.4492254 ], [ 120.5758255, 15.4513414 ], [ 120.5764841, 15.4523602 ], [ 120.5792243, 15.4526189 ], [ 120.5809724, 15.4526972 ], [ 120.5830189, 15.4528729 ], [ 120.583802, 15.4529402 ], [ 120.5870855, 15.4536813 ], [ 120.5894847, 15.4540117 ], [ 120.5912824, 15.4539825 ], [ 120.5913881, 15.4539668 ], [ 120.5912337, 15.4520232 ], [ 120.5911442, 15.4508085 ], [ 120.591128, 15.450542 ], [ 120.5911686, 15.4502991 ], [ 120.5913963, 15.4495938 ], [ 120.5921443, 15.4478931 ], [ 120.5938633, 15.4446669 ] ] ] } },
{ "type": "Feature", "properties": { "contextFeatureId": "PHL-S-006::landuse::way::903241699", "projectId": "PHL-S-006", "projectName": "Armenia Solar Power Project", "countryCode": "PHL", "osmType": "way", "osmId": 903241699, "highway": null, "place": null, "power": null, "landuse": "industrial", "name": null, "voltage": null, "circuits": null, "cables": null, "frequency": null, "substationTag": null, "lineTag": null, "operator": null, "location": null }, "geometry": { "type": "Polygon", "coordinates": [ [ [ 120.56209, 15.3992926 ], [ 120.5617681, 15.3994866 ], [ 120.5611351, 15.3997245 ], [ 120.560832, 15.3999469 ], [ 120.5607408, 15.3998176 ], [ 120.5601937, 15.399996 ], [ 120.5601561, 15.3999314 ], [ 120.5598369, 15.3999908 ], [ 120.5597833, 15.3999262 ], [ 120.559566, 15.4001589 ], [ 120.5592522, 15.4016639 ], [ 120.557549, 15.4016613 ], [ 120.5579165, 15.400477 ], [ 120.5577207, 15.4004123 ], [ 120.5575195, 15.3999908 ], [ 120.5571896, 15.3995409 ], [ 120.5570903, 15.3995616 ], [ 120.5559906, 15.3994426 ], [ 120.5554649, 15.3985401 ], [ 120.5555481, 15.3983695 ], [ 120.5529141, 15.3993469 ], [ 120.552603, 15.398597 ], [ 120.5524877, 15.3981497 ], [ 120.5521283, 15.3972394 ], [ 120.5520424, 15.3965722 ], [ 120.552147, 15.3965748 ], [ 120.5521256, 15.396461 ], [ 120.5525386, 15.3963343 ], [ 120.553, 15.3963343 ], [ 120.5531609, 15.3952793 ], [ 120.5530912, 15.3947491 ], [ 120.5535606, 15.3945966 ], [ 120.5536544, 15.3947931 ], [ 120.5539978, 15.3946173 ], [ 120.554046, 15.394519 ], [ 120.5546924, 15.3941854 ], [ 120.5551913, 15.3937742 ], [ 120.5556393, 15.393513 ], [ 120.556047, 15.393345 ], [ 120.5561784, 15.3931096 ], [ 120.5565083, 15.3928743 ], [ 120.5565727, 15.3928019 ], [ 120.5568141, 15.3926959 ], [ 120.5569053, 15.3926286 ], [ 120.5570742, 15.3923674 ], [ 120.5572379, 15.3923028 ], [ 120.5573264, 15.3923209 ], [ 120.5575275, 15.3921321 ], [ 120.5577233, 15.3924373 ], [ 120.5585334, 15.3930243 ], [ 120.5603492, 15.3933398 ], [ 120.5605021, 15.3933346 ], [ 120.5612183, 15.3926002 ], [ 120.5618124, 15.392052 ], [ 120.5636296, 15.3907008 ], [ 120.5639018, 15.3903853 ], [ 120.5640936, 15.3904991 ], [ 120.5649653, 15.3909232 ], [ 120.5647494, 15.3912865 ], [ 120.5645804, 15.3913298 ], [ 120.5641774, 15.3910925 ], [ 120.5638126, 15.390821 ], [ 120.5630395, 15.3914184 ], [ 120.561929, 15.3921528 ], [ 120.5622563, 15.3927036 ], [ 120.5623233, 15.3927243 ], [ 120.562208, 15.3932001 ], [ 120.5622429, 15.3935492 ], [ 120.562149, 15.3957008 ], [ 120.5622026, 15.3963705 ], [ 120.56209, 15.3992926 ] ] ] } },
{ "type": "Feature", "properties": { "contextFeatureId": "PHL-S-006::landuse::way::959638289", "projectId": "PHL-S-006", "projectName": "Armenia Solar Power Project", "countryCode": "PHL", "osmType": "way", "osmId": 959638289, "highway": null, "place": null, "power": null, "landuse": "farmland", "name": null, "voltage": null, "circuits": null, "cables": null, "frequency": null, "substationTag": null, "lineTag": null, "operator": null, "location": null }, "geometry": { "type": "Polygon", "coordinates": [ [ [ 120.5263096, 15.4536285 ], [ 120.5264115, 15.4535251 ], [ 120.5265349, 15.453401 ], [ 120.5265939, 15.4532304 ], [ 120.526551, 15.4531632 ], [ 120.5263739, 15.4531063 ], [ 120.5261647, 15.4530287 ], [ 120.5259877, 15.4529615 ], [ 120.525918, 15.4528633 ], [ 120.5258804, 15.452734 ], [ 120.5259555, 15.4526048 ], [ 120.5260252, 15.4524341 ], [ 120.525977, 15.4522842 ], [ 120.5259126, 15.4522635 ], [ 120.5258214, 15.4521342 ], [ 120.5258053, 15.4520102 ], [ 120.5258965, 15.4518757 ], [ 120.5260306, 15.451793 ], [ 120.5260467, 15.4516844 ], [ 120.5259716, 15.4515034 ], [ 120.526036, 15.4514104 ], [ 120.5259984, 15.4513018 ], [ 120.5258375, 15.4513173 ], [ 120.5258429, 15.4511984 ], [ 120.5257838, 15.4511518 ], [ 120.5257141, 15.4510122 ], [ 120.5258321, 15.4509037 ], [ 120.5259072, 15.4508003 ], [ 120.525875, 15.4507744 ], [ 120.5257463, 15.4507692 ], [ 120.5255746, 15.4507227 ], [ 120.5254566, 15.4506762 ], [ 120.5252957, 15.4507227 ], [ 120.5251884, 15.4508726 ], [ 120.5250597, 15.4510278 ], [ 120.5250436, 15.4512191 ], [ 120.5250757, 15.4514414 ], [ 120.5251669, 15.4516482 ], [ 120.5252528, 15.4519016 ], [ 120.525226, 15.4521653 ], [ 120.5252206, 15.4525944 ], [ 120.5252099, 15.4528891 ], [ 120.5251294, 15.4534424 ], [ 120.5251455, 15.4536233 ], [ 120.5257141, 15.4536285 ], [ 120.5263096, 15.4536285 ] ] ] } },
{ "type": "Feature", "properties": { "contextFeatureId": "PHL-S-006::landuse::way::959657729", "projectId": "PHL-S-006", "projectName": "Armenia Solar Power Project", "countryCode": "PHL", "osmType": "way", "osmId": 959657729, "highway": null, "place": null, "power": null, "landuse": "farmland", "name": null, "voltage": null, "circuits": null, "cables": null, "frequency": null, "substationTag": null, "lineTag": null, "operator": null, "location": null }, "geometry": { "type": "Polygon", "coordinates": [ [ [ 120.5273101, 15.4321776 ], [ 120.5273803, 15.4324725 ], [ 120.5271296, 15.4324628 ], [ 120.526558, 15.432255 ], [ 120.5265996, 15.4317767 ], [ 120.5269425, 15.4317415 ], [ 120.5263836, 15.4313011 ], [ 120.5263551, 15.4310536 ], [ 120.5264828, 15.4309403 ], [ 120.5264026, 15.430747 ], [ 120.526609, 15.430612 ], [ 120.5266723, 15.4306711 ], [ 120.5266877, 15.4307732 ], [ 120.5267462, 15.4307988 ], [ 120.5267693, 15.4307841 ], [ 120.5268535, 15.4308988 ], [ 120.5268263, 15.4309412 ], [ 120.526894, 15.4310447 ], [ 120.5269584, 15.431116 ], [ 120.527039, 15.4311325 ], [ 120.5272581, 15.431209 ], [ 120.5273378, 15.4314424 ], [ 120.5273643, 15.4314864 ], [ 120.5274084, 15.4314786 ], [ 120.5275931, 15.4311776 ], [ 120.5273101, 15.4321776 ] ] ] } },
{ "type": "Feature", "properties": { "contextFeatureId": "PHL-S-006::landuse::way::959658458", "projectId": "PHL-S-006", "projectName": "Armenia Solar Power Project", "countryCode": "PHL", "osmType": "way", "osmId": 959658458, "highway": null, "place": null, "power": null, "landuse": "farmland", "name": null, "voltage": null, "circuits": null, "cables": null, "frequency": null, "substationTag": null, "lineTag": null, "operator": null, "location": null }, "geometry": { "type": "Polygon", "coordinates": [ [ [ 120.5249318, 15.4356473 ], [ 120.52524, 15.4356935 ], [ 120.5252493, 15.435591 ], [ 120.5253193, 15.4355285 ], [ 120.5252703, 15.4351867 ], [ 120.5253567, 15.4347413 ], [ 120.5251606, 15.4346783 ], [ 120.5249644, 15.4346423 ], [ 120.524857, 15.4347368 ], [ 120.5249318, 15.4356473 ] ] ] } },
{ "type": "Feature", "properties": { "contextFeatureId": "PHL-S-006::landuse::way::959658459", "projectId": "PHL-S-006", "projectName": "Armenia Solar Power Project", "countryCode": "PHL", "osmType": "way", "osmId": 959658459, "highway": null, "place": null, "power": null, "landuse": "farmland", "name": null, "voltage": null, "circuits": null, "cables": null, "frequency": null, "substationTag": null, "lineTag": null, "operator": null, "location": null }, "geometry": { "type": "Polygon", "coordinates": [ [ [ 120.5237736, 15.4348404 ], [ 120.5238576, 15.4348404 ], [ 120.5238903, 15.4349439 ], [ 120.5240117, 15.4347818 ], [ 120.5241752, 15.4347413 ], [ 120.5243013, 15.4346153 ], [ 120.5245861, 15.4346018 ], [ 120.5247262, 15.4345613 ], [ 120.5247356, 15.4346378 ], [ 120.5248383, 15.4346873 ], [ 120.5249271, 15.4346288 ], [ 120.5249504, 15.4344983 ], [ 120.5247449, 15.4344352 ], [ 120.5244227, 15.4344217 ], [ 120.5243293, 15.4344397 ], [ 120.5242733, 15.4343047 ], [ 120.5242125, 15.4341921 ], [ 120.523853, 15.4343362 ], [ 120.5237409, 15.4344442 ], [ 120.5236755, 15.4346468 ], [ 120.5237736, 15.4348404 ] ] ] } },
{ "type": "Feature", "properties": { "contextFeatureId": "PHL-S-006::landuse::way::959680611", "projectId": "PHL-S-006", "projectName": "Armenia Solar Power Project", "countryCode": "PHL", "osmType": "way", "osmId": 959680611, "highway": null, "place": null, "power": null, "landuse": "farmland", "name": null, "voltage": null, "circuits": null, "cables": null, "frequency": null, "substationTag": null, "lineTag": null, "operator": null, "location": null }, "geometry": { "type": "Polygon", "coordinates": [ [ [ 120.5268429, 15.4610041 ], [ 120.5266176, 15.4612212 ], [ 120.5261777, 15.4611695 ], [ 120.525931, 15.4611385 ], [ 120.525652, 15.4609834 ], [ 120.5254571, 15.460747 ], [ 120.5253194, 15.4605801 ], [ 120.5249439, 15.4603113 ], [ 120.5246006, 15.4602182 ], [ 120.524038, 15.4601845 ], [ 120.523753, 15.4599804 ], [ 120.5235062, 15.4599183 ], [ 120.5236028, 15.4595047 ], [ 120.5237101, 15.4590704 ], [ 120.5234311, 15.4588429 ], [ 120.5234955, 15.4582948 ], [ 120.523635, 15.4578191 ], [ 120.5239568, 15.4575917 ], [ 120.5238817, 15.4572504 ], [ 120.5240105, 15.4569092 ], [ 120.524386, 15.4568678 ], [ 120.5242358, 15.4564748 ], [ 120.5240105, 15.4561543 ], [ 120.5240212, 15.4559888 ], [ 120.5235599, 15.4557717 ], [ 120.5235813, 15.4555131 ], [ 120.524268, 15.455813 ], [ 120.5245791, 15.4555855 ], [ 120.5243967, 15.455358 ], [ 120.5243109, 15.4550892 ], [ 120.5242036, 15.45481 ], [ 120.5246113, 15.4546652 ], [ 120.5249117, 15.4545825 ], [ 120.5250053, 15.4541947 ], [ 120.5250965, 15.4537293 ], [ 120.5256383, 15.4537293 ], [ 120.5262913, 15.4537035 ], [ 120.5262565, 15.4537526 ], [ 120.526168, 15.4538172 ], [ 120.5261116, 15.4538974 ], [ 120.526125, 15.4540137 ], [ 120.5261465, 15.4541042 ], [ 120.5262109, 15.4541326 ], [ 120.5263262, 15.4540706 ], [ 120.5264147, 15.4541404 ], [ 120.5265596, 15.4541068 ], [ 120.526573, 15.4542076 ], [ 120.5266507, 15.4542541 ], [ 120.5266454, 15.4543317 ], [ 120.5262645, 15.4543265 ], [ 120.5262296, 15.4544067 ], [ 120.5262565, 15.4544894 ], [ 120.5263825, 15.4544713 ], [ 120.5265703, 15.4544868 ], [ 120.5266347, 15.4544144 ], [ 120.5267849, 15.4544248 ], [ 120.5267849, 15.4545411 ], [ 120.5269619, 15.4545463 ], [ 120.5270584, 15.4545127 ], [ 120.5271309, 15.4545773 ], [ 120.5271511, 15.4548927 ], [ 120.5272369, 15.4554925 ], [ 120.5272745, 15.4557975 ], [ 120.527414, 15.4558699 ], [ 120.5275105, 15.4558337 ], [ 120.5276554, 15.4558699 ], [ 120.5280523, 15.4559992 ], [ 120.5283205, 15.4560664 ], [ 120.5283366, 15.4561646 ], [ 120.5280255, 15.4570694 ], [ 120.5276715, 15.4581759 ], [ 120.5273442, 15.4590704 ], [ 120.5270545, 15.4600062 ], [ 120.527017, 15.4604095 ], [ 120.5269295, 15.4607083 ], [ 120.5268429, 15.4610041 ] ] ] } },
{ "type": "Feature", "properties": { "contextFeatureId": "PHL-S-006::landuse::way::959712738", "projectId": "PHL-S-006", "projectName": "Armenia Solar Power Project", "countryCode": "PHL", "osmType": "way", "osmId": 959712738, "highway": null, "place": null, "power": null, "landuse": "farmland", "name": null, "voltage": null, "circuits": null, "cables": null, "frequency": null, "substationTag": null, "lineTag": null, "operator": null, "location": null }, "geometry": { "type": "Polygon", "coordinates": [ [ [ 120.5259773, 15.4359056 ], [ 120.5258251, 15.4359466 ], [ 120.5257578, 15.4358715 ], [ 120.5256587, 15.4357624 ], [ 120.5256481, 15.4356123 ], [ 120.5257861, 15.435544 ], [ 120.5259383, 15.4354144 ], [ 120.5260728, 15.4354178 ], [ 120.5262144, 15.4353325 ], [ 120.5262781, 15.4354042 ], [ 120.526363, 15.4354076 ], [ 120.5264267, 15.4353496 ], [ 120.5265117, 15.4353564 ], [ 120.5265223, 15.4353939 ], [ 120.5265754, 15.4353837 ], [ 120.5265329, 15.435428 ], [ 120.5265329, 15.4354963 ], [ 120.5264904, 15.4355304 ], [ 120.5264232, 15.435527 ], [ 120.5263701, 15.435527 ], [ 120.5262993, 15.4355713 ], [ 120.5262993, 15.4356668 ], [ 120.5262356, 15.4357248 ], [ 120.5261754, 15.4357794 ], [ 120.5259773, 15.4359056 ] ] ] } },
{ "type": "Feature", "properties": { "contextFeatureId": "PHL-S-006::landuse::way::959712748", "projectId": "PHL-S-006", "projectName": "Armenia Solar Power Project", "countryCode": "PHL", "osmType": "way", "osmId": 959712748, "highway": null, "place": null, "power": null, "landuse": "meadow", "name": null, "voltage": null, "circuits": null, "cables": null, "frequency": null, "substationTag": null, "lineTag": null, "operator": null, "location": null }, "geometry": { "type": "Polygon", "coordinates": [ [ [ 120.5264297, 15.4348201 ], [ 120.5265081, 15.4345754 ], [ 120.5265143, 15.4344031 ], [ 120.5263726, 15.4342903 ], [ 120.5264219, 15.4340289 ], [ 120.5263541, 15.4336903 ], [ 120.5265328, 15.4336012 ], [ 120.5266745, 15.4334824 ], [ 120.5266252, 15.4332924 ], [ 120.5262124, 15.433233 ], [ 120.526237, 15.4330369 ], [ 120.5262432, 15.4325439 ], [ 120.5251844, 15.4325098 ], [ 120.5250119, 15.4332582 ], [ 120.5246915, 15.4335077 ], [ 120.524408, 15.4338047 ], [ 120.5242125, 15.4341921 ], [ 120.5242733, 15.4343047 ], [ 120.5243293, 15.4344397 ], [ 120.5244227, 15.4344217 ], [ 120.5247449, 15.4344352 ], [ 120.5249504, 15.4344983 ], [ 120.5249271, 15.4346288 ], [ 120.5248383, 15.4346873 ], [ 120.524857, 15.4347368 ], [ 120.5249644, 15.4346423 ], [ 120.5251606, 15.4346783 ], [ 120.5253567, 15.4347413 ], [ 120.5255054, 15.4345587 ], [ 120.5257642, 15.4346834 ], [ 120.5260169, 15.4347725 ], [ 120.5264297, 15.4348201 ] ] ] } },
{ "type": "Feature", "properties": { "contextFeatureId": "PHL-S-006::landuse::way::959712749", "projectId": "PHL-S-006", "projectName": "Armenia Solar Power Project", "countryCode": "PHL", "osmType": "way", "osmId": 959712749, "highway": null, "place": null, "power": null, "landuse": "farmland", "name": null, "voltage": null, "circuits": null, "cables": null, "frequency": null, "substationTag": null, "lineTag": null, "operator": null, "location": null }, "geometry": { "type": "Polygon", "coordinates": [ [ [ 120.5279986, 15.4347374 ], [ 120.5282439, 15.4347202 ], [ 120.5284448, 15.4347787 ], [ 120.5285288, 15.4348867 ], [ 120.5286549, 15.4349768 ], [ 120.5287156, 15.4349002 ], [ 120.5287296, 15.4347562 ], [ 120.5287109, 15.4344276 ], [ 120.5284728, 15.4344096 ], [ 120.5283654, 15.4344906 ], [ 120.5282253, 15.4344141 ], [ 120.5279912, 15.4343172 ], [ 120.5279204, 15.4342012 ], [ 120.5280282, 15.4339628 ], [ 120.5281207, 15.433841 ], [ 120.5282391, 15.4335489 ], [ 120.5279984, 15.4332964 ], [ 120.5279772, 15.4331463 ], [ 120.5280763, 15.4330167 ], [ 120.5282603, 15.4330645 ], [ 120.528409, 15.4330508 ], [ 120.5284585, 15.4329212 ], [ 120.5281966, 15.4326687 ], [ 120.5279984, 15.4323958 ], [ 120.5277648, 15.4321024 ], [ 120.5273101, 15.4321776 ], [ 120.5273803, 15.4324725 ], [ 120.5271296, 15.4324628 ], [ 120.526558, 15.432255 ], [ 120.5262432, 15.4325439 ], [ 120.526237, 15.4330369 ], [ 120.5262124, 15.433233 ], [ 120.5266252, 15.4332924 ], [ 120.5266745, 15.4334824 ], [ 120.5265328, 15.4336012 ], [ 120.5263541, 15.4336903 ], [ 120.5264219, 15.4340289 ], [ 120.5263726, 15.4342903 ], [ 120.5265143, 15.4344031 ], [ 120.5265081, 15.4345754 ], [ 120.5264297, 15.4348201 ], [ 120.5264544, 15.4349626 ], [ 120.5266084, 15.4349745 ], [ 120.5267357, 15.4351165 ], [ 120.5267787, 15.4352613 ], [ 120.5267733, 15.4353906 ], [ 120.5265754, 15.4353837 ], [ 120.5265329, 15.435428 ], [ 120.526651, 15.4354685 ], [ 120.5267747, 15.4355675 ], [ 120.5267771, 15.4357071 ], [ 120.5270021, 15.4356858 ], [ 120.5270269, 15.4356184 ], [ 120.5270947, 15.4356473 ], [ 120.5272102, 15.43572 ], [ 120.5272595, 15.4357809 ], [ 120.5273042, 15.4357616 ], [ 120.5273011, 15.4356681 ], [ 120.5274244, 15.435622 ], [ 120.5275527, 15.4355153 ], [ 120.5276128, 15.4353413 ], [ 120.5274819, 15.4353413 ], [ 120.5274819, 15.4351537 ], [ 120.5274465, 15.4350411 ], [ 120.527496, 15.4349285 ], [ 120.5277544, 15.4349797 ], [ 120.527857, 15.4348432 ], [ 120.5279986, 15.4347374 ] ] ] } },
{ "type": "Feature", "properties": { "contextFeatureId": "PHL-S-006::landuse::way::959914620", "projectId": "PHL-S-006", "projectName": "Armenia Solar Power Project", "countryCode": "PHL", "osmType": "way", "osmId": 959914620, "highway": null, "place": null, "power": null, "landuse": "farmland", "name": null, "voltage": null, "circuits": null, "cables": null, "frequency": null, "substationTag": null, "lineTag": null, "operator": null, "location": null }, "geometry": { "type": "Polygon", "coordinates": [ [ [ 120.5275931, 15.4311776 ], [ 120.5275898, 15.4306392 ], [ 120.5275147, 15.4304893 ], [ 120.527622, 15.4303083 ], [ 120.5277239, 15.4302669 ], [ 120.5276917, 15.4302411 ], [ 120.5276488, 15.4301945 ], [ 120.5276595, 15.4301066 ], [ 120.5277507, 15.4300291 ], [ 120.5274879, 15.4297808 ], [ 120.5269675, 15.4294034 ], [ 120.5266564, 15.4291138 ], [ 120.5262809, 15.4294654 ], [ 120.5263989, 15.4297912 ], [ 120.5263774, 15.4301118 ], [ 120.526533, 15.4304789 ], [ 120.5268871, 15.4306134 ], [ 120.5271016, 15.4306961 ], [ 120.5272626, 15.4307116 ], [ 120.5272357, 15.430934 ], [ 120.5271177, 15.4309443 ], [ 120.5270963, 15.4310891 ], [ 120.5275931, 15.4311776 ] ] ] } },
{ "type": "Feature", "properties": { "contextFeatureId": "PHL-S-006::landuse::way::959914621", "projectId": "PHL-S-006", "projectName": "Armenia Solar Power Project", "countryCode": "PHL", "osmType": "way", "osmId": 959914621, "highway": null, "place": null, "power": null, "landuse": "residential", "name": null, "voltage": null, "circuits": null, "cables": null, "frequency": null, "substationTag": null, "lineTag": null, "operator": null, "location": null }, "geometry": { "type": "Polygon", "coordinates": [ [ [ 120.5275931, 15.4311776 ], [ 120.5274084, 15.4314786 ], [ 120.5273643, 15.4314864 ], [ 120.5273378, 15.4314424 ], [ 120.5272581, 15.431209 ], [ 120.527039, 15.4311325 ], [ 120.5270963, 15.4310891 ], [ 120.5275931, 15.4311776 ] ] ] } },
{ "type": "Feature", "properties": { "contextFeatureId": "PHL-S-006::landuse::way::959914622", "projectId": "PHL-S-006", "projectName": "Armenia Solar Power Project", "countryCode": "PHL", "osmType": "way", "osmId": 959914622, "highway": null, "place": null, "power": null, "landuse": "residential", "name": null, "voltage": null, "circuits": null, "cables": null, "frequency": null, "substationTag": null, "lineTag": null, "operator": null, "location": null }, "geometry": { "type": "Polygon", "coordinates": [ [ [ 120.527039, 15.4311325 ], [ 120.5270963, 15.4310891 ], [ 120.5271177, 15.4309443 ], [ 120.5272357, 15.430934 ], [ 120.5272626, 15.4307116 ], [ 120.5271016, 15.4306961 ], [ 120.5268871, 15.4306134 ], [ 120.526533, 15.4304789 ], [ 120.526609, 15.430612 ], [ 120.5266723, 15.4306711 ], [ 120.5266877, 15.4307732 ], [ 120.5267462, 15.4307988 ], [ 120.5267693, 15.4307841 ], [ 120.5268535, 15.4308988 ], [ 120.5268263, 15.4309412 ], [ 120.526894, 15.4310447 ], [ 120.5269584, 15.431116 ], [ 120.527039, 15.4311325 ] ] ] } },
{ "type": "Feature", "properties": { "contextFeatureId": "PHL-S-006::landuse::way::959914636", "projectId": "PHL-S-006", "projectName": "Armenia Solar Power Project", "countryCode": "PHL", "osmType": "way", "osmId": 959914636, "highway": null, "place": null, "power": null, "landuse": "farmland", "name": null, "voltage": null, "circuits": null, "cables": null, "frequency": null, "substationTag": null, "lineTag": null, "operator": null, "location": null }, "geometry": { "type": "Polygon", "coordinates": [ [ [ 120.5255743, 15.4295526 ], [ 120.5260786, 15.4293716 ], [ 120.5262809, 15.4294654 ], [ 120.5266564, 15.4291138 ], [ 120.5269675, 15.4294034 ], [ 120.5274879, 15.4297808 ], [ 120.5274113, 15.4295456 ], [ 120.5273845, 15.4294525 ], [ 120.5273147, 15.4294396 ], [ 120.527296, 15.4293697 ], [ 120.5273603, 15.4293284 ], [ 120.527304, 15.4291551 ], [ 120.5273147, 15.4289638 ], [ 120.527296, 15.4288604 ], [ 120.5273174, 15.4287027 ], [ 120.5274301, 15.4285605 ], [ 120.5276098, 15.4285113 ], [ 120.5278646, 15.4285243 ], [ 120.5279182, 15.428576 ], [ 120.5281248, 15.4284648 ], [ 120.5281355, 15.4283226 ], [ 120.5281194, 15.4282631 ], [ 120.5279451, 15.4282347 ], [ 120.5278941, 15.4281494 ], [ 120.5278726, 15.4280615 ], [ 120.5279102, 15.4279141 ], [ 120.5279263, 15.4278107 ], [ 120.5278834, 15.4277253 ], [ 120.527878, 15.4276348 ], [ 120.5280121, 15.4276193 ], [ 120.5280551, 15.4275108 ], [ 120.5280743, 15.4272739 ], [ 120.527967, 15.4270929 ], [ 120.5278275, 15.4269067 ], [ 120.5279616, 15.4267723 ], [ 120.5280367, 15.4266068 ], [ 120.5277792, 15.4266068 ], [ 120.5274627, 15.4266223 ], [ 120.5272482, 15.4264361 ], [ 120.5269478, 15.4263534 ], [ 120.5266742, 15.4272428 ], [ 120.526363, 15.4275376 ], [ 120.5253867, 15.4281374 ], [ 120.5252486, 15.4283024 ], [ 120.5253222, 15.428627 ], [ 120.5255743, 15.4295526 ] ] ] } },
{ "type": "Feature", "properties": { "contextFeatureId": "PHL-S-006::landuse::way::964824205", "projectId": "PHL-S-006", "projectName": "Armenia Solar Power Project", "countryCode": "PHL", "osmType": "way", "osmId": 964824205, "highway": null, "place": null, "power": null, "landuse": "residential", "name": null, "voltage": null, "circuits": null, "cables": null, "frequency": null, "substationTag": null, "lineTag": null, "operator": null, "location": null }, "geometry": { "type": "Polygon", "coordinates": [ [ [ 120.5162255, 15.4332442 ], [ 120.5160143, 15.4332513 ], [ 120.5158999, 15.4332106 ], [ 120.5159037, 15.433177 ], [ 120.515915, 15.4331338 ], [ 120.5160888, 15.4330955 ], [ 120.5162124, 15.4330942 ], [ 120.5162255, 15.4332442 ] ] ] } },
{ "type": "Feature", "properties": { "contextFeatureId": "PHL-S-006::landuse::way::964824206", "projectId": "PHL-S-006", "projectName": "Armenia Solar Power Project", "countryCode": "PHL", "osmType": "way", "osmId": 964824206, "highway": null, "place": null, "power": null, "landuse": "residential", "name": null, "voltage": null, "circuits": null, "cables": null, "frequency": null, "substationTag": null, "lineTag": null, "operator": null, "location": null }, "geometry": { "type": "Polygon", "coordinates": [ [ [ 120.5142836, 15.4324711 ], [ 120.5144043, 15.4324026 ], [ 120.5145425, 15.4324453 ], [ 120.5146068, 15.4325474 ], [ 120.5145358, 15.4327232 ], [ 120.5143292, 15.4327375 ], [ 120.514238, 15.4326521 ], [ 120.5142836, 15.4324711 ] ] ] } },
{ "type": "Feature", "properties": { "contextFeatureId": "PHL-S-006::landuse::way::964824207", "projectId": "PHL-S-006", "projectName": "Armenia Solar Power Project", "countryCode": "PHL", "osmType": "way", "osmId": 964824207, "highway": null, "place": null, "power": null, "landuse": "meadow", "name": null, "voltage": null, "circuits": null, "cables": null, "frequency": null, "substationTag": null, "lineTag": null, "operator": null, "location": null }, "geometry": { "type": "Polygon", "coordinates": [ [ [ 120.5156194, 15.433155 ], [ 120.5156744, 15.4334588 ], [ 120.5157588, 15.4336876 ], [ 120.5159385, 15.4336178 ], [ 120.516184, 15.4336295 ], [ 120.5162135, 15.4337471 ], [ 120.5168448, 15.4337981 ], [ 120.5172005, 15.4336721 ], [ 120.5172703, 15.4336178 ], [ 120.5172374, 15.4333534 ], [ 120.5162255, 15.4332442 ], [ 120.5160143, 15.4332513 ], [ 120.5158999, 15.4332106 ], [ 120.5159037, 15.433177 ], [ 120.515915, 15.4331338 ], [ 120.5158058, 15.4331589 ], [ 120.5156194, 15.433155 ] ] ] } },
{ "type": "Feature", "properties": { "contextFeatureId": "PHL-S-006::landuse::way::964824209", "projectId": "PHL-S-006", "projectName": "Armenia Solar Power Project", "countryCode": "PHL", "osmType": "way", "osmId": 964824209, "highway": null, "place": null, "power": null, "landuse": "orchard", "name": null, "voltage": null, "circuits": null, "cables": null, "frequency": null, "substationTag": null, "lineTag": null, "operator": null, "location": null }, "geometry": { "type": "Polygon", "coordinates": [ [ [ 120.5162255, 15.4332442 ], [ 120.5172374, 15.4333534 ], [ 120.5171786, 15.4328805 ], [ 120.5161893, 15.4328318 ], [ 120.5161989, 15.4329403 ], [ 120.5162124, 15.4330942 ], [ 120.5162255, 15.4332442 ] ] ] } },
{ "type": "Feature", "properties": { "contextFeatureId": "PHL-S-006::landuse::way::964824210", "projectId": "PHL-S-006", "projectName": "Armenia Solar Power Project", "countryCode": "PHL", "osmType": "way", "osmId": 964824210, "highway": null, "place": null, "power": null, "landuse": "orchard", "name": null, "voltage": null, "circuits": null, "cables": null, "frequency": null, "substationTag": null, "lineTag": null, "operator": null, "location": null }, "geometry": { "type": "Polygon", "coordinates": [ [ [ 120.5159426, 15.4342564 ], [ 120.5157588, 15.4336876 ], [ 120.5159385, 15.4336178 ], [ 120.516184, 15.4336295 ], [ 120.5162135, 15.4337471 ], [ 120.5161893, 15.433941 ], [ 120.5163476, 15.4339643 ], [ 120.5163395, 15.4342952 ], [ 120.5159426, 15.4342564 ] ] ] } },
{ "type": "Feature", "properties": { "contextFeatureId": "PHL-S-006::landuse::way::964824211", "projectId": "PHL-S-006", "projectName": "Armenia Solar Power Project", "countryCode": "PHL", "osmType": "way", "osmId": 964824211, "highway": null, "place": null, "power": null, "landuse": "farmland", "name": null, "voltage": null, "circuits": null, "cables": null, "frequency": null, "substationTag": null, "lineTag": null, "operator": null, "location": null }, "geometry": { "type": "Polygon", "coordinates": [ [ [ 120.5173721, 15.4337359 ], [ 120.5174004, 15.4332287 ], [ 120.5174245, 15.4330232 ], [ 120.5176538, 15.4329727 ], [ 120.5177195, 15.4331421 ], [ 120.5177973, 15.4331576 ], [ 120.517804, 15.4332791 ], [ 120.5178161, 15.433292 ], [ 120.5177584, 15.4335868 ], [ 120.5173721, 15.4337359 ] ] ] } },
{ "type": "Feature", "properties": { "contextFeatureId": "PHL-S-006::landuse::way::964824220", "projectId": "PHL-S-006", "projectName": "Armenia Solar Power Project", "countryCode": "PHL", "osmType": "way", "osmId": 964824220, "highway": null, "place": null, "power": null, "landuse": "orchard", "name": null, "voltage": null, "circuits": null, "cables": null, "frequency": null, "substationTag": null, "lineTag": null, "operator": null, "location": null }, "geometry": { "type": "Polygon", "coordinates": [ [ [ 120.5163489, 15.4357056 ], [ 120.5162282, 15.4354522 ], [ 120.5161853, 15.4353307 ], [ 120.5161209, 15.4351665 ], [ 120.5160338, 15.434864 ], [ 120.5166936, 15.4348821 ], [ 120.5167003, 15.4350036 ], [ 120.5165809, 15.4355026 ], [ 120.516542, 15.4357108 ], [ 120.5163489, 15.4357056 ] ] ] } },
{ "type": "Feature", "properties": { "contextFeatureId": "PHL-S-006::landuse::way::964824221", "projectId": "PHL-S-006", "projectName": "Armenia Solar Power Project", "countryCode": "PHL", "osmType": "way", "osmId": 964824221, "highway": null, "place": null, "power": null, "landuse": "farmland", "name": null, "voltage": null, "circuits": null, "cables": null, "frequency": null, "substationTag": null, "lineTag": null, "operator": null, "location": null }, "geometry": { "type": "Polygon", "coordinates": [ [ [ 120.5166735, 15.4372207 ], [ 120.5166051, 15.4368626 ], [ 120.5165716, 15.4366913 ], [ 120.5165555, 15.4362266 ], [ 120.516542, 15.4361503 ], [ 120.5165112, 15.4360572 ], [ 120.5163489, 15.4357056 ], [ 120.516542, 15.4357108 ], [ 120.5165809, 15.4355026 ], [ 120.5167003, 15.4350036 ], [ 120.5166936, 15.4348821 ], [ 120.5160338, 15.434864 ], [ 120.5160043, 15.4347115 ], [ 120.5159426, 15.4342564 ], [ 120.5163395, 15.4342952 ], [ 120.5163476, 15.4339643 ], [ 120.5161893, 15.433941 ], [ 120.5162135, 15.4337471 ], [ 120.5168448, 15.4337981 ], [ 120.5172005, 15.4336721 ], [ 120.5172079, 15.4338298 ], [ 120.5172086, 15.4339953 ], [ 120.5173575, 15.4339978 ], [ 120.5173266, 15.4348925 ], [ 120.5174553, 15.4349183 ], [ 120.5176458, 15.4351769 ], [ 120.5177101, 15.4352648 ], [ 120.5175787, 15.4353346 ], [ 120.5175921, 15.4355 ], [ 120.5177718, 15.4354819 ], [ 120.5179194, 15.4355 ], [ 120.5180454, 15.435619 ], [ 120.5182922, 15.4356784 ], [ 120.5185443, 15.4354716 ], [ 120.5188018, 15.4355181 ], [ 120.5187079, 15.4356267 ], [ 120.5186623, 15.4356578 ], [ 120.518657, 15.4357482 ], [ 120.5186999, 15.4358568 ], [ 120.5188206, 15.4362007 ], [ 120.518893, 15.4365394 ], [ 120.5190459, 15.4365756 ], [ 120.5190566, 15.436785 ], [ 120.5187106, 15.43671 ], [ 120.5186301, 15.4369686 ], [ 120.5184934, 15.436935 ], [ 120.5180642, 15.436829 ], [ 120.5179113, 15.4368419 ], [ 120.5177692, 15.4367669 ], [ 120.5177155, 15.4366687 ], [ 120.5177987, 15.4365135 ], [ 120.5181125, 15.4363817 ], [ 120.5180454, 15.4361128 ], [ 120.5179837, 15.4360146 ], [ 120.5177933, 15.4360792 ], [ 120.5175224, 15.4361464 ], [ 120.5174017, 15.4360766 ], [ 120.5173346, 15.435906 ], [ 120.517289, 15.4358155 ], [ 120.5172139, 15.4357948 ], [ 120.5170517, 15.4371922 ], [ 120.5166735, 15.4372207 ] ] ] } },
{ "type": "Feature", "properties": { "contextFeatureId": "PHL-S-006::landuse::way::1000204453", "projectId": "PHL-S-006", "projectName": "Armenia Solar Power Project", "countryCode": "PHL", "osmType": "way", "osmId": 1000204453, "highway": null, "place": null, "power": null, "landuse": "farmland", "name": null, "voltage": null, "circuits": null, "cables": null, "frequency": null, "substationTag": null, "lineTag": null, "operator": null, "location": null }, "geometry": { "type": "Polygon", "coordinates": [ [ [ 120.5450662, 15.4636315 ], [ 120.545102, 15.4636799 ], [ 120.5457426, 15.4642461 ], [ 120.5457218, 15.4643851 ], [ 120.5461549, 15.4644453 ], [ 120.5461337, 15.4645872 ], [ 120.5457044, 15.4651781 ], [ 120.5459533, 15.4655144 ], [ 120.546462, 15.4651647 ], [ 120.5462697, 15.4649049 ], [ 120.5465675, 15.4647002 ], [ 120.5464262, 15.4645092 ], [ 120.5465641, 15.464339 ], [ 120.5457521, 15.4632207 ], [ 120.5450662, 15.4636315 ] ] ] } },
{ "type": "Feature", "properties": { "contextFeatureId": "PHL-S-006::landuse::way::1022182620", "projectId": "PHL-S-006", "projectName": "Armenia Solar Power Project", "countryCode": "PHL", "osmType": "way", "osmId": 1022182620, "highway": null, "place": null, "power": null, "landuse": "residential", "name": null, "voltage": null, "circuits": null, "cables": null, "frequency": null, "substationTag": null, "lineTag": null, "operator": null, "location": null }, "geometry": { "type": "Polygon", "coordinates": [ [ [ 120.5840278, 15.4362912 ], [ 120.5840224, 15.4357198 ], [ 120.5844274, 15.4350321 ], [ 120.5843362, 15.434789 ], [ 120.5844381, 15.4345977 ], [ 120.5852777, 15.4343883 ], [ 120.5858745, 15.4344154 ], [ 120.5862688, 15.4341646 ], [ 120.5867113, 15.4340082 ], [ 120.5874717, 15.4339358 ], [ 120.5876514, 15.4343418 ], [ 120.5884159, 15.4345331 ], [ 120.5895451, 15.4347735 ], [ 120.59017, 15.4348433 ], [ 120.5901968, 15.4350631 ], [ 120.5853313, 15.4355724 ], [ 120.5849075, 15.4365355 ], [ 120.5840278, 15.4362912 ] ] ] } },
{ "type": "Feature", "properties": { "contextFeatureId": "PHL-S-006::landuse::way::1321620981", "projectId": "PHL-S-006", "projectName": "Armenia Solar Power Project", "countryCode": "PHL", "osmType": "way", "osmId": 1321620981, "highway": null, "place": null, "power": null, "landuse": "industrial", "name": null, "voltage": null, "circuits": null, "cables": null, "frequency": null, "substationTag": null, "lineTag": null, "operator": null, "location": null }, "geometry": { "type": "Polygon", "coordinates": [ [ [ 120.5621203, 15.4023213 ], [ 120.5661321, 15.4022677 ], [ 120.5660248, 15.403218 ], [ 120.5659094, 15.4038089 ], [ 120.5654508, 15.4044709 ], [ 120.5639613, 15.4059244 ], [ 120.562214, 15.4058672 ], [ 120.5621203, 15.4023213 ] ] ] } },
{ "type": "Feature", "properties": { "contextFeatureId": "PHL-S-006::landuse::way::1321620984", "projectId": "PHL-S-006", "projectName": "Armenia Solar Power Project", "countryCode": "PHL", "osmType": "way", "osmId": 1321620984, "highway": null, "place": null, "power": null, "landuse": "farmland", "name": null, "voltage": null, "circuits": null, "cables": null, "frequency": null, "substationTag": null, "lineTag": null, "operator": null, "location": null }, "geometry": { "type": "Polygon", "coordinates": [ [ [ 120.5492824, 15.4020053 ], [ 120.5483463, 15.3997038 ], [ 120.5485904, 15.3998253 ], [ 120.5489123, 15.3997917 ], [ 120.5487809, 15.3992771 ], [ 120.5486897, 15.3992047 ], [ 120.5485475, 15.3987418 ], [ 120.5487138, 15.39861 ], [ 120.5485636, 15.3981523 ], [ 120.548239, 15.3980307 ], [ 120.5481479, 15.3978031 ], [ 120.5481693, 15.3977152 ], [ 120.5486521, 15.3974928 ], [ 120.5488157, 15.3978187 ], [ 120.5493736, 15.3977126 ], [ 120.5502319, 15.4009916 ], [ 120.5501783, 15.4012191 ], [ 120.5499771, 15.4015424 ], [ 120.5492824, 15.4020053 ] ] ] } },
{ "type": "Feature", "properties": { "contextFeatureId": "SGP-S-001::landuse::way::141387283", "projectId": "SGP-S-001", "projectName": "Sembcorp Tengeh Floating Solar Farm", "countryCode": "SGP", "osmType": "way", "osmId": 141387283, "highway": null, "place": null, "power": null, "landuse": "industrial", "name": "Tuas Depot", "voltage": null, "circuits": null, "cables": null, "frequency": null, "substationTag": null, "lineTag": null, "operator": null, "location": null }, "geometry": { "type": "Polygon", "coordinates": [ [ [ 103.6384852, 1.3441133 ], [ 103.6394019, 1.3438417 ], [ 103.6397763, 1.3436701 ], [ 103.6402361, 1.343381 ], [ 103.6407951, 1.3428769 ], [ 103.6423276, 1.3414286 ], [ 103.6435886, 1.3403908 ], [ 103.6457565, 1.33832 ], [ 103.6440931, 1.3365405 ], [ 103.6414032, 1.3390454 ], [ 103.6414871, 1.3391406 ], [ 103.6406878, 1.3399395 ], [ 103.6398653, 1.3407232 ], [ 103.6387251, 1.3417738 ], [ 103.637805, 1.3420691 ], [ 103.6379071, 1.3424306 ], [ 103.6384852, 1.3441133 ] ] ] } },
{ "type": "Feature", "properties": { "contextFeatureId": "SGP-S-001::landuse::way::161366706", "projectId": "SGP-S-001", "projectName": "Sembcorp Tengeh Floating Solar Farm", "countryCode": "SGP", "osmType": "way", "osmId": 161366706, "highway": null, "place": null, "power": null, "landuse": "railway", "name": "Singapore Rail Test Centre", "voltage": null, "circuits": null, "cables": null, "frequency": null, "substationTag": null, "lineTag": null, "operator": null, "location": null }, "geometry": { "type": "Polygon", "coordinates": [ [ [ 103.6514353, 1.3362824 ], [ 103.6513736, 1.3365415 ], [ 103.6510008, 1.3367668 ], [ 103.6508881, 1.3369223 ], [ 103.6508801, 1.3373701 ], [ 103.650821, 1.3373943 ], [ 103.6508103, 1.3375096 ], [ 103.6509015, 1.3375659 ], [ 103.6509069, 1.3378823 ], [ 103.6505877, 1.3383676 ], [ 103.6500808, 1.3387457 ], [ 103.6499493, 1.338912 ], [ 103.6497052, 1.3392793 ], [ 103.6495524, 1.3396145 ], [ 103.6495738, 1.3398719 ], [ 103.6497339, 1.3399187 ], [ 103.6497616, 1.3399524 ], [ 103.6497508, 1.340124 ], [ 103.6498179, 1.3402634 ], [ 103.6497401, 1.3403519 ], [ 103.6496033, 1.3404297 ], [ 103.6495416, 1.340553 ], [ 103.6495845, 1.3406817 ], [ 103.6500727, 1.3415692 ], [ 103.6502677, 1.3418065 ], [ 103.6503973, 1.3418802 ], [ 103.6505716, 1.3419419 ], [ 103.6506915, 1.3419459 ], [ 103.6509552, 1.3420358 ], [ 103.651295, 1.3422221 ], [ 103.6513969, 1.3423642 ], [ 103.6512126, 1.3425345 ], [ 103.6511402, 1.342749 ], [ 103.6511456, 1.3428751 ], [ 103.6511107, 1.3429716 ], [ 103.6510168, 1.3430199 ], [ 103.6508559, 1.3427892 ], [ 103.6506333, 1.3427088 ], [ 103.6503517, 1.3427222 ], [ 103.6501907, 1.3427919 ], [ 103.6501156, 1.3430038 ], [ 103.6500378, 1.3431003 ], [ 103.6500459, 1.3431727 ], [ 103.649885, 1.3432183 ], [ 103.649657, 1.3434811 ], [ 103.6496275, 1.3435856 ], [ 103.6496892, 1.3437036 ], [ 103.6496382, 1.3437921 ], [ 103.6495872, 1.3437921 ], [ 103.6494934, 1.3436339 ], [ 103.6491017, 1.3434328 ], [ 103.648635, 1.3430306 ], [ 103.6483829, 1.3430225 ], [ 103.6482917, 1.343162 ], [ 103.648171, 1.3431727 ], [ 103.6479028, 1.3429823 ], [ 103.6477821, 1.3430064 ], [ 103.6476802, 1.343229 ], [ 103.6476096, 1.3433066 ], [ 103.647538, 1.3432934 ], [ 103.6474978, 1.3432183 ], [ 103.6473878, 1.3430038 ], [ 103.6469801, 1.3429662 ], [ 103.6466636, 1.343103 ], [ 103.6463498, 1.3431057 ], [ 103.6461701, 1.3430547 ], [ 103.6458509, 1.3430681 ], [ 103.6458134, 1.3431191 ], [ 103.6454942, 1.3434784 ], [ 103.6446868, 1.3440147 ], [ 103.6444374, 1.3443955 ], [ 103.6441693, 1.3446931 ], [ 103.6441076, 1.344744 ], [ 103.6440674, 1.3449773 ], [ 103.6441586, 1.345393 ], [ 103.6439896, 1.3457067 ], [ 103.6437375, 1.3458998 ], [ 103.6434076, 1.3460097 ], [ 103.6433164, 1.3464226 ], [ 103.6430052, 1.3469321 ], [ 103.6422542, 1.3472164 ], [ 103.6421416, 1.3472861 ], [ 103.6420021, 1.3472566 ], [ 103.6409453, 1.3475355 ], [ 103.6408608, 1.3475904 ], [ 103.6394889, 1.3461411 ], [ 103.6396344, 1.3460023 ], [ 103.639615, 1.3459292 ], [ 103.6412591, 1.3444357 ], [ 103.6424473, 1.3433121 ], [ 103.6439628, 1.3418186 ], [ 103.6451796, 1.3407741 ], [ 103.6465188, 1.3395073 ], [ 103.6478706, 1.3382791 ], [ 103.6491608, 1.337051 ], [ 103.6497956, 1.3364033 ], [ 103.6500298, 1.336689 ], [ 103.650434, 1.3365588 ], [ 103.6509436, 1.3361673 ], [ 103.6512709, 1.3361137 ], [ 103.6514353, 1.3362824 ] ] ] } },
{ "type": "Feature", "properties": { "contextFeatureId": "SGP-S-001::landuse::way::204890640", "projectId": "SGP-S-001", "projectName": "Sembcorp Tengeh Floating Solar Farm", "countryCode": "SGP", "osmType": "way", "osmId": 204890640, "highway": null, "place": null, "power": null, "landuse": "industrial", "name": "Seatown Industrial Centre", "voltage": null, "circuits": null, "cables": null, "frequency": null, "substationTag": null, "lineTag": null, "operator": null, "location": null }, "geometry": { "type": "Polygon", "coordinates": [ [ [ 103.6286417, 1.314886 ], [ 103.6275584, 1.3153204 ], [ 103.6268395, 1.3133629 ], [ 103.6279875, 1.3129124 ], [ 103.6286417, 1.314886 ] ] ] } },
{ "type": "Feature", "properties": { "contextFeatureId": "SGP-S-001::landuse::way::204890641", "projectId": "SGP-S-001", "projectName": "Sembcorp Tengeh Floating Solar Farm", "countryCode": "SGP", "osmType": "way", "osmId": 204890641, "highway": null, "place": null, "power": null, "landuse": "industrial", "name": "Tuas Cove Industrial Centre", "voltage": null, "circuits": null, "cables": null, "frequency": null, "substationTag": null, "lineTag": null, "operator": null, "location": null }, "geometry": { "type": "Polygon", "coordinates": [ [ [ 103.6300983, 1.3185435 ], [ 103.6296557, 1.3173609 ], [ 103.6284623, 1.3177524 ], [ 103.6289235, 1.3189859 ], [ 103.6300983, 1.3185435 ] ] ] } },
{ "type": "Feature", "properties": { "contextFeatureId": "SGP-S-001::landuse::way::252392118", "projectId": "SGP-S-001", "projectName": "Sembcorp Tengeh Floating Solar Farm", "countryCode": "SGP", "osmType": "way", "osmId": 252392118, "highway": null, "place": null, "power": null, "landuse": "meadow", "name": null, "voltage": null, "circuits": null, "cables": null, "frequency": null, "substationTag": null, "lineTag": null, "operator": null, "location": null }, "geometry": { "type": "Polygon", "coordinates": [ [ [ 103.6217419, 1.3047551 ], [ 103.621864, 1.3047231 ], [ 103.6220293, 1.3051326 ], [ 103.6247409, 1.304105 ], [ 103.6251298, 1.3051631 ], [ 103.6253617, 1.3057991 ], [ 103.6231257, 1.306614 ], [ 103.6225828, 1.3051253 ], [ 103.6219715, 1.3053481 ], [ 103.6217419, 1.3047551 ] ] ] } },
{ "type": "Feature", "properties": { "contextFeatureId": "SGP-S-001::landuse::way::252392121", "projectId": "SGP-S-001", "projectName": "Sembcorp Tengeh Floating Solar Farm", "countryCode": "SGP", "osmType": "way", "osmId": 252392121, "highway": null, "place": null, "power": null, "landuse": "meadow", "name": null, "voltage": null, "circuits": null, "cables": null, "frequency": null, "substationTag": null, "lineTag": null, "operator": null, "location": null }, "geometry": { "type": "Polygon", "coordinates": [ [ [ 103.6319257, 1.3071559 ], [ 103.6320193, 1.307193 ], [ 103.6337078, 1.3065939 ], [ 103.6337956, 1.3064018 ], [ 103.6340592, 1.306286 ], [ 103.6340997, 1.3063449 ], [ 103.6341402, 1.3064278 ], [ 103.6350288, 1.3060756 ], [ 103.6361054, 1.3056679 ], [ 103.6353936, 1.3040087 ], [ 103.6350117, 1.3041886 ], [ 103.6348753, 1.3038778 ], [ 103.631242, 1.3052195 ], [ 103.6319257, 1.3071559 ] ] ] } },
{ "type": "Feature", "properties": { "contextFeatureId": "SGP-S-001::landuse::way::252392130", "projectId": "SGP-S-001", "projectName": "Sembcorp Tengeh Floating Solar Farm", "countryCode": "SGP", "osmType": "way", "osmId": 252392130, "highway": null, "place": null, "power": null, "landuse": "meadow", "name": null, "voltage": null, "circuits": null, "cables": null, "frequency": null, "substationTag": null, "lineTag": null, "operator": null, "location": null }, "geometry": { "type": "Polygon", "coordinates": [ [ [ 103.6320698, 1.3224101 ], [ 103.6317614, 1.3216579 ], [ 103.6326934, 1.3207851 ], [ 103.6328208, 1.3211042 ], [ 103.632908, 1.3212383 ], [ 103.6324561, 1.3216646 ], [ 103.6326391, 1.3218798 ], [ 103.6320698, 1.3224101 ] ] ] } },
{ "type": "Feature", "properties": { "contextFeatureId": "SGP-S-001::landuse::way::252392131", "projectId": "SGP-S-001", "projectName": "Sembcorp Tengeh Floating Solar Farm", "countryCode": "SGP", "osmType": "way", "osmId": 252392131, "highway": null, "place": null, "power": null, "landuse": "meadow", "name": null, "voltage": null, "circuits": null, "cables": null, "frequency": null, "substationTag": null, "lineTag": null, "operator": null, "location": null }, "geometry": { "type": "Polygon", "coordinates": [ [ [ 103.6259756, 1.3162599 ], [ 103.627465, 1.315714 ], [ 103.6288437, 1.3196732 ], [ 103.6288351, 1.3197444 ], [ 103.6287625, 1.3198594 ], [ 103.6274789, 1.3203525 ], [ 103.6259756, 1.3162599 ] ] ] } },
{ "type": "Feature", "properties": { "contextFeatureId": "SGP-S-001::landuse::way::252392132", "projectId": "SGP-S-001", "projectName": "Sembcorp Tengeh Floating Solar Farm", "countryCode": "SGP", "osmType": "way", "osmId": 252392132, "highway": null, "place": null, "power": null, "landuse": "meadow", "name": null, "voltage": null, "circuits": null, "cables": null, "frequency": null, "substationTag": null, "lineTag": null, "operator": null, "location": null }, "geometry": { "type": "Polygon", "coordinates": [ [ [ 103.6273603, 1.3156198 ], [ 103.6258798, 1.3161571 ], [ 103.6237606, 1.3103088 ], [ 103.6252377, 1.3097739 ], [ 103.6273603, 1.3156198 ] ] ] } },
{ "type": "Feature", "properties": { "contextFeatureId": "SGP-S-001::landuse::way::252392134", "projectId": "SGP-S-001", "projectName": "Sembcorp Tengeh Floating Solar Farm", "countryCode": "SGP", "osmType": "way", "osmId": 252392134, "highway": null, "place": null, "power": null, "landuse": "meadow", "name": null, "voltage": null, "circuits": null, "cables": null, "frequency": null, "substationTag": null, "lineTag": null, "operator": null, "location": null }, "geometry": { "type": "Polygon", "coordinates": [ [ [ 103.6336557, 1.3197021 ], [ 103.6331567, 1.3184255 ], [ 103.6353628, 1.3163438 ], [ 103.6355108, 1.3163438 ], [ 103.6361579, 1.3172075 ], [ 103.6336557, 1.3197021 ] ] ] } },
{ "type": "Feature", "properties": { "contextFeatureId": "SGP-S-001::landuse::way::252392136", "projectId": "SGP-S-001", "projectName": "Sembcorp Tengeh Floating Solar Farm", "countryCode": "SGP", "osmType": "way", "osmId": 252392136, "highway": null, "place": null, "power": null, "landuse": "industrial", "name": null, "voltage": null, "circuits": null, "cables": null, "frequency": null, "substationTag": null, "lineTag": null, "operator": null, "location": null }, "geometry": { "type": "Polygon", "coordinates": [ [ [ 103.629192, 1.2996458 ], [ 103.6329344, 1.2982986 ], [ 103.6336, 1.2999239 ], [ 103.6335346, 1.3000712 ], [ 103.6299285, 1.3013693 ], [ 103.6297539, 1.3012875 ], [ 103.629192, 1.2996458 ] ] ] } },
{ "type": "Feature", "properties": { "contextFeatureId": "SGP-S-001::landuse::way::252392137", "projectId": "SGP-S-001", "projectName": "Sembcorp Tengeh Floating Solar Farm", "countryCode": "SGP", "osmType": "way", "osmId": 252392137, "highway": null, "place": null, "power": null, "landuse": "meadow", "name": null, "voltage": null, "circuits": null, "cables": null, "frequency": null, "substationTag": null, "lineTag": null, "operator": null, "location": null }, "geometry": { "type": "Polygon", "coordinates": [ [ [ 103.6290509, 1.3143607 ], [ 103.6288338, 1.3137697 ], [ 103.6298663, 1.3133906 ], [ 103.6299531, 1.3136268 ], [ 103.6296, 1.3137565 ], [ 103.6297304, 1.3141112 ], [ 103.6290509, 1.3143607 ] ] ] } },
{ "type": "Feature", "properties": { "contextFeatureId": "SGP-S-001::landuse::way::252392140", "projectId": "SGP-S-001", "projectName": "Sembcorp Tengeh Floating Solar Farm", "countryCode": "SGP", "osmType": "way", "osmId": 252392140, "highway": null, "place": null, "power": null, "landuse": "meadow", "name": null, "voltage": null, "circuits": null, "cables": null, "frequency": null, "substationTag": null, "lineTag": null, "operator": null, "location": null }, "geometry": { "type": "Polygon", "coordinates": [ [ [ 103.6237217, 1.3101807 ], [ 103.6229906, 1.308108 ], [ 103.6247081, 1.3074267 ], [ 103.6246427, 1.3075953 ], [ 103.6245704, 1.3079222 ], [ 103.6246427, 1.3082319 ], [ 103.625183, 1.3096633 ], [ 103.6237217, 1.3101807 ] ] ] } },
{ "type": "Feature", "properties": { "contextFeatureId": "SGP-S-001::landuse::way::252392145", "projectId": "SGP-S-001", "projectName": "Sembcorp Tengeh Floating Solar Farm", "countryCode": "SGP", "osmType": "way", "osmId": 252392145, "highway": null, "place": null, "power": null, "landuse": "meadow", "name": null, "voltage": null, "circuits": null, "cables": null, "frequency": null, "substationTag": null, "lineTag": null, "operator": null, "location": null }, "geometry": { "type": "Polygon", "coordinates": [ [ [ 103.6324533, 1.3086159 ], [ 103.6327822, 1.3085048 ], [ 103.6328178, 1.3086125 ], [ 103.6328628, 1.3087617 ], [ 103.6334895, 1.3105242 ], [ 103.6334018, 1.3105618 ], [ 103.6331678, 1.3104574 ], [ 103.6324533, 1.3086159 ] ] ] } },
{ "type": "Feature", "properties": { "contextFeatureId": "SGP-S-001::landuse::way::260177732", "projectId": "SGP-S-001", "projectName": "Sembcorp Tengeh Floating Solar Farm", "countryCode": "SGP", "osmType": "way", "osmId": 260177732, "highway": null, "place": null, "power": null, "landuse": "military", "name": "Pasir Laba Camp", "voltage": null, "circuits": null, "cables": null, "frequency": null, "substationTag": null, "lineTag": null, "operator": null, "location": null }, "geometry": { "type": "Polygon", "coordinates": [ [ [ 103.6765625, 1.3367767 ], [ 103.6742879, 1.3366615 ], [ 103.6742584, 1.3369457 ], [ 103.6738214, 1.3369342 ], [ 103.6733653, 1.3368625 ], [ 103.6725821, 1.3369912 ], [ 103.6727967, 1.3384285 ], [ 103.6712517, 1.3386001 ], [ 103.6707212, 1.3369645 ], [ 103.669696, 1.3357256 ], [ 103.6690845, 1.3352965 ], [ 103.6684729, 1.3349533 ], [ 103.6686446, 1.3336458 ], [ 103.6696681, 1.3331915 ], [ 103.6686446, 1.3309418 ], [ 103.6693537, 1.3306458 ], [ 103.6700915, 1.3319651 ], [ 103.6703799, 1.3318042 ], [ 103.6709687, 1.3325765 ], [ 103.6717644, 1.3322279 ], [ 103.6717957, 1.3317817 ], [ 103.6725855, 1.3308601 ], [ 103.6728488, 1.3307572 ], [ 103.673487, 1.3307873 ], [ 103.674642, 1.3314781 ], [ 103.6753372, 1.3324016 ], [ 103.6765625, 1.3367767 ] ] ] } },
{ "type": "Feature", "properties": { "contextFeatureId": "SGP-S-001::landuse::way::283426582", "projectId": "SGP-S-001", "projectName": "Sembcorp Tengeh Floating Solar Farm", "countryCode": "SGP", "osmType": "way", "osmId": 283426582, "highway": null, "place": "island", "power": null, "landuse": "forest", "name": "Pulau Merambong", "voltage": null, "circuits": null, "cables": null, "frequency": null, "substationTag": null, "lineTag": null, "operator": null, "location": null }, "geometry": { "type": "Polygon", "coordinates": [ [ [ 103.6095434, 1.3163206 ], [ 103.6094527, 1.3163911 ], [ 103.609352, 1.3163508 ], [ 103.6092765, 1.3163155 ], [ 103.6092613, 1.3161796 ], [ 103.6092362, 1.3159933 ], [ 103.6091153, 1.3160235 ], [ 103.6090548, 1.3159429 ], [ 103.6091304, 1.3157063 ], [ 103.6092765, 1.3155703 ], [ 103.6093621, 1.3154092 ], [ 103.6094376, 1.3151977 ], [ 103.609483, 1.3149358 ], [ 103.6096744, 1.3149258 ], [ 103.6099514, 1.3148855 ], [ 103.6101377, 1.3147344 ], [ 103.6102737, 1.3142762 ], [ 103.6105356, 1.3143517 ], [ 103.6107522, 1.3144172 ], [ 103.6109436, 1.3146589 ], [ 103.6110242, 1.3148502 ], [ 103.611019, 1.3149365 ], [ 103.6110141, 1.3150164 ], [ 103.6109235, 1.3151826 ], [ 103.6107018, 1.3154696 ], [ 103.6104147, 1.3157465 ], [ 103.610173, 1.3159077 ], [ 103.6099413, 1.3160033 ], [ 103.6096592, 1.3160789 ], [ 103.6095283, 1.3161292 ], [ 103.6095434, 1.3163206 ] ] ] } },
{ "type": "Feature", "properties": { "contextFeatureId": "SGP-S-001::landuse::way::283426583", "projectId": "SGP-S-001", "projectName": "Sembcorp Tengeh Floating Solar Farm", "countryCode": "SGP", "osmType": "way", "osmId": 283426583, "highway": null, "place": "islet", "power": null, "landuse": "forest", "name": null, "voltage": null, "circuits": null, "cables": null, "frequency": null, "substationTag": null, "lineTag": null, "operator": null, "location": null }, "geometry": { "type": "Polygon", "coordinates": [ [ [ 103.6087577, 1.3156207 ], [ 103.608672, 1.3155904 ], [ 103.6086972, 1.3154998 ], [ 103.6087778, 1.3154696 ], [ 103.6088534, 1.3154897 ], [ 103.6088231, 1.3155804 ], [ 103.6087577, 1.3156207 ] ] ] } },
{ "type": "Feature", "properties": { "contextFeatureId": "SGP-S-001::landuse::way::309721677", "projectId": "SGP-S-001", "projectName": "Sembcorp Tengeh Floating Solar Farm", "countryCode": "SGP", "osmType": "way", "osmId": 309721677, "highway": null, "place": null, "power": null, "landuse": "industrial", "name": "Lonza Biologics Tuas Pte. Ltd.", "voltage": null, "circuits": null, "cables": null, "frequency": null, "substationTag": null, "lineTag": null, "operator": null, "location": null }, "geometry": { "type": "Polygon", "coordinates": [ [ [ 103.6397838, 1.2978135 ], [ 103.6414108, 1.2995795 ], [ 103.6414036, 1.2997351 ], [ 103.6410779, 1.3004644 ], [ 103.6403799, 1.3016879 ], [ 103.6393789, 1.3036006 ], [ 103.6392835, 1.3036732 ], [ 103.639189, 1.3035965 ], [ 103.6390652, 1.303405 ], [ 103.6388266, 1.3029176 ], [ 103.6380634, 1.3012544 ], [ 103.6371767, 1.2990877 ], [ 103.6372051, 1.2989805 ], [ 103.6385828, 1.2984981 ], [ 103.6389649, 1.2983643 ], [ 103.6396298, 1.2978242 ], [ 103.6397838, 1.2978135 ] ] ] } },
{ "type": "Feature", "properties": { "contextFeatureId": "SGP-S-001::landuse::way::309721678", "projectId": "SGP-S-001", "projectName": "Sembcorp Tengeh Floating Solar Farm", "countryCode": "SGP", "osmType": "way", "osmId": 309721678, "highway": null, "place": null, "power": null, "landuse": "industrial", "name": "Pfizer Asia Pacific Pte Ltd", "voltage": null, "circuits": null, "cables": null, "frequency": null, "substationTag": null, "lineTag": null, "operator": null, "location": null }, "geometry": { "type": "Polygon", "coordinates": [ [ [ 103.6342006, 1.3002024 ], [ 103.636971, 1.2991135 ], [ 103.6381394, 1.3020847 ], [ 103.6354178, 1.3031411 ], [ 103.6342006, 1.3002024 ] ] ] } },
{ "type": "Feature", "properties": { "contextFeatureId": "SGP-S-001::landuse::way::309721679", "projectId": "SGP-S-001", "projectName": "Sembcorp Tengeh Floating Solar Farm", "countryCode": "SGP", "osmType": "way", "osmId": 309721679, "highway": null, "place": null, "power": null, "landuse": "industrial", "name": null, "voltage": null, "circuits": null, "cables": null, "frequency": null, "substationTag": null, "lineTag": null, "operator": null, "location": null }, "geometry": { "type": "Polygon", "coordinates": [ [ [ 103.635429, 1.3031786 ], [ 103.6381395, 1.3021172 ], [ 103.6390493, 1.3042518 ], [ 103.6364618, 1.3055222 ], [ 103.635429, 1.3031786 ] ] ] } },
{ "type": "Feature", "properties": { "contextFeatureId": "SGP-S-001::landuse::way::451122640", "projectId": "SGP-S-001", "projectName": "Sembcorp Tengeh Floating Solar Farm", "countryCode": "SGP", "osmType": "way", "osmId": 451122640, "highway": null, "place": null, "power": null, "landuse": "residential", "name": null, "voltage": null, "circuits": null, "cables": null, "frequency": null, "substationTag": null, "lineTag": null, "operator": null, "location": null }, "geometry": { "type": "Polygon", "coordinates": [ [ [ 103.6069168, 1.3555017 ], [ 103.6064935, 1.3561629 ], [ 103.6069989, 1.3564851 ], [ 103.6071536, 1.3562763 ], [ 103.6075301, 1.3565444 ], [ 103.606674, 1.35772 ], [ 103.6068751, 1.3578592 ], [ 103.6072929, 1.3573127 ], [ 103.607574, 1.3574957 ], [ 103.6079943, 1.3569337 ], [ 103.6081774, 1.3570549 ], [ 103.6084607, 1.3566249 ], [ 103.6069168, 1.3555017 ] ] ] } },
{ "type": "Feature", "properties": { "contextFeatureId": "SGP-S-001::landuse::way::451136919", "projectId": "SGP-S-001", "projectName": "Sembcorp Tengeh Floating Solar Farm", "countryCode": "SGP", "osmType": "way", "osmId": 451136919, "highway": null, "place": null, "power": null, "landuse": "residential", "name": null, "voltage": null, "circuits": null, "cables": null, "frequency": null, "substationTag": null, "lineTag": null, "operator": null, "location": null }, "geometry": { "type": "Polygon", "coordinates": [ [ [ 103.6218754, 1.3685179 ], [ 103.6226067, 1.3675445 ], [ 103.6235338, 1.3682406 ], [ 103.6228025, 1.369214 ], [ 103.6218754, 1.3685179 ] ] ] } },
{ "type": "Feature", "properties": { "contextFeatureId": "SGP-S-001::landuse::way::451136933", "projectId": "SGP-S-001", "projectName": "Sembcorp Tengeh Floating Solar Farm", "countryCode": "SGP", "osmType": "way", "osmId": 451136933, "highway": null, "place": null, "power": null, "landuse": "residential", "name": null, "voltage": null, "circuits": null, "cables": null, "frequency": null, "substationTag": null, "lineTag": null, "operator": null, "location": null }, "geometry": { "type": "Polygon", "coordinates": [ [ [ 103.6085865, 1.357402 ], [ 103.608912, 1.3569564 ], [ 103.6091679, 1.3571463 ], [ 103.609557, 1.3574351 ], [ 103.6089238, 1.3583181 ], [ 103.6087742, 1.3582101 ], [ 103.6088942, 1.3580439 ], [ 103.6086613, 1.3578758 ], [ 103.6088606, 1.3575999 ], [ 103.6085865, 1.357402 ] ] ] } },
{ "type": "Feature", "properties": { "contextFeatureId": "SGP-S-001::landuse::way::451265634", "projectId": "SGP-S-001", "projectName": "Sembcorp Tengeh Floating Solar Farm", "countryCode": "SGP", "osmType": "way", "osmId": 451265634, "highway": null, "place": null, "power": null, "landuse": "residential", "name": null, "voltage": null, "circuits": null, "cables": null, "frequency": null, "substationTag": null, "lineTag": null, "operator": null, "location": null }, "geometry": { "type": "Polygon", "coordinates": [ [ [ 103.6179429, 1.3664545 ], [ 103.6185788, 1.3658146 ], [ 103.6183472, 1.3655846 ], [ 103.6186775, 1.3652523 ], [ 103.6191392, 1.3656773 ], [ 103.6194631, 1.3653569 ], [ 103.6196133, 1.3655062 ], [ 103.6198905, 1.3652273 ], [ 103.6200699, 1.3654055 ], [ 103.6194745, 1.3660046 ], [ 103.6195649, 1.3660944 ], [ 103.6192548, 1.3664063 ], [ 103.6190971, 1.3662497 ], [ 103.6189165, 1.3664313 ], [ 103.6186948, 1.3662111 ], [ 103.6181995, 1.3667094 ], [ 103.6179429, 1.3664545 ] ] ] } },
{ "type": "Feature", "properties": { "contextFeatureId": "SGP-S-001::landuse::way::451265635", "projectId": "SGP-S-001", "projectName": "Sembcorp Tengeh Floating Solar Farm", "countryCode": "SGP", "osmType": "way", "osmId": 451265635, "highway": null, "place": null, "power": null, "landuse": "residential", "name": null, "voltage": null, "circuits": null, "cables": null, "frequency": null, "substationTag": null, "lineTag": null, "operator": null, "location": null }, "geometry": { "type": "Polygon", "coordinates": [ [ [ 103.625492, 1.3719193 ], [ 103.6256036, 1.37176 ], [ 103.6256832, 1.3717865 ], [ 103.6261928, 1.3711014 ], [ 103.6264515, 1.3713533 ], [ 103.6267617, 1.3709474 ], [ 103.6269955, 1.3710961 ], [ 103.6268733, 1.3713245 ], [ 103.6271177, 1.3715635 ], [ 103.6269063, 1.3717962 ], [ 103.6266023, 1.3721742 ], [ 103.6263154, 1.3719724 ], [ 103.6266277, 1.3715921 ], [ 103.6266584, 1.3715548 ], [ 103.626497, 1.3713976 ], [ 103.6264607, 1.3714416 ], [ 103.6261667, 1.3717972 ], [ 103.6259914, 1.3716909 ], [ 103.625662, 1.3720733 ], [ 103.625492, 1.3719193 ] ] ] } },
{ "type": "Feature", "properties": { "contextFeatureId": "SGP-S-001::landuse::way::451895970", "projectId": "SGP-S-001", "projectName": "Sembcorp Tengeh Floating Solar Farm", "countryCode": "SGP", "osmType": "way", "osmId": 451895970, "highway": null, "place": null, "power": null, "landuse": "residential", "name": null, "voltage": null, "circuits": null, "cables": null, "frequency": null, "substationTag": null, "lineTag": null, "operator": null, "location": null }, "geometry": { "type": "Polygon", "coordinates": [ [ [ 103.6120389, 1.3593483 ], [ 103.6119842, 1.359416 ], [ 103.6114264, 1.3601063 ], [ 103.6116894, 1.3603632 ], [ 103.6115041, 1.3606501 ], [ 103.6117802, 1.3607869 ], [ 103.6122325, 1.3603151 ], [ 103.6124087, 1.3604354 ], [ 103.6121472, 1.3609616 ], [ 103.6124784, 1.3610683 ], [ 103.6128191, 1.3606979 ], [ 103.6135482, 1.3610265 ], [ 103.6138137, 1.3607025 ], [ 103.6120389, 1.3593483 ] ] ] } },
{ "type": "Feature", "properties": { "contextFeatureId": "SGP-S-001::landuse::way::451896114", "projectId": "SGP-S-001", "projectName": "Sembcorp Tengeh Floating Solar Farm", "countryCode": "SGP", "osmType": "way", "osmId": 451896114, "highway": null, "place": null, "power": null, "landuse": "residential", "name": null, "voltage": null, "circuits": null, "cables": null, "frequency": null, "substationTag": null, "lineTag": null, "operator": null, "location": null }, "geometry": { "type": "Polygon", "coordinates": [ [ [ 103.6143477, 1.3611418 ], [ 103.6139792, 1.3615345 ], [ 103.6142036, 1.361745 ], [ 103.6140408, 1.3619185 ], [ 103.6144423, 1.3622951 ], [ 103.6149737, 1.3617288 ], [ 103.6143477, 1.3611418 ] ] ] } },
{ "type": "Feature", "properties": { "contextFeatureId": "SGP-S-001::landuse::way::455161495", "projectId": "SGP-S-001", "projectName": "Sembcorp Tengeh Floating Solar Farm", "countryCode": "SGP", "osmType": "way", "osmId": 455161495, "highway": null, "place": null, "power": null, "landuse": "orchard", "name": null, "voltage": null, "circuits": null, "cables": null, "frequency": null, "substationTag": null, "lineTag": null, "operator": null, "location": null }, "geometry": { "type": "Polygon", "coordinates": [ [ [ 103.6089348, 1.372129 ], [ 103.6087849, 1.3720034 ], [ 103.6080142, 1.371358 ], [ 103.6070386, 1.3705727 ], [ 103.6067261, 1.3702917 ], [ 103.6069314, 1.3697592 ], [ 103.6075865, 1.3695957 ], [ 103.6075724, 1.3691672 ], [ 103.6073844, 1.3688068 ], [ 103.6071435, 1.3684237 ], [ 103.6069403, 1.3680255 ], [ 103.6069907, 1.367725 ], [ 103.6068947, 1.3673211 ], [ 103.6072335, 1.3670013 ], [ 103.6074437, 1.3666512 ], [ 103.6076633, 1.3662267 ], [ 103.607417, 1.3660997 ], [ 103.6072785, 1.3659649 ], [ 103.6073259, 1.3657828 ], [ 103.6074243, 1.3657427 ], [ 103.6075482, 1.3657828 ], [ 103.6076611, 1.3658411 ], [ 103.6078401, 1.365885 ], [ 103.6079359, 1.3656999 ], [ 103.6083148, 1.3652318 ], [ 103.6086461, 1.3652937 ], [ 103.60905, 1.3653436 ], [ 103.6093919, 1.3651303 ], [ 103.6092868, 1.3646871 ], [ 103.6093968, 1.3644654 ], [ 103.6096809, 1.3643951 ], [ 103.6107512, 1.3632813 ], [ 103.6109624, 1.3629532 ], [ 103.6110386, 1.3628995 ], [ 103.6111115, 1.3629327 ], [ 103.6113111, 1.3633668 ], [ 103.6111539, 1.3635434 ], [ 103.6107424, 1.3642876 ], [ 103.6110359, 1.364361 ], [ 103.6113643, 1.3643599 ], [ 103.6115057, 1.3643064 ], [ 103.6115413, 1.3641999 ], [ 103.6114696, 1.3641056 ], [ 103.6114885, 1.3639107 ], [ 103.611674, 1.3636179 ], [ 103.6119302, 1.3633427 ], [ 103.6123718, 1.3627128 ], [ 103.6126442, 1.3628852 ], [ 103.6128434, 1.3632366 ], [ 103.6129047, 1.3638632 ], [ 103.6134214, 1.3642562 ], [ 103.6136464, 1.3646901 ], [ 103.6133451, 1.3649005 ], [ 103.6130851, 1.3648133 ], [ 103.612624, 1.36439 ], [ 103.6122706, 1.3645259 ], [ 103.6121126, 1.3649435 ], [ 103.6122872, 1.3653961 ], [ 103.6124437, 1.3658702 ], [ 103.6127339, 1.366242 ], [ 103.612927, 1.3665725 ], [ 103.6126493, 1.3672232 ], [ 103.612095, 1.3685221 ], [ 103.6124445, 1.368708 ], [ 103.6122297, 1.3693898 ], [ 103.6115246, 1.3705554 ], [ 103.6105047, 1.3717095 ], [ 103.6097838, 1.3711695 ], [ 103.6089348, 1.372129 ] ] ] } },
{ "type": "Feature", "properties": { "contextFeatureId": "SGP-S-001::landuse::way::455162088", "projectId": "SGP-S-001", "projectName": "Sembcorp Tengeh Floating Solar Farm", "countryCode": "SGP", "osmType": "way", "osmId": 455162088, "highway": null, "place": null, "power": null, "landuse": "orchard", "name": null, "voltage": null, "circuits": null, "cables": null, "frequency": null, "substationTag": null, "lineTag": null, "operator": null, "location": null }, "geometry": { "type": "Polygon", "coordinates": [ [ [ 103.6135776, 1.3683833 ], [ 103.6143795, 1.3691494 ], [ 103.6139518, 1.3698798 ], [ 103.6144686, 1.3699065 ], [ 103.6167332, 1.367159 ], [ 103.6166169, 1.3667336 ], [ 103.6164385, 1.366913 ], [ 103.6158267, 1.3663398 ], [ 103.6157848, 1.3663888 ], [ 103.6144151, 1.3679914 ], [ 103.6142548, 1.3679112 ], [ 103.6135776, 1.3683833 ] ] ] } },
{ "type": "Feature", "properties": { "contextFeatureId": "SGP-S-001::landuse::way::459916947", "projectId": "SGP-S-001", "projectName": "Sembcorp Tengeh Floating Solar Farm", "countryCode": "SGP", "osmType": "way", "osmId": 459916947, "highway": null, "place": null, "power": null, "landuse": "residential", "name": null, "voltage": null, "circuits": null, "cables": null, "frequency": null, "substationTag": null, "lineTag": null, "operator": null, "location": null }, "geometry": { "type": "Polygon", "coordinates": [ [ [ 103.6032039, 1.3530286 ], [ 103.6030291, 1.3533804 ], [ 103.6033597, 1.3535385 ], [ 103.6030722, 1.3541169 ], [ 103.6032375, 1.3542031 ], [ 103.6033992, 1.3538978 ], [ 103.6038377, 1.3540953 ], [ 103.6039311, 1.3539768 ], [ 103.6042042, 1.3541456 ], [ 103.6040605, 1.3543756 ], [ 103.6043911, 1.354566 ], [ 103.6047395, 1.3540178 ], [ 103.6047451, 1.3540027 ], [ 103.6032039, 1.3530286 ] ] ] } },
{ "type": "Feature", "properties": { "contextFeatureId": "SGP-S-001::landuse::way::459916949", "projectId": "SGP-S-001", "projectName": "Sembcorp Tengeh Floating Solar Farm", "countryCode": "SGP", "osmType": "way", "osmId": 459916949, "highway": null, "place": null, "power": null, "landuse": "residential", "name": null, "voltage": null, "circuits": null, "cables": null, "frequency": null, "substationTag": null, "lineTag": null, "operator": null, "location": null }, "geometry": { "type": "Polygon", "coordinates": [ [ [ 103.6151357, 1.3628583 ], [ 103.6153686, 1.3631062 ], [ 103.6158448, 1.3625891 ], [ 103.6156355, 1.3623887 ], [ 103.6156816, 1.3623255 ], [ 103.6158795, 1.3620546 ], [ 103.6156616, 1.3618443 ], [ 103.6154636, 1.3620584 ], [ 103.6153848, 1.3621436 ], [ 103.615597, 1.3623517 ], [ 103.6151357, 1.3628583 ] ] ] } },
{ "type": "Feature", "properties": { "contextFeatureId": "SGP-S-001::landuse::way::459932967", "projectId": "SGP-S-001", "projectName": "Sembcorp Tengeh Floating Solar Farm", "countryCode": "SGP", "osmType": "way", "osmId": 459932967, "highway": null, "place": null, "power": null, "landuse": "residential", "name": null, "voltage": null, "circuits": null, "cables": null, "frequency": null, "substationTag": null, "lineTag": null, "operator": null, "location": null }, "geometry": { "type": "Polygon", "coordinates": [ [ [ 103.6204306, 1.3672571 ], [ 103.6206076, 1.3674112 ], [ 103.6205362, 1.3675026 ], [ 103.6207047, 1.3676367 ], [ 103.620976, 1.3673781 ], [ 103.6214412, 1.3669346 ], [ 103.6210787, 1.366555 ], [ 103.6204306, 1.3672571 ] ] ] } },
{ "type": "Feature", "properties": { "contextFeatureId": "SGP-S-001::landuse::way::459932976", "projectId": "SGP-S-001", "projectName": "Sembcorp Tengeh Floating Solar Farm", "countryCode": "SGP", "osmType": "way", "osmId": 459932976, "highway": null, "place": null, "power": null, "landuse": "residential", "name": null, "voltage": null, "circuits": null, "cables": null, "frequency": null, "substationTag": null, "lineTag": null, "operator": null, "location": null }, "geometry": { "type": "Polygon", "coordinates": [ [ [ 103.6176698, 1.3642978 ], [ 103.618141, 1.3637431 ], [ 103.6185334, 1.3641932 ], [ 103.6180861, 1.364688 ], [ 103.6179561, 1.3645663 ], [ 103.6176038, 1.3649874 ], [ 103.6172983, 1.3647013 ], [ 103.6175841, 1.3643909 ], [ 103.6176698, 1.3642978 ] ] ] } },
{ "type": "Feature", "properties": { "contextFeatureId": "SGP-S-001::landuse::way::459932977", "projectId": "SGP-S-001", "projectName": "Sembcorp Tengeh Floating Solar Farm", "countryCode": "SGP", "osmType": "way", "osmId": 459932977, "highway": null, "place": null, "power": null, "landuse": "residential", "name": null, "voltage": null, "circuits": null, "cables": null, "frequency": null, "substationTag": null, "lineTag": null, "operator": null, "location": null }, "geometry": { "type": "Polygon", "coordinates": [ [ [ 103.6163696, 1.3643229 ], [ 103.6167443, 1.3646194 ], [ 103.6170825, 1.3642423 ], [ 103.6172464, 1.3643827 ], [ 103.617383, 1.3642165 ], [ 103.61747, 1.3641105 ], [ 103.617002, 1.363676 ], [ 103.6163696, 1.3643229 ] ] ] } },
{ "type": "Feature", "properties": { "contextFeatureId": "SGP-S-001::landuse::way::469001285", "projectId": "SGP-S-001", "projectName": "Sembcorp Tengeh Floating Solar Farm", "countryCode": "SGP", "osmType": "way", "osmId": 469001285, "highway": null, "place": null, "power": null, "landuse": "residential", "name": null, "voltage": null, "circuits": null, "cables": null, "frequency": null, "substationTag": null, "lineTag": null, "operator": null, "location": null }, "geometry": { "type": "Polygon", "coordinates": [ [ [ 103.6137879, 1.3646416 ], [ 103.6136249, 1.3644167 ], [ 103.6140087, 1.364094 ], [ 103.6141161, 1.3642351 ], [ 103.6141553, 1.3643362 ], [ 103.6137879, 1.3646416 ] ] ] } },
{ "type": "Feature", "properties": { "contextFeatureId": "SGP-S-001::landuse::way::531911719", "projectId": "SGP-S-001", "projectName": "Sembcorp Tengeh Floating Solar Farm", "countryCode": "SGP", "osmType": "way", "osmId": 531911719, "highway": null, "place": null, "power": null, "landuse": "industrial", "name": "Tuaspring Desalination Plant", "voltage": null, "circuits": null, "cables": null, "frequency": null, "substationTag": null, "lineTag": null, "operator": null, "location": null }, "geometry": { "type": "Polygon", "coordinates": [ [ [ 103.6217473, 1.3047129 ], [ 103.6202255, 1.3007495 ], [ 103.6218163, 1.3001403 ], [ 103.6221565, 1.3000071 ], [ 103.6230531, 1.2996708 ], [ 103.6247717, 1.3040452 ], [ 103.6220542, 1.3050975 ], [ 103.6218937, 1.3046575 ], [ 103.6217473, 1.3047129 ] ] ] } },
{ "type": "Feature", "properties": { "contextFeatureId": "SGP-S-001::landuse::way::542276296", "projectId": "SGP-S-001", "projectName": "Sembcorp Tengeh Floating Solar Farm", "countryCode": "SGP", "osmType": "way", "osmId": 542276296, "highway": null, "place": null, "power": null, "landuse": "orchard", "name": null, "voltage": null, "circuits": null, "cables": null, "frequency": null, "substationTag": null, "lineTag": null, "operator": null, "location": null }, "geometry": { "type": "Polygon", "coordinates": [ [ [ 103.6115455, 1.3611602 ], [ 103.6103291, 1.3612298 ], [ 103.6099166, 1.3617175 ], [ 103.6102299, 1.3618887 ], [ 103.610638, 1.362049 ], [ 103.6112419, 1.3621761 ], [ 103.6114038, 1.3617794 ], [ 103.6114038, 1.361488 ], [ 103.6115455, 1.3611602 ] ] ] } },
{ "type": "Feature", "properties": { "contextFeatureId": "SGP-S-001::landuse::way::542276298", "projectId": "SGP-S-001", "projectName": "Sembcorp Tengeh Floating Solar Farm", "countryCode": "SGP", "osmType": "way", "osmId": 542276298, "highway": null, "place": null, "power": null, "landuse": "orchard", "name": null, "voltage": null, "circuits": null, "cables": null, "frequency": null, "substationTag": null, "lineTag": null, "operator": null, "location": null }, "geometry": { "type": "Polygon", "coordinates": [ [ [ 103.6106009, 1.361021 ], [ 103.6110882, 1.3604449 ], [ 103.6108639, 1.3603637 ], [ 103.611096, 1.3599074 ], [ 103.6116916, 1.359138 ], [ 103.6119842, 1.359416 ], [ 103.6114264, 1.3601063 ], [ 103.6116894, 1.3603632 ], [ 103.6115041, 1.3606501 ], [ 103.6117802, 1.3607869 ], [ 103.6122325, 1.3603151 ], [ 103.6124087, 1.3604354 ], [ 103.6121472, 1.3609616 ], [ 103.6120783, 1.3610326 ], [ 103.611943, 1.3610055 ], [ 103.6106009, 1.361021 ] ] ] } },
{ "type": "Feature", "properties": { "contextFeatureId": "SGP-S-001::landuse::way::542276302", "projectId": "SGP-S-001", "projectName": "Sembcorp Tengeh Floating Solar Farm", "countryCode": "SGP", "osmType": "way", "osmId": 542276302, "highway": null, "place": null, "power": null, "landuse": "orchard", "name": null, "voltage": null, "circuits": null, "cables": null, "frequency": null, "substationTag": null, "lineTag": null, "operator": null, "location": null }, "geometry": { "type": "Polygon", "coordinates": [ [ [ 103.6076124, 1.3602278 ], [ 103.6096019, 1.3576271 ], [ 103.6101017, 1.3579551 ], [ 103.6105015, 1.358264 ], [ 103.6100337, 1.3587742 ], [ 103.6095914, 1.3594119 ], [ 103.609203, 1.359942 ], [ 103.6086728, 1.3607724 ], [ 103.6083604, 1.3606865 ], [ 103.6070794, 1.3603345 ], [ 103.607339, 1.3599636 ], [ 103.6076124, 1.3602278 ] ] ] } },
{ "type": "Feature", "properties": { "contextFeatureId": "SGP-S-001::landuse::way::542276306", "projectId": "SGP-S-001", "projectName": "Sembcorp Tengeh Floating Solar Farm", "countryCode": "SGP", "osmType": "way", "osmId": 542276306, "highway": null, "place": null, "power": null, "landuse": "orchard", "name": null, "voltage": null, "circuits": null, "cables": null, "frequency": null, "substationTag": null, "lineTag": null, "operator": null, "location": null }, "geometry": { "type": "Polygon", "coordinates": [ [ [ 103.6197701, 1.3700991 ], [ 103.620005, 1.3697601 ], [ 103.6202829, 1.3698965 ], [ 103.6211573, 1.3685475 ], [ 103.6217132, 1.3688405 ], [ 103.6205811, 1.3707403 ], [ 103.6202127, 1.3704316 ], [ 103.6197701, 1.3700991 ] ] ] } },
{ "type": "Feature", "properties": { "contextFeatureId": "SGP-S-001::landuse::way::542276307", "projectId": "SGP-S-001", "projectName": "Sembcorp Tengeh Floating Solar Farm", "countryCode": "SGP", "osmType": "way", "osmId": 542276307, "highway": null, "place": null, "power": null, "landuse": "orchard", "name": null, "voltage": null, "circuits": null, "cables": null, "frequency": null, "substationTag": null, "lineTag": null, "operator": null, "location": null }, "geometry": { "type": "Polygon", "coordinates": [ [ [ 103.619074, 1.3691868 ], [ 103.6195687, 1.3694711 ], [ 103.6203972, 1.3680658 ], [ 103.6198449, 1.3677691 ], [ 103.619074, 1.3691868 ] ] ] } },
{ "type": "Feature", "properties": { "contextFeatureId": "SGP-S-001::landuse::way::542276308", "projectId": "SGP-S-001", "projectName": "Sembcorp Tengeh Floating Solar Farm", "countryCode": "SGP", "osmType": "way", "osmId": 542276308, "highway": null, "place": null, "power": null, "landuse": "orchard", "name": null, "voltage": null, "circuits": null, "cables": null, "frequency": null, "substationTag": null, "lineTag": null, "operator": null, "location": null }, "geometry": { "type": "Polygon", "coordinates": [ [ [ 103.6198449, 1.3677691 ], [ 103.6194903, 1.3675342 ], [ 103.6185134, 1.3688241 ], [ 103.619074, 1.3691868 ], [ 103.6198449, 1.3677691 ] ] ] } },
{ "type": "Feature", "properties": { "contextFeatureId": "SGP-S-001::landuse::way::542276309", "projectId": "SGP-S-001", "projectName": "Sembcorp Tengeh Floating Solar Farm", "countryCode": "SGP", "osmType": "way", "osmId": 542276309, "highway": null, "place": null, "power": null, "landuse": "orchard", "name": null, "voltage": null, "circuits": null, "cables": null, "frequency": null, "substationTag": null, "lineTag": null, "operator": null, "location": null }, "geometry": { "type": "Polygon", "coordinates": [ [ [ 103.6194903, 1.3675342 ], [ 103.6195398, 1.3674436 ], [ 103.6202282, 1.3667677 ], [ 103.6205209, 1.3670685 ], [ 103.6198449, 1.3677691 ], [ 103.6194903, 1.3675342 ] ] ] } },
{ "type": "Feature", "properties": { "contextFeatureId": "SGP-S-001::landuse::way::542615464", "projectId": "SGP-S-001", "projectName": "Sembcorp Tengeh Floating Solar Farm", "countryCode": "SGP", "osmType": "way", "osmId": 542615464, "highway": null, "place": null, "power": null, "landuse": "plant_nursery", "name": null, "voltage": null, "circuits": null, "cables": null, "frequency": null, "substationTag": null, "lineTag": null, "operator": null, "location": null }, "geometry": { "type": "Polygon", "coordinates": [ [ [ 103.602897, 1.3484009 ], [ 103.6048241, 1.3489147 ], [ 103.6056491, 1.3490026 ], [ 103.6065754, 1.3495839 ], [ 103.6083359, 1.3509672 ], [ 103.6081577, 1.3512063 ], [ 103.6082727, 1.3513889 ], [ 103.6093546, 1.3521325 ], [ 103.6095184, 1.3518972 ], [ 103.6103305, 1.3525718 ], [ 103.6078031, 1.3559662 ], [ 103.6056288, 1.3544714 ], [ 103.6013282, 1.3517539 ], [ 103.6018373, 1.3507972 ], [ 103.602586, 1.3512433 ], [ 103.6030097, 1.3506337 ], [ 103.6021981, 1.3500677 ], [ 103.602897, 1.3484009 ] ] ] } },
{ "type": "Feature", "properties": { "contextFeatureId": "SGP-S-001::landuse::way::542615465", "projectId": "SGP-S-001", "projectName": "Sembcorp Tengeh Floating Solar Farm", "countryCode": "SGP", "osmType": "way", "osmId": 542615465, "highway": null, "place": null, "power": null, "landuse": "forest", "name": null, "voltage": null, "circuits": null, "cables": null, "frequency": null, "substationTag": null, "lineTag": null, "operator": null, "location": null }, "geometry": { "type": "Polygon", "coordinates": [ [ [ 103.6083514, 1.3564132 ], [ 103.6105607, 1.3534798 ], [ 103.6104848, 1.3535833 ], [ 103.6109335, 1.3539215 ], [ 103.611327, 1.3533763 ], [ 103.6198258, 1.3601955 ], [ 103.6178789, 1.3616932 ], [ 103.6164498, 1.3629977 ], [ 103.6156816, 1.3623255 ], [ 103.6158795, 1.3620546 ], [ 103.6156616, 1.3618443 ], [ 103.6154636, 1.3620584 ], [ 103.6148411, 1.3614654 ], [ 103.6163393, 1.3598159 ], [ 103.6155592, 1.3591049 ], [ 103.6145995, 1.3602369 ], [ 103.6152002, 1.3607821 ], [ 103.6147238, 1.3613067 ], [ 103.6115549, 1.3588082 ], [ 103.6083514, 1.3564132 ] ] ] } },
{ "type": "Feature", "properties": { "contextFeatureId": "SGP-S-001::landuse::way::542615467", "projectId": "SGP-S-001", "projectName": "Sembcorp Tengeh Floating Solar Farm", "countryCode": "SGP", "osmType": "way", "osmId": 542615467, "highway": null, "place": null, "power": null, "landuse": "orchard", "name": null, "voltage": null, "circuits": null, "cables": null, "frequency": null, "substationTag": null, "lineTag": null, "operator": null, "location": null }, "geometry": { "type": "Polygon", "coordinates": [ [ [ 103.621827, 1.3727894 ], [ 103.622484, 1.3733907 ], [ 103.6231714, 1.3723448 ], [ 103.62351, 1.3726277 ], [ 103.625294, 1.370445 ], [ 103.6256074, 1.3707078 ], [ 103.6246471, 1.3718699 ], [ 103.6249099, 1.3720972 ], [ 103.6236111, 1.3735928 ], [ 103.6223223, 1.3736231 ], [ 103.6216905, 1.3742749 ], [ 103.62211, 1.3746488 ], [ 103.6208213, 1.3753915 ], [ 103.6199602, 1.375082 ], [ 103.6208112, 1.3746033 ], [ 103.6212357, 1.3742243 ], [ 103.621771, 1.3736367 ], [ 103.6218085, 1.3735082 ], [ 103.6218204, 1.3733205 ], [ 103.621827, 1.3727894 ] ] ] } },
{ "type": "Feature", "properties": { "contextFeatureId": "SGP-S-001::landuse::way::542615471", "projectId": "SGP-S-001", "projectName": "Sembcorp Tengeh Floating Solar Farm", "countryCode": "SGP", "osmType": "way", "osmId": 542615471, "highway": null, "place": null, "power": null, "landuse": "forest", "name": null, "voltage": null, "circuits": null, "cables": null, "frequency": null, "substationTag": null, "lineTag": null, "operator": null, "location": null }, "geometry": { "type": "Polygon", "coordinates": [ [ [ 103.6195687, 1.3694711 ], [ 103.6203972, 1.3680658 ], [ 103.6203947, 1.3678516 ], [ 103.6204745, 1.3677003 ], [ 103.6206385, 1.3676583 ], [ 103.6207047, 1.3676367 ], [ 103.620976, 1.3673781 ], [ 103.6212983, 1.3676163 ], [ 103.6213025, 1.3677928 ], [ 103.6211134, 1.3681793 ], [ 103.6210209, 1.3683306 ], [ 103.6211849, 1.3684146 ], [ 103.6211573, 1.3685475 ], [ 103.6202829, 1.3698965 ], [ 103.620005, 1.3697601 ], [ 103.6195687, 1.3694711 ] ] ] } },
{ "type": "Feature", "properties": { "contextFeatureId": "SGP-S-001::landuse::way::542615472", "projectId": "SGP-S-001", "projectName": "Sembcorp Tengeh Floating Solar Farm", "countryCode": "SGP", "osmType": "way", "osmId": 542615472, "highway": null, "place": null, "power": null, "landuse": "orchard", "name": null, "voltage": null, "circuits": null, "cables": null, "frequency": null, "substationTag": null, "lineTag": null, "operator": null, "location": null }, "geometry": { "type": "Polygon", "coordinates": [ [ [ 103.6225017, 1.3674416 ], [ 103.6250577, 1.3645146 ], [ 103.6260435, 1.3653525 ], [ 103.6240369, 1.3683436 ], [ 103.6237136, 1.368082 ], [ 103.6235843, 1.3682819 ], [ 103.6235338, 1.3682406 ], [ 103.6225017, 1.3674416 ] ] ] } },
{ "type": "Feature", "properties": { "contextFeatureId": "SGP-S-001::landuse::way::542615475", "projectId": "SGP-S-001", "projectName": "Sembcorp Tengeh Floating Solar Farm", "countryCode": "SGP", "osmType": "way", "osmId": 542615475, "highway": null, "place": null, "power": null, "landuse": "orchard", "name": null, "voltage": null, "circuits": null, "cables": null, "frequency": null, "substationTag": null, "lineTag": null, "operator": null, "location": null }, "geometry": { "type": "Polygon", "coordinates": [ [ [ 103.6289893, 1.3715986 ], [ 103.6277823, 1.3703145 ], [ 103.629463, 1.3681743 ], [ 103.6303239, 1.3688664 ], [ 103.6303012, 1.3689448 ], [ 103.6293936, 1.369934 ], [ 103.6293459, 1.3704706 ], [ 103.6292578, 1.3709744 ], [ 103.6291256, 1.3716984 ], [ 103.6289893, 1.3715986 ] ] ] } },
{ "type": "Feature", "properties": { "contextFeatureId": "SGP-S-001::landuse::way::543007499", "projectId": "SGP-S-001", "projectName": "Sembcorp Tengeh Floating Solar Farm", "countryCode": "SGP", "osmType": "way", "osmId": 543007499, "highway": null, "place": null, "power": null, "landuse": "orchard", "name": null, "voltage": null, "circuits": null, "cables": null, "frequency": null, "substationTag": null, "lineTag": null, "operator": null, "location": null }, "geometry": { "type": "Polygon", "coordinates": [ [ [ 103.6029288, 1.356729 ], [ 103.6030926, 1.3569413 ], [ 103.6050713, 1.3542277 ], [ 103.6047395, 1.3540178 ], [ 103.6029288, 1.356729 ] ] ] } },
{ "type": "Feature", "properties": { "contextFeatureId": "SGP-S-001::landuse::way::543007500", "projectId": "SGP-S-001", "projectName": "Sembcorp Tengeh Floating Solar Farm", "countryCode": "SGP", "osmType": "way", "osmId": 543007500, "highway": null, "place": null, "power": null, "landuse": "orchard", "name": null, "voltage": null, "circuits": null, "cables": null, "frequency": null, "substationTag": null, "lineTag": null, "operator": null, "location": null }, "geometry": { "type": "Polygon", "coordinates": [ [ [ 103.603247, 1.3571217 ], [ 103.6050621, 1.3546173 ], [ 103.6052343, 1.3547146 ], [ 103.6053791, 1.3544975 ], [ 103.605449, 1.3545299 ], [ 103.6033816, 1.3573132 ], [ 103.603247, 1.3571217 ] ] ] } },
{ "type": "Feature", "properties": { "contextFeatureId": "SGP-S-001::landuse::way::543007504", "projectId": "SGP-S-001", "projectName": "Sembcorp Tengeh Floating Solar Farm", "countryCode": "SGP", "osmType": "way", "osmId": 543007504, "highway": null, "place": null, "power": null, "landuse": "orchard", "name": null, "voltage": null, "circuits": null, "cables": null, "frequency": null, "substationTag": null, "lineTag": null, "operator": null, "location": null }, "geometry": { "type": "Polygon", "coordinates": [ [ [ 103.6041338, 1.3579828 ], [ 103.6060562, 1.3553656 ], [ 103.6061538, 1.3550666 ], [ 103.6065444, 1.3553656 ], [ 103.6044512, 1.358233 ], [ 103.6041338, 1.3579828 ] ] ] } },
{ "type": "Feature", "properties": { "contextFeatureId": "SGP-S-001::landuse::way::543007505", "projectId": "SGP-S-001", "projectName": "Sembcorp Tengeh Floating Solar Farm", "countryCode": "SGP", "osmType": "way", "osmId": 543007505, "highway": null, "place": null, "power": null, "landuse": "orchard", "name": null, "voltage": null, "circuits": null, "cables": null, "frequency": null, "substationTag": null, "lineTag": null, "operator": null, "location": null }, "geometry": { "type": "Polygon", "coordinates": [ [ [ 103.6050157, 1.35866 ], [ 103.6065102, 1.3566934 ], [ 103.6067489, 1.3569082 ], [ 103.6052162, 1.3588127 ], [ 103.6050157, 1.35866 ] ] ] } },
{ "type": "Feature", "properties": { "contextFeatureId": "SGP-S-001::landuse::way::543007511", "projectId": "SGP-S-001", "projectName": "Sembcorp Tengeh Floating Solar Farm", "countryCode": "SGP", "osmType": "way", "osmId": 543007511, "highway": null, "place": null, "power": null, "landuse": "orchard", "name": null, "voltage": null, "circuits": null, "cables": null, "frequency": null, "substationTag": null, "lineTag": null, "operator": null, "location": null }, "geometry": { "type": "Polygon", "coordinates": [ [ [ 103.6153963, 1.365998 ], [ 103.6160819, 1.365284 ], [ 103.6162914, 1.365741 ], [ 103.6157848, 1.3663888 ], [ 103.6153963, 1.365998 ] ] ] } },
{ "type": "Feature", "properties": { "contextFeatureId": "SGP-S-001::landuse::way::543007512", "projectId": "SGP-S-001", "projectName": "Sembcorp Tengeh Floating Solar Farm", "countryCode": "SGP", "osmType": "way", "osmId": 543007512, "highway": null, "place": null, "power": null, "landuse": "orchard", "name": null, "voltage": null, "circuits": null, "cables": null, "frequency": null, "substationTag": null, "lineTag": null, "operator": null, "location": null }, "geometry": { "type": "Polygon", "coordinates": [ [ [ 103.6163105, 1.3651079 ], [ 103.6167443, 1.3646194 ], [ 103.6170825, 1.3642423 ], [ 103.6172464, 1.3643827 ], [ 103.617383, 1.3642165 ], [ 103.6175841, 1.3643909 ], [ 103.6172983, 1.3647013 ], [ 103.6164724, 1.3655458 ], [ 103.6163105, 1.3651079 ] ] ] } },
{ "type": "Feature", "properties": { "contextFeatureId": "SGP-S-001::landuse::way::543007513", "projectId": "SGP-S-001", "projectName": "Sembcorp Tengeh Floating Solar Farm", "countryCode": "SGP", "osmType": "way", "osmId": 543007513, "highway": null, "place": null, "power": null, "landuse": "orchard", "name": null, "voltage": null, "circuits": null, "cables": null, "frequency": null, "substationTag": null, "lineTag": null, "operator": null, "location": null }, "geometry": { "type": "Polygon", "coordinates": [ [ [ 103.6168146, 1.3665122 ], [ 103.6172501, 1.3660296 ], [ 103.6174757, 1.366187 ], [ 103.616972, 1.3668741 ], [ 103.6168146, 1.3665122 ] ] ] } },
{ "type": "Feature", "properties": { "contextFeatureId": "SGP-S-001::landuse::way::564172732", "projectId": "SGP-S-001", "projectName": "Sembcorp Tengeh Floating Solar Farm", "countryCode": "SGP", "osmType": "way", "osmId": 564172732, "highway": null, "place": null, "power": null, "landuse": "orchard", "name": null, "voltage": null, "circuits": null, "cables": null, "frequency": null, "substationTag": null, "lineTag": null, "operator": null, "location": null }, "geometry": { "type": "Polygon", "coordinates": [ [ [ 103.6173872, 1.3639639 ], [ 103.6186001, 1.3626962 ], [ 103.618848, 1.3629333 ], [ 103.617635, 1.3642009 ], [ 103.6173872, 1.3639639 ] ] ] } },
{ "type": "Feature", "properties": { "contextFeatureId": "SGP-S-001::landuse::way::564172733", "projectId": "SGP-S-001", "projectName": "Sembcorp Tengeh Floating Solar Farm", "countryCode": "SGP", "osmType": "way", "osmId": 564172733, "highway": null, "place": null, "power": null, "landuse": "orchard", "name": null, "voltage": null, "circuits": null, "cables": null, "frequency": null, "substationTag": null, "lineTag": null, "operator": null, "location": null }, "geometry": { "type": "Polygon", "coordinates": [ [ [ 103.6239504, 1.3635754 ], [ 103.6236481, 1.3632793 ], [ 103.6203731, 1.3666207 ], [ 103.6206755, 1.3669169 ], [ 103.6239504, 1.3635754 ] ] ] } },
{ "type": "Feature", "properties": { "contextFeatureId": "SGP-S-001::landuse::way::568166642", "projectId": "SGP-S-001", "projectName": "Sembcorp Tengeh Floating Solar Farm", "countryCode": "SGP", "osmType": "way", "osmId": 568166642, "highway": null, "place": null, "power": null, "landuse": "industrial", "name": null, "voltage": null, "circuits": null, "cables": null, "frequency": null, "substationTag": null, "lineTag": null, "operator": null, "location": null }, "geometry": { "type": "Polygon", "coordinates": [ [ [ 103.5937492, 1.3475163 ], [ 103.5994162, 1.3473798 ], [ 103.5993024, 1.3477969 ], [ 103.600228, 1.3479411 ], [ 103.6003645, 1.3478576 ], [ 103.602246, 1.3481686 ], [ 103.6027846, 1.3484644 ], [ 103.6012977, 1.351665 ], [ 103.6002887, 1.3511796 ], [ 103.5992342, 1.3509444 ], [ 103.5981645, 1.35099 ], [ 103.59821, 1.3504439 ], [ 103.5977093, 1.3503832 ], [ 103.5971934, 1.3492076 ], [ 103.5967686, 1.3491166 ], [ 103.5969962, 1.3481989 ], [ 103.5961768, 1.3481837 ], [ 103.5958127, 1.3487829 ], [ 103.5958203, 1.3490711 ], [ 103.5947278, 1.3491925 ], [ 103.5935519, 1.3495944 ], [ 103.5931726, 1.3495186 ], [ 103.5929678, 1.3492228 ], [ 103.5934154, 1.3476301 ], [ 103.5937492, 1.3475163 ] ] ] } },
{ "type": "Feature", "properties": { "contextFeatureId": "SGP-S-001::landuse::way::575332152", "projectId": "SGP-S-001", "projectName": "Sembcorp Tengeh Floating Solar Farm", "countryCode": "SGP", "osmType": "way", "osmId": 575332152, "highway": null, "place": null, "power": null, "landuse": "industrial", "name": "MSD API West Plant", "voltage": null, "circuits": null, "cables": null, "frequency": null, "substationTag": null, "lineTag": null, "operator": "MSD International", "location": null }, "geometry": { "type": "Polygon", "coordinates": [ [ [ 103.6326317, 1.3351789 ], [ 103.6343958, 1.3334948 ], [ 103.632955, 1.3298604 ], [ 103.6315204, 1.3311671 ], [ 103.6315095, 1.3312846 ], [ 103.6317364, 1.332031 ], [ 103.6317638, 1.3322866 ], [ 103.6318376, 1.3325832 ], [ 103.6319314, 1.3328645 ], [ 103.6320247, 1.3332766 ], [ 103.6321174, 1.3333617 ], [ 103.6322441, 1.3334355 ], [ 103.6323293, 1.3336851 ], [ 103.6323993, 1.3340767 ], [ 103.6324239, 1.3345817 ], [ 103.6324731, 1.3348427 ], [ 103.6326317, 1.3351789 ] ] ] } },
{ "type": "Feature", "properties": { "contextFeatureId": "SGP-S-001::landuse::way::575332155", "projectId": "SGP-S-001", "projectName": "Sembcorp Tengeh Floating Solar Farm", "countryCode": "SGP", "osmType": "way", "osmId": 575332155, "highway": null, "place": null, "power": null, "landuse": "industrial", "name": "MSD Biotech Plant", "voltage": null, "circuits": null, "cables": null, "frequency": null, "substationTag": null, "lineTag": null, "operator": null, "location": null }, "geometry": { "type": "Polygon", "coordinates": [ [ [ 103.6314753, 1.3311179 ], [ 103.6314329, 1.331081 ], [ 103.6313331, 1.3308254 ], [ 103.6305445, 1.3289595 ], [ 103.6304677, 1.3288972 ], [ 103.6297922, 1.327033 ], [ 103.6307287, 1.3262151 ], [ 103.631194, 1.3260372 ], [ 103.6313858, 1.3261515 ], [ 103.632891, 1.3297538 ], [ 103.6314753, 1.3311179 ] ] ] } },
{ "type": "Feature", "properties": { "contextFeatureId": "SGP-S-001::landuse::way::575332160", "projectId": "SGP-S-001", "projectName": "Sembcorp Tengeh Floating Solar Farm", "countryCode": "SGP", "osmType": "way", "osmId": 575332160, "highway": null, "place": null, "power": null, "landuse": "industrial", "name": "MSD South Campus", "voltage": null, "circuits": null, "cables": null, "frequency": null, "substationTag": null, "lineTag": null, "operator": null, "location": null }, "geometry": { "type": "Polygon", "coordinates": [ [ [ 103.6339173, 1.300523 ], [ 103.6336954, 1.3003838 ], [ 103.6302144, 1.3016627 ], [ 103.6299969, 1.3019759 ], [ 103.6311691, 1.3051251 ], [ 103.631242, 1.3052195 ], [ 103.6348753, 1.3038778 ], [ 103.6352879, 1.3037279 ], [ 103.6339173, 1.300523 ] ] ] } },
{ "type": "Feature", "properties": { "contextFeatureId": "SGP-S-001::landuse::way::575332165", "projectId": "SGP-S-001", "projectName": "Sembcorp Tengeh Floating Solar Farm", "countryCode": "SGP", "osmType": "way", "osmId": 575332165, "highway": null, "place": null, "power": null, "landuse": "industrial", "name": "Wyeth Nutritionals", "voltage": null, "circuits": null, "cables": null, "frequency": null, "substationTag": null, "lineTag": null, "operator": null, "location": null }, "geometry": { "type": "Polygon", "coordinates": [ [ [ 103.6334895, 1.3105242 ], [ 103.6350514, 1.3098752 ], [ 103.6358765, 1.3092841 ], [ 103.6369618, 1.3080712 ], [ 103.6369971, 1.30793 ], [ 103.636132, 1.3057006 ], [ 103.6350581, 1.3061127 ], [ 103.6341845, 1.3064738 ], [ 103.6342352, 1.3065715 ], [ 103.6339156, 1.3066984 ], [ 103.6344169, 1.3080057 ], [ 103.6328178, 1.3086125 ], [ 103.6328628, 1.3087617 ], [ 103.6334895, 1.3105242 ] ] ] } },
{ "type": "Feature", "properties": { "contextFeatureId": "SGP-S-001::landuse::way::605297081", "projectId": "SGP-S-001", "projectName": "Sembcorp Tengeh Floating Solar Farm", "countryCode": "SGP", "osmType": "way", "osmId": 605297081, "highway": null, "place": null, "power": "plant", "landuse": "industrial", "name": "Tuas Incineration Plant (TIP)", "voltage": null, "circuits": null, "cables": null, "frequency": null, "substationTag": null, "lineTag": null, "operator": "National Enviroment Agency", "location": null }, "geometry": { "type": "Polygon", "coordinates": [ [ [ 103.6350927, 1.3263272 ], [ 103.6363898, 1.3251336 ], [ 103.634416, 1.32299 ], [ 103.633119, 1.3241835 ], [ 103.6350927, 1.3263272 ] ] ] } },
{ "type": "Feature", "properties": { "contextFeatureId": "SGP-S-001::landuse::way::666306509", "projectId": "SGP-S-001", "projectName": "Sembcorp Tengeh Floating Solar Farm", "countryCode": "SGP", "osmType": "way", "osmId": 666306509, "highway": null, "place": null, "power": null, "landuse": "industrial", "name": null, "voltage": null, "circuits": null, "cables": null, "frequency": null, "substationTag": null, "lineTag": null, "operator": null, "location": null }, "geometry": { "type": "Polygon", "coordinates": [ [ [ 103.6451968, 1.3369504 ], [ 103.6465915, 1.3355989 ], [ 103.6473931, 1.3347887 ], [ 103.6488598, 1.3363481 ], [ 103.6483886, 1.3367547 ], [ 103.646731, 1.3383582 ], [ 103.6465057, 1.3383528 ], [ 103.6451968, 1.3369504 ] ] ] } },
{ "type": "Feature", "properties": { "contextFeatureId": "SGP-S-001::landuse::way::666306511", "projectId": "SGP-S-001", "projectName": "Sembcorp Tengeh Floating Solar Farm", "countryCode": "SGP", "osmType": "way", "osmId": 666306511, "highway": null, "place": null, "power": null, "landuse": "industrial", "name": null, "voltage": null, "circuits": null, "cables": null, "frequency": null, "substationTag": null, "lineTag": null, "operator": null, "location": null }, "geometry": { "type": "Polygon", "coordinates": [ [ [ 103.6473931, 1.3347887 ], [ 103.6485874, 1.333666 ], [ 103.6500541, 1.3352255 ], [ 103.6488598, 1.3363481 ], [ 103.6473931, 1.3347887 ] ] ] } },
{ "type": "Feature", "properties": { "contextFeatureId": "SGP-S-001::landuse::way::734127364", "projectId": "SGP-S-001", "projectName": "Sembcorp Tengeh Floating Solar Farm", "countryCode": "SGP", "osmType": "way", "osmId": 734127364, "highway": null, "place": null, "power": null, "landuse": "grass", "name": null, "voltage": null, "circuits": null, "cables": null, "frequency": null, "substationTag": null, "lineTag": null, "operator": null, "location": null }, "geometry": { "type": "Polygon", "coordinates": [ [ [ 103.6590786, 1.323769 ], [ 103.6589522, 1.3236395 ], [ 103.6592082, 1.3233903 ], [ 103.659332, 1.3235371 ], [ 103.6590786, 1.323769 ] ] ] } },
{ "type": "Feature", "properties": { "contextFeatureId": "SGP-S-001::landuse::way::736938004", "projectId": "SGP-S-001", "projectName": "Sembcorp Tengeh Floating Solar Farm", "countryCode": "SGP", "osmType": "way", "osmId": 736938004, "highway": null, "place": null, "power": null, "landuse": "military", "name": null, "voltage": null, "circuits": null, "cables": null, "frequency": null, "substationTag": null, "lineTag": null, "operator": null, "location": null }, "geometry": { "type": "Polygon", "coordinates": [ [ [ 103.6685353, 1.3378253 ], [ 103.6691838, 1.3375322 ], [ 103.6690055, 1.3371377 ], [ 103.6683569, 1.3374308 ], [ 103.6685353, 1.3378253 ] ] ] } },
{ "type": "Feature", "properties": { "contextFeatureId": "SGP-S-001::landuse::way::736938005", "projectId": "SGP-S-001", "projectName": "Sembcorp Tengeh Floating Solar Farm", "countryCode": "SGP", "osmType": "way", "osmId": 736938005, "highway": null, "place": null, "power": null, "landuse": "military", "name": null, "voltage": null, "circuits": null, "cables": null, "frequency": null, "substationTag": null, "lineTag": null, "operator": null, "location": null }, "geometry": { "type": "Polygon", "coordinates": [ [ [ 103.6674177, 1.3386999 ], [ 103.6682263, 1.3383502 ], [ 103.6677699, 1.3372953 ], [ 103.6669612, 1.3376452 ], [ 103.6674177, 1.3386999 ] ] ] } },
{ "type": "Feature", "properties": { "contextFeatureId": "SGP-S-001::landuse::way::736938006", "projectId": "SGP-S-001", "projectName": "Sembcorp Tengeh Floating Solar Farm", "countryCode": "SGP", "osmType": "way", "osmId": 736938006, "highway": null, "place": null, "power": null, "landuse": "military", "name": null, "voltage": null, "circuits": null, "cables": null, "frequency": null, "substationTag": null, "lineTag": null, "operator": null, "location": null }, "geometry": { "type": "Polygon", "coordinates": [ [ [ 103.6659533, 1.3429592 ], [ 103.6678863, 1.3422177 ], [ 103.6666597, 1.3390214 ], [ 103.6647263, 1.3397631 ], [ 103.6659533, 1.3429592 ] ] ] } },
{ "type": "Feature", "properties": { "contextFeatureId": "SGP-S-001::landuse::way::745807528", "projectId": "SGP-S-001", "projectName": "Sembcorp Tengeh Floating Solar Farm", "countryCode": "SGP", "osmType": "way", "osmId": 745807528, "highway": null, "place": null, "power": null, "landuse": "industrial", "name": "Keppel Shipyard", "voltage": null, "circuits": null, "cables": null, "frequency": null, "substationTag": null, "lineTag": null, "operator": null, "location": null }, "geometry": { "type": "Polygon", "coordinates": [ [ [ 103.660645, 1.2969927 ], [ 103.6589827, 1.2957453 ], [ 103.6588856, 1.295687 ], [ 103.6588523, 1.295744 ], [ 103.6588924, 1.2958334 ], [ 103.6591928, 1.2961112 ], [ 103.6582254, 1.2972388 ], [ 103.6566389, 1.2958482 ], [ 103.6563885, 1.2961539 ], [ 103.6564262, 1.2961846 ], [ 103.656075, 1.2965876 ], [ 103.6549011, 1.2956166 ], [ 103.654784, 1.2957579 ], [ 103.6573391, 1.2979103 ], [ 103.656511, 1.2989202 ], [ 103.656099, 1.2990832 ], [ 103.6559112, 1.2989289 ], [ 103.6558334, 1.2988959 ], [ 103.6557814, 1.2989288 ], [ 103.6551805, 1.299631 ], [ 103.6530519, 1.2978329 ], [ 103.6529387, 1.2979672 ], [ 103.6549282, 1.2996593 ], [ 103.653751, 1.3010146 ], [ 103.6517678, 1.2993374 ], [ 103.6516658, 1.2994613 ], [ 103.6538227, 1.3013019 ], [ 103.6535304, 1.3016577 ], [ 103.651357, 1.2998337 ], [ 103.651225, 1.2999916 ], [ 103.6537425, 1.3021455 ], [ 103.653356, 1.3025933 ], [ 103.6508446, 1.3004613 ], [ 103.649821, 1.3016827 ], [ 103.652556, 1.3046879 ], [ 103.6541227, 1.3033143 ], [ 103.6545251, 1.3036039 ], [ 103.6575131, 1.3007454 ], [ 103.657991, 1.3003273 ], [ 103.6582551, 1.3000513 ], [ 103.6590473, 1.2994585 ], [ 103.6602572, 1.2978169 ], [ 103.660645, 1.2969927 ] ] ] } },
{ "type": "Feature", "properties": { "contextFeatureId": "SGP-S-001::landuse::way::747925272", "projectId": "SGP-S-001", "projectName": "Sembcorp Tengeh Floating Solar Farm", "countryCode": "SGP", "osmType": "way", "osmId": 747925272, "highway": null, "place": null, "power": null, "landuse": "industrial", "name": null, "voltage": null, "circuits": null, "cables": null, "frequency": null, "substationTag": null, "lineTag": null, "operator": null, "location": null }, "geometry": { "type": "Polygon", "coordinates": [ [ [ 103.6366039, 1.3170775 ], [ 103.6374779, 1.3162631 ], [ 103.6376362, 1.3164053 ], [ 103.6378444, 1.3161648 ], [ 103.637903, 1.3160228 ], [ 103.6379616, 1.3159606 ], [ 103.6382635, 1.3157032 ], [ 103.6386401, 1.3151949 ], [ 103.6404337, 1.317071 ], [ 103.6384957, 1.3189252 ], [ 103.6383911, 1.3189466 ], [ 103.6382999, 1.318952 ], [ 103.6366039, 1.3170775 ] ] ] } },
{ "type": "Feature", "properties": { "contextFeatureId": "SGP-S-001::landuse::way::747925273", "projectId": "SGP-S-001", "projectName": "Sembcorp Tengeh Floating Solar Farm", "countryCode": "SGP", "osmType": "way", "osmId": 747925273, "highway": null, "place": null, "power": null, "landuse": "industrial", "name": null, "voltage": null, "circuits": null, "cables": null, "frequency": null, "substationTag": null, "lineTag": null, "operator": null, "location": null }, "geometry": { "type": "Polygon", "coordinates": [ [ [ 103.6386844, 1.3151546 ], [ 103.6387856, 1.3151741 ], [ 103.638949, 1.3151635 ], [ 103.6393821, 1.3147647 ], [ 103.641017, 1.3165011 ], [ 103.6404806, 1.3170374 ], [ 103.6386844, 1.3151546 ] ] ] } },
{ "type": "Feature", "properties": { "contextFeatureId": "SGP-S-001::landuse::way::747925274", "projectId": "SGP-S-001", "projectName": "Sembcorp Tengeh Floating Solar Farm", "countryCode": "SGP", "osmType": "way", "osmId": 747925274, "highway": null, "place": null, "power": null, "landuse": "grass", "name": null, "voltage": null, "circuits": null, "cables": null, "frequency": null, "substationTag": null, "lineTag": null, "operator": null, "location": null }, "geometry": { "type": "Polygon", "coordinates": [ [ [ 103.6436576, 1.311505 ], [ 103.6441869, 1.3120128 ], [ 103.6442017, 1.3120832 ], [ 103.6460208, 1.3136378 ], [ 103.645449, 1.3143091 ], [ 103.645656, 1.3145316 ], [ 103.6463333, 1.3139994 ], [ 103.646798, 1.3145062 ], [ 103.6468621, 1.314521 ], [ 103.6472606, 1.3149244 ], [ 103.6476154, 1.3153452 ], [ 103.6463294, 1.3165639 ], [ 103.6444602, 1.314561 ], [ 103.6441589, 1.3143407 ], [ 103.6439043, 1.3142669 ], [ 103.6436991, 1.3142529 ], [ 103.6435387, 1.3142741 ], [ 103.6433948, 1.314321 ], [ 103.6432936, 1.3143611 ], [ 103.6431911, 1.314427 ], [ 103.6431247, 1.3144759 ], [ 103.6430509, 1.3145363 ], [ 103.6429175, 1.3146604 ], [ 103.6412426, 1.3128849 ], [ 103.641316, 1.3128449 ], [ 103.6422205, 1.312045 ], [ 103.6426346, 1.3117362 ], [ 103.6428754, 1.3115271 ], [ 103.6430374, 1.3114346 ], [ 103.6432305, 1.3113921 ], [ 103.6435599, 1.3114669 ], [ 103.6436576, 1.311505 ] ] ] } },
{ "type": "Feature", "properties": { "contextFeatureId": "SGP-S-001::landuse::way::747926625", "projectId": "SGP-S-001", "projectName": "Sembcorp Tengeh Floating Solar Farm", "countryCode": "SGP", "osmType": "way", "osmId": 747926625, "highway": null, "place": null, "power": null, "landuse": "industrial", "name": null, "voltage": null, "circuits": null, "cables": null, "frequency": null, "substationTag": null, "lineTag": null, "operator": null, "location": null }, "geometry": { "type": "Polygon", "coordinates": [ [ [ 103.6415576, 1.3181448 ], [ 103.642806, 1.3169696 ], [ 103.6429345, 1.3171061 ], [ 103.6435207, 1.3165509 ], [ 103.6449079, 1.3180088 ], [ 103.6430696, 1.3197502 ], [ 103.6415576, 1.3181448 ] ] ] } },
{ "type": "Feature", "properties": { "contextFeatureId": "SGP-S-001::landuse::way::747926626", "projectId": "SGP-S-001", "projectName": "Sembcorp Tengeh Floating Solar Farm", "countryCode": "SGP", "osmType": "way", "osmId": 747926626, "highway": null, "place": null, "power": null, "landuse": "industrial", "name": null, "voltage": null, "circuits": null, "cables": null, "frequency": null, "substationTag": null, "lineTag": null, "operator": null, "location": null }, "geometry": { "type": "Polygon", "coordinates": [ [ [ 103.6435207, 1.3165509 ], [ 103.6440663, 1.3160319 ], [ 103.6454538, 1.3174896 ], [ 103.6449079, 1.3180088 ], [ 103.6435207, 1.3165509 ] ] ] } },
{ "type": "Feature", "properties": { "contextFeatureId": "SGP-S-001::landuse::way::761485333", "projectId": "SGP-S-001", "projectName": "Sembcorp Tengeh Floating Solar Farm", "countryCode": "SGP", "osmType": "way", "osmId": 761485333, "highway": null, "place": null, "power": null, "landuse": "industrial", "name": null, "voltage": null, "circuits": null, "cables": null, "frequency": null, "substationTag": null, "lineTag": null, "operator": "Catermas", "location": null }, "geometry": { "type": "Polygon", "coordinates": [ [ [ 103.6506612, 1.3137127 ], [ 103.6511685, 1.3132474 ], [ 103.651894, 1.3140344 ], [ 103.6514666, 1.3144134 ], [ 103.6512694, 1.3141933 ], [ 103.6508726, 1.3138544 ], [ 103.6507491, 1.3137919 ], [ 103.6506612, 1.3137127 ] ] ] } },
{ "type": "Feature", "properties": { "contextFeatureId": "SGP-S-001::landuse::way::856205594", "projectId": "SGP-S-001", "projectName": "Sembcorp Tengeh Floating Solar Farm", "countryCode": "SGP", "osmType": "way", "osmId": 856205594, "highway": null, "place": null, "power": null, "landuse": "residential", "name": "Tuas View Dormitory", "voltage": null, "circuits": null, "cables": null, "frequency": null, "substationTag": null, "lineTag": null, "operator": null, "location": null }, "geometry": { "type": "Polygon", "coordinates": [ [ [ 103.6258508, 1.3162482 ], [ 103.6272876, 1.3157033 ], [ 103.6259678, 1.3120407 ], [ 103.6245371, 1.3125615 ], [ 103.6258508, 1.3162482 ] ] ] } },
{ "type": "Feature", "properties": { "contextFeatureId": "SGP-S-001::landuse::way::884065789", "projectId": "SGP-S-001", "projectName": "Sembcorp Tengeh Floating Solar Farm", "countryCode": "SGP", "osmType": "way", "osmId": 884065789, "highway": null, "place": null, "power": null, "landuse": "meadow", "name": null, "voltage": null, "circuits": null, "cables": null, "frequency": null, "substationTag": null, "lineTag": null, "operator": null, "location": null }, "geometry": { "type": "Polygon", "coordinates": [ [ [ 103.6276487, 1.3207659 ], [ 103.6285594, 1.3204083 ], [ 103.6291001, 1.3203554 ], [ 103.6301205, 1.3230867 ], [ 103.6289415, 1.3242288 ], [ 103.6276487, 1.3207659 ] ] ] } },
{ "type": "Feature", "properties": { "contextFeatureId": "SGP-S-001::landuse::way::971088632", "projectId": "SGP-S-001", "projectName": "Sembcorp Tengeh Floating Solar Farm", "countryCode": "SGP", "osmType": "way", "osmId": 971088632, "highway": null, "place": null, "power": null, "landuse": "construction", "name": null, "voltage": null, "circuits": null, "cables": null, "frequency": null, "substationTag": null, "lineTag": null, "operator": null, "location": null }, "geometry": { "type": "Polygon", "coordinates": [ [ [ 103.6392858, 1.3393662 ], [ 103.6384792, 1.3401279 ], [ 103.6385188, 1.3401707 ], [ 103.6385539, 1.3401853 ], [ 103.6385938, 1.340187 ], [ 103.6387645, 1.3401686 ], [ 103.6389897, 1.3404132 ], [ 103.6387153, 1.3406729 ], [ 103.6390805, 1.3410664 ], [ 103.6399289, 1.3402548 ], [ 103.6392858, 1.3393662 ] ] ] } },
{ "type": "Feature", "properties": { "contextFeatureId": "SGP-S-001::landuse::way::971088633", "projectId": "SGP-S-001", "projectName": "Sembcorp Tengeh Floating Solar Farm", "countryCode": "SGP", "osmType": "way", "osmId": 971088633, "highway": null, "place": null, "power": null, "landuse": "greenfield", "name": null, "voltage": null, "circuits": null, "cables": null, "frequency": null, "substationTag": null, "lineTag": null, "operator": null, "location": null }, "geometry": { "type": "Polygon", "coordinates": [ [ [ 103.6402532, 1.3402849 ], [ 103.6389886, 1.3384347 ], [ 103.6389993, 1.3382563 ], [ 103.6399274, 1.3373916 ], [ 103.6414281, 1.3391372 ], [ 103.6402532, 1.3402849 ] ] ] } },
{ "type": "Feature", "properties": { "contextFeatureId": "SGP-S-001::landuse::way::971088637", "projectId": "SGP-S-001", "projectName": "Sembcorp Tengeh Floating Solar Farm", "countryCode": "SGP", "osmType": "way", "osmId": 971088637, "highway": null, "place": null, "power": null, "landuse": "grass", "name": null, "voltage": null, "circuits": null, "cables": null, "frequency": null, "substationTag": null, "lineTag": null, "operator": null, "location": null }, "geometry": { "type": "Polygon", "coordinates": [ [ [ 103.6359128, 1.3427156 ], [ 103.6361407, 1.3425031 ], [ 103.6361548, 1.3424723 ], [ 103.6361585, 1.3424415 ], [ 103.6361478, 1.342417 ], [ 103.6361347, 1.3423939 ], [ 103.6361089, 1.3423734 ], [ 103.6360834, 1.3423644 ], [ 103.6360492, 1.3423627 ], [ 103.6360211, 1.3423811 ], [ 103.6359835, 1.3424106 ], [ 103.6357981, 1.3425859 ], [ 103.635789, 1.3426164 ], [ 103.6357954, 1.3426473 ], [ 103.6358135, 1.3426687 ], [ 103.6358558, 1.3427066 ], [ 103.6358883, 1.3427146 ], [ 103.6359128, 1.3427156 ] ] ] } },
{ "type": "Feature", "properties": { "contextFeatureId": "SGP-S-001::landuse::way::971088702", "projectId": "SGP-S-001", "projectName": "Sembcorp Tengeh Floating Solar Farm", "countryCode": "SGP", "osmType": "way", "osmId": 971088702, "highway": null, "place": null, "power": null, "landuse": "grass", "name": null, "voltage": null, "circuits": null, "cables": null, "frequency": null, "substationTag": null, "lineTag": null, "operator": null, "location": null }, "geometry": { "type": "Polygon", "coordinates": [ [ [ 103.6250114, 1.3136935 ], [ 103.6255756, 1.3134892 ], [ 103.6256404, 1.3136681 ], [ 103.6253377, 1.3137777 ], [ 103.6255539, 1.3143746 ], [ 103.625612, 1.3143536 ], [ 103.6256301, 1.3144036 ], [ 103.6255184, 1.314444 ], [ 103.625624, 1.3147355 ], [ 103.6260095, 1.3145959 ], [ 103.6260732, 1.3147717 ], [ 103.6254797, 1.3149865 ], [ 103.6250114, 1.3136935 ] ] ] } },
{ "type": "Feature", "properties": { "contextFeatureId": "SGP-S-001::landuse::way::1422844257", "projectId": "SGP-S-001", "projectName": "Sembcorp Tengeh Floating Solar Farm", "countryCode": "SGP", "osmType": "way", "osmId": 1422844257, "highway": null, "place": null, "power": null, "landuse": "grass", "name": null, "voltage": null, "circuits": null, "cables": null, "frequency": null, "substationTag": null, "lineTag": null, "operator": null, "location": null }, "geometry": { "type": "Polygon", "coordinates": [ [ [ 103.6241532, 1.3215227 ], [ 103.6243137, 1.3215746 ], [ 103.6252992, 1.3212242 ], [ 103.6246393, 1.3193479 ], [ 103.6244458, 1.3194092 ], [ 103.6239598, 1.3181071 ], [ 103.6230349, 1.318461 ], [ 103.6241532, 1.3215227 ] ] ] } },
{ "type": "Feature", "properties": { "contextFeatureId": "SGP-S-001::landuse::way::1422844258", "projectId": "SGP-S-001", "projectName": "Sembcorp Tengeh Floating Solar Farm", "countryCode": "SGP", "osmType": "way", "osmId": 1422844258, "highway": null, "place": null, "power": null, "landuse": "grass", "name": null, "voltage": null, "circuits": null, "cables": null, "frequency": null, "substationTag": null, "lineTag": null, "operator": null, "location": null }, "geometry": { "type": "Polygon", "coordinates": [ [ [ 103.6246865, 1.3193337 ], [ 103.6253519, 1.3211878 ], [ 103.6274329, 1.3203717 ], [ 103.6267498, 1.3185411 ], [ 103.6246865, 1.3193337 ] ] ] } },
{ "type": "Feature", "properties": { "contextFeatureId": "SGP-S-001::landuse::way::1422844259", "projectId": "SGP-S-001", "projectName": "Sembcorp Tengeh Floating Solar Farm", "countryCode": "SGP", "osmType": "way", "osmId": 1422844259, "highway": null, "place": null, "power": null, "landuse": "construction", "name": null, "voltage": null, "circuits": null, "cables": null, "frequency": null, "substationTag": null, "lineTag": null, "operator": null, "location": null }, "geometry": { "type": "Polygon", "coordinates": [ [ [ 103.623088, 1.3221357 ], [ 103.624764, 1.3247792 ], [ 103.6264534, 1.3237413 ], [ 103.6251699, 1.3216938 ], [ 103.6236209, 1.3222134 ], [ 103.6235466, 1.3219655 ], [ 103.623088, 1.3221357 ] ] ] } },
{ "type": "Feature", "properties": { "contextFeatureId": "SGP-S-001::landuse::way::1422844260", "projectId": "SGP-S-001", "projectName": "Sembcorp Tengeh Floating Solar Farm", "countryCode": "SGP", "osmType": "way", "osmId": 1422844260, "highway": null, "place": null, "power": null, "landuse": "grass", "name": null, "voltage": null, "circuits": null, "cables": null, "frequency": null, "substationTag": null, "lineTag": null, "operator": null, "location": null }, "geometry": { "type": "Polygon", "coordinates": [ [ [ 103.6247955, 1.3248249 ], [ 103.6252739, 1.3256 ], [ 103.6284519, 1.3244205 ], [ 103.6272789, 1.3211865 ], [ 103.6271294, 1.3210184 ], [ 103.6252272, 1.3216658 ], [ 103.6265051, 1.3237587 ], [ 103.6247955, 1.3248249 ] ] ] } },
{ "type": "Feature", "properties": { "contextFeatureId": "SGP-S-001::landuse::way::1422844261", "projectId": "SGP-S-001", "projectName": "Sembcorp Tengeh Floating Solar Farm", "countryCode": "SGP", "osmType": "way", "osmId": 1422844261, "highway": null, "place": null, "power": null, "landuse": "grass", "name": null, "voltage": null, "circuits": null, "cables": null, "frequency": null, "substationTag": null, "lineTag": null, "operator": null, "location": null }, "geometry": { "type": "Polygon", "coordinates": [ [ [ 103.6230208, 1.3220663 ], [ 103.6237742, 1.3218111 ], [ 103.6238521, 1.3216524 ], [ 103.6229087, 1.3191001 ], [ 103.6228122, 1.3190036 ], [ 103.6227219, 1.3187266 ], [ 103.6227095, 1.3185523 ], [ 103.6222954, 1.3173758 ], [ 103.622084, 1.3173096 ], [ 103.6219132, 1.3169256 ], [ 103.6211616, 1.3171048 ], [ 103.6214548, 1.3196572 ], [ 103.6230208, 1.3220663 ] ] ] } },
{ "type": "Feature", "properties": { "contextFeatureId": "SGP-S-001::landuse::way::1422844264", "projectId": "SGP-S-001", "projectName": "Sembcorp Tengeh Floating Solar Farm", "countryCode": "SGP", "osmType": "way", "osmId": 1422844264, "highway": null, "place": null, "power": null, "landuse": "forest", "name": null, "voltage": null, "circuits": null, "cables": null, "frequency": null, "substationTag": null, "lineTag": null, "operator": null, "location": null }, "geometry": { "type": "Polygon", "coordinates": [ [ [ 103.6386364, 1.3441848 ], [ 103.6393574, 1.3450518 ], [ 103.6395471, 1.3450898 ], [ 103.640745, 1.3440872 ], [ 103.6420514, 1.3429546 ], [ 103.6435041, 1.3415619 ], [ 103.6429729, 1.3409712 ], [ 103.6403547, 1.3433828 ], [ 103.6398723, 1.3437296 ], [ 103.6391297, 1.3440222 ], [ 103.6386364, 1.3441848 ] ] ] } },
{ "type": "Feature", "properties": { "contextFeatureId": "SGP-S-001::landuse::way::1426799539", "projectId": "SGP-S-001", "projectName": "Sembcorp Tengeh Floating Solar Farm", "countryCode": "SGP", "osmType": "way", "osmId": 1426799539, "highway": null, "place": null, "power": null, "landuse": "industrial", "name": "Tuas Techpark", "voltage": null, "circuits": null, "cables": null, "frequency": null, "substationTag": null, "lineTag": null, "operator": null, "location": null }, "geometry": { "type": "Polygon", "coordinates": [ [ [ 103.6272195, 1.3092529 ], [ 103.627157, 1.3093915 ], [ 103.6282516, 1.3123769 ], [ 103.6284244, 1.3124589 ], [ 103.6327198, 1.310857 ], [ 103.6327963, 1.3106853 ], [ 103.6323761, 1.3095487 ], [ 103.6321484, 1.3089373 ], [ 103.6316914, 1.3076987 ], [ 103.6315532, 1.307637 ], [ 103.6272195, 1.3092529 ] ] ] } },
{ "type": "Feature", "properties": { "contextFeatureId": "SGP-S-001::landuse::way::1429689743", "projectId": "SGP-S-001", "projectName": "Sembcorp Tengeh Floating Solar Farm", "countryCode": "SGP", "osmType": "way", "osmId": 1429689743, "highway": null, "place": null, "power": null, "landuse": "industrial", "name": null, "voltage": null, "circuits": null, "cables": null, "frequency": null, "substationTag": null, "lineTag": null, "operator": null, "location": null }, "geometry": { "type": "Polygon", "coordinates": [ [ [ 103.6653035, 1.3249144 ], [ 103.6653211, 1.3249381 ], [ 103.6653591, 1.3249516 ], [ 103.6653964, 1.324953 ], [ 103.6654357, 1.3249408 ], [ 103.6671725, 1.3237597 ], [ 103.6673429, 1.3236595 ], [ 103.6675376, 1.3235893 ], [ 103.6677323, 1.3235527 ], [ 103.6679446, 1.3235533 ], [ 103.669757, 1.3236831 ], [ 103.6698437, 1.3236055 ], [ 103.6699233, 1.322487 ], [ 103.6698285, 1.3223763 ], [ 103.6689076, 1.3223103 ], [ 103.6682246, 1.3222765 ], [ 103.6668418, 1.3222229 ], [ 103.6659905, 1.3221385 ], [ 103.6657656, 1.3221333 ], [ 103.6656105, 1.3221405 ], [ 103.6654458, 1.322159 ], [ 103.6652893, 1.3221916 ], [ 103.6651134, 1.3222344 ], [ 103.6649469, 1.3222819 ], [ 103.6647484, 1.3223543 ], [ 103.6645383, 1.322439 ], [ 103.6643577, 1.3225328 ], [ 103.664186, 1.3226535 ], [ 103.6641887, 1.322658 ], [ 103.6641212, 1.3231603 ], [ 103.6653035, 1.3249144 ] ] ] } },
{ "type": "Feature", "properties": { "contextFeatureId": "SGP-S-001::landuse::way::1429689745", "projectId": "SGP-S-001", "projectName": "Sembcorp Tengeh Floating Solar Farm", "countryCode": "SGP", "osmType": "way", "osmId": 1429689745, "highway": null, "place": null, "power": null, "landuse": "industrial", "name": null, "voltage": null, "circuits": null, "cables": null, "frequency": null, "substationTag": null, "lineTag": null, "operator": null, "location": null }, "geometry": { "type": "Polygon", "coordinates": [ [ [ 103.6696261, 1.3255123 ], [ 103.669715, 1.3254376 ], [ 103.6698147, 1.3240066 ], [ 103.6697392, 1.3239158 ], [ 103.667953, 1.3237875 ], [ 103.6677596, 1.323786 ], [ 103.6675992, 1.3238163 ], [ 103.6674381, 1.3238731 ], [ 103.6672941, 1.3239587 ], [ 103.6668629, 1.3242536 ], [ 103.6668349, 1.3244022 ], [ 103.6677775, 1.3258091 ], [ 103.6678872, 1.3258301 ], [ 103.6682872, 1.3255624 ], [ 103.6683966, 1.325515 ], [ 103.6684861, 1.3254832 ], [ 103.6685857, 1.3254622 ], [ 103.6686907, 1.3254507 ], [ 103.6688303, 1.3254561 ], [ 103.6696261, 1.3255123 ] ] ] } },
{ "type": "Feature", "properties": { "contextFeatureId": "SGP-S-001::landuse::way::1429689748", "projectId": "SGP-S-001", "projectName": "Sembcorp Tengeh Floating Solar Farm", "countryCode": "SGP", "osmType": "way", "osmId": 1429689748, "highway": null, "place": null, "power": null, "landuse": "grass", "name": null, "voltage": null, "circuits": null, "cables": null, "frequency": null, "substationTag": null, "lineTag": null, "operator": null, "location": null }, "geometry": { "type": "Polygon", "coordinates": [ [ [ 103.6677747, 1.3276802 ], [ 103.6684021, 1.3271448 ], [ 103.668345, 1.3270977 ], [ 103.6682616, 1.3270161 ], [ 103.6681979, 1.3269389 ], [ 103.6681471, 1.3268678 ], [ 103.6676658, 1.3261516 ], [ 103.6666992, 1.3268088 ], [ 103.6669714, 1.3270671 ], [ 103.667449, 1.3274562 ], [ 103.6677747, 1.3276802 ] ] ] } },
{ "type": "Feature", "properties": { "contextFeatureId": "SGP-S-001::landuse::way::1429689749", "projectId": "SGP-S-001", "projectName": "Sembcorp Tengeh Floating Solar Farm", "countryCode": "SGP", "osmType": "way", "osmId": 1429689749, "highway": null, "place": null, "power": null, "landuse": "industrial", "name": null, "voltage": null, "circuits": null, "cables": null, "frequency": null, "substationTag": null, "lineTag": null, "operator": null, "location": null }, "geometry": { "type": "Polygon", "coordinates": [ [ [ 103.6666992, 1.3268088 ], [ 103.6676658, 1.3261516 ], [ 103.6665405, 1.3244705 ], [ 103.6665265, 1.3244803 ], [ 103.6664755, 1.3244137 ], [ 103.666451, 1.32439 ], [ 103.6664245, 1.3243775 ], [ 103.6663973, 1.3243772 ], [ 103.666365, 1.3243931 ], [ 103.6654708, 1.3250014 ], [ 103.6653941, 1.3250291 ], [ 103.6653587, 1.3250285 ], [ 103.6657086, 1.3256568 ], [ 103.6657466, 1.3257191 ], [ 103.665817, 1.3257794 ], [ 103.6661741, 1.3262989 ], [ 103.6662161, 1.3263443 ], [ 103.6666992, 1.3268088 ] ] ] } },
{ "type": "Feature", "properties": { "contextFeatureId": "SGP-S-001::landuse::way::1432949306", "projectId": "SGP-S-001", "projectName": "Sembcorp Tengeh Floating Solar Farm", "countryCode": "SGP", "osmType": "way", "osmId": 1432949306, "highway": null, "place": null, "power": null, "landuse": "industrial", "name": "Tuas Connection", "voltage": null, "circuits": null, "cables": null, "frequency": null, "substationTag": null, "lineTag": null, "operator": null, "location": null }, "geometry": { "type": "Polygon", "coordinates": [ [ [ 103.6350774, 1.3188314 ], [ 103.6350744, 1.3189475 ], [ 103.6366127, 1.3205865 ], [ 103.6366861, 1.3205916 ], [ 103.638017, 1.3193259 ], [ 103.6380241, 1.3191328 ], [ 103.637905, 1.3190086 ], [ 103.6377381, 1.3187909 ], [ 103.6363919, 1.3173564 ], [ 103.6359377, 1.3177892 ], [ 103.635872, 1.3180771 ], [ 103.6350774, 1.3188314 ] ] ] } },
{ "type": "Feature", "properties": { "contextFeatureId": "SGP-S-001::landuse::way::1433037898", "projectId": "SGP-S-001", "projectName": "Sembcorp Tengeh Floating Solar Farm", "countryCode": "SGP", "osmType": "way", "osmId": 1433037898, "highway": null, "place": null, "power": null, "landuse": "industrial", "name": "West Point BizHub", "voltage": null, "circuits": null, "cables": null, "frequency": null, "substationTag": null, "lineTag": null, "operator": null, "location": null }, "geometry": { "type": "Polygon", "coordinates": [ [ [ 103.633065, 1.3160716 ], [ 103.6334126, 1.3170214 ], [ 103.6335963, 1.3169539 ], [ 103.6338214, 1.317566 ], [ 103.6351874, 1.3162647 ], [ 103.6352021, 1.3161049 ], [ 103.6350883, 1.3159439 ], [ 103.6349567, 1.3157021 ], [ 103.6347786, 1.315432 ], [ 103.6334463, 1.3159324 ], [ 103.633065, 1.3160716 ] ] ] } },
{ "type": "Feature", "properties": { "contextFeatureId": "SGP-S-001::landuse::way::1433037901", "projectId": "SGP-S-001", "projectName": "Sembcorp Tengeh Floating Solar Farm", "countryCode": "SGP", "osmType": "way", "osmId": 1433037901, "highway": null, "place": null, "power": null, "landuse": "industrial", "name": null, "voltage": null, "circuits": null, "cables": null, "frequency": null, "substationTag": null, "lineTag": null, "operator": null, "location": null }, "geometry": { "type": "Polygon", "coordinates": [ [ [ 103.6305015, 1.3144989 ], [ 103.6307056, 1.3150473 ], [ 103.630713, 1.3150445 ], [ 103.6339545, 1.3138361 ], [ 103.6339638, 1.3138327 ], [ 103.6338957, 1.3136646 ], [ 103.6337856, 1.3133837 ], [ 103.6336546, 1.3133232 ], [ 103.6317652, 1.3140277 ], [ 103.6305015, 1.3144989 ] ] ] } },
{ "type": "Feature", "properties": { "contextFeatureId": "SGP-S-001::landuse::way::1433037902", "projectId": "SGP-S-001", "projectName": "Sembcorp Tengeh Floating Solar Farm", "countryCode": "SGP", "osmType": "way", "osmId": 1433037902, "highway": null, "place": null, "power": null, "landuse": "industrial", "name": null, "voltage": null, "circuits": null, "cables": null, "frequency": null, "substationTag": null, "lineTag": null, "operator": null, "location": null }, "geometry": { "type": "Polygon", "coordinates": [ [ [ 103.6302293, 1.3137711 ], [ 103.6305015, 1.3144989 ], [ 103.6317652, 1.3140277 ], [ 103.6316353, 1.3136772 ], [ 103.6319469, 1.3135607 ], [ 103.632081, 1.3136474 ], [ 103.632116, 1.313665 ], [ 103.6321522, 1.3136705 ], [ 103.6321967, 1.3136635 ], [ 103.6335854, 1.3131422 ], [ 103.6336491, 1.3130068 ], [ 103.6334927, 1.3125881 ], [ 103.6334907, 1.3125686 ], [ 103.6334849, 1.312555 ], [ 103.63248, 1.3129304 ], [ 103.6302293, 1.3137711 ] ] ] } },
{ "type": "Feature", "properties": { "contextFeatureId": "SGP-S-001::landuse::way::1433037911", "projectId": "SGP-S-001", "projectName": "Sembcorp Tengeh Floating Solar Farm", "countryCode": "SGP", "osmType": "way", "osmId": 1433037911, "highway": null, "place": null, "power": null, "landuse": "industrial", "name": null, "voltage": null, "circuits": null, "cables": null, "frequency": null, "substationTag": null, "lineTag": null, "operator": null, "location": null }, "geometry": { "type": "Polygon", "coordinates": [ [ [ 103.6339545, 1.3138361 ], [ 103.6340607, 1.3140808 ], [ 103.6342025, 1.3143843 ], [ 103.6343314, 1.3146371 ], [ 103.6344126, 1.3147938 ], [ 103.6345673, 1.315075 ], [ 103.6346599, 1.3152307 ], [ 103.6347786, 1.315432 ], [ 103.633065, 1.3160716 ], [ 103.6313307, 1.3167188 ], [ 103.630713, 1.3150445 ], [ 103.6339545, 1.3138361 ] ] ] } },
{ "type": "Feature", "properties": { "contextFeatureId": "SGP-S-001::landuse::way::1433059735", "projectId": "SGP-S-001", "projectName": "Sembcorp Tengeh Floating Solar Farm", "countryCode": "SGP", "osmType": "way", "osmId": 1433059735, "highway": null, "place": null, "power": null, "landuse": "industrial", "name": "Westview Food Factory", "voltage": null, "circuits": null, "cables": null, "frequency": null, "substationTag": null, "lineTag": null, "operator": null, "location": null }, "geometry": { "type": "Polygon", "coordinates": [ [ [ 103.6323487, 1.3125728 ], [ 103.63248, 1.3129304 ], [ 103.6334849, 1.312555 ], [ 103.6333252, 1.3121203 ], [ 103.6326111, 1.3123875 ], [ 103.6326388, 1.3124643 ], [ 103.6323487, 1.3125728 ] ] ] } },
{ "type": "Feature", "properties": { "contextFeatureId": "SGP-S-001::landuse::way::1447148081", "projectId": "SGP-S-001", "projectName": "Sembcorp Tengeh Floating Solar Farm", "countryCode": "SGP", "osmType": "way", "osmId": 1447148081, "highway": null, "place": null, "power": null, "landuse": "construction", "name": null, "voltage": null, "circuits": null, "cables": null, "frequency": null, "substationTag": null, "lineTag": null, "operator": null, "location": null }, "geometry": { "type": "Polygon", "coordinates": [ [ [ 103.6599508, 1.3183578 ], [ 103.6612403, 1.3170675 ], [ 103.6613153, 1.3170371 ], [ 103.6613645, 1.3170605 ], [ 103.6621549, 1.3179412 ], [ 103.662531, 1.318355 ], [ 103.6630071, 1.3188545 ], [ 103.6630247, 1.3188966 ], [ 103.662028, 1.3198919 ], [ 103.6614822, 1.319317 ], [ 103.6611624, 1.3196378 ], [ 103.6599508, 1.3183578 ] ] ] } },
{ "type": "Feature", "properties": { "contextFeatureId": "SGP-S-001::landuse::way::1468876999", "projectId": "SGP-S-001", "projectName": "Sembcorp Tengeh Floating Solar Farm", "countryCode": "SGP", "osmType": "way", "osmId": 1468876999, "highway": null, "place": null, "power": null, "landuse": "grass", "name": null, "voltage": null, "circuits": null, "cables": null, "frequency": null, "substationTag": null, "lineTag": null, "operator": null, "location": null }, "geometry": { "type": "Polygon", "coordinates": [ [ [ 103.6392858, 1.3393662 ], [ 103.6388373, 1.3387464 ], [ 103.6386588, 1.3387158 ], [ 103.6379064, 1.3393901 ], [ 103.6379029, 1.3395032 ], [ 103.6384792, 1.3401279 ], [ 103.6392858, 1.3393662 ] ] ] } },
{ "type": "Feature", "properties": { "contextFeatureId": "SGP-S-001::landuse::way::1468877000", "projectId": "SGP-S-001", "projectName": "Sembcorp Tengeh Floating Solar Farm", "countryCode": "SGP", "osmType": "way", "osmId": 1468877000, "highway": null, "place": null, "power": null, "landuse": "construction", "name": "Skye@Tuas", "voltage": null, "circuits": null, "cables": null, "frequency": null, "substationTag": null, "lineTag": null, "operator": null, "location": null }, "geometry": { "type": "Polygon", "coordinates": [ [ [ 103.6390805, 1.3410664 ], [ 103.6387153, 1.3406729 ], [ 103.6377588, 1.3396424 ], [ 103.6376457, 1.3396403 ], [ 103.637193, 1.3400714 ], [ 103.6371524, 1.3402357 ], [ 103.6371785, 1.3403059 ], [ 103.6373023, 1.3403552 ], [ 103.6375374, 1.3410162 ], [ 103.6374949, 1.3411517 ], [ 103.6376525, 1.3415926 ], [ 103.6376588, 1.3416664 ], [ 103.6376796, 1.3417698 ], [ 103.6376938, 1.3418115 ], [ 103.6377401, 1.3418203 ], [ 103.6385445, 1.3415749 ], [ 103.6390805, 1.3410664 ] ] ] } },
{ "type": "Feature", "properties": { "contextFeatureId": "SGP-S-001::landuse::way::1468877007", "projectId": "SGP-S-001", "projectName": "Sembcorp Tengeh Floating Solar Farm", "countryCode": "SGP", "osmType": "way", "osmId": 1468877007, "highway": null, "place": null, "power": null, "landuse": "industrial", "name": null, "voltage": null, "circuits": null, "cables": null, "frequency": null, "substationTag": null, "lineTag": null, "operator": null, "location": null }, "geometry": { "type": "Polygon", "coordinates": [ [ [ 103.6370844, 1.3397487 ], [ 103.6378545, 1.3390145 ], [ 103.637571, 1.3387116 ], [ 103.6377643, 1.3385269 ], [ 103.6375101, 1.3382563 ], [ 103.6366555, 1.3390711 ], [ 103.6368782, 1.3396991 ], [ 103.6370844, 1.3397487 ] ] ] } },
{ "type": "Feature", "properties": { "contextFeatureId": "SGP-S-001::landuse::way::1468877012", "projectId": "SGP-S-001", "projectName": "Sembcorp Tengeh Floating Solar Farm", "countryCode": "SGP", "osmType": "way", "osmId": 1468877012, "highway": null, "place": null, "power": null, "landuse": "industrial", "name": null, "voltage": null, "circuits": null, "cables": null, "frequency": null, "substationTag": null, "lineTag": null, "operator": null, "location": null }, "geometry": { "type": "Polygon", "coordinates": [ [ [ 103.6369499, 1.3376598 ], [ 103.6375101, 1.3382563 ], [ 103.6377643, 1.3385269 ], [ 103.638048, 1.338829 ], [ 103.6385044, 1.3383943 ], [ 103.6385082, 1.3382876 ], [ 103.6375176, 1.3372319 ], [ 103.6374011, 1.3372291 ], [ 103.6369499, 1.3376598 ] ] ] } },
{ "type": "Feature", "properties": { "contextFeatureId": "SGP-S-001::landuse::way::1468877014", "projectId": "SGP-S-001", "projectName": "Sembcorp Tengeh Floating Solar Farm", "countryCode": "SGP", "osmType": "way", "osmId": 1468877014, "highway": null, "place": null, "power": null, "landuse": "industrial", "name": null, "voltage": null, "circuits": null, "cables": null, "frequency": null, "substationTag": null, "lineTag": null, "operator": null, "location": null }, "geometry": { "type": "Polygon", "coordinates": [ [ [ 103.6366555, 1.3390711 ], [ 103.6375101, 1.3382563 ], [ 103.6369499, 1.3376598 ], [ 103.6364428, 1.3381414 ], [ 103.6363953, 1.3383494 ], [ 103.6366555, 1.3390711 ] ] ] } },
{ "type": "Feature", "properties": { "contextFeatureId": "SGP-S-001::landuse::way::1489414335", "projectId": "SGP-S-001", "projectName": "Sembcorp Tengeh Floating Solar Farm", "countryCode": "SGP", "osmType": "way", "osmId": 1489414335, "highway": null, "place": null, "power": null, "landuse": "grass", "name": null, "voltage": null, "circuits": null, "cables": null, "frequency": null, "substationTag": null, "lineTag": null, "operator": null, "location": null }, "geometry": { "type": "Polygon", "coordinates": [ [ [ 103.6320444, 1.3253505 ], [ 103.6316081, 1.3257867 ], [ 103.6315723, 1.325894 ], [ 103.6315801, 1.3259829 ], [ 103.6321935, 1.3274458 ], [ 103.6325204, 1.3271656 ], [ 103.6333111, 1.3279873 ], [ 103.6337595, 1.3275609 ], [ 103.6338124, 1.3274271 ], [ 103.6338217, 1.327315 ], [ 103.6337844, 1.3271688 ], [ 103.6320444, 1.3253505 ] ] ] } },
{ "type": "Feature", "properties": { "contextFeatureId": "SGP-S-001::landuse::way::1489414336", "projectId": "SGP-S-001", "projectName": "Sembcorp Tengeh Floating Solar Farm", "countryCode": "SGP", "osmType": "way", "osmId": 1489414336, "highway": null, "place": null, "power": null, "landuse": "grass", "name": null, "voltage": null, "circuits": null, "cables": null, "frequency": null, "substationTag": null, "lineTag": null, "operator": null, "location": null }, "geometry": { "type": "Polygon", "coordinates": [ [ [ 103.6331348, 1.3282043 ], [ 103.632696, 1.3286265 ], [ 103.6330428, 1.329596 ], [ 103.6354448, 1.3273386 ], [ 103.6327998, 1.3246094 ], [ 103.6321769, 1.3251897 ], [ 103.6339135, 1.3270674 ], [ 103.6339866, 1.3272301 ], [ 103.6340149, 1.3274023 ], [ 103.6339724, 1.3275674 ], [ 103.6338686, 1.3277231 ], [ 103.6336091, 1.3279708 ], [ 103.6335643, 1.3280392 ], [ 103.6335548, 1.3282161 ], [ 103.6333283, 1.3284378 ], [ 103.6331348, 1.3282043 ] ] ] } },
{ "type": "Feature", "properties": { "contextFeatureId": "SGP-S-001::landuse::way::1489414337", "projectId": "SGP-S-001", "projectName": "Sembcorp Tengeh Floating Solar Farm", "countryCode": "SGP", "osmType": "way", "osmId": 1489414337, "highway": null, "place": null, "power": null, "landuse": "grass", "name": null, "voltage": null, "circuits": null, "cables": null, "frequency": null, "substationTag": null, "lineTag": null, "operator": null, "location": null }, "geometry": { "type": "Polygon", "coordinates": [ [ [ 103.6388304, 1.328881 ], [ 103.6383919, 1.3284114 ], [ 103.6376588, 1.3291088 ], [ 103.6381021, 1.3295792 ], [ 103.6388304, 1.328881 ] ] ] } },
{ "type": "Feature", "properties": { "contextFeatureId": "SGP-S-001::landuse::way::1489414338", "projectId": "SGP-S-001", "projectName": "Sembcorp Tengeh Floating Solar Farm", "countryCode": "SGP", "osmType": "way", "osmId": 1489414338, "highway": null, "place": null, "power": null, "landuse": "grass", "name": null, "voltage": null, "circuits": null, "cables": null, "frequency": null, "substationTag": null, "lineTag": null, "operator": null, "location": null }, "geometry": { "type": "Polygon", "coordinates": [ [ [ 103.6395, 1.3295897 ], [ 103.6392746, 1.3297949 ], [ 103.6393584, 1.329881 ], [ 103.6389314, 1.330268 ], [ 103.638741, 1.3302612 ], [ 103.6381021, 1.3295792 ], [ 103.6388304, 1.328881 ], [ 103.6391499, 1.3292192 ], [ 103.6395, 1.3295897 ] ] ] } },
{ "type": "Feature", "properties": { "contextFeatureId": "SGP-S-001::landuse::way::1489414339", "projectId": "SGP-S-001", "projectName": "Sembcorp Tengeh Floating Solar Farm", "countryCode": "SGP", "osmType": "way", "osmId": 1489414339, "highway": null, "place": null, "power": null, "landuse": "grass", "name": null, "voltage": null, "circuits": null, "cables": null, "frequency": null, "substationTag": null, "lineTag": null, "operator": null, "location": null }, "geometry": { "type": "Polygon", "coordinates": [ [ [ 103.6391499, 1.3292192 ], [ 103.6395, 1.3295897 ], [ 103.6396788, 1.3295867 ], [ 103.6400958, 1.3292101 ], [ 103.640096, 1.3290968 ], [ 103.6398809, 1.32887 ], [ 103.639724, 1.3286729 ], [ 103.6391499, 1.3292192 ] ] ] } },
{ "type": "Feature", "properties": { "contextFeatureId": "SGP-S-001::landuse::way::1489414340", "projectId": "SGP-S-001", "projectName": "Sembcorp Tengeh Floating Solar Farm", "countryCode": "SGP", "osmType": "way", "osmId": 1489414340, "highway": null, "place": null, "power": null, "landuse": "grass", "name": null, "voltage": null, "circuits": null, "cables": null, "frequency": null, "substationTag": null, "lineTag": null, "operator": null, "location": null }, "geometry": { "type": "Polygon", "coordinates": [ [ [ 103.6444282, 1.3227679 ], [ 103.6437777, 1.323387 ], [ 103.644374, 1.3240254 ], [ 103.6436377, 1.3247253 ], [ 103.6441745, 1.3252908 ], [ 103.6445003, 1.3249609 ], [ 103.6448974, 1.3245818 ], [ 103.6450951, 1.3243924 ], [ 103.6451244, 1.3244242 ], [ 103.6455788, 1.3239894 ], [ 103.6444282, 1.3227679 ] ] ] } },
{ "type": "Feature", "properties": { "contextFeatureId": "SGP-S-001::landuse::way::1489414341", "projectId": "SGP-S-001", "projectName": "Sembcorp Tengeh Floating Solar Farm", "countryCode": "SGP", "osmType": "way", "osmId": 1489414341, "highway": null, "place": null, "power": null, "landuse": "grass", "name": null, "voltage": null, "circuits": null, "cables": null, "frequency": null, "substationTag": null, "lineTag": null, "operator": null, "location": null }, "geometry": { "type": "Polygon", "coordinates": [ [ [ 103.644368, 1.3258004 ], [ 103.6439025, 1.326204 ], [ 103.643573, 1.3265182 ], [ 103.6448689, 1.3278976 ], [ 103.6456434, 1.3271612 ], [ 103.644368, 1.3258004 ] ] ] } },
{ "type": "Feature", "properties": { "contextFeatureId": "SGP-S-001::landuse::way::1489414342", "projectId": "SGP-S-001", "projectName": "Sembcorp Tengeh Floating Solar Farm", "countryCode": "SGP", "osmType": "way", "osmId": 1489414342, "highway": null, "place": null, "power": null, "landuse": "grass", "name": null, "voltage": null, "circuits": null, "cables": null, "frequency": null, "substationTag": null, "lineTag": null, "operator": null, "location": null }, "geometry": { "type": "Polygon", "coordinates": [ [ [ 103.649152, 1.3229102 ], [ 103.6487661, 1.3232813 ], [ 103.6492151, 1.3237617 ], [ 103.6495484, 1.3234442 ], [ 103.6495506, 1.3233296 ], [ 103.649152, 1.3229102 ] ] ] } },
{ "type": "Feature", "properties": { "contextFeatureId": "SGP-S-001::landuse::way::1489414343", "projectId": "SGP-S-001", "projectName": "Sembcorp Tengeh Floating Solar Farm", "countryCode": "SGP", "osmType": "way", "osmId": 1489414343, "highway": null, "place": null, "power": null, "landuse": "grass", "name": null, "voltage": null, "circuits": null, "cables": null, "frequency": null, "substationTag": null, "lineTag": null, "operator": null, "location": null }, "geometry": { "type": "Polygon", "coordinates": [ [ [ 103.6337391, 1.3120683 ], [ 103.6343042, 1.3135618 ], [ 103.634464, 1.3139297 ], [ 103.6346849, 1.3143965 ], [ 103.6349435, 1.3148632 ], [ 103.6352968, 1.3154372 ], [ 103.6362319, 1.3145459 ], [ 103.6356868, 1.3137986 ], [ 103.6355163, 1.3133318 ], [ 103.6353633, 1.3130992 ], [ 103.635078, 1.3127502 ], [ 103.6348899, 1.3125526 ], [ 103.6348644, 1.3124746 ], [ 103.6344389, 1.3118611 ], [ 103.6337391, 1.3120683 ] ] ] } },
{ "type": "Feature", "properties": { "contextFeatureId": "SGP-S-001::landuse::way::1489414344", "projectId": "SGP-S-001", "projectName": "Sembcorp Tengeh Floating Solar Farm", "countryCode": "SGP", "osmType": "way", "osmId": 1489414344, "highway": null, "place": null, "power": null, "landuse": "grass", "name": null, "voltage": null, "circuits": null, "cables": null, "frequency": null, "substationTag": null, "lineTag": null, "operator": null, "location": null }, "geometry": { "type": "Polygon", "coordinates": [ [ [ 103.6362319, 1.3145459 ], [ 103.6352968, 1.3154372 ], [ 103.6354599, 1.3156698 ], [ 103.6355517, 1.3158014 ], [ 103.6358053, 1.3161407 ], [ 103.6359285, 1.3162929 ], [ 103.6360747, 1.3165163 ], [ 103.6364539, 1.3169353 ], [ 103.6373574, 1.3160777 ], [ 103.6371981, 1.3158601 ], [ 103.6370244, 1.3156377 ], [ 103.6369639, 1.3155282 ], [ 103.6365703, 1.3150095 ], [ 103.6363621, 1.3147088 ], [ 103.6362319, 1.3145459 ] ] ] } },
{ "type": "Feature", "properties": { "contextFeatureId": "SGP-S-001::landuse::way::1493376900", "projectId": "SGP-S-001", "projectName": "Sembcorp Tengeh Floating Solar Farm", "countryCode": "SGP", "osmType": "way", "osmId": 1493376900, "highway": null, "place": null, "power": null, "landuse": "farmland", "name": null, "voltage": null, "circuits": null, "cables": null, "frequency": null, "substationTag": null, "lineTag": null, "operator": null, "location": null }, "geometry": { "type": "Polygon", "coordinates": [ [ [ 103.5994234, 1.3421567 ], [ 103.5993712, 1.341378 ], [ 103.5992468, 1.3410951 ], [ 103.5989236, 1.3409566 ], [ 103.5994877, 1.3403967 ], [ 103.5996864, 1.3403846 ], [ 103.5997787, 1.3403144 ], [ 103.6003027, 1.340792 ], [ 103.6012207, 1.3412741 ], [ 103.6023508, 1.3426388 ], [ 103.602407, 1.3429739 ], [ 103.6021862, 1.3437405 ], [ 103.6017431, 1.3438883 ], [ 103.6007095, 1.343796 ], [ 103.5996588, 1.3436417 ], [ 103.5994234, 1.3421567 ] ] ] } },
{ "type": "Feature", "properties": { "contextFeatureId": "SGP-S-001::landuse::way::1495151399", "projectId": "SGP-S-001", "projectName": "Sembcorp Tengeh Floating Solar Farm", "countryCode": "SGP", "osmType": "way", "osmId": 1495151399, "highway": null, "place": null, "power": null, "landuse": "industrial", "name": null, "voltage": null, "circuits": null, "cables": null, "frequency": null, "substationTag": null, "lineTag": null, "operator": null, "location": null }, "geometry": { "type": "Polygon", "coordinates": [ [ [ 103.6543122, 1.3163415 ], [ 103.6542511, 1.3163908 ], [ 103.6538136, 1.3168082 ], [ 103.6554498, 1.3185485 ], [ 103.6559428, 1.3180777 ], [ 103.6543122, 1.3163415 ] ] ] } },
{ "type": "Feature", "properties": { "contextFeatureId": "SGP-S-001::landuse::way::1495427840", "projectId": "SGP-S-001", "projectName": "Sembcorp Tengeh Floating Solar Farm", "countryCode": "SGP", "osmType": "way", "osmId": 1495427840, "highway": null, "place": null, "power": null, "landuse": "industrial", "name": null, "voltage": null, "circuits": null, "cables": null, "frequency": null, "substationTag": null, "lineTag": null, "operator": null, "location": null }, "geometry": { "type": "Polygon", "coordinates": [ [ [ 103.6695072, 1.3271321 ], [ 103.6696029, 1.3270559 ], [ 103.6696946, 1.3257398 ], [ 103.6696186, 1.3256515 ], [ 103.6689642, 1.3256051 ], [ 103.6687219, 1.3255918 ], [ 103.6686181, 1.3256005 ], [ 103.6685247, 1.325617 ], [ 103.6684425, 1.3256467 ], [ 103.6683634, 1.3256821 ], [ 103.6682849, 1.3257309 ], [ 103.6679639, 1.3259476 ], [ 103.667946, 1.32606 ], [ 103.6683854, 1.326715 ], [ 103.6685174, 1.3268685 ], [ 103.6686709, 1.326983 ], [ 103.6688476, 1.3270595 ], [ 103.6690468, 1.327099 ], [ 103.6695072, 1.3271321 ] ] ] } },
{ "type": "Feature", "properties": { "contextFeatureId": "SGP-S-001::landuse::way::1495570413", "projectId": "SGP-S-001", "projectName": "Sembcorp Tengeh Floating Solar Farm", "countryCode": "SGP", "osmType": "way", "osmId": 1495570413, "highway": null, "place": null, "power": null, "landuse": "industrial", "name": null, "voltage": null, "circuits": null, "cables": null, "frequency": null, "substationTag": null, "lineTag": null, "operator": null, "location": null }, "geometry": { "type": "Polygon", "coordinates": [ [ [ 103.6766676, 1.3244097 ], [ 103.6701343, 1.3239462 ], [ 103.6700479, 1.3240227 ], [ 103.6699467, 1.3254528 ], [ 103.6700223, 1.3255417 ], [ 103.6765827, 1.32601 ], [ 103.6766707, 1.325933 ], [ 103.6767689, 1.3245253 ], [ 103.6766676, 1.3244097 ] ] ] } },
{ "type": "Feature", "properties": { "contextFeatureId": "VNM-S-001::landuse::way::256914763", "projectId": "VNM-S-001", "projectName": "Trungnam Solar Farm (Thuan Bac)", "countryCode": "VNM", "osmType": "way", "osmId": 256914763, "highway": null, "place": null, "power": null, "landuse": "residential", "name": null, "voltage": null, "circuits": null, "cables": null, "frequency": null, "substationTag": null, "lineTag": null, "operator": null, "location": null }, "geometry": { "type": "Polygon", "coordinates": [ [ [ 109.0253158, 11.6549997 ], [ 109.0251334, 11.6551047 ], [ 109.0263886, 11.6572903 ], [ 109.0267963, 11.6569646 ], [ 109.0272985, 11.655886 ], [ 109.0270216, 11.6557142 ], [ 109.026614, 11.6562396 ], [ 109.026217, 11.6555986 ], [ 109.0253158, 11.6549997 ] ] ] } },
{ "type": "Feature", "properties": { "contextFeatureId": "VNM-S-001::landuse::way::256914764", "projectId": "VNM-S-001", "projectName": "Trungnam Solar Farm (Thuan Bac)", "countryCode": "VNM", "osmType": "way", "osmId": 256914764, "highway": null, "place": null, "power": null, "landuse": "residential", "name": null, "voltage": null, "circuits": null, "cables": null, "frequency": null, "substationTag": null, "lineTag": null, "operator": null, "location": null }, "geometry": { "type": "Polygon", "coordinates": [ [ [ 109.0339954, 11.6522256 ], [ 109.0319655, 11.6533641 ], [ 109.0311093, 11.6546739 ], [ 109.0309806, 11.6551047 ], [ 109.0292962, 11.6547054 ], [ 109.0290687, 11.6549823 ], [ 109.0298755, 11.6555671 ], [ 109.0306051, 11.6562816 ], [ 109.0311844, 11.6564287 ], [ 109.0313969, 11.6563903 ], [ 109.0317509, 11.6567896 ], [ 109.0330191, 11.6565653 ], [ 109.0333173, 11.6563903 ], [ 109.0329869, 11.6558087 ], [ 109.0332229, 11.6552729 ], [ 109.0337465, 11.6548878 ], [ 109.034476, 11.6547512 ], [ 109.0347893, 11.6535181 ], [ 109.0346692, 11.6529333 ], [ 109.0344546, 11.6525025 ], [ 109.0339954, 11.6522256 ] ] ] } },
{ "type": "Feature", "properties": { "contextFeatureId": "VNM-S-001::landuse::way::256914767", "projectId": "VNM-S-001", "projectName": "Trungnam Solar Farm (Thuan Bac)", "countryCode": "VNM", "osmType": "way", "osmId": 256914767, "highway": null, "place": null, "power": null, "landuse": "residential", "name": null, "voltage": null, "circuits": null, "cables": null, "frequency": null, "substationTag": null, "lineTag": null, "operator": null, "location": null }, "geometry": { "type": "Polygon", "coordinates": [ [ [ 109.0247042, 11.6540014 ], [ 109.024981, 11.6527232 ], [ 109.023803, 11.6515111 ], [ 109.024436, 11.6508596 ], [ 109.0251226, 11.6506179 ], [ 109.0259166, 11.6495251 ], [ 109.0263543, 11.6495813 ], [ 109.026968, 11.6491889 ], [ 109.0277298, 11.6497353 ], [ 109.0274615, 11.650744 ], [ 109.0269573, 11.6512904 ], [ 109.0272899, 11.6521626 ], [ 109.0282447, 11.6529296 ], [ 109.027674, 11.6536899 ], [ 109.0272899, 11.6534445 ], [ 109.0269337, 11.6538895 ], [ 109.026099, 11.6535496 ], [ 109.0255411, 11.6541801 ], [ 109.0247042, 11.6540014 ] ] ] } },
{ "type": "Feature", "properties": { "contextFeatureId": "VNM-S-001::landuse::way::256916798", "projectId": "VNM-S-001", "projectName": "Trungnam Solar Farm (Thuan Bac)", "countryCode": "VNM", "osmType": "way", "osmId": 256916798, "highway": null, "place": null, "power": null, "landuse": "residential", "name": null, "voltage": null, "circuits": null, "cables": null, "frequency": null, "substationTag": null, "lineTag": null, "operator": null, "location": null }, "geometry": { "type": "Polygon", "coordinates": [ [ [ 109.0055103, 11.6646345 ], [ 109.0033645, 11.6664418 ], [ 109.0018196, 11.6649077 ], [ 108.9998669, 11.6642353 ], [ 108.9988799, 11.6628693 ], [ 108.9990301, 11.6614613 ], [ 108.9997811, 11.6607888 ], [ 108.998558, 11.6605577 ], [ 108.9961977, 11.6615664 ], [ 108.9938159, 11.6599483 ], [ 108.9920349, 11.6569021 ], [ 108.9915199, 11.6554941 ], [ 108.9969422, 11.6520434 ], [ 108.9971418, 11.6551369 ], [ 108.9996244, 11.6582639 ], [ 109.00109, 11.6583931 ], [ 109.0016844, 11.6596299 ], [ 109.0030577, 11.6601973 ], [ 109.0048172, 11.6628031 ], [ 109.0052742, 11.6635208 ], [ 109.0055103, 11.6646345 ] ] ] } },
{ "type": "Feature", "properties": { "contextFeatureId": "VNM-S-001::landuse::way::256916803", "projectId": "VNM-S-001", "projectName": "Trungnam Solar Farm (Thuan Bac)", "countryCode": "VNM", "osmType": "way", "osmId": 256916803, "highway": null, "place": null, "power": null, "landuse": "residential", "name": null, "voltage": null, "circuits": null, "cables": null, "frequency": null, "substationTag": null, "lineTag": null, "operator": null, "location": null }, "geometry": { "type": "Polygon", "coordinates": [ [ [ 109.0222902, 11.6696359 ], [ 109.0239574, 11.6707045 ], [ 109.024672, 11.6730402 ], [ 109.0244485, 11.6734615 ], [ 109.0238137, 11.6746583 ], [ 109.0228695, 11.675814 ], [ 109.0215177, 11.6740068 ], [ 109.0198869, 11.6736706 ], [ 109.018814, 11.6717163 ], [ 109.016797, 11.6711279 ], [ 109.0164108, 11.6700142 ], [ 109.0179708, 11.6700321 ], [ 109.0207452, 11.6706026 ], [ 109.0222902, 11.6696359 ] ] ] } },
{ "type": "Feature", "properties": { "contextFeatureId": "VNM-S-001::landuse::way::295329268", "projectId": "VNM-S-001", "projectName": "Trungnam Solar Farm (Thuan Bac)", "countryCode": "VNM", "osmType": "way", "osmId": 295329268, "highway": null, "place": null, "power": null, "landuse": "grass", "name": null, "voltage": null, "circuits": null, "cables": null, "frequency": null, "substationTag": null, "lineTag": null, "operator": null, "location": null }, "geometry": { "type": "Polygon", "coordinates": [ [ [ 109.0354398, 11.6760403 ], [ 109.0363784, 11.675519 ], [ 109.0366424, 11.675399 ], [ 109.0366856, 11.6753921 ], [ 109.0367068, 11.6754857 ], [ 109.0368271, 11.6766624 ], [ 109.0367776, 11.6766589 ], [ 109.0361395, 11.6770216 ], [ 109.0356964, 11.6764222 ], [ 109.0355999, 11.6762909 ], [ 109.0355301, 11.6761963 ], [ 109.0354398, 11.6760403 ] ] ] } },
{ "type": "Feature", "properties": { "contextFeatureId": "VNM-S-001::landuse::way::931979219", "projectId": "VNM-S-001", "projectName": "Trungnam Solar Farm (Thuan Bac)", "countryCode": "VNM", "osmType": "way", "osmId": 931979219, "highway": null, "place": null, "power": null, "landuse": "cemetery", "name": null, "voltage": null, "circuits": null, "cables": null, "frequency": null, "substationTag": null, "lineTag": null, "operator": null, "location": null }, "geometry": { "type": "Polygon", "coordinates": [ [ [ 109.0282291, 11.6845773 ], [ 109.0278, 11.683679 ], [ 109.0280414, 11.6827072 ], [ 109.0281326, 11.6822869 ], [ 109.0288085, 11.68204 ], [ 109.0285724, 11.6814096 ], [ 109.0296453, 11.6808317 ], [ 109.0299672, 11.6815882 ], [ 109.0299618, 11.6819087 ], [ 109.0297955, 11.6820557 ], [ 109.0298814, 11.6822449 ], [ 109.0299618, 11.6823342 ], [ 109.0297258, 11.6825023 ], [ 109.0299618, 11.6831064 ], [ 109.0296882, 11.6832167 ], [ 109.029817, 11.683679 ], [ 109.0296078, 11.6838734 ], [ 109.0290821, 11.6840993 ], [ 109.028787, 11.6841781 ], [ 109.0285832, 11.6843409 ], [ 109.0282291, 11.6845773 ] ] ] } },
{ "type": "Feature", "properties": { "contextFeatureId": "VNM-S-001::landuse::way::931979223", "projectId": "VNM-S-001", "projectName": "Trungnam Solar Farm (Thuan Bac)", "countryCode": "VNM", "osmType": "way", "osmId": 931979223, "highway": null, "place": null, "power": null, "landuse": "farmland", "name": null, "voltage": null, "circuits": null, "cables": null, "frequency": null, "substationTag": null, "lineTag": null, "operator": null, "location": null }, "geometry": { "type": "Polygon", "coordinates": [ [ [ 109.0370536, 11.7335333 ], [ 109.0370106, 11.7318526 ], [ 109.0376115, 11.7309282 ], [ 109.0388775, 11.7297726 ], [ 109.0402293, 11.7287432 ], [ 109.0412164, 11.7277977 ], [ 109.0415382, 11.7273985 ], [ 109.0420103, 11.7267262 ], [ 109.0431046, 11.7255497 ], [ 109.0440488, 11.7247093 ], [ 109.0446925, 11.7238269 ], [ 109.0447569, 11.7227133 ], [ 109.0453362, 11.7215368 ], [ 109.0460443, 11.7208434 ], [ 109.046731, 11.7192466 ], [ 109.0468168, 11.7184062 ], [ 109.0466237, 11.7178389 ], [ 109.0460658, 11.7151286 ], [ 109.0460443, 11.714057 ], [ 109.0468168, 11.7131746 ], [ 109.0405082, 11.7068502 ], [ 109.0369892, 11.7032153 ], [ 109.0336203, 11.7034044 ], [ 109.0333414, 11.7077327 ], [ 109.0338993, 11.7098548 ], [ 109.0351867, 11.7104011 ], [ 109.0355515, 11.7110735 ], [ 109.0353799, 11.7137839 ], [ 109.0360021, 11.7164312 ], [ 109.0360236, 11.7168094 ], [ 109.034543, 11.7169145 ], [ 109.0343284, 11.7201921 ], [ 109.0348434, 11.7225242 ], [ 109.0352511, 11.7247513 ], [ 109.0358948, 11.7277557 ], [ 109.0364313, 11.7313063 ], [ 109.0367532, 11.7333863 ], [ 109.0370536, 11.7335333 ] ] ] } },
{ "type": "Feature", "properties": { "contextFeatureId": "VNM-S-001::landuse::way::931979263", "projectId": "VNM-S-001", "projectName": "Trungnam Solar Farm (Thuan Bac)", "countryCode": "VNM", "osmType": "way", "osmId": 931979263, "highway": null, "place": null, "power": null, "landuse": "industrial", "name": null, "voltage": null, "circuits": null, "cables": null, "frequency": null, "substationTag": null, "lineTag": null, "operator": null, "location": null }, "geometry": { "type": "Polygon", "coordinates": [ [ [ 109.045524, 11.6881758 ], [ 109.0476322, 11.6889007 ], [ 109.0468383, 11.691086 ], [ 109.0451378, 11.6896729 ], [ 109.0451056, 11.6891529 ], [ 109.045524, 11.6881758 ] ] ] } },
{ "type": "Feature", "properties": { "contextFeatureId": "VNM-S-001::landuse::way::931979264", "projectId": "VNM-S-001", "projectName": "Trungnam Solar Farm (Thuan Bac)", "countryCode": "VNM", "osmType": "way", "osmId": 931979264, "highway": null, "place": null, "power": null, "landuse": "farmland", "name": null, "voltage": null, "circuits": null, "cables": null, "frequency": null, "substationTag": null, "lineTag": null, "operator": null, "location": null }, "geometry": { "type": "Polygon", "coordinates": [ [ [ 109.0238571, 11.6862899 ], [ 109.0187716, 11.6800805 ], [ 109.0188897, 11.6798389 ], [ 109.0186, 11.6793661 ], [ 109.0189326, 11.6790824 ], [ 109.0191364, 11.6788407 ], [ 109.019233, 11.6783259 ], [ 109.019469, 11.6760774 ], [ 109.0207028, 11.6762035 ], [ 109.0209818, 11.6764031 ], [ 109.0211964, 11.6768654 ], [ 109.0213144, 11.6775589 ], [ 109.0218401, 11.6776324 ], [ 109.0222907, 11.6768234 ], [ 109.0225053, 11.6767814 ], [ 109.0228695, 11.675814 ], [ 109.0238137, 11.6746583 ], [ 109.0244485, 11.6734615 ], [ 109.0248763, 11.6744173 ], [ 109.0253913, 11.6747851 ], [ 109.026829, 11.6740076 ], [ 109.0276444, 11.673913 ], [ 109.0283632, 11.6740181 ], [ 109.0289318, 11.6742177 ], [ 109.0290606, 11.6743648 ], [ 109.0303481, 11.6752579 ], [ 109.030627, 11.67613 ], [ 109.029876, 11.6777585 ], [ 109.0301549, 11.6791349 ], [ 109.0293717, 11.6798914 ], [ 109.0286422, 11.6803537 ], [ 109.0281808, 11.6812993 ], [ 109.0274405, 11.6817721 ], [ 109.0273225, 11.6819402 ], [ 109.027183, 11.6830329 ], [ 109.0280414, 11.684819 ], [ 109.0272256, 11.6850126 ], [ 109.0266362, 11.6842916 ], [ 109.0255281, 11.6851604 ], [ 109.02701, 11.6869729 ], [ 109.0250802, 11.6878448 ], [ 109.0238571, 11.6862899 ] ] ] } },
{ "type": "Feature", "properties": { "contextFeatureId": "VNM-S-001::landuse::way::1024266434", "projectId": "VNM-S-001", "projectName": "Trungnam Solar Farm (Thuan Bac)", "countryCode": "VNM", "osmType": "way", "osmId": 1024266434, "highway": null, "place": null, "power": null, "landuse": "farmland", "name": null, "voltage": null, "circuits": null, "cables": null, "frequency": null, "substationTag": null, "lineTag": null, "operator": null, "location": null }, "geometry": { "type": "Polygon", "coordinates": [ [ [ 109.0524387, 11.7098863 ], [ 109.0572667, 11.7091825 ], [ 109.0568805, 11.7059572 ], [ 109.0563118, 11.7057471 ], [ 109.0560973, 11.705558 ], [ 109.056108, 11.7051063 ], [ 109.0560329, 11.7041608 ], [ 109.0571809, 11.7039296 ], [ 109.056977, 11.7029736 ], [ 109.0567839, 11.7022907 ], [ 109.056505, 11.7017444 ], [ 109.0559685, 11.7003261 ], [ 109.0556788, 11.6999269 ], [ 109.0550136, 11.6995592 ], [ 109.0549385, 11.6990759 ], [ 109.0548205, 11.6987818 ], [ 109.0543163, 11.6981409 ], [ 109.0538657, 11.6983195 ], [ 109.0540159, 11.6990969 ], [ 109.0538978, 11.6996117 ], [ 109.0535653, 11.6999584 ], [ 109.052825, 11.7001265 ], [ 109.0532005, 11.7018075 ], [ 109.052943, 11.7023538 ], [ 109.0524602, 11.7029841 ], [ 109.0518057, 11.703751 ], [ 109.0515268, 11.7043814 ], [ 109.0514195, 11.7049802 ], [ 109.0511513, 11.7053689 ], [ 109.0505505, 11.7056946 ], [ 109.0503037, 11.7060098 ], [ 109.0494025, 11.707386 ], [ 109.0523636, 11.709193 ], [ 109.0524387, 11.7098863 ] ] ] } }
]
}
