{
"type": "FeatureCollection",
"name": "matched_assets",
"crs": { "type": "name", "properties": { "name": "urn:ogc:def:crs:OGC:1.3:CRS84" } },
"features": [
{ "type": "Feature", "properties": { "siteId": "GRW::WIND::IDN::wind_sea_2024q2_v1.geojson::786", "projectId": "IDN-W-001", "projectName": "Sidrap I Wind Power Plant", "countryCode": "IDN", "technology": "wind", "paperToPowerLabel": "observed_on_schedule", "matchConfidence": 0.925, "distanceKm": 0.24, "observedFirstSeenQuarter": "2017 Q4", "estimatedCapacityProxyMw": null }, "geometry": { "type": "Point", "coordinates": [ 119.71104112288684, -3.989422305173913 ] } },
{ "type": "Feature", "properties": { "siteId": "GRW::SOLAR::MYS::solar_sea_2024q2_v1.geojson::952", "projectId": "MYS-S-002", "projectName": "Gurun Quantum Solar PV Park", "countryCode": "MYS", "technology": "solar", "paperToPowerLabel": "observed_smaller_than_claimed", "matchConfidence": 0.91, "distanceKm": 0.059, "observedFirstSeenQuarter": "2018 Q3", "estimatedCapacityProxyMw": 40.43 }, "geometry": { "type": "Polygon", "coordinates": [ [ [ 100.539836869637298, 5.866848466850477 ], [ 100.539836869637298, 5.866805776289746 ], [ 100.53979395429306, 5.866805776289746 ], [ 100.53979395429306, 5.866763085725744 ], [ 100.539708123604584, 5.866763085725744 ], [ 100.539708123604584, 5.866720395158477 ], [ 100.539665208260359, 5.866720395158477 ], [ 100.539665208260359, 5.86667770458794 ], [ 100.539622292916121, 5.86667770458794 ], [ 100.539622292916121, 5.866635014014133 ], [ 100.539579377571897, 5.866635014014133 ], [ 100.539579377571897, 5.86659232343706 ], [ 100.539536462227659, 5.86659232343706 ], [ 100.539536462227659, 5.866549632856718 ], [ 100.539493546883435, 5.866549632856718 ], [ 100.539493546883435, 5.866506942273109 ], [ 100.539450631539196, 5.866506942273109 ], [ 100.539450631539196, 5.866464251686229 ], [ 100.539364800850734, 5.866464251686229 ], [ 100.539364800850734, 5.866421561096082 ], [ 100.539278970162272, 5.866421561096082 ], [ 100.539278970162272, 5.866378870502667 ], [ 100.539193139473809, 5.866378870502667 ], [ 100.539193139473809, 5.866336179905984 ], [ 100.539064393441095, 5.866336179905984 ], [ 100.539064393441095, 5.866293489306032 ], [ 100.53889273206417, 5.866293489306032 ], [ 100.53889273206417, 5.866250798702811 ], [ 100.538678155343021, 5.866250798702811 ], [ 100.538678155343021, 5.866293489306032 ], [ 100.538291917244933, 5.866293489306032 ], [ 100.538291917244933, 5.866336179905984 ], [ 100.537734017769907, 5.866336179905984 ], [ 100.537734017769907, 5.866378870502667 ], [ 100.537691102425683, 5.866378870502667 ], [ 100.537691102425683, 5.866421561096082 ], [ 100.537648187081444, 5.866421561096082 ], [ 100.537648187081444, 5.866464251686229 ], [ 100.53760527173722, 5.866464251686229 ], [ 100.53760527173722, 5.866506942273109 ], [ 100.537519441048744, 5.866506942273109 ], [ 100.537519441048744, 5.866549632856718 ], [ 100.537433610360281, 5.866549632856718 ], [ 100.537433610360281, 5.86659232343706 ], [ 100.536961541573717, 5.86659232343706 ], [ 100.536961541573717, 5.866635014014133 ], [ 100.536489472787167, 5.866635014014133 ], [ 100.536489472787167, 5.86667770458794 ], [ 100.536274896066004, 5.86667770458794 ], [ 100.536274896066004, 5.866635014014133 ], [ 100.535373673837128, 5.866635014014133 ], [ 100.535373673837128, 5.86659232343706 ], [ 100.534515366952476, 5.86659232343706 ], [ 100.534515366952476, 5.866549632856718 ], [ 100.53438662091979, 5.866549632856718 ], [ 100.53438662091979, 5.866506942273109 ], [ 100.534300790231327, 5.866506942273109 ], [ 100.534300790231327, 5.866464251686229 ], [ 100.534257874887089, 5.866464251686229 ], [ 100.534257874887089, 5.866421561096082 ], [ 100.534214959542865, 5.866421561096082 ], [ 100.534214959542865, 5.866293489306032 ], [ 100.534257874887089, 5.866293489306032 ], [ 100.534257874887089, 5.866250798702811 ], [ 100.534300790231327, 5.866250798702811 ], [ 100.534300790231327, 5.866165417486569 ], [ 100.534343705575552, 5.866165417486569 ], [ 100.534343705575552, 5.866080036257252 ], [ 100.53438662091979, 5.866080036257252 ], [ 100.53438662091979, 5.865909273759402 ], [ 100.534429536264014, 5.865909273759402 ], [ 100.534429536264014, 5.865738511209265 ], [ 100.534472451608252, 5.865738511209265 ], [ 100.534472451608252, 5.865525057948069 ], [ 100.534515366952476, 5.865525057948069 ], [ 100.534515366952476, 5.865396985952137 ], [ 100.534558282296729, 5.865396985952137 ], [ 100.534558282296729, 5.865140841872048 ], [ 100.534601197640953, 5.865140841872048 ], [ 100.534601197640953, 5.864799316248948 ], [ 100.534644112985177, 5.864799316248948 ], [ 100.534644112985177, 5.864500481157199 ], [ 100.534687028329401, 5.864500481157199 ], [ 100.534687028329401, 5.864329718175749 ], [ 100.534729943673639, 5.864329718175749 ], [ 100.534729943673639, 5.864073573605562 ], [ 100.534772859017863, 5.864073573605562 ], [ 100.534772859017863, 5.863945501276365 ], [ 100.534815774362102, 5.863945501276365 ], [ 100.534815774362102, 5.863732047329033 ], [ 100.534858689706326, 5.863732047329033 ], [ 100.534858689706326, 5.863177066683763 ], [ 100.534901605050578, 5.863177066683763 ], [ 100.534901605050578, 5.862963612442437 ], [ 100.534944520394802, 5.862963612442437 ], [ 100.534944520394802, 5.862707467245055 ], [ 100.534987435739041, 5.862707467245055 ], [ 100.534987435739041, 5.86240863103283 ], [ 100.535030351083265, 5.86240863103283 ], [ 100.535030351083265, 5.861512121435976 ], [ 100.535073266427503, 5.861512121435976 ], [ 100.535073266427503, 5.861127902596464 ], [ 100.535030351083265, 5.861127902596464 ], [ 100.535030351083265, 5.86074368349246 ], [ 100.535073266427503, 5.86074368349246 ], [ 100.535073266427503, 5.860658301433432 ], [ 100.535116181771741, 5.860658301433432 ], [ 100.535116181771741, 5.860274082006184 ], [ 100.535159097115965, 5.860274082006184 ], [ 100.535159097115965, 5.860188699875324 ], [ 100.535202012460203, 5.860188699875324 ], [ 100.535202012460203, 5.860103317731407 ], [ 100.535244927804428, 5.860103317731407 ], [ 100.535244927804428, 5.860060626654551 ], [ 100.535287843148666, 5.860060626654551 ], [ 100.535287843148666, 5.859975244491046 ], [ 100.53533075849289, 5.859975244491046 ], [ 100.53533075849289, 5.859932553404396 ], [ 100.535373673837128, 5.859932553404396 ], [ 100.535373673837128, 5.859889862314481 ], [ 100.535416589181352, 5.859889862314481 ], [ 100.535416589181352, 5.8598471712213 ], [ 100.535459504525605, 5.8598471712213 ], [ 100.535459504525605, 5.859804480124858 ], [ 100.535502419869829, 5.859804480124858 ], [ 100.535502419869829, 5.85976178902515 ], [ 100.535631165902529, 5.85976178902515 ], [ 100.535631165902529, 5.859719097922175 ], [ 100.535888657967917, 5.859719097922175 ], [ 100.535888657967917, 5.859676406815937 ], [ 100.536060319344841, 5.859676406815937 ], [ 100.536060319344841, 5.859633715706436 ], [ 100.536189065377542, 5.859633715706436 ], [ 100.536189065377542, 5.859591024593669 ], [ 100.536274896066004, 5.859591024593669 ], [ 100.536274896066004, 5.859548333477638 ], [ 100.536446557442943, 5.859548333477638 ], [ 100.536446557442943, 5.859505642358342 ], [ 100.536618218819868, 5.859505642358342 ], [ 100.536618218819868, 5.859462951235781 ], [ 100.536746964852554, 5.859462951235781 ], [ 100.536746964852554, 5.859420260109958 ], [ 100.536875710885255, 5.859420260109958 ], [ 100.536875710885255, 5.859377568980868 ], [ 100.537090287606418, 5.859377568980868 ], [ 100.537090287606418, 5.859334877848514 ], [ 100.537304864327581, 5.859334877848514 ], [ 100.537304864327581, 5.859292186712897 ], [ 100.537476525704506, 5.859292186712897 ], [ 100.537476525704506, 5.859249495574015 ], [ 100.537648187081444, 5.859249495574015 ], [ 100.537648187081444, 5.859206804431868 ], [ 100.537862763802593, 5.859206804431868 ], [ 100.537862763802593, 5.859164113286458 ], [ 100.538163171212219, 5.859164113286458 ], [ 100.538163171212219, 5.859121422137784 ], [ 100.539021478096871, 5.859121422137784 ], [ 100.539021478096871, 5.859164113286458 ], [ 100.53932188550651, 5.859164113286458 ], [ 100.53932188550651, 5.859121422137784 ], [ 100.539708123604584, 5.859121422137784 ], [ 100.539708123604584, 5.859078730985844 ], [ 100.539879784981522, 5.859078730985844 ], [ 100.539879784981522, 5.859036039830641 ], [ 100.539965615669971, 5.859036039830641 ], [ 100.539965615669971, 5.858993348672174 ], [ 100.540008531014209, 5.858993348672174 ], [ 100.540008531014209, 5.858950657510443 ], [ 100.540051446358433, 5.858950657510443 ], [ 100.540051446358433, 5.858907966345446 ], [ 100.540094361702685, 5.858907966345446 ], [ 100.540094361702685, 5.858865275177187 ], [ 100.540180192391148, 5.858865275177187 ], [ 100.540180192391148, 5.858822584005662 ], [ 100.540652261177712, 5.858822584005662 ], [ 100.540652261177712, 5.858779892830874 ], [ 100.540866837898861, 5.858779892830874 ], [ 100.540866837898861, 5.858737201652824 ], [ 100.540995583931561, 5.858737201652824 ], [ 100.540995583931561, 5.858694510471505 ], [ 100.541167245308486, 5.858694510471505 ], [ 100.541167245308486, 5.858651819286926 ], [ 100.54121016065271, 5.858651819286926 ], [ 100.54121016065271, 5.858694510471505 ], [ 100.541338906685425, 5.858694510471505 ], [ 100.541338906685425, 5.858779892830874 ], [ 100.541381822029663, 5.858779892830874 ], [ 100.541381822029663, 5.858907966345446 ], [ 100.541424737373887, 5.858907966345446 ], [ 100.541424737373887, 5.859036039830641 ], [ 100.541381822029663, 5.859036039830641 ], [ 100.541381822029663, 5.85976178902515 ], [ 100.541424737373887, 5.85976178902515 ], [ 100.541424737373887, 5.859889862314481 ], [ 100.541467652718111, 5.859889862314481 ], [ 100.541467652718111, 5.859975244491046 ], [ 100.541510568062336, 5.859975244491046 ], [ 100.541510568062336, 5.860060626654551 ], [ 100.541553483406588, 5.860060626654551 ], [ 100.541553483406588, 5.860146008804999 ], [ 100.541596398750812, 5.860146008804999 ], [ 100.541596398750812, 5.860188699875324 ], [ 100.54163931409505, 5.860188699875324 ], [ 100.54163931409505, 5.860231390942386 ], [ 100.541682229439274, 5.860231390942386 ], [ 100.541682229439274, 5.860316773066714 ], [ 100.541725144783513, 5.860316773066714 ], [ 100.541725144783513, 5.860402155177984 ], [ 100.541768060127737, 5.860402155177984 ], [ 100.541768060127737, 5.860487537276192 ], [ 100.541810975471975, 5.860487537276192 ], [ 100.541810975471975, 5.860572919361342 ], [ 100.541853890816199, 5.860572919361342 ], [ 100.541853890816199, 5.860658301433432 ], [ 100.541896806160452, 5.860658301433432 ], [ 100.541896806160452, 5.86074368349246 ], [ 100.541939721504676, 5.86074368349246 ], [ 100.541939721504676, 5.860829065538429 ], [ 100.5419826368489, 5.860829065538429 ], [ 100.5419826368489, 5.860914447571338 ], [ 100.542025552193124, 5.860914447571338 ], [ 100.542025552193124, 5.860999829591183 ], [ 100.542068467537362, 5.860999829591183 ], [ 100.542068467537362, 5.861042520596209 ], [ 100.542111382881586, 5.861042520596209 ], [ 100.542111382881586, 5.861127902596464 ], [ 100.542154298225839, 5.861127902596464 ], [ 100.542154298225839, 5.861213284583657 ], [ 100.542197213570063, 5.861213284583657 ], [ 100.542197213570063, 5.861255975572358 ], [ 100.542240128914301, 5.861255975572358 ], [ 100.542240128914301, 5.86134135753996 ], [ 100.542283044258525, 5.86134135753996 ], [ 100.542283044258525, 5.861469430466871 ], [ 100.542325959602763, 5.861469430466871 ], [ 100.542325959602763, 5.861554812401817 ], [ 100.542368874947002, 5.861554812401817 ], [ 100.542368874947002, 5.861640194323702 ], [ 100.542411790291226, 5.861640194323702 ], [ 100.542411790291226, 5.861725576232525 ], [ 100.542454705635478, 5.861725576232525 ], [ 100.542454705635478, 5.861853649071264 ], [ 100.542497620979702, 5.861853649071264 ], [ 100.542497620979702, 5.862109794660571 ], [ 100.542540536323926, 5.862109794660571 ], [ 100.542540536323926, 5.862707467245055 ], [ 100.54258345166815, 5.862707467245055 ], [ 100.54258345166815, 5.862878230723041 ], [ 100.542540536323926, 5.862878230723041 ], [ 100.542540536323926, 5.864329718175749 ], [ 100.54258345166815, 5.864329718175749 ], [ 100.54258345166815, 5.864543171894392 ], [ 100.542540536323926, 5.864543171894392 ], [ 100.542540536323926, 5.865098151180596 ], [ 100.542497620979702, 5.865098151180596 ], [ 100.542497620979702, 5.866378870502667 ], [ 100.542540536323926, 5.866378870502667 ], [ 100.542540536323926, 5.866720395158477 ], [ 100.542497620979702, 5.866720395158477 ], [ 100.542497620979702, 5.866763085725744 ], [ 100.542454705635478, 5.866763085725744 ], [ 100.542454705635478, 5.866805776289746 ], [ 100.542283044258525, 5.866805776289746 ], [ 100.542283044258525, 5.866848466850477 ], [ 100.539836869637298, 5.866848466850477 ] ], [ [ 100.537648187081444, 5.864756625531357 ], [ 100.537862763802593, 5.864756625531357 ], [ 100.537862763802593, 5.864713934810498 ], [ 100.537905679146817, 5.864713934810498 ], [ 100.537905679146817, 5.864671244086372 ], [ 100.53760527173722, 5.864671244086372 ], [ 100.53760527173722, 5.864713934810498 ], [ 100.537648187081444, 5.864713934810498 ], [ 100.537648187081444, 5.864756625531357 ] ] ] } },
{ "type": "Feature", "properties": { "siteId": "GRW::SOLAR::SGP::solar_sea_2024q2_v1.geojson::435", "projectId": "SGP-S-001", "projectName": "Sembcorp Tengeh Floating Solar Farm", "countryCode": "SGP", "technology": "solar", "paperToPowerLabel": "observed_smaller_than_claimed", "matchConfidence": 0.8725, "distanceKm": 1.563, "observedFirstSeenQuarter": "2021 Q1", "estimatedCapacityProxyMw": 2.85 }, "geometry": { "type": "Polygon", "coordinates": [ [ [ 103.646736130680395, 1.347760822854362 ], [ 103.646736130680395, 1.347717919382273 ], [ 103.646693215336171, 1.347717919382273 ], [ 103.646693215336171, 1.347675015909429 ], [ 103.646650299991933, 1.347675015909429 ], [ 103.646650299991933, 1.347632112435829 ], [ 103.646607384647709, 1.347632112435829 ], [ 103.646607384647709, 1.347546305486361 ], [ 103.646564469303456, 1.347546305486361 ], [ 103.646564469303456, 1.347503402010494 ], [ 103.646521553959218, 1.347503402010494 ], [ 103.646521553959218, 1.347417595056492 ], [ 103.646478638614994, 1.347417595056492 ], [ 103.646478638614994, 1.347374691578358 ], [ 103.646435723270756, 1.347374691578358 ], [ 103.646435723270756, 1.347288884619822 ], [ 103.646392807926532, 1.347288884619822 ], [ 103.646392807926532, 1.34724598113942 ], [ 103.646349892582293, 1.34724598113942 ], [ 103.646349892582293, 1.347203077658263 ], [ 103.646306977238069, 1.347203077658263 ], [ 103.646306977238069, 1.347160174176351 ], [ 103.646264061893831, 1.347160174176351 ], [ 103.646264061893831, 1.347117270693683 ], [ 103.646221146549607, 1.347117270693683 ], [ 103.646221146549607, 1.34707436721026 ], [ 103.646178231205369, 1.34707436721026 ], [ 103.646178231205369, 1.347031463726081 ], [ 103.646135315861144, 1.347031463726081 ], [ 103.646135315861144, 1.346945656755457 ], [ 103.646092400516906, 1.346945656755457 ], [ 103.646092400516906, 1.346902753269012 ], [ 103.646049485172682, 1.346902753269012 ], [ 103.646049485172682, 1.346859849781812 ], [ 103.646006569828444, 1.346859849781812 ], [ 103.646006569828444, 1.346816946293856 ], [ 103.64596365448422, 1.346816946293856 ], [ 103.64596365448422, 1.346774042805145 ], [ 103.645920739139967, 1.346774042805145 ], [ 103.645920739139967, 1.34664533233448 ], [ 103.645877823795743, 1.34664533233448 ], [ 103.645877823795743, 1.34655952535026 ], [ 103.645834908451505, 1.34655952535026 ], [ 103.645834908451505, 1.34647371836302 ], [ 103.645791993107281, 1.34647371836302 ], [ 103.645791993107281, 1.346430814868268 ], [ 103.645749077763043, 1.346430814868268 ], [ 103.645749077763043, 1.34638791137276 ], [ 103.645706162418819, 1.34638791137276 ], [ 103.645706162418819, 1.346345007876497 ], [ 103.64566324707458, 1.346345007876497 ], [ 103.64566324707458, 1.346302104379479 ], [ 103.645620331730356, 1.346302104379479 ], [ 103.645620331730356, 1.346259200881706 ], [ 103.645577416386118, 1.346259200881706 ], [ 103.645577416386118, 1.346216297383178 ], [ 103.645534501041894, 1.346216297383178 ], [ 103.645534501041894, 1.346173393883895 ], [ 103.645491585697656, 1.346173393883895 ], [ 103.645491585697656, 1.346087586883064 ], [ 103.645448670353417, 1.346087586883064 ], [ 103.645448670353417, 1.346044683381516 ], [ 103.645405755009193, 1.346044683381516 ], [ 103.645405755009193, 1.346001779879214 ], [ 103.645362839664941, 1.346001779879214 ], [ 103.645362839664941, 1.345915972872344 ], [ 103.645319924320717, 1.345915972872344 ], [ 103.645319924320717, 1.345873069367777 ], [ 103.645277008976478, 1.345873069367777 ], [ 103.645277008976478, 1.345830165862455 ], [ 103.645234093632254, 1.345830165862455 ], [ 103.645234093632254, 1.345787262356378 ], [ 103.64519117828803, 1.345787262356378 ], [ 103.64519117828803, 1.345744358849547 ], [ 103.645148262943806, 1.345744358849547 ], [ 103.645148262943806, 1.34570145534196 ], [ 103.645105347599568, 1.34570145534196 ], [ 103.645105347599568, 1.345658551833619 ], [ 103.645062432255344, 1.345658551833619 ], [ 103.645062432255344, 1.345615648324524 ], [ 103.645019516911091, 1.345615648324524 ], [ 103.645019516911091, 1.345572744814674 ], [ 103.644976601566867, 1.345572744814674 ], [ 103.644976601566867, 1.345529841304069 ], [ 103.644933686222629, 1.345529841304069 ], [ 103.644933686222629, 1.345401130767727 ], [ 103.644890770878405, 1.345401130767727 ], [ 103.644890770878405, 1.345272420224595 ], [ 103.644847855534167, 1.345272420224595 ], [ 103.644847855534167, 1.345229516708708 ], [ 103.644804940189942, 1.345229516708708 ], [ 103.644804940189942, 1.345143709674672 ], [ 103.64476202484569, 1.345143709674672 ], [ 103.64476202484569, 1.345100806156523 ], [ 103.644719109501466, 1.345100806156523 ], [ 103.644719109501466, 1.344886288554459 ], [ 103.64476202484569, 1.344886288554459 ], [ 103.64476202484569, 1.344843385031784 ], [ 103.644804940189942, 1.344843385031784 ], [ 103.644804940189942, 1.344800481508355 ], [ 103.644890770878405, 1.344800481508355 ], [ 103.644890770878405, 1.344757577984171 ], [ 103.644933686222629, 1.344757577984171 ], [ 103.644933686222629, 1.344714674459233 ], [ 103.645019516911091, 1.344714674459233 ], [ 103.645019516911091, 1.344671770933541 ], [ 103.645062432255344, 1.344671770933541 ], [ 103.645062432255344, 1.344628867407094 ], [ 103.645105347599568, 1.344628867407094 ], [ 103.645105347599568, 1.344585963879894 ], [ 103.645148262943806, 1.344585963879894 ], [ 103.645148262943806, 1.34454306035194 ], [ 103.64519117828803, 1.34454306035194 ], [ 103.64519117828803, 1.344500156823231 ], [ 103.645234093632254, 1.344500156823231 ], [ 103.645234093632254, 1.344457253293769 ], [ 103.645277008976478, 1.344457253293769 ], [ 103.645277008976478, 1.344414349763553 ], [ 103.645362839664941, 1.344414349763553 ], [ 103.645362839664941, 1.344371446232582 ], [ 103.645534501041894, 1.344371446232582 ], [ 103.645534501041894, 1.344414349763553 ], [ 103.645577416386118, 1.344414349763553 ], [ 103.645577416386118, 1.344457253293769 ], [ 103.645620331730356, 1.344457253293769 ], [ 103.645620331730356, 1.344500156823231 ], [ 103.64566324707458, 1.344500156823231 ], [ 103.64566324707458, 1.344585963879894 ], [ 103.645706162418819, 1.344585963879894 ], [ 103.645706162418819, 1.344671770933541 ], [ 103.645749077763043, 1.344671770933541 ], [ 103.645749077763043, 1.344714674459233 ], [ 103.645791993107281, 1.344714674459233 ], [ 103.645791993107281, 1.344800481508355 ], [ 103.645834908451505, 1.344800481508355 ], [ 103.645834908451505, 1.344843385031784 ], [ 103.645877823795743, 1.344843385031784 ], [ 103.645877823795743, 1.344886288554459 ], [ 103.645920739139967, 1.344886288554459 ], [ 103.645920739139967, 1.344972095597547 ], [ 103.64596365448422, 1.344972095597547 ], [ 103.64596365448422, 1.34501499911796 ], [ 103.646006569828444, 1.34501499911796 ], [ 103.646006569828444, 1.345057902637619 ], [ 103.646049485172682, 1.345057902637619 ], [ 103.646049485172682, 1.345143709674672 ], [ 103.646092400516906, 1.345143709674672 ], [ 103.646092400516906, 1.345186613192068 ], [ 103.646135315861144, 1.345186613192068 ], [ 103.646135315861144, 1.345229516708708 ], [ 103.646178231205369, 1.345229516708708 ], [ 103.646178231205369, 1.345315323739727 ], [ 103.646221146549607, 1.345315323739727 ], [ 103.646221146549607, 1.345401130767727 ], [ 103.646264061893831, 1.345401130767727 ], [ 103.646264061893831, 1.34548693779271 ], [ 103.646306977238069, 1.34548693779271 ], [ 103.646306977238069, 1.345529841304069 ], [ 103.646349892582293, 1.345529841304069 ], [ 103.646349892582293, 1.345572744814674 ], [ 103.646392807926532, 1.345572744814674 ], [ 103.646392807926532, 1.345658551833619 ], [ 103.646435723270756, 1.345658551833619 ], [ 103.646435723270756, 1.34570145534196 ], [ 103.646478638614994, 1.34570145534196 ], [ 103.646478638614994, 1.345744358849547 ], [ 103.646521553959218, 1.345744358849547 ], [ 103.646521553959218, 1.345830165862455 ], [ 103.646564469303456, 1.345830165862455 ], [ 103.646564469303456, 1.345873069367777 ], [ 103.646607384647709, 1.345873069367777 ], [ 103.646607384647709, 1.345915972872344 ], [ 103.646650299991933, 1.345915972872344 ], [ 103.646650299991933, 1.346001779879214 ], [ 103.646693215336171, 1.346001779879214 ], [ 103.646693215336171, 1.346044683381516 ], [ 103.646779046024619, 1.346044683381516 ], [ 103.646779046024619, 1.346087586883064 ], [ 103.646821961368843, 1.346087586883064 ], [ 103.646821961368843, 1.346130490383857 ], [ 103.646864876713096, 1.346130490383857 ], [ 103.646864876713096, 1.346173393883895 ], [ 103.64690779205732, 1.346173393883895 ], [ 103.64690779205732, 1.346216297383178 ], [ 103.646950707401558, 1.346216297383178 ], [ 103.646950707401558, 1.346259200881706 ], [ 103.646993622745782, 1.346259200881706 ], [ 103.646993622745782, 1.346302104379479 ], [ 103.64703653809002, 1.346302104379479 ], [ 103.64703653809002, 1.346345007876497 ], [ 103.647079453434245, 1.346345007876497 ], [ 103.647079453434245, 1.34638791137276 ], [ 103.647122368778483, 1.34638791137276 ], [ 103.647122368778483, 1.346430814868268 ], [ 103.647165284122707, 1.346430814868268 ], [ 103.647165284122707, 1.34647371836302 ], [ 103.647208199466959, 1.34647371836302 ], [ 103.647208199466959, 1.346516621857018 ], [ 103.647251114811183, 1.346516621857018 ], [ 103.647251114811183, 1.34655952535026 ], [ 103.647294030155408, 1.34655952535026 ], [ 103.647294030155408, 1.346602428842748 ], [ 103.647336945499632, 1.346602428842748 ], [ 103.647336945499632, 1.346688235825457 ], [ 103.64737986084387, 1.346688235825457 ], [ 103.64737986084387, 1.346731139315678 ], [ 103.647422776188094, 1.346731139315678 ], [ 103.647422776188094, 1.346774042805145 ], [ 103.647465691532332, 1.346774042805145 ], [ 103.647465691532332, 1.346816946293856 ], [ 103.647508606876556, 1.346816946293856 ], [ 103.647508606876556, 1.346859849781812 ], [ 103.647551522220809, 1.346859849781812 ], [ 103.647551522220809, 1.346945656755457 ], [ 103.647594437565033, 1.346945656755457 ], [ 103.647594437565033, 1.347031463726081 ], [ 103.647637352909271, 1.347031463726081 ], [ 103.647637352909271, 1.347160174176351 ], [ 103.647594437565033, 1.347160174176351 ], [ 103.647594437565033, 1.34724598113942 ], [ 103.647551522220809, 1.34724598113942 ], [ 103.647551522220809, 1.347288884619822 ], [ 103.647465691532332, 1.347288884619822 ], [ 103.647465691532332, 1.347331788099467 ], [ 103.647422776188094, 1.347331788099467 ], [ 103.647422776188094, 1.347374691578358 ], [ 103.647336945499632, 1.347374691578358 ], [ 103.647336945499632, 1.347417595056492 ], [ 103.647294030155408, 1.347417595056492 ], [ 103.647294030155408, 1.347460498533871 ], [ 103.647251114811183, 1.347460498533871 ], [ 103.647251114811183, 1.347503402010494 ], [ 103.647165284122707, 1.347503402010494 ], [ 103.647165284122707, 1.347546305486361 ], [ 103.647122368778483, 1.347546305486361 ], [ 103.647122368778483, 1.347589208961473 ], [ 103.64703653809002, 1.347589208961473 ], [ 103.64703653809002, 1.347632112435829 ], [ 103.646993622745782, 1.347632112435829 ], [ 103.646993622745782, 1.347675015909429 ], [ 103.64690779205732, 1.347675015909429 ], [ 103.64690779205732, 1.347717919382273 ], [ 103.646821961368843, 1.347717919382273 ], [ 103.646821961368843, 1.347760822854362 ], [ 103.646736130680395, 1.347760822854362 ] ] ] } },
{ "type": "Feature", "properties": { "siteId": "GRW::SOLAR::MYS::solar_sea_2024q2_v1.geojson::591", "projectId": "MYS-S-001", "projectName": "TNB Sepang Solar", "countryCode": "MYS", "technology": "solar", "paperToPowerLabel": "observed_on_schedule", "matchConfidence": 0.785, "distanceKm": 10.597, "observedFirstSeenQuarter": "2018 Q2", "estimatedCapacityProxyMw": 44.16 }, "geometry": { "type": "Polygon", "coordinates": [ [ [ 101.619286523112848, 2.790067743930458 ], [ 101.619286523112848, 2.790024879457702 ], [ 101.619029031047447, 2.790024879457702 ], [ 101.619029031047447, 2.789982014983384 ], [ 101.618685708293597, 2.789982014983384 ], [ 101.618685708293597, 2.789939150507502 ], [ 101.618256554851271, 2.789939150507502 ], [ 101.618256554851271, 2.789982014983384 ], [ 101.617827401408931, 2.789982014983384 ], [ 101.617827401408931, 2.790024879457702 ], [ 101.617441163310858, 2.790024879457702 ], [ 101.617441163310858, 2.789982014983384 ], [ 101.617183671245456, 2.789982014983384 ], [ 101.617183671245456, 2.789939150507502 ], [ 101.61705492521277, 2.789939150507502 ], [ 101.61705492521277, 2.789896286030058 ], [ 101.616969094524308, 2.789896286030058 ], [ 101.616969094524308, 2.789853421551052 ], [ 101.616883263835831, 2.789853421551052 ], [ 101.616883263835831, 2.789810557070482 ], [ 101.616840348491593, 2.789810557070482 ], [ 101.616840348491593, 2.78976769258835 ], [ 101.616797433147369, 2.78976769258835 ], [ 101.616797433147369, 2.789724828104656 ], [ 101.61675451780313, 2.789724828104656 ], [ 101.61675451780313, 2.789639099132578 ], [ 101.616711602458906, 2.789639099132578 ], [ 101.616711602458906, 2.789596234644196 ], [ 101.616668687114668, 2.789596234644196 ], [ 101.616668687114668, 2.78955337015425 ], [ 101.616625771770444, 2.78955337015425 ], [ 101.616625771770444, 2.789467641169673 ], [ 101.616539941081982, 2.789467641169673 ], [ 101.616539941081982, 2.78942477667504 ], [ 101.616497025737743, 2.78942477667504 ], [ 101.616497025737743, 2.789381912178846 ], [ 101.616411195049281, 2.789381912178846 ], [ 101.616411195049281, 2.789339047681088 ], [ 101.616368279705057, 2.789339047681088 ], [ 101.616368279705057, 2.789296183181767 ], [ 101.61628244901658, 2.789296183181767 ], [ 101.61628244901658, 2.789253318680886 ], [ 101.61615370298388, 2.789253318680886 ], [ 101.61615370298388, 2.789210454178441 ], [ 101.616024956951208, 2.789210454178441 ], [ 101.616024956951208, 2.789167589674434 ], [ 101.615939126262717, 2.789167589674434 ], [ 101.615939126262717, 2.789124725168865 ], [ 101.61581038023003, 2.789124725168865 ], [ 101.61581038023003, 2.789081860661733 ], [ 101.615681634197315, 2.789081860661733 ], [ 101.615681634197315, 2.789038996153039 ], [ 101.615509972820405, 2.789038996153039 ], [ 101.615509972820405, 2.788996131642783 ], [ 101.615424142131928, 2.788996131642783 ], [ 101.615424142131928, 2.788953267130965 ], [ 101.615295396099242, 2.788953267130965 ], [ 101.615295396099242, 2.788910402617584 ], [ 101.61520956541078, 2.788910402617584 ], [ 101.61520956541078, 2.788867538102642 ], [ 101.615123734722317, 2.788867538102642 ], [ 101.615123734722317, 2.788824673586137 ], [ 101.615080819378079, 2.788824673586137 ], [ 101.615080819378079, 2.78878180906807 ], [ 101.614994988689617, 2.78878180906807 ], [ 101.614994988689617, 2.788738944548441 ], [ 101.614909158001154, 2.788738944548441 ], [ 101.614909158001154, 2.78869608002725 ], [ 101.614823327312692, 2.78869608002725 ], [ 101.614823327312692, 2.788653215504496 ], [ 101.614737496624215, 2.788653215504496 ], [ 101.614737496624215, 2.788610350980182 ], [ 101.614651665935753, 2.788610350980182 ], [ 101.614651665935753, 2.788567486454304 ], [ 101.614565835247291, 2.788567486454304 ], [ 101.614565835247291, 2.788524621926865 ], [ 101.614522919903052, 2.788524621926865 ], [ 101.614522919903052, 2.788481757397864 ], [ 101.61443708921459, 2.788481757397864 ], [ 101.61443708921459, 2.788438892867301 ], [ 101.614394173870366, 2.788438892867301 ], [ 101.614394173870366, 2.788396028335176 ], [ 101.614093766460726, 2.788396028335176 ], [ 101.614093766460726, 2.788353163801489 ], [ 101.613922105083816, 2.788353163801489 ], [ 101.613922105083816, 2.788310299266241 ], [ 101.613879189739563, 2.788310299266241 ], [ 101.613879189739563, 2.78826743472943 ], [ 101.613836274395339, 2.78826743472943 ], [ 101.613836274395339, 2.788224570191058 ], [ 101.613793359051101, 2.788224570191058 ], [ 101.613793359051101, 2.787581601928072 ], [ 101.613750443706877, 2.787581601928072 ], [ 101.613750443706877, 2.787238685377489 ], [ 101.613707528362639, 2.787238685377489 ], [ 101.613707528362639, 2.78715295622423 ], [ 101.613664613018415, 2.78715295622423 ], [ 101.613664613018415, 2.787024362482634 ], [ 101.613621697674176, 2.787024362482634 ], [ 101.613621697674176, 2.786509987375754 ], [ 101.613578782329952, 2.786509987375754 ], [ 101.613578782329952, 2.786467122773367 ], [ 101.6135358669857, 2.786467122773367 ], [ 101.6135358669857, 2.786424258169421 ], [ 101.613321290264565, 2.786424258169421 ], [ 101.613321290264565, 2.786381393563913 ], [ 101.613278374920313, 2.786381393563913 ], [ 101.613278374920313, 2.786295664348216 ], [ 101.613235459576089, 2.786295664348216 ], [ 101.613235459576089, 2.786167070512965 ], [ 101.61319254423185, 2.786167070512965 ], [ 101.61319254423185, 2.78608134128166 ], [ 101.613149628887626, 2.78608134128166 ], [ 101.613149628887626, 2.786038476663668 ], [ 101.613106713543388, 2.786038476663668 ], [ 101.613106713543388, 2.785995612044114 ], [ 101.613063798199164, 2.785995612044114 ], [ 101.613063798199164, 2.785952747422999 ], [ 101.613020882854926, 2.785952747422999 ], [ 101.613020882854926, 2.785909882800325 ], [ 101.612977967510702, 2.785909882800325 ], [ 101.612977967510702, 2.785867018176091 ], [ 101.612935052166463, 2.785867018176091 ], [ 101.612935052166463, 2.785781288922939 ], [ 101.612892136822225, 2.785781288922939 ], [ 101.612892136822225, 2.785738424294022 ], [ 101.612849221478001, 2.785738424294022 ], [ 101.612849221478001, 2.785695559663545 ], [ 101.612806306133763, 2.785695559663545 ], [ 101.612806306133763, 2.785652695031508 ], [ 101.612763390789539, 2.785652695031508 ], [ 101.612763390789539, 2.785609830397911 ], [ 101.6127204754453, 2.785609830397911 ], [ 101.6127204754453, 2.785524101126035 ], [ 101.612677560101076, 2.785524101126035 ], [ 101.612677560101076, 2.785481236487756 ], [ 101.612634644756824, 2.785481236487756 ], [ 101.612634644756824, 2.785395507206518 ], [ 101.6125917294126, 2.785395507206518 ], [ 101.6125917294126, 2.78535264256356 ], [ 101.612505898724137, 2.78535264256356 ], [ 101.612505898724137, 2.78530977791904 ], [ 101.612420068035675, 2.78530977791904 ], [ 101.612420068035675, 2.785266913272961 ], [ 101.612334237347213, 2.785266913272961 ], [ 101.612334237347213, 2.785224048625321 ], [ 101.612291322002974, 2.785224048625321 ], [ 101.612291322002974, 2.785181183976121 ], [ 101.612205491314512, 2.785181183976121 ], [ 101.612205491314512, 2.785095454673042 ], [ 101.612162575970288, 2.785095454673042 ], [ 101.612162575970288, 2.785052590019161 ], [ 101.61211966062605, 2.785052590019161 ], [ 101.61211966062605, 2.785009725363722 ], [ 101.612033829937573, 2.785009725363722 ], [ 101.612033829937573, 2.784966860706722 ], [ 101.611947999249111, 2.784966860706722 ], [ 101.611947999249111, 2.784923996048161 ], [ 101.611905083904887, 2.784923996048161 ], [ 101.611905083904887, 2.784881131388042 ], [ 101.611819253216424, 2.784881131388042 ], [ 101.611819253216424, 2.784838266726362 ], [ 101.611733422527948, 2.784838266726362 ], [ 101.611733422527948, 2.784795402063122 ], [ 101.611647591839485, 2.784795402063122 ], [ 101.611647591839485, 2.784752537398323 ], [ 101.611604676495261, 2.784752537398323 ], [ 101.611604676495261, 2.784709672731964 ], [ 101.611518845806799, 2.784709672731964 ], [ 101.611518845806799, 2.784666808064044 ], [ 101.611433015118322, 2.784666808064044 ], [ 101.611433015118322, 2.784623943394565 ], [ 101.611347184429874, 2.784623943394565 ], [ 101.611347184429874, 2.784581078723526 ], [ 101.611261353741412, 2.784581078723526 ], [ 101.611261353741412, 2.784538214050928 ], [ 101.61117552305295, 2.784538214050928 ], [ 101.61117552305295, 2.784495349376769 ], [ 101.611046777020235, 2.784495349376769 ], [ 101.611046777020235, 2.784452484701052 ], [ 101.610960946331772, 2.784452484701052 ], [ 101.610960946331772, 2.784409620023774 ], [ 101.61087511564331, 2.784409620023774 ], [ 101.61087511564331, 2.78432389066454 ], [ 101.610832200299072, 2.78432389066454 ], [ 101.610832200299072, 2.784238161299067 ], [ 101.610789284954848, 2.784238161299067 ], [ 101.610789284954848, 2.783980973165221 ], [ 101.610832200299072, 2.783980973165221 ], [ 101.610832200299072, 2.783895243774795 ], [ 101.61087511564331, 2.783895243774795 ], [ 101.61087511564331, 2.783852379077244 ], [ 101.610918030987548, 2.783852379077244 ], [ 101.610918030987548, 2.783809514378134 ], [ 101.610960946331772, 2.783809514378134 ], [ 101.610960946331772, 2.783766649677463 ], [ 101.611003861676011, 2.783766649677463 ], [ 101.611003861676011, 2.783723784975234 ], [ 101.611089692364473, 2.783723784975234 ], [ 101.611089692364473, 2.783680920271446 ], [ 101.611132607708697, 2.783680920271446 ], [ 101.611132607708697, 2.783638055566098 ], [ 101.611218438397174, 2.783638055566098 ], [ 101.611218438397174, 2.783595190859191 ], [ 101.611261353741412, 2.783595190859191 ], [ 101.611261353741412, 2.783552326150724 ], [ 101.611304269085636, 2.783552326150724 ], [ 101.611304269085636, 2.783509461440699 ], [ 101.611347184429874, 2.783509461440699 ], [ 101.611347184429874, 2.783466596729115 ], [ 101.611390099774098, 2.783466596729115 ], [ 101.611390099774098, 2.78342373201597 ], [ 101.611433015118322, 2.78342373201597 ], [ 101.611433015118322, 2.783380867301268 ], [ 101.611475930462547, 2.783380867301268 ], [ 101.611475930462547, 2.783037949527521 ], [ 101.611433015118322, 2.783037949527521 ], [ 101.611433015118322, 2.782952220068495 ], [ 101.611390099774098, 2.782952220068495 ], [ 101.611390099774098, 2.782866490603233 ], [ 101.611347184429874, 2.782866490603233 ], [ 101.611347184429874, 2.782823625868263 ], [ 101.611304269085636, 2.782823625868263 ], [ 101.611304269085636, 2.782780761131736 ], [ 101.611261353741412, 2.782780761131736 ], [ 101.611261353741412, 2.782737896393649 ], [ 101.611218438397174, 2.782737896393649 ], [ 101.611218438397174, 2.782695031654004 ], [ 101.61117552305295, 2.782695031654004 ], [ 101.61117552305295, 2.7826521669128 ], [ 101.611132607708697, 2.7826521669128 ], [ 101.611132607708697, 2.782609302170037 ], [ 101.611089692364473, 2.782609302170037 ], [ 101.611089692364473, 2.782566437425716 ], [ 101.611046777020235, 2.782566437425716 ], [ 101.611046777020235, 2.782480707932398 ], [ 101.611003861676011, 2.782480707932398 ], [ 101.611003861676011, 2.7824378431834 ], [ 101.610960946331772, 2.7824378431834 ], [ 101.610960946331772, 2.782223519415037 ], [ 101.611003861676011, 2.782223519415037 ], [ 101.611003861676011, 2.782180654656689 ], [ 101.611046777020235, 2.782180654656689 ], [ 101.611046777020235, 2.782137789896782 ], [ 101.611089692364473, 2.782137789896782 ], [ 101.611089692364473, 2.782094925135318 ], [ 101.611132607708697, 2.782094925135318 ], [ 101.611132607708697, 2.782052060372294 ], [ 101.611218438397174, 2.782052060372294 ], [ 101.611218438397174, 2.782009195607713 ], [ 101.611347184429874, 2.782009195607713 ], [ 101.611347184429874, 2.781966330841573 ], [ 101.6117763378722, 2.781966330841573 ], [ 101.6117763378722, 2.782009195607713 ], [ 101.612033829937573, 2.782009195607713 ], [ 101.612033829937573, 2.781966330841573 ], [ 101.612377152691437, 2.781966330841573 ], [ 101.612377152691437, 2.781923466073875 ], [ 101.612634644756824, 2.781923466073875 ], [ 101.612634644756824, 2.781880601304618 ], [ 101.613020882854926, 2.781880601304618 ], [ 101.613020882854926, 2.781923466073875 ], [ 101.613922105083816, 2.781923466073875 ], [ 101.613922105083816, 2.781966330841573 ], [ 101.614136681804965, 2.781966330841573 ], [ 101.614136681804965, 2.782009195607713 ], [ 101.614265427837665, 2.782009195607713 ], [ 101.614265427837665, 2.782052060372294 ], [ 101.614394173870366, 2.782052060372294 ], [ 101.614394173870366, 2.782094925135318 ], [ 101.614565835247291, 2.782094925135318 ], [ 101.614565835247291, 2.782137789896782 ], [ 101.615166650066541, 2.782137789896782 ], [ 101.615166650066541, 2.782180654656689 ], [ 101.615424142131928, 2.782180654656689 ], [ 101.615424142131928, 2.782223519415037 ], [ 101.615552888164643, 2.782223519415037 ], [ 101.615552888164643, 2.782266384171827 ], [ 101.615767464885792, 2.782266384171827 ], [ 101.615767464885792, 2.782309248927058 ], [ 101.616368279705057, 2.782309248927058 ], [ 101.616368279705057, 2.78235211368073 ], [ 101.61675451780313, 2.78235211368073 ], [ 101.61675451780313, 2.782394978432845 ], [ 101.616926179180055, 2.782394978432845 ], [ 101.616926179180055, 2.7824378431834 ], [ 101.617097840557008, 2.7824378431834 ], [ 101.617097840557008, 2.782480707932398 ], [ 101.617526993999334, 2.782480707932398 ], [ 101.617526993999334, 2.782523572679836 ], [ 101.617870316753184, 2.782523572679836 ], [ 101.617870316753184, 2.782566437425716 ], [ 101.618084893474347, 2.782566437425716 ], [ 101.618084893474347, 2.782609302170037 ], [ 101.618471131572434, 2.782609302170037 ], [ 101.618471131572434, 2.7826521669128 ], [ 101.618642792949359, 2.7826521669128 ], [ 101.618642792949359, 2.782695031654004 ], [ 101.61877153898206, 2.782695031654004 ], [ 101.61877153898206, 2.782737896393649 ], [ 101.618857369670522, 2.782737896393649 ], [ 101.618857369670522, 2.782780761131736 ], [ 101.618943200358984, 2.782780761131736 ], [ 101.618943200358984, 2.782823625868263 ], [ 101.618986115703208, 2.782823625868263 ], [ 101.618986115703208, 2.782866490603233 ], [ 101.619286523112848, 2.782866490603233 ], [ 101.619286523112848, 2.782909355336643 ], [ 101.61984442258786, 2.782909355336643 ], [ 101.61984442258786, 2.782952220068495 ], [ 101.620101914653262, 2.782952220068495 ], [ 101.620101914653262, 2.782995084798787 ], [ 101.620230660685962, 2.782995084798787 ], [ 101.620230660685962, 2.783037949527521 ], [ 101.620831475505213, 2.783037949527521 ], [ 101.620831475505213, 2.783080814254696 ], [ 101.621131882914824, 2.783080814254696 ], [ 101.621131882914824, 2.783123678980311 ], [ 101.621260628947539, 2.783123678980311 ], [ 101.621260628947539, 2.783166543704368 ], [ 101.621303544291777, 2.783166543704368 ], [ 101.621303544291777, 2.783209408426867 ], [ 101.621346459636001, 2.783209408426867 ], [ 101.621346459636001, 2.783252273147805 ], [ 101.621389374980239, 2.783252273147805 ], [ 101.621389374980239, 2.783295137867186 ], [ 101.621432290324449, 2.783295137867186 ], [ 101.621432290324449, 2.783380867301268 ], [ 101.621475205668702, 2.783380867301268 ], [ 101.621475205668702, 2.783809514378134 ], [ 101.621432290324449, 2.783809514378134 ], [ 101.621432290324449, 2.783980973165221 ], [ 101.621389374980239, 2.783980973165221 ], [ 101.621389374980239, 2.784195296613992 ], [ 101.621346459636001, 2.784195296613992 ], [ 101.621346459636001, 2.784623943394565 ], [ 101.621303544291777, 2.784623943394565 ], [ 101.621303544291777, 2.784838266726362 ], [ 101.621260628947539, 2.784838266726362 ], [ 101.621260628947539, 2.785052590019161 ], [ 101.621217713603315, 2.785052590019161 ], [ 101.621217713603315, 2.785266913272961 ], [ 101.621174798259062, 2.785266913272961 ], [ 101.621174798259062, 2.785609830397911 ], [ 101.621131882914824, 2.785609830397911 ], [ 101.621131882914824, 2.785867018176091 ], [ 101.6210889675706, 2.785867018176091 ], [ 101.6210889675706, 2.786167070512965 ], [ 101.621046052226362, 2.786167070512965 ], [ 101.621046052226362, 2.786381393563913 ], [ 101.621003136882138, 2.786381393563913 ], [ 101.621003136882138, 2.786681445769689 ], [ 101.620960221537899, 2.786681445769689 ], [ 101.620960221537899, 2.786895768726987 ], [ 101.620917306193675, 2.786895768726987 ], [ 101.620917306193675, 2.787067227064727 ], [ 101.620874390849437, 2.787067227064727 ], [ 101.620874390849437, 2.787238685377489 ], [ 101.620831475505213, 2.787238685377489 ], [ 101.620831475505213, 2.787581601928072 ], [ 101.620788560160975, 2.787581601928072 ], [ 101.620788560160975, 2.78779592472144 ], [ 101.620745644816751, 2.78779592472144 ], [ 101.620745644816751, 2.78801024747577 ], [ 101.620702729472512, 2.78801024747577 ], [ 101.620702729472512, 2.788181705651123 ], [ 101.620659814128288, 2.788181705651123 ], [ 101.620659814128288, 2.788567486454304 ], [ 101.62061689878405, 2.788567486454304 ], [ 101.62061689878405, 2.788867538102642 ], [ 101.620573983439826, 2.788867538102642 ], [ 101.620573983439826, 2.789081860661733 ], [ 101.620531068095573, 2.789081860661733 ], [ 101.620531068095573, 2.789253318680886 ], [ 101.620488152751349, 2.789253318680886 ], [ 101.620488152751349, 2.78955337015425 ], [ 101.620445237407111, 2.78955337015425 ], [ 101.620445237407111, 2.789853421551052 ], [ 101.620402322062887, 2.789853421551052 ], [ 101.620402322062887, 2.789939150507502 ], [ 101.620359406718649, 2.789939150507502 ], [ 101.620359406718649, 2.789982014983384 ], [ 101.620316491374425, 2.789982014983384 ], [ 101.620316491374425, 2.790024879457702 ], [ 101.620273576030186, 2.790024879457702 ], [ 101.620273576030186, 2.790067743930458 ], [ 101.619286523112848, 2.790067743930458 ] ] ] } },
{ "type": "Feature", "properties": { "siteId": "GRW::SOLAR::PHL::solar_sea_2024q2_v1.geojson::603", "projectId": "PHL-S-003", "projectName": "Opus Solar Power Project", "countryCode": "PHL", "technology": "solar", "paperToPowerLabel": "observed_smaller_than_claimed", "matchConfidence": 0.7475, "distanceKm": 4.198, "observedFirstSeenQuarter": "2017 Q4", "estimatedCapacityProxyMw": 50.05 }, "geometry": { "type": "Polygon", "coordinates": [ [ [ 120.485258085739147, 18.058150604849857 ], [ 120.485258085739147, 18.058109803407785 ], [ 120.485043509017984, 18.058109803407785 ], [ 120.485043509017984, 18.058069001956241 ], [ 120.48487184764106, 18.058069001956241 ], [ 120.48487184764106, 18.058028200495222 ], [ 120.484142286789123, 18.058028200495222 ], [ 120.484142286789123, 18.057987399024725 ], [ 120.484013540756408, 18.057987399024725 ], [ 120.484013540756408, 18.05794659754476 ], [ 120.483884794723721, 18.05794659754476 ], [ 120.483884794723721, 18.057905796055323 ], [ 120.483756048691021, 18.057905796055323 ], [ 120.483756048691021, 18.057864994556411 ], [ 120.482897741806383, 18.057864994556411 ], [ 120.482897741806383, 18.057824193048027 ], [ 120.482425673019804, 18.057824193048027 ], [ 120.482425673019804, 18.057783391530169 ], [ 120.482296926987118, 18.057783391530169 ], [ 120.482296926987118, 18.057742590002839 ], [ 120.48225401164288, 18.057742590002839 ], [ 120.48225401164288, 18.05770178846603 ], [ 120.482211096298641, 18.05770178846603 ], [ 120.482211096298641, 18.057660986919757 ], [ 120.482168180954417, 18.057660986919757 ], [ 120.482168180954417, 18.057538582224083 ], [ 120.482125265610179, 18.057538582224083 ], [ 120.482125265610179, 18.057497780639913 ], [ 120.482168180954417, 18.057497780639913 ], [ 120.482168180954417, 18.057130565956101 ], [ 120.482125265610179, 18.057130565956101 ], [ 120.482125265610179, 18.056967359183666 ], [ 120.482168180954417, 18.056967359183666 ], [ 120.482168180954417, 18.05643693612652 ], [ 120.482211096298641, 18.05643693612652 ], [ 120.482211096298641, 18.056355332437182 ], [ 120.482168180954417, 18.056355332437182 ], [ 120.482168180954417, 18.056110521141814 ], [ 120.482125265610179, 18.056110521141814 ], [ 120.482125265610179, 18.05594731342212 ], [ 120.482168180954417, 18.05594731342212 ], [ 120.482168180954417, 18.055620897528069 ], [ 120.482211096298641, 18.055620897528069 ], [ 120.482211096298641, 18.055172074683902 ], [ 120.48225401164288, 18.055172074683902 ], [ 120.48225401164288, 18.05456004168574 ], [ 120.482296926987118, 18.05456004168574 ], [ 120.482296926987118, 18.054396832526301 ], [ 120.482339842331356, 18.054396832526301 ], [ 120.482339842331356, 18.054233623215318 ], [ 120.482382757675595, 18.054233623215318 ], [ 120.482382757675595, 18.054029611363482 ], [ 120.482425673019804, 18.054029611363482 ], [ 120.482425673019804, 18.053784796828719 ], [ 120.482468588364043, 18.053784796828719 ], [ 120.482468588364043, 18.05349917944055 ], [ 120.482511503708281, 18.05349917944055 ], [ 120.482511503708281, 18.052356705247046 ], [ 120.482468588364043, 18.052356705247046 ], [ 120.482468588364043, 18.052152691216865 ], [ 120.482425673019804, 18.052152691216865 ], [ 120.482425673019804, 18.052071085538493 ], [ 120.482468588364043, 18.052071085538493 ], [ 120.482468588364043, 18.051744662446204 ], [ 120.482425673019804, 18.051744662446204 ], [ 120.482425673019804, 18.051418238747804 ], [ 120.482382757675595, 18.051418238747804 ], [ 120.482382757675595, 18.050765389532724 ], [ 120.482339842331356, 18.050765389532724 ], [ 120.482339842331356, 18.050479767238794 ], [ 120.482382757675595, 18.050479767238794 ], [ 120.482382757675595, 18.050316554291065 ], [ 120.482339842331356, 18.050316554291065 ], [ 120.482339842331356, 18.049949324604704 ], [ 120.482296926987118, 18.049949324604704 ], [ 120.482296926987118, 18.049704504387655 ], [ 120.48225401164288, 18.049704504387655 ], [ 120.48225401164288, 18.049541290720235 ], [ 120.482211096298641, 18.049541290720235 ], [ 120.482211096298641, 18.049378076901306 ], [ 120.482168180954417, 18.049378076901306 ], [ 120.482168180954417, 18.048970041691131 ], [ 120.482125265610179, 18.048970041691131 ], [ 120.482125265610179, 18.048806827341924 ], [ 120.482082350265969, 18.048806827341924 ], [ 120.482082350265969, 18.048684416480594 ], [ 120.482039434921731, 18.048684416480594 ], [ 120.482039434921731, 18.04843959450227 ], [ 120.481996519577493, 18.04843959450227 ], [ 120.481996519577493, 18.048235575926601 ], [ 120.481953604233254, 18.048235575926601 ], [ 120.481953604233254, 18.048072360895627 ], [ 120.481910688889045, 18.048072360895627 ], [ 120.481910688889045, 18.04794994952298 ], [ 120.481867773544778, 18.04794994952298 ], [ 120.481867773544778, 18.047786734226879 ], [ 120.481824858200568, 18.047786734226879 ], [ 120.481824858200568, 18.047623518779286 ], [ 120.48178194285633, 18.047623518779286 ], [ 120.48178194285633, 18.047460303180195 ], [ 120.481739027512091, 18.047460303180195 ], [ 120.481739027512091, 18.047378695323843 ], [ 120.481696112167853, 18.047378695323843 ], [ 120.481696112167853, 18.047256283468293 ], [ 120.481653196823643, 18.047256283468293 ], [ 120.481653196823643, 18.047093067528341 ], [ 120.481610281479391, 18.047093067528341 ], [ 120.481610281479391, 18.046929851436889 ], [ 120.481567366135181, 18.046929851436889 ], [ 120.481567366135181, 18.046766635193951 ], [ 120.481524450790943, 18.046766635193951 ], [ 120.481524450790943, 18.046399398093456 ], [ 120.481481535446704, 18.046399398093456 ], [ 120.481481535446704, 18.046236181358179 ], [ 120.481438620102466, 18.046236181358179 ], [ 120.481438620102466, 18.046113768707308 ], [ 120.481395704758256, 18.046113768707308 ], [ 120.481395704758256, 18.045950551706927 ], [ 120.481438620102466, 18.045950551706927 ], [ 120.481438620102466, 18.045909747433161 ], [ 120.481481535446704, 18.045909747433161 ], [ 120.481481535446704, 18.04586894314993 ], [ 120.481524450790943, 18.04586894314993 ], [ 120.481524450790943, 18.045828138857232 ], [ 120.481610281479391, 18.045828138857232 ], [ 120.481610281479391, 18.045787334555065 ], [ 120.481953604233254, 18.045787334555065 ], [ 120.481953604233254, 18.045746530243427 ], [ 120.482125265610179, 18.045746530243427 ], [ 120.482125265610179, 18.045705725922325 ], [ 120.482296926987118, 18.045705725922325 ], [ 120.482296926987118, 18.045746530243427 ], [ 120.482382757675595, 18.045746530243427 ], [ 120.482382757675595, 18.045705725922325 ], [ 120.482768995773668, 18.045705725922325 ], [ 120.482768995773668, 18.045664921591754 ], [ 120.483369810592905, 18.045664921591754 ], [ 120.483369810592905, 18.045705725922325 ], [ 120.483498556625619, 18.045705725922325 ], [ 120.483498556625619, 18.045746530243427 ], [ 120.483584387314096, 18.045746530243427 ], [ 120.483584387314096, 18.045787334555065 ], [ 120.483670218002544, 18.045787334555065 ], [ 120.483670218002544, 18.045828138857232 ], [ 120.483756048691021, 18.045828138857232 ], [ 120.483756048691021, 18.04586894314993 ], [ 120.483841879379483, 18.04586894314993 ], [ 120.483841879379483, 18.045909747433161 ], [ 120.483927710067931, 18.045909747433161 ], [ 120.483927710067931, 18.045950551706927 ], [ 120.484228117477571, 18.045950551706927 ], [ 120.484228117477571, 18.045991355971225 ], [ 120.484356863510243, 18.045991355971225 ], [ 120.484356863510243, 18.046032160226048 ], [ 120.48439977885451, 18.046032160226048 ], [ 120.48439977885451, 18.046072964471414 ], [ 120.484442694198748, 18.046072964471414 ], [ 120.484442694198748, 18.046113768707308 ], [ 120.484485609542958, 18.046113768707308 ], [ 120.484485609542958, 18.046195377150688 ], [ 120.484528524887196, 18.046195377150688 ], [ 120.484528524887196, 18.046317789744752 ], [ 120.484571440231434, 18.046317789744752 ], [ 120.484571440231434, 18.046399398093456 ], [ 120.484614355575673, 18.046399398093456 ], [ 120.484614355575673, 18.046603418799524 ], [ 120.484657270919882, 18.046603418799524 ], [ 120.484657270919882, 18.046807439268893 ], [ 120.484700186264149, 18.046807439268893 ], [ 120.484700186264149, 18.047011459501551 ], [ 120.484657270919882, 18.047011459501551 ], [ 120.484657270919882, 18.047133871527532 ], [ 120.484700186264149, 18.047133871527532 ], [ 120.484700186264149, 18.047256283468293 ], [ 120.484743101608359, 18.047256283468293 ], [ 120.484743101608359, 18.047337891381456 ], [ 120.484786016952597, 18.047337891381456 ], [ 120.484786016952597, 18.047378695323843 ], [ 120.484828932296821, 18.047378695323843 ], [ 120.484828932296821, 18.04750110709417 ], [ 120.48487184764106, 18.04750110709417 ], [ 120.48487184764106, 18.047705126522022 ], [ 120.484914762985269, 18.047705126522022 ], [ 120.484914762985269, 18.047827538065111 ], [ 120.484957678329536, 18.047827538065111 ], [ 120.484957678329536, 18.047868341893867 ], [ 120.485000593673746, 18.047868341893867 ], [ 120.485000593673746, 18.047909145713156 ], [ 120.485043509017984, 18.047909145713156 ], [ 120.485043509017984, 18.047990753323333 ], [ 120.485086424362223, 18.047990753323333 ], [ 120.485086424362223, 18.048153968430054 ], [ 120.485129339706461, 18.048153968430054 ], [ 120.485129339706461, 18.048194772183059 ], [ 120.485215170394909, 18.048194772183059 ], [ 120.485215170394909, 18.047990753323333 ], [ 120.485172255050671, 18.047990753323333 ], [ 120.485172255050671, 18.047827538065111 ], [ 120.485129339706461, 18.047827538065111 ], [ 120.485129339706461, 18.047745930379186 ], [ 120.485086424362223, 18.047745930379186 ], [ 120.485086424362223, 18.047582714893718 ], [ 120.485043509017984, 18.047582714893718 ], [ 120.485043509017984, 18.046970655473952 ], [ 120.485086424362223, 18.046970655473952 ], [ 120.485086424362223, 18.046929851436889 ], [ 120.485129339706461, 18.046929851436889 ], [ 120.485129339706461, 18.046889047390362 ], [ 120.485172255050671, 18.046889047390362 ], [ 120.485172255050671, 18.04684824333436 ], [ 120.485258085739147, 18.04684824333436 ], [ 120.485258085739147, 18.046807439268893 ], [ 120.48534391642761, 18.046807439268893 ], [ 120.48534391642761, 18.046766635193951 ], [ 120.485429747116058, 18.046766635193951 ], [ 120.485429747116058, 18.046725831109551 ], [ 120.485472662460296, 18.046725831109551 ], [ 120.485472662460296, 18.046644222912334 ], [ 120.485515577804534, 18.046644222912334 ], [ 120.485515577804534, 18.046236181358179 ], [ 120.485472662460296, 18.046236181358179 ], [ 120.485472662460296, 18.04615457293373 ], [ 120.485429747116058, 18.04615457293373 ], [ 120.485429747116058, 18.046072964471414 ], [ 120.485386831771848, 18.046072964471414 ], [ 120.485386831771848, 18.045950551706927 ], [ 120.485429747116058, 18.045950551706927 ], [ 120.485429747116058, 18.045909747433161 ], [ 120.485472662460296, 18.045909747433161 ], [ 120.485472662460296, 18.04586894314993 ], [ 120.485558493148773, 18.04586894314993 ], [ 120.485558493148773, 18.045828138857232 ], [ 120.485644323837249, 18.045828138857232 ], [ 120.485644323837249, 18.045787334555065 ], [ 120.485730154525697, 18.045787334555065 ], [ 120.485730154525697, 18.045746530243427 ], [ 120.486202223312276, 18.045746530243427 ], [ 120.486202223312276, 18.045705725922325 ], [ 120.486502630721901, 18.045705725922325 ], [ 120.486502630721901, 18.045664921591754 ], [ 120.486588461410349, 18.045664921591754 ], [ 120.486588461410349, 18.045705725922325 ], [ 120.487017614852661, 18.045705725922325 ], [ 120.487017614852661, 18.045664921591754 ], [ 120.487189276229614, 18.045664921591754 ], [ 120.487189276229614, 18.045624117251716 ], [ 120.487489683639211, 18.045624117251716 ], [ 120.487489683639211, 18.045664921591754 ], [ 120.487618429671926, 18.045664921591754 ], [ 120.487618429671926, 18.045705725922325 ], [ 120.487747175704641, 18.045705725922325 ], [ 120.487747175704641, 18.045746530243427 ], [ 120.487790091048851, 18.045746530243427 ], [ 120.487790091048851, 18.045787334555065 ], [ 120.487961752425775, 18.045787334555065 ], [ 120.487961752425775, 18.045746530243427 ], [ 120.488090498458476, 18.045746530243427 ], [ 120.488090498458476, 18.045787334555065 ], [ 120.488305075179639, 18.045787334555065 ], [ 120.488305075179639, 18.045828138857232 ], [ 120.488390905868116, 18.045828138857232 ], [ 120.488390905868116, 18.04586894314993 ], [ 120.488476736556564, 18.04586894314993 ], [ 120.488476736556564, 18.045909747433161 ], [ 120.488734228621979, 18.045909747433161 ], [ 120.488734228621979, 18.04586894314993 ], [ 120.489120466720053, 18.04586894314993 ], [ 120.489120466720053, 18.045828138857232 ], [ 120.489377958785454, 18.045828138857232 ], [ 120.489377958785454, 18.04586894314993 ], [ 120.489549620162379, 18.04586894314993 ], [ 120.489549620162379, 18.045909747433161 ], [ 120.489635450850841, 18.045909747433161 ], [ 120.489635450850841, 18.045950551706927 ], [ 120.489678366195079, 18.045950551706927 ], [ 120.489678366195079, 18.045991355971225 ], [ 120.489721281539317, 18.045991355971225 ], [ 120.489721281539317, 18.046032160226048 ], [ 120.489764196883527, 18.046032160226048 ], [ 120.489764196883527, 18.046072964471414 ], [ 120.489807112227794, 18.046072964471414 ], [ 120.489807112227794, 18.046195377150688 ], [ 120.489850027572004, 18.046195377150688 ], [ 120.489850027572004, 18.046276985556201 ], [ 120.489807112227794, 18.046276985556201 ], [ 120.489807112227794, 18.046399398093456 ], [ 120.489764196883527, 18.046399398093456 ], [ 120.489764196883527, 18.046481006404289 ], [ 120.489721281539317, 18.046481006404289 ], [ 120.489721281539317, 18.046562614677246 ], [ 120.489678366195079, 18.046562614677246 ], [ 120.489678366195079, 18.046725831109551 ], [ 120.489635450850841, 18.046725831109551 ], [ 120.489635450850841, 18.046807439268893 ], [ 120.489592535506603, 18.046807439268893 ], [ 120.489592535506603, 18.046929851436889 ], [ 120.489549620162379, 18.046929851436889 ], [ 120.489549620162379, 18.047174675517251 ], [ 120.48950670481814, 18.047174675517251 ], [ 120.48950670481814, 18.047460303180195 ], [ 120.489463789473902, 18.047460303180195 ], [ 120.489463789473902, 18.047868341893867 ], [ 120.489420874129692, 18.047868341893867 ], [ 120.489420874129692, 18.047990753323333 ], [ 120.489377958785454, 18.047990753323333 ], [ 120.489377958785454, 18.048072360895627 ], [ 120.489335043441216, 18.048072360895627 ], [ 120.489335043441216, 18.048357987100406 ], [ 120.489292128096977, 18.048357987100406 ], [ 120.489292128096977, 18.048521201866251 ], [ 120.489249212752767, 18.048521201866251 ], [ 120.489249212752767, 18.048643612841211 ], [ 120.489206297408501, 18.048643612841211 ], [ 120.489206297408501, 18.048847630943428 ], [ 120.489163382064291, 18.048847630943428 ], [ 120.489163382064291, 18.049010845254763 ], [ 120.489120466720053, 18.049010845254763 ], [ 120.489120466720053, 18.049092452353612 ], [ 120.489077551375814, 18.049092452353612 ], [ 120.489077551375814, 18.049174059414586 ], [ 120.48903463603159, 18.049174059414586 ], [ 120.48903463603159, 18.049255666437684 ], [ 120.488991720687366, 18.049255666437684 ], [ 120.488991720687366, 18.049337273422903 ], [ 120.488948805343142, 18.049337273422903 ], [ 120.488948805343142, 18.049418880370244 ], [ 120.488905889998904, 18.049418880370244 ], [ 120.488905889998904, 18.049663700985004 ], [ 120.488862974654666, 18.049663700985004 ], [ 120.488862974654666, 18.049908521258867 ], [ 120.488820059310427, 18.049908521258867 ], [ 120.488820059310427, 18.049990127941062 ], [ 120.488777143966189, 18.049990127941062 ], [ 120.488777143966189, 18.050071734585384 ], [ 120.488734228621979, 18.050071734585384 ], [ 120.488734228621979, 18.050275751030462 ], [ 120.488691313277741, 18.050275751030462 ], [ 120.488691313277741, 18.050438964016067 ], [ 120.488648397933503, 18.050438964016067 ], [ 120.488648397933503, 18.050520570452051 ], [ 120.488605482589264, 18.050520570452051 ], [ 120.488605482589264, 18.050561373655839 ], [ 120.488562567245026, 18.050561373655839 ], [ 120.488562567245026, 18.050642980035004 ], [ 120.488519651900802, 18.050642980035004 ], [ 120.488519651900802, 18.050765389532724 ], [ 120.488476736556564, 18.050765389532724 ], [ 120.488476736556564, 18.051010208272483 ], [ 120.488433821212354, 18.051010208272483 ], [ 120.488433821212354, 18.051132617514519 ], [ 120.488390905868116, 18.051132617514519 ], [ 120.488390905868116, 18.051295829704646 ], [ 120.488347990523877, 18.051295829704646 ], [ 120.488347990523877, 18.051418238747804 ], [ 120.488305075179639, 18.051418238747804 ], [ 120.488305075179639, 18.051499844729225 ], [ 120.488262159835401, 18.051499844729225 ], [ 120.488262159835401, 18.051540647705732 ], [ 120.488219244491162, 18.051540647705732 ], [ 120.488219244491162, 18.051622253630331 ], [ 120.488176329146953, 18.051622253630331 ], [ 120.488176329146953, 18.051826268276098 ], [ 120.488133413802714, 18.051826268276098 ], [ 120.488133413802714, 18.052030282685102 ], [ 120.488090498458476, 18.052030282685102 ], [ 120.488090498458476, 18.05223429685735 ], [ 120.488047583114238, 18.05223429685735 ], [ 120.488047583114238, 18.052438310792823 ], [ 120.488004667770028, 18.052438310792823 ], [ 120.488004667770028, 18.053050351178634 ], [ 120.487961752425775, 18.053050351178634 ], [ 120.487961752425775, 18.053091153795258 ], [ 120.487918837081565, 18.053091153795258 ], [ 120.487918837081565, 18.05313195640241 ], [ 120.487875921737327, 18.05313195640241 ], [ 120.487875921737327, 18.053213561588294 ], [ 120.487833006393089, 18.053213561588294 ], [ 120.487833006393089, 18.053295166736291 ], [ 120.487790091048851, 18.053295166736291 ], [ 120.487790091048851, 18.053376771846409 ], [ 120.487747175704641, 18.053376771846409 ], [ 120.487747175704641, 18.053580784455956 ], [ 120.487704260360374, 18.053580784455956 ], [ 120.487704260360374, 18.053703191908028 ], [ 120.487661345016164, 18.053703191908028 ], [ 120.487661345016164, 18.053784796828719 ], [ 120.487618429671926, 18.053784796828719 ], [ 120.487618429671926, 18.053866401711524 ], [ 120.487575514327688, 18.053866401711524 ], [ 120.487575514327688, 18.053907204138721 ], [ 120.487532598983449, 18.053907204138721 ], [ 120.487532598983449, 18.054029611363482 ], [ 120.487489683639211, 18.054029611363482 ], [ 120.487489683639211, 18.054274425557274 ], [ 120.487446768295001, 18.054274425557274 ], [ 120.487446768295001, 18.054478437124963 ], [ 120.487403852950749, 18.054478437124963 ], [ 120.487403852950749, 18.054600843951921 ], [ 120.487360937606539, 18.054600843951921 ], [ 120.487360937606539, 18.054764052921922 ], [ 120.487318022262301, 18.054764052921922 ], [ 120.487318022262301, 18.054845657350093 ], [ 120.487275106918062, 18.054845657350093 ], [ 120.487275106918062, 18.055049668254764 ], [ 120.487232191573824, 18.055049668254764 ], [ 120.487232191573824, 18.055294481027794 ], [ 120.487189276229614, 18.055294481027794 ], [ 120.487189276229614, 18.055416887286434 ], [ 120.487146360885376, 18.055416887286434 ], [ 120.487146360885376, 18.055457689353709 ], [ 120.487103445541138, 18.055457689353709 ], [ 120.487103445541138, 18.055498491411502 ], [ 120.487017614852661, 18.055498491411502 ], [ 120.487017614852661, 18.05553929345983 ], [ 120.486931784164213, 18.05553929345983 ], [ 120.486931784164213, 18.055580095498687 ], [ 120.486888868819975, 18.055580095498687 ], [ 120.486888868819975, 18.055661699547976 ], [ 120.486845953475751, 18.055661699547976 ], [ 120.486845953475751, 18.055743303559378 ], [ 120.486803038131512, 18.055743303559378 ], [ 120.486803038131512, 18.055784105550874 ], [ 120.486760122787302, 18.055784105550874 ], [ 120.486760122787302, 18.055824907532894 ], [ 120.486717207443036, 18.055824907532894 ], [ 120.486717207443036, 18.055865709505444 ], [ 120.486674292098826, 18.055865709505444 ], [ 120.486674292098826, 18.05594731342212 ], [ 120.486631376754588, 18.05594731342212 ], [ 120.486631376754588, 18.056028917300914 ], [ 120.486588461410349, 18.056028917300914 ], [ 120.486588461410349, 18.056110521141814 ], [ 120.486502630721901, 18.056110521141814 ], [ 120.486502630721901, 18.05664094518411 ], [ 120.486545546066111, 18.05664094518411 ], [ 120.486545546066111, 18.056804152259673 ], [ 120.486502630721901, 18.056804152259673 ], [ 120.486502630721901, 18.05684495400488 ], [ 120.486545546066111, 18.05684495400488 ], [ 120.486545546066111, 18.057334574208504 ], [ 120.486502630721901, 18.057334574208504 ], [ 120.486502630721901, 18.057456979046268 ], [ 120.486459715377634, 18.057456979046268 ], [ 120.486459715377634, 18.057579383798782 ], [ 120.48641680003341, 18.057579383798782 ], [ 120.48641680003341, 18.05770178846603 ], [ 120.486373884689186, 18.05770178846603 ], [ 120.486373884689186, 18.057905796055323 ], [ 120.486330969344962, 18.057905796055323 ], [ 120.486330969344962, 18.05794659754476 ], [ 120.486288054000724, 18.05794659754476 ], [ 120.486288054000724, 18.057987399024725 ], [ 120.486245138656486, 18.057987399024725 ], [ 120.486245138656486, 18.058028200495222 ], [ 120.486202223312276, 18.058028200495222 ], [ 120.486202223312276, 18.058069001956241 ], [ 120.486159307968009, 18.058069001956241 ], [ 120.486159307968009, 18.058109803407785 ], [ 120.486116392623799, 18.058109803407785 ], [ 120.486116392623799, 18.058150604849857 ], [ 120.485258085739147, 18.058150604849857 ] ], [ [ 120.485043509017984, 18.051622253630331 ], [ 120.485129339706461, 18.051622253630331 ], [ 120.485129339706461, 18.051540647705732 ], [ 120.485043509017984, 18.051540647705732 ], [ 120.485043509017984, 18.051622253630331 ] ], [ [ 120.485773069869936, 18.051173420576255 ], [ 120.485858900558398, 18.051173420576255 ], [ 120.485858900558398, 18.051132617514519 ], [ 120.485901815902622, 18.051132617514519 ], [ 120.485901815902622, 18.051051011362631 ], [ 120.485944731246875, 18.051051011362631 ], [ 120.485944731246875, 18.050806192679694 ], [ 120.485901815902622, 18.050806192679694 ], [ 120.485901815902622, 18.050683783210378 ], [ 120.485858900558398, 18.050683783210378 ], [ 120.485858900558398, 18.050520570452051 ], [ 120.485901815902622, 18.050520570452051 ], [ 120.485901815902622, 18.050438964016067 ], [ 120.485944731246875, 18.050438964016067 ], [ 120.485944731246875, 18.050398160783871 ], [ 120.485987646591084, 18.050398160783871 ], [ 120.485987646591084, 18.050234947760384 ], [ 120.485944731246875, 18.050234947760384 ], [ 120.485944731246875, 18.050071734585384 ], [ 120.485901815902622, 18.050071734585384 ], [ 120.485901815902622, 18.049786111164551 ], [ 120.485858900558398, 18.049786111164551 ], [ 120.485858900558398, 18.049704504387655 ], [ 120.485815985214174, 18.049704504387655 ], [ 120.485815985214174, 18.049663700985004 ], [ 120.485773069869936, 18.049663700985004 ], [ 120.485773069869936, 18.049582094151297 ], [ 120.485730154525697, 18.049582094151297 ], [ 120.485730154525697, 18.049500487279708 ], [ 120.485687239181487, 18.049500487279708 ], [ 120.485687239181487, 18.049174059414586 ], [ 120.485644323837249, 18.049174059414586 ], [ 120.485644323837249, 18.048970041691131 ], [ 120.485601408493011, 18.048970041691131 ], [ 120.485601408493011, 18.048929238118035 ], [ 120.485558493148773, 18.048929238118035 ], [ 120.485558493148773, 18.048847630943428 ], [ 120.485515577804534, 18.048847630943428 ], [ 120.485515577804534, 18.048806827341924 ], [ 120.485472662460296, 18.048806827341924 ], [ 120.485472662460296, 18.048766023730952 ], [ 120.485429747116058, 18.048766023730952 ], [ 120.485429747116058, 18.048725220110505 ], [ 120.485386831771848, 18.048725220110505 ], [ 120.485386831771848, 18.048847630943428 ], [ 120.485429747116058, 18.048847630943428 ], [ 120.485429747116058, 18.049010845254763 ], [ 120.485472662460296, 18.049010845254763 ], [ 120.485472662460296, 18.049092452353612 ], [ 120.485515577804534, 18.049092452353612 ], [ 120.485515577804534, 18.049990127941062 ], [ 120.485558493148773, 18.049990127941062 ], [ 120.485558493148773, 18.050234947760384 ], [ 120.485601408493011, 18.050234947760384 ], [ 120.485601408493011, 18.050520570452051 ], [ 120.485644323837249, 18.050520570452051 ], [ 120.485644323837249, 18.051010208272483 ], [ 120.485687239181487, 18.051010208272483 ], [ 120.485687239181487, 18.051091814443307 ], [ 120.485730154525697, 18.051091814443307 ], [ 120.485730154525697, 18.051132617514519 ], [ 120.485773069869936, 18.051132617514519 ], [ 120.485773069869936, 18.051173420576255 ] ] ] } },
{ "type": "Feature", "properties": { "siteId": "GRW::SOLAR::VNM::solar_sea_2024q2_v1.geojson::653", "projectId": "VNM-S-002", "projectName": "Dau Tieng Solar Power Complex", "countryCode": "VNM", "technology": "solar", "paperToPowerLabel": "observed_smaller_than_claimed", "matchConfidence": 0.6975, "distanceKm": 2.068, "observedFirstSeenQuarter": "2018 Q4", "estimatedCapacityProxyMw": 224.29 }, "geometry": { "type": "Polygon", "coordinates": [ [ [ 106.215348229017494, 11.46786997404412 ], [ 106.215348229017494, 11.467827915443623 ], [ 106.215262398329031, 11.467827915443623 ], [ 106.215262398329031, 11.467785856836862 ], [ 106.21517656764054, 11.467785856836862 ], [ 106.21517656764054, 11.467743798223839 ], [ 106.215047821607854, 11.467743798223839 ], [ 106.215047821607854, 11.467701739604554 ], [ 106.214704498854005, 11.467701739604554 ], [ 106.214704498854005, 11.467743798223839 ], [ 106.21423243006744, 11.467743798223839 ], [ 106.21423243006744, 11.467701739604554 ], [ 106.21410368403474, 11.467701739604554 ], [ 106.21410368403474, 11.467659680979004 ], [ 106.214060768690516, 11.467659680979004 ], [ 106.214060768690516, 11.467617622347193 ], [ 106.214017853346277, 11.467617622347193 ], [ 106.214017853346277, 11.467575563709117 ], [ 106.213974938002053, 11.467575563709117 ], [ 106.213974938002053, 11.467491446414176 ], [ 106.213932022657815, 11.467491446414176 ], [ 106.213932022657815, 11.467323211749136 ], [ 106.213974938002053, 11.467323211749136 ], [ 106.213974938002053, 11.467281153067217 ], [ 106.214017853346277, 11.467281153067217 ], [ 106.214017853346277, 11.467239094379039 ], [ 106.214060768690516, 11.467239094379039 ], [ 106.214060768690516, 11.467197035684595 ], [ 106.21410368403474, 11.467197035684595 ], [ 106.21410368403474, 11.467154976983892 ], [ 106.214146599378978, 11.467154976983892 ], [ 106.214146599378978, 11.46711291827692 ], [ 106.21423243006744, 11.46711291827692 ], [ 106.21423243006744, 11.467070859563687 ], [ 106.214318260755917, 11.467070859563687 ], [ 106.214318260755917, 11.467028800844194 ], [ 106.214404091444379, 11.467028800844194 ], [ 106.214404091444379, 11.466986742118436 ], [ 106.214447006788618, 11.466986742118436 ], [ 106.214447006788618, 11.466944683386416 ], [ 106.214532837477066, 11.466944683386416 ], [ 106.214532837477066, 11.466902624648133 ], [ 106.214704498854005, 11.466902624648133 ], [ 106.214704498854005, 11.466860565903589 ], [ 106.214833244886691, 11.466860565903589 ], [ 106.214833244886691, 11.466818507152777 ], [ 106.214919075575153, 11.466818507152777 ], [ 106.214919075575153, 11.466776448395704 ], [ 106.214961990919406, 11.466776448395704 ], [ 106.214961990919406, 11.466734389632371 ], [ 106.215047821607854, 11.466734389632371 ], [ 106.215047821607854, 11.466692330862776 ], [ 106.215133652296316, 11.466692330862776 ], [ 106.215133652296316, 11.466650272086916 ], [ 106.215219482984793, 11.466650272086916 ], [ 106.215219482984793, 11.466608213304797 ], [ 106.215305313673255, 11.466608213304797 ], [ 106.215305313673255, 11.466566154516409 ], [ 106.215391144361718, 11.466566154516409 ], [ 106.215391144361718, 11.466524095721761 ], [ 106.21547697505018, 11.466524095721761 ], [ 106.21547697505018, 11.466482036920851 ], [ 106.215519890394432, 11.466482036920851 ], [ 106.215519890394432, 11.466439978113678 ], [ 106.215562805738656, 11.466439978113678 ], [ 106.215562805738656, 11.466397919300245 ], [ 106.215605721082881, 11.466397919300245 ], [ 106.215605721082881, 11.466355860480546 ], [ 106.215648636427105, 11.466355860480546 ], [ 106.215648636427105, 11.466271742822364 ], [ 106.215691551771343, 11.466271742822364 ], [ 106.215691551771343, 11.46622968398388 ], [ 106.215777382459805, 11.46622968398388 ], [ 106.215777382459805, 11.466187625139133 ], [ 106.215863213148282, 11.466187625139133 ], [ 106.215863213148282, 11.466145566288123 ], [ 106.215906128492506, 11.466145566288123 ], [ 106.215906128492506, 11.466103507430851 ], [ 106.215949043836744, 11.466103507430851 ], [ 106.215949043836744, 11.466061448567315 ], [ 106.215991959180968, 11.466061448567315 ], [ 106.215991959180968, 11.466019389697518 ], [ 106.216034874525207, 11.466019389697518 ], [ 106.216034874525207, 11.46597733082146 ], [ 106.216077789869431, 11.46597733082146 ], [ 106.216077789869431, 11.46593527193914 ], [ 106.216120705213669, 11.46593527193914 ], [ 106.216120705213669, 11.465851154155711 ], [ 106.216163620557893, 11.465851154155711 ], [ 106.216163620557893, 11.465767036347231 ], [ 106.216206535902131, 11.465767036347231 ], [ 106.216206535902131, 11.465724977433597 ], [ 106.21624945124637, 11.465724977433597 ], [ 106.21624945124637, 11.465640859587547 ], [ 106.216292366590594, 11.465640859587547 ], [ 106.216292366590594, 11.465598800655128 ], [ 106.216335281934832, 11.465598800655128 ], [ 106.216335281934832, 11.465556741716446 ], [ 106.216378197279056, 11.465556741716446 ], [ 106.216378197279056, 11.465514682771502 ], [ 106.216421112623308, 11.465514682771502 ], [ 106.216421112623308, 11.465472623820297 ], [ 106.216464027967533, 11.465472623820297 ], [ 106.216464027967533, 11.46543056486283 ], [ 106.216506943311771, 11.46543056486283 ], [ 106.216506943311771, 11.465388505899101 ], [ 106.216549858655995, 11.465388505899101 ], [ 106.216549858655995, 11.465346446929111 ], [ 106.216592774000233, 11.465346446929111 ], [ 106.216592774000233, 11.465262328970342 ], [ 106.216635689344457, 11.465262328970342 ], [ 106.216635689344457, 11.465178210986526 ], [ 106.216678604688681, 11.465178210986526 ], [ 106.216678604688681, 11.465094092977662 ], [ 106.216721520032905, 11.465094092977662 ], [ 106.216721520032905, 11.465052033963836 ], [ 106.216764435377158, 11.465052033963836 ], [ 106.216764435377158, 11.465009974943749 ], [ 106.216807350721382, 11.465009974943749 ], [ 106.216807350721382, 11.464925856884793 ], [ 106.21685026606562, 11.464925856884793 ], [ 106.21685026606562, 11.464883797845921 ], [ 106.216893181409844, 11.464883797845921 ], [ 106.216893181409844, 11.464757620691733 ], [ 106.216936096754083, 11.464757620691733 ], [ 106.216936096754083, 11.464589384398492 ], [ 106.216979012098307, 11.464589384398492 ], [ 106.216979012098307, 11.464294970644245 ], [ 106.217021927442559, 11.464294970644245 ], [ 106.217021927442559, 11.464210852372391 ], [ 106.217064842786769, 11.464210852372391 ], [ 106.217064842786769, 11.464126734075494 ], [ 106.217107758131021, 11.464126734075494 ], [ 106.217107758131021, 11.464084674917654 ], [ 106.217150673475246, 11.464084674917654 ], [ 106.217150673475246, 11.464000556583189 ], [ 106.21719358881947, 11.464000556583189 ], [ 106.21719358881947, 11.463916438223677 ], [ 106.217236504163694, 11.463916438223677 ], [ 106.217236504163694, 11.463706142215329 ], [ 106.217279419507932, 11.463706142215329 ], [ 106.217279419507932, 11.463075253251128 ], [ 106.217236504163694, 11.463075253251128 ], [ 106.217236504163694, 11.462696719196435 ], [ 106.217279419507932, 11.462696719196435 ], [ 106.217279419507932, 11.462612600448749 ], [ 106.217322334852184, 11.462612600448749 ], [ 106.217322334852184, 11.462570541065515 ], [ 106.217408165540647, 11.462570541065515 ], [ 106.217408165540647, 11.462528481676017 ], [ 106.217451080884871, 11.462528481676017 ], [ 106.217451080884871, 11.462486422280262 ], [ 106.217536911573333, 11.462486422280262 ], [ 106.217536911573333, 11.462444362878248 ], [ 106.217622742261796, 11.462444362878248 ], [ 106.217622742261796, 11.46240230346997 ], [ 106.217665657606034, 11.46240230346997 ], [ 106.217665657606034, 11.462360244055434 ], [ 106.217708572950258, 11.462360244055434 ], [ 106.217708572950258, 11.462234065774259 ], [ 106.217751488294496, 11.462234065774259 ], [ 106.217751488294496, 11.462149946888843 ], [ 106.21779440363872, 11.462149946888843 ], [ 106.21779440363872, 11.461561113989774 ], [ 106.217837318982959, 11.461561113989774 ], [ 106.217837318982959, 11.461519054450031 ], [ 106.217880234327183, 11.461519054450031 ], [ 106.217880234327183, 11.46147699490403 ], [ 106.218008980359897, 11.46147699490403 ], [ 106.218008980359897, 11.46143493535177 ], [ 106.21809481104836, 11.46143493535177 ], [ 106.21809481104836, 11.46147699490403 ], [ 106.220583901013825, 11.46147699490403 ], [ 106.220583901013825, 11.46143493535177 ], [ 106.220798477735002, 11.46143493535177 ], [ 106.220798477735002, 11.46139287579325 ], [ 106.220927223767674, 11.46139287579325 ], [ 106.220927223767674, 11.461350816228469 ], [ 106.220970139111927, 11.461350816228469 ], [ 106.220970139111927, 11.461308756657429 ], [ 106.221055969800389, 11.461308756657429 ], [ 106.221055969800389, 11.461266697080124 ], [ 106.221098885144613, 11.461266697080124 ], [ 106.221098885144613, 11.461224637496562 ], [ 106.221141800488851, 11.461224637496562 ], [ 106.221141800488851, 11.461140518310664 ], [ 106.221184715833076, 11.461140518310664 ], [ 106.221184715833076, 11.461098458708323 ], [ 106.221227631177314, 11.461098458708323 ], [ 106.221227631177314, 11.46101433948486 ], [ 106.221270546521538, 11.46101433948486 ], [ 106.221270546521538, 11.460930220236364 ], [ 106.22131346186579, 11.460930220236364 ], [ 106.22131346186579, 11.460846100962828 ], [ 106.221356377210014, 11.460846100962828 ], [ 106.221356377210014, 11.460761981664248 ], [ 106.221399292554239, 11.460761981664248 ], [ 106.221399292554239, 11.460719922005573 ], [ 106.221442207898477, 11.460719922005573 ], [ 106.221442207898477, 11.460677862340635 ], [ 106.221485123242701, 11.460677862340635 ], [ 106.221485123242701, 11.460635802669438 ], [ 106.221528038586939, 11.460635802669438 ], [ 106.221528038586939, 11.460593742991982 ], [ 106.221570953931163, 11.460593742991982 ], [ 106.221570953931163, 11.460551683308267 ], [ 106.221613869275416, 11.460551683308267 ], [ 106.221613869275416, 11.460509623618291 ], [ 106.22165678461964, 11.460509623618291 ], [ 106.22165678461964, 11.460467563922057 ], [ 106.221742615308102, 11.460467563922057 ], [ 106.221742615308102, 11.460425504219561 ], [ 106.22178553065234, 11.460425504219561 ], [ 106.22178553065234, 11.460383444510809 ], [ 106.221828445996564, 11.460383444510809 ], [ 106.221828445996564, 11.460341384795797 ], [ 106.221871361340803, 11.460341384795797 ], [ 106.221871361340803, 11.460299325074523 ], [ 106.221914276685027, 11.460299325074523 ], [ 106.221914276685027, 11.460131086126841 ], [ 106.221957192029265, 11.460131086126841 ], [ 106.221957192029265, 11.459037530525851 ], [ 106.221914276685027, 11.459037530525851 ], [ 106.221914276685027, 11.458616931091186 ], [ 106.221871361340803, 11.458616931091186 ], [ 106.221871361340803, 11.458280451092845 ], [ 106.221914276685027, 11.458280451092845 ], [ 106.221914276685027, 11.458196331030676 ], [ 106.221957192029265, 11.458196331030676 ], [ 106.221957192029265, 11.458154270990203 ], [ 106.222000107373489, 11.458154270990203 ], [ 106.222000107373489, 11.458112210943472 ], [ 106.222085938061952, 11.458112210943472 ], [ 106.222085938061952, 11.458070150890485 ], [ 106.22225759943889, 11.458070150890485 ], [ 106.22225759943889, 11.458028090831238 ], [ 106.222386345471591, 11.458028090831238 ], [ 106.222386345471591, 11.457986030765731 ], [ 106.222429260815815, 11.457986030765731 ], [ 106.222429260815815, 11.457943970693968 ], [ 106.222472176160039, 11.457943970693968 ], [ 106.222472176160039, 11.457901910615949 ], [ 106.222515091504292, 11.457901910615949 ], [ 106.222515091504292, 11.457859850531669 ], [ 106.222558006848516, 11.457859850531669 ], [ 106.222558006848516, 11.457817790441133 ], [ 106.222643837536978, 11.457817790441133 ], [ 106.222643837536978, 11.457775730344336 ], [ 106.222686752881216, 11.457775730344336 ], [ 106.222686752881216, 11.457691610131972 ], [ 106.22272966822544, 11.457691610131972 ], [ 106.22272966822544, 11.457523369632145 ], [ 106.222772583569693, 11.457523369632145 ], [ 106.222772583569693, 11.457481309491543 ], [ 106.222815498913903, 11.457481309491543 ], [ 106.222815498913903, 11.457439249344683 ], [ 106.222901329602379, 11.457439249344683 ], [ 106.222901329602379, 11.457397189191566 ], [ 106.222944244946603, 11.457397189191566 ], [ 106.222944244946603, 11.457355129032191 ], [ 106.222987160290828, 11.457355129032191 ], [ 106.222987160290828, 11.457271008694667 ], [ 106.223030075635066, 11.457271008694667 ], [ 106.223030075635066, 11.457186888332112 ], [ 106.22307299097929, 11.457186888332112 ], [ 106.22307299097929, 11.456976587316214 ], [ 106.223115906323542, 11.456976587316214 ], [ 106.223115906323542, 11.456808346390861 ], [ 106.223158821667766, 11.456808346390861 ], [ 106.223158821667766, 11.456513924530572 ], [ 106.223115906323542, 11.456513924530572 ], [ 106.223115906323542, 11.456387743639445 ], [ 106.22307299097929, 11.456387743639445 ], [ 106.22307299097929, 11.456219502363671 ], [ 106.223030075635066, 11.456219502363671 ], [ 106.223030075635066, 11.456177442029087 ], [ 106.222987160290828, 11.456177442029087 ], [ 106.222987160290828, 11.456093321341141 ], [ 106.222944244946603, 11.456093321341141 ], [ 106.222944244946603, 11.456051260987783 ], [ 106.222901329602379, 11.456051260987783 ], [ 106.222901329602379, 11.456009200628168 ], [ 106.222858414258155, 11.456009200628168 ], [ 106.222858414258155, 11.455967140262295 ], [ 106.222815498913903, 11.455967140262295 ], [ 106.222815498913903, 11.455925079890166 ], [ 106.222772583569693, 11.455925079890166 ], [ 106.222772583569693, 11.455840959127137 ], [ 106.22272966822544, 11.455840959127137 ], [ 106.22272966822544, 11.455756838339079 ], [ 106.222686752881216, 11.455756838339079 ], [ 106.222686752881216, 11.455714777935663 ], [ 106.222643837536978, 11.455714777935663 ], [ 106.222643837536978, 11.45567271752599 ], [ 106.222600922192754, 11.45567271752599 ], [ 106.222600922192754, 11.455630657110062 ], [ 106.222558006848516, 11.455630657110062 ], [ 106.222558006848516, 11.455588596687878 ], [ 106.222515091504292, 11.455588596687878 ], [ 106.222515091504292, 11.455546536259437 ], [ 106.222472176160039, 11.455546536259437 ], [ 106.222472176160039, 11.455504475824736 ], [ 106.222429260815815, 11.455504475824736 ], [ 106.222429260815815, 11.45546241538378 ], [ 106.222386345471591, 11.45546241538378 ], [ 106.222386345471591, 11.455378294483095 ], [ 106.222343430127353, 11.455378294483095 ], [ 106.222343430127353, 11.455336234023369 ], [ 106.222300514783129, 11.455336234023369 ], [ 106.222300514783129, 11.455294173557387 ], [ 106.22225759943889, 11.455294173557387 ], [ 106.22225759943889, 11.455252113085146 ], [ 106.222171768750414, 11.455252113085146 ], [ 106.222171768750414, 11.455210052606647 ], [ 106.22212885340619, 11.455210052606647 ], [ 106.22212885340619, 11.455167992121893 ], [ 106.222043022717727, 11.455167992121893 ], [ 106.222043022717727, 11.455125931630883 ], [ 106.222000107373489, 11.455125931630883 ], [ 106.222000107373489, 11.455083871133615 ], [ 106.221957192029265, 11.455083871133615 ], [ 106.221957192029265, 11.455041810630091 ], [ 106.221914276685027, 11.455041810630091 ], [ 106.221914276685027, 11.454999750120313 ], [ 106.221871361340803, 11.454999750120313 ], [ 106.221871361340803, 11.454915629081981 ], [ 106.221828445996564, 11.454915629081981 ], [ 106.221828445996564, 11.454873568553429 ], [ 106.22178553065234, 11.454873568553429 ], [ 106.22178553065234, 11.454831508018623 ], [ 106.221742615308102, 11.454831508018623 ], [ 106.221742615308102, 11.454789447477559 ], [ 106.221699699963878, 11.454789447477559 ], [ 106.221699699963878, 11.45474738693024 ], [ 106.221613869275416, 11.45474738693024 ], [ 106.221613869275416, 11.454705326376661 ], [ 106.221570953931163, 11.454705326376661 ], [ 106.221570953931163, 11.45466326581683 ], [ 106.221528038586939, 11.45466326581683 ], [ 106.221528038586939, 11.45462120525074 ], [ 106.221485123242701, 11.45462120525074 ], [ 106.221485123242701, 11.454579144678396 ], [ 106.221442207898477, 11.454579144678396 ], [ 106.221442207898477, 11.454537084099792 ], [ 106.221399292554239, 11.454537084099792 ], [ 106.221399292554239, 11.454495023514935 ], [ 106.221356377210014, 11.454495023514935 ], [ 106.221356377210014, 11.454410902326448 ], [ 106.22131346186579, 11.454410902326448 ], [ 106.22131346186579, 11.454326781112934 ], [ 106.221270546521538, 11.454326781112934 ], [ 106.221270546521538, 11.454284720496798 ], [ 106.221227631177314, 11.454284720496798 ], [ 106.221227631177314, 11.454242659874399 ], [ 106.221184715833076, 11.454242659874399 ], [ 106.221184715833076, 11.454158538610836 ], [ 106.221141800488851, 11.454158538610836 ], [ 106.221141800488851, 11.454116477969672 ], [ 106.221098885144613, 11.454116477969672 ], [ 106.221098885144613, 11.45407441732225 ], [ 106.221055969800389, 11.45407441732225 ], [ 106.221055969800389, 11.453990296008641 ], [ 106.221013054456151, 11.453990296008641 ], [ 106.221013054456151, 11.453906174670006 ], [ 106.220970139111927, 11.453906174670006 ], [ 106.220970139111927, 11.453822053306345 ], [ 106.220927223767674, 11.453822053306345 ], [ 106.220927223767674, 11.453779992615132 ], [ 106.22088430842345, 11.453779992615132 ], [ 106.22088430842345, 11.45373793191766 ], [ 106.220841393079226, 11.45373793191766 ], [ 106.220841393079226, 11.453695871213935 ], [ 106.220798477735002, 11.453695871213935 ], [ 106.220798477735002, 11.453653810503953 ], [ 106.220755562390764, 11.453653810503953 ], [ 106.220755562390764, 11.453569689065224 ], [ 106.22071264704654, 11.453569689065224 ], [ 106.22071264704654, 11.453527628336476 ], [ 106.220669731702287, 11.453527628336476 ], [ 106.220669731702287, 11.453443506860205 ], [ 106.220626816358063, 11.453443506860205 ], [ 106.220626816358063, 11.453401446112689 ], [ 106.220583901013825, 11.453401446112689 ], [ 106.220583901013825, 11.453359385358917 ], [ 106.220540985669601, 11.453359385358917 ], [ 106.220540985669601, 11.453317324598888 ], [ 106.220455154981138, 11.453317324598888 ], [ 106.220455154981138, 11.453275263832605 ], [ 106.220369324292676, 11.453275263832605 ], [ 106.220369324292676, 11.453233203060066 ], [ 106.2202834936042, 11.453233203060066 ], [ 106.2202834936042, 11.453191142281268 ], [ 106.220240578259975, 11.453191142281268 ], [ 106.220240578259975, 11.453149081496218 ], [ 106.220197662915737, 11.453149081496218 ], [ 106.220197662915737, 11.453064959907348 ], [ 106.220154747571513, 11.453064959907348 ], [ 106.220154747571513, 11.452980838293456 ], [ 106.220111832227275, 11.452980838293456 ], [ 106.220111832227275, 11.452686412447781 ], [ 106.220068916883051, 11.452686412447781 ], [ 106.220068916883051, 11.452476108084639 ], [ 106.220111832227275, 11.452476108084639 ], [ 106.220111832227275, 11.451887255035887 ], [ 106.220154747571513, 11.451887255035887 ], [ 106.220154747571513, 11.451803133071698 ], [ 106.220197662915737, 11.451803133071698 ], [ 106.220197662915737, 11.451761072080224 ], [ 106.220240578259975, 11.451761072080224 ], [ 106.220240578259975, 11.45171901108249 ], [ 106.2202834936042, 11.45171901108249 ], [ 106.2202834936042, 11.451676950078502 ], [ 106.220326408948438, 11.451676950078502 ], [ 106.220326408948438, 11.451634889068261 ], [ 106.220369324292676, 11.451634889068261 ], [ 106.220369324292676, 11.451592828051764 ], [ 106.220498070325363, 11.451592828051764 ], [ 106.220498070325363, 11.451550767029012 ], [ 106.220583901013825, 11.451550767029012 ], [ 106.220583901013825, 11.451508706 ], [ 106.220626816358063, 11.451508706 ], [ 106.220626816358063, 11.451466644964746 ], [ 106.220669731702287, 11.451466644964746 ], [ 106.220669731702287, 11.451382522875459 ], [ 106.22071264704654, 11.451382522875459 ], [ 106.22071264704654, 11.451298400761155 ], [ 106.220755562390764, 11.451298400761155 ], [ 106.220755562390764, 11.45121427862183 ], [ 106.220798477735002, 11.45121427862183 ], [ 106.220798477735002, 11.451172217542783 ], [ 106.220841393079226, 11.451172217542783 ], [ 106.220841393079226, 11.451130156457486 ], [ 106.22088430842345, 11.451130156457486 ], [ 106.22088430842345, 11.451088095365934 ], [ 106.220927223767674, 11.451088095365934 ], [ 106.220927223767674, 11.451046034268126 ], [ 106.220970139111927, 11.451046034268126 ], [ 106.220970139111927, 11.451003973164063 ], [ 106.221013054456151, 11.451003973164063 ], [ 106.221013054456151, 11.450961912053748 ], [ 106.221055969800389, 11.450961912053748 ], [ 106.221055969800389, 11.450919850937172 ], [ 106.221098885144613, 11.450919850937172 ], [ 106.221098885144613, 11.450877789814347 ], [ 106.221141800488851, 11.450877789814347 ], [ 106.221141800488851, 11.450793667549931 ], [ 106.221184715833076, 11.450793667549931 ], [ 106.221184715833076, 11.450583361779438 ], [ 106.221227631177314, 11.450583361779438 ], [ 106.221227631177314, 11.450499239427462 ], [ 106.221270546521538, 11.450499239427462 ], [ 106.221270546521538, 11.450415117050467 ], [ 106.22131346186579, 11.450415117050467 ], [ 106.22131346186579, 11.450373055852587 ], [ 106.221356377210014, 11.450373055852587 ], [ 106.221356377210014, 11.450330994648455 ], [ 106.221399292554239, 11.450330994648455 ], [ 106.221399292554239, 11.450288933438069 ], [ 106.221528038586939, 11.450288933438069 ], [ 106.221528038586939, 11.450246872221426 ], [ 106.221699699963878, 11.450246872221426 ], [ 106.221699699963878, 11.45020481099853 ], [ 106.221742615308102, 11.45020481099853 ], [ 106.221742615308102, 11.450120688533977 ], [ 106.22178553065234, 11.450120688533977 ], [ 106.22178553065234, 11.450036566044407 ], [ 106.221828445996564, 11.450036566044407 ], [ 106.221828445996564, 11.449994504790242 ], [ 106.221871361340803, 11.449994504790242 ], [ 106.221871361340803, 11.449952443529822 ], [ 106.221914276685027, 11.449952443529822 ], [ 106.221914276685027, 11.449910382263147 ], [ 106.222043022717727, 11.449910382263147 ], [ 106.222043022717727, 11.449868320990218 ], [ 106.222171768750414, 11.449868320990218 ], [ 106.222171768750414, 11.449826259711037 ], [ 106.22225759943889, 11.449826259711037 ], [ 106.22225759943889, 11.449784198425601 ], [ 106.222343430127353, 11.449784198425601 ], [ 106.222343430127353, 11.449742137133912 ], [ 106.222429260815815, 11.449742137133912 ], [ 106.222429260815815, 11.449700075835969 ], [ 106.222558006848516, 11.449700075835969 ], [ 106.222558006848516, 11.449658014531767 ], [ 106.222643837536978, 11.449658014531767 ], [ 106.222643837536978, 11.449615953221317 ], [ 106.22272966822544, 11.449615953221317 ], [ 106.22272966822544, 11.449573891904613 ], [ 106.222772583569693, 11.449573891904613 ], [ 106.222772583569693, 11.449531830581654 ], [ 106.222815498913903, 11.449531830581654 ], [ 106.222815498913903, 11.449489769252443 ], [ 106.222901329602379, 11.449489769252443 ], [ 106.222901329602379, 11.449447707916974 ], [ 106.222944244946603, 11.449447707916974 ], [ 106.222944244946603, 11.449405646575254 ], [ 106.223030075635066, 11.449405646575254 ], [ 106.223030075635066, 11.44936358522728 ], [ 106.22307299097929, 11.44936358522728 ], [ 106.22307299097929, 11.449321523873049 ], [ 106.223115906323542, 11.449321523873049 ], [ 106.223115906323542, 11.449279462512568 ], [ 106.223158821667766, 11.449279462512568 ], [ 106.223158821667766, 11.449237401145835 ], [ 106.223244652356229, 11.449237401145835 ], [ 106.223244652356229, 11.449195339772846 ], [ 106.223330483044691, 11.449195339772846 ], [ 106.223330483044691, 11.449153278393602 ], [ 106.223416313733154, 11.449153278393602 ], [ 106.223416313733154, 11.449111217008108 ], [ 106.223545059765854, 11.449111217008108 ], [ 106.223545059765854, 11.449069155616355 ], [ 106.223673805798555, 11.449069155616355 ], [ 106.223673805798555, 11.449027094218353 ], [ 106.223845467175494, 11.449027094218353 ], [ 106.223845467175494, 11.448985032814097 ], [ 106.22397421320818, 11.448985032814097 ], [ 106.22397421320818, 11.448942971403586 ], [ 106.224575028027431, 11.448942971403586 ], [ 106.224575028027431, 11.44890090998682 ], [ 106.225004181469771, 11.44890090998682 ], [ 106.225004181469771, 11.448858848563805 ], [ 106.226034149731333, 11.448858848563805 ], [ 106.226034149731333, 11.448816787134533 ], [ 106.226420387829421, 11.448816787134533 ], [ 106.226420387829421, 11.448858848563805 ], [ 106.226849541271747, 11.448858848563805 ], [ 106.226849541271747, 11.448816787134533 ], [ 106.227278694714059, 11.448816787134533 ], [ 106.227278694714059, 11.44877472569901 ], [ 106.227364525402521, 11.44877472569901 ], [ 106.227364525402521, 11.448732664257234 ], [ 106.227450356090998, 11.448732664257234 ], [ 106.227450356090998, 11.448690602809203 ], [ 106.227622017467951, 11.448690602809203 ], [ 106.227622017467951, 11.448648541354915 ], [ 106.227664932812161, 11.448648541354915 ], [ 106.227664932812161, 11.448606479894378 ], [ 106.227707848156399, 11.448606479894378 ], [ 106.227707848156399, 11.448564418427587 ], [ 106.227750763500623, 11.448564418427587 ], [ 106.227750763500623, 11.448522356954543 ], [ 106.227793678844861, 11.448522356954543 ], [ 106.227793678844861, 11.448480295475246 ], [ 106.227836594189085, 11.448480295475246 ], [ 106.227836594189085, 11.448438233989695 ], [ 106.227879509533324, 11.448438233989695 ], [ 106.227879509533324, 11.44839617249789 ], [ 106.227922424877548, 11.44839617249789 ], [ 106.227922424877548, 11.448354110999833 ], [ 106.2279653402218, 11.448354110999833 ], [ 106.2279653402218, 11.448312049495524 ], [ 106.228008255566024, 11.448312049495524 ], [ 106.228008255566024, 11.448269987984959 ], [ 106.228051170910263, 11.448269987984959 ], [ 106.228051170910263, 11.448227926468142 ], [ 106.228094086254487, 11.448227926468142 ], [ 106.228094086254487, 11.448185864945073 ], [ 106.228137001598725, 11.448185864945073 ], [ 106.228137001598725, 11.448101741880173 ], [ 106.228179916942949, 11.448101741880173 ], [ 106.228179916942949, 11.448059680338345 ], [ 106.228222832287187, 11.448059680338345 ], [ 106.228222832287187, 11.448017618790264 ], [ 106.228265747631411, 11.448017618790264 ], [ 106.228265747631411, 11.447975557235926 ], [ 106.22830866297565, 11.447975557235926 ], [ 106.22830866297565, 11.44793349567534 ], [ 106.228351578319874, 11.44793349567534 ], [ 106.228351578319874, 11.447891434108497 ], [ 106.228394493664112, 11.447891434108497 ], [ 106.228394493664112, 11.447849372535403 ], [ 106.228437409008336, 11.447849372535403 ], [ 106.228437409008336, 11.447807310956057 ], [ 106.228480324352574, 11.447807310956057 ], [ 106.228480324352574, 11.447765249370459 ], [ 106.228523239696798, 11.447765249370459 ], [ 106.228523239696798, 11.447723187778605 ], [ 106.228609070385261, 11.447723187778605 ], [ 106.228609070385261, 11.4476811261805 ], [ 106.228737816417976, 11.4476811261805 ], [ 106.228737816417976, 11.447639064576139 ], [ 106.2287807317622, 11.447639064576139 ], [ 106.2287807317622, 11.447597002965527 ], [ 106.228823647106424, 11.447597002965527 ], [ 106.228823647106424, 11.447512879725547 ], [ 106.228866562450676, 11.447512879725547 ], [ 106.228866562450676, 11.447428756460557 ], [ 106.2289094777949, 11.447428756460557 ], [ 106.2289094777949, 11.44734463317055 ], [ 106.228952393139139, 11.44734463317055 ], [ 106.228952393139139, 11.44730257151617 ], [ 106.228995308483363, 11.44730257151617 ], [ 106.228995308483363, 11.447260509855539 ], [ 106.229038223827601, 11.447260509855539 ], [ 106.229038223827601, 11.447218448188654 ], [ 106.229081139171825, 11.447218448188654 ], [ 106.229081139171825, 11.447176386515515 ], [ 106.229166969860287, 11.447176386515515 ], [ 106.229166969860287, 11.447134324836123 ], [ 106.22920988520454, 11.447134324836123 ], [ 106.22920988520454, 11.447092263150481 ], [ 106.229252800548764, 11.447092263150481 ], [ 106.229252800548764, 11.447050201458582 ], [ 106.229295715892988, 11.447050201458582 ], [ 106.229295715892988, 11.447008139760435 ], [ 106.229338631237212, 11.447008139760435 ], [ 106.229338631237212, 11.446924016345381 ], [ 106.229424461925674, 11.446924016345381 ], [ 106.229424461925674, 11.446839892905317 ], [ 106.229510292614137, 11.446839892905317 ], [ 106.229510292614137, 11.446755769440243 ], [ 106.229596123302613, 11.446755769440243 ], [ 106.229596123302613, 11.446713707698329 ], [ 106.229639038646852, 11.446713707698329 ], [ 106.229639038646852, 11.446671645950159 ], [ 106.229724869335314, 11.446671645950159 ], [ 106.229724869335314, 11.446629584195739 ], [ 106.229767784679552, 11.446629584195739 ], [ 106.229767784679552, 11.44654546066814 ], [ 106.229810700023776, 11.44654546066814 ], [ 106.229810700023776, 11.446461337115535 ], [ 106.229853615368015, 11.446461337115535 ], [ 106.229853615368015, 11.446335151739733 ], [ 106.229896530712239, 11.446335151739733 ], [ 106.229896530712239, 11.446251028124607 ], [ 106.229939446056477, 11.446251028124607 ], [ 106.229939446056477, 11.446166904484471 ], [ 106.229982361400701, 11.446166904484471 ], [ 106.229982361400701, 11.446082780819324 ], [ 106.230025276744939, 11.446082780819324 ], [ 106.230025276744939, 11.445998657129174 ], [ 106.230068192089163, 11.445998657129174 ], [ 106.230068192089163, 11.445914533414014 ], [ 106.230111107433416, 11.445914533414014 ], [ 106.230111107433416, 11.445872471547055 ], [ 106.230196938121878, 11.445872471547055 ], [ 106.230196938121878, 11.445830409673844 ], [ 106.230239853466102, 11.445830409673844 ], [ 106.230239853466102, 11.445788347794384 ], [ 106.230325684154565, 11.445788347794384 ], [ 106.230325684154565, 11.445746285908669 ], [ 106.230454430187265, 11.445746285908669 ], [ 106.230454430187265, 11.445704224016703 ], [ 106.230497345531489, 11.445704224016703 ], [ 106.230497345531489, 11.445662162118486 ], [ 106.230583176219952, 11.445662162118486 ], [ 106.230583176219952, 11.445620100214015 ], [ 106.23062609156419, 11.445620100214015 ], [ 106.23062609156419, 11.445578038303296 ], [ 106.230669006908414, 11.445578038303296 ], [ 106.230669006908414, 11.445535976386322 ], [ 106.230711922252667, 11.445535976386322 ], [ 106.230711922252667, 11.445493914463098 ], [ 106.230754837596905, 11.445493914463098 ], [ 106.230754837596905, 11.445451852533623 ], [ 106.230797752941129, 11.445451852533623 ], [ 106.230797752941129, 11.445409790597894 ], [ 106.230840668285353, 11.445409790597894 ], [ 106.230840668285353, 11.445367728655912 ], [ 106.230883583629577, 11.445367728655912 ], [ 106.230883583629577, 11.445325666707681 ], [ 106.230926498973815, 11.445325666707681 ], [ 106.230926498973815, 11.445283604753199 ], [ 106.231012329662292, 11.445283604753199 ], [ 106.231012329662292, 11.445241542792465 ], [ 106.231098160350754, 11.445241542792465 ], [ 106.231098160350754, 11.44519948082548 ], [ 106.231141075694978, 11.44519948082548 ], [ 106.231141075694978, 11.445157418852242 ], [ 106.231226906383441, 11.445157418852242 ], [ 106.231226906383441, 11.44511535687275 ], [ 106.231312737071903, 11.44511535687275 ], [ 106.231312737071903, 11.445073294887012 ], [ 106.231355652416141, 11.445073294887012 ], [ 106.231355652416141, 11.445031232895019 ], [ 106.231398567760365, 11.445031232895019 ], [ 106.231398567760365, 11.444989170896775 ], [ 106.231441483104604, 11.444989170896775 ], [ 106.231441483104604, 11.444947108892281 ], [ 106.231484398448828, 11.444947108892281 ], [ 106.231484398448828, 11.444862984864537 ], [ 106.231527313793066, 11.444862984864537 ], [ 106.231527313793066, 11.444820922841288 ], [ 106.23157022913729, 11.444820922841288 ], [ 106.23157022913729, 11.444736798776034 ], [ 106.231613144481543, 11.444736798776034 ], [ 106.231613144481543, 11.44469473673403 ], [ 106.231656059825752, 11.44469473673403 ], [ 106.231656059825752, 11.444652674685777 ], [ 106.231698975170005, 11.444652674685777 ], [ 106.231698975170005, 11.444610612631269 ], [ 106.231741890514243, 11.444610612631269 ], [ 106.231741890514243, 11.444526488503506 ], [ 106.231784805858467, 11.444526488503506 ], [ 106.231784805858467, 11.444358240172958 ], [ 106.231741890514243, 11.444358240172958 ], [ 106.231741890514243, 11.444232053859414 ], [ 106.231698975170005, 11.444232053859414 ], [ 106.231698975170005, 11.444189991742396 ], [ 106.231656059825752, 11.444189991742396 ], [ 106.231656059825752, 11.444147929619129 ], [ 106.231613144481543, 11.444147929619129 ], [ 106.231613144481543, 11.444105867489608 ], [ 106.23157022913729, 11.444105867489608 ], [ 106.23157022913729, 11.444063805353837 ], [ 106.231527313793066, 11.444063805353837 ], [ 106.231527313793066, 11.444021743211817 ], [ 106.231484398448828, 11.444021743211817 ], [ 106.231484398448828, 11.443979681063544 ], [ 106.231441483104604, 11.443979681063544 ], [ 106.231441483104604, 11.443937618909022 ], [ 106.231398567760365, 11.443937618909022 ], [ 106.231398567760365, 11.443895556748247 ], [ 106.231355652416141, 11.443895556748247 ], [ 106.231355652416141, 11.443811432407944 ], [ 106.231312737071903, 11.443811432407944 ], [ 106.231312737071903, 11.443769370228418 ], [ 106.231269821727679, 11.443769370228418 ], [ 106.231269821727679, 11.443727308042641 ], [ 106.231226906383441, 11.443727308042641 ], [ 106.231226906383441, 11.443096374505894 ], [ 106.231269821727679, 11.443096374505894 ], [ 106.231269821727679, 11.443012249928067 ], [ 106.231226906383441, 11.443012249928067 ], [ 106.231226906383441, 11.44175037826057 ], [ 106.231269821727679, 11.44175037826057 ], [ 106.231269821727679, 11.441708315774781 ], [ 106.231312737071903, 11.441708315774781 ], [ 106.231312737071903, 11.441666253282738 ], [ 106.231398567760365, 11.441666253282738 ], [ 106.231398567760365, 11.441624190784449 ], [ 106.232213959300779, 11.441624190784449 ], [ 106.232213959300779, 11.441582128279908 ], [ 106.232342705333494, 11.441582128279908 ], [ 106.232342705333494, 11.441540065769114 ], [ 106.232428536021956, 11.441540065769114 ], [ 106.232428536021956, 11.441455940728787 ], [ 106.232514366710404, 11.441455940728787 ], [ 106.232514366710404, 11.441413878199249 ], [ 106.232557282054628, 11.441413878199249 ], [ 106.232557282054628, 11.441371815663461 ], [ 106.232686028087343, 11.441371815663461 ], [ 106.232686028087343, 11.441329753121421 ], [ 106.233072266185431, 11.441329753121421 ], [ 106.233072266185431, 11.441287690573134 ], [ 106.233286842906594, 11.441287690573134 ], [ 106.233286842906594, 11.441245628018597 ], [ 106.233415588939295, 11.441245628018597 ], [ 106.233415588939295, 11.44120356545781 ], [ 106.233501419627757, 11.44120356545781 ], [ 106.233501419627757, 11.441161502890772 ], [ 106.233587250316219, 11.441161502890772 ], [ 106.233587250316219, 11.441119440317486 ], [ 106.233715996348906, 11.441119440317486 ], [ 106.233715996348906, 11.441077377737953 ], [ 106.233887657725859, 11.441077377737953 ], [ 106.233887657725859, 11.441035315152165 ], [ 106.234531387889334, 11.441035315152165 ], [ 106.234531387889334, 11.440993252560133 ], [ 106.234617218577782, 11.440993252560133 ], [ 106.234617218577782, 11.441035315152165 ], [ 106.235046372020122, 11.441035315152165 ], [ 106.235046372020122, 11.440993252560133 ], [ 106.235604271495134, 11.440993252560133 ], [ 106.235604271495134, 11.440951189961851 ], [ 106.236376747691324, 11.440951189961851 ], [ 106.236376747691324, 11.440993252560133 ], [ 106.236591324412487, 11.440993252560133 ], [ 106.236591324412487, 11.441035315152165 ], [ 106.23680590113365, 11.441035315152165 ], [ 106.23680590113365, 11.441077377737953 ], [ 106.23693464716635, 11.441077377737953 ], [ 106.23693464716635, 11.441119440317486 ], [ 106.237063393199037, 11.441119440317486 ], [ 106.237063393199037, 11.441161502890772 ], [ 106.237149223887513, 11.441161502890772 ], [ 106.237149223887513, 11.44120356545781 ], [ 106.237235054575962, 11.44120356545781 ], [ 106.237235054575962, 11.441245628018597 ], [ 106.237320885264424, 11.441245628018597 ], [ 106.237320885264424, 11.441287690573134 ], [ 106.237578377329825, 11.441287690573134 ], [ 106.237578377329825, 11.441329753121421 ], [ 106.238136276804852, 11.441329753121421 ], [ 106.238136276804852, 11.441287690573134 ], [ 106.238865837656789, 11.441287690573134 ], [ 106.238865837656789, 11.441329753121421 ], [ 106.238994583689504, 11.441329753121421 ], [ 106.238994583689504, 11.441287690573134 ], [ 106.239209160410653, 11.441287690573134 ], [ 106.239209160410653, 11.441329753121421 ], [ 106.239638313852979, 11.441329753121421 ], [ 106.239638313852979, 11.441287690573134 ], [ 106.240196213328005, 11.441287690573134 ], [ 106.240196213328005, 11.441245628018597 ], [ 106.240582451426093, 11.441245628018597 ], [ 106.240582451426093, 11.441287690573134 ], [ 106.241912827097295, 11.441287690573134 ], [ 106.241912827097295, 11.441245628018597 ], [ 106.242942795358871, 11.441245628018597 ], [ 106.242942795358871, 11.44120356545781 ], [ 106.243200287424273, 11.44120356545781 ], [ 106.243200287424273, 11.441245628018597 ], [ 106.243543610178122, 11.441245628018597 ], [ 106.243543610178122, 11.441287690573134 ], [ 106.243801102243523, 11.441287690573134 ], [ 106.243801102243523, 11.441329753121421 ], [ 106.24392984827621, 11.441329753121421 ], [ 106.24392984827621, 11.441371815663461 ], [ 106.244530663095475, 11.441371815663461 ], [ 106.244530663095475, 11.441329753121421 ], [ 106.244702324472399, 11.441329753121421 ], [ 106.244702324472399, 11.441287690573134 ], [ 106.244788155160862, 11.441287690573134 ], [ 106.244788155160862, 11.441245628018597 ], [ 106.244831070505086, 11.441245628018597 ], [ 106.244831070505086, 11.44120356545781 ], [ 106.244873985849324, 11.44120356545781 ], [ 106.244873985849324, 11.441161502890772 ], [ 106.244916901193548, 11.441161502890772 ], [ 106.244916901193548, 11.441077377737953 ], [ 106.244959816537786, 11.441077377737953 ], [ 106.244959816537786, 11.440993252560133 ], [ 106.24500273188201, 11.440993252560133 ], [ 106.24500273188201, 11.440951189961851 ], [ 106.245045647226263, 11.440951189961851 ], [ 106.245045647226263, 11.440867064746534 ], [ 106.245088562570487, 11.440867064746534 ], [ 106.245088562570487, 11.440825002129506 ], [ 106.245131477914711, 11.440825002129506 ], [ 106.245131477914711, 11.440782939506219 ], [ 106.245174393258949, 11.440782939506219 ], [ 106.245174393258949, 11.440740876876692 ], [ 106.245217308603173, 11.440740876876692 ], [ 106.245217308603173, 11.440656751598885 ], [ 106.245260223947426, 11.440656751598885 ], [ 106.245260223947426, 11.440572626296081 ], [ 106.24530313929165, 11.440572626296081 ], [ 106.24530313929165, 11.440488500968277 ], [ 106.245346054635888, 11.440488500968277 ], [ 106.245346054635888, 11.440446438295004 ], [ 106.245388969980112, 11.440446438295004 ], [ 106.245388969980112, 11.440404375615479 ], [ 106.245431885324351, 11.440404375615479 ], [ 106.245431885324351, 11.440362312929706 ], [ 106.245474800668575, 11.440362312929706 ], [ 106.245474800668575, 11.440278187539414 ], [ 106.245517716012813, 11.440278187539414 ], [ 106.245517716012813, 11.440236124834893 ], [ 106.245560631357037, 11.440236124834893 ], [ 106.245560631357037, 11.440194062124124 ], [ 106.245603546701275, 11.440194062124124 ], [ 106.245603546701275, 11.440151999407108 ], [ 106.245646462045499, 11.440151999407108 ], [ 106.245646462045499, 11.440109936683843 ], [ 106.245689377389738, 11.440109936683843 ], [ 106.245689377389738, 11.440067873954327 ], [ 106.245732292733962, 11.440067873954327 ], [ 106.245732292733962, 11.440025811218561 ], [ 106.2457752080782, 11.440025811218561 ], [ 106.2457752080782, 11.439983748476548 ], [ 106.245818123422424, 11.439983748476548 ], [ 106.245818123422424, 11.439899622973774 ], [ 106.245861038766662, 11.439899622973774 ], [ 106.245861038766662, 11.439815497446006 ], [ 106.245903954110887, 11.439815497446006 ], [ 106.245903954110887, 11.439731371893243 ], [ 106.245946869455139, 11.439731371893243 ], [ 106.245946869455139, 11.439647246315484 ], [ 106.245989784799363, 11.439647246315484 ], [ 106.245989784799363, 11.439521057901979 ], [ 106.246032700143601, 11.439521057901979 ], [ 106.246032700143601, 11.439436932261735 ], [ 106.246075615487825, 11.439436932261735 ], [ 106.246075615487825, 11.43939486943224 ], [ 106.246118530832064, 11.43939486943224 ], [ 106.246118530832064, 11.439310743754506 ], [ 106.246161446176302, 11.439310743754506 ], [ 106.246161446176302, 11.43926868090626 ], [ 106.246204361520512, 11.43926868090626 ], [ 106.246204361520512, 11.439184555191034 ], [ 106.246247276864764, 11.439184555191034 ], [ 106.246247276864764, 11.439100429450814 ], [ 106.246290192208988, 11.439100429450814 ], [ 106.246290192208988, 11.439058366571331 ], [ 106.246333107553227, 11.439058366571331 ], [ 106.246333107553227, 11.438974240793618 ], [ 106.246376022897451, 11.438974240793618 ], [ 106.246376022897451, 11.43893217789539 ], [ 106.246418938241689, 11.43893217789539 ], [ 106.246418938241689, 11.438848052080189 ], [ 106.246461853585913, 11.438848052080189 ], [ 106.246461853585913, 11.438805989163216 ], [ 106.246504768930166, 11.438805989163216 ], [ 106.246504768930166, 11.438763926239993 ], [ 106.24654768427439, 11.438763926239993 ], [ 106.24654768427439, 11.438721863310525 ], [ 106.246590599618628, 11.438721863310525 ], [ 106.246590599618628, 11.438679800374807 ], [ 106.246676430307076, 11.438679800374807 ], [ 106.246676430307076, 11.43863773743284 ], [ 106.246762260995538, 11.43863773743284 ], [ 106.246762260995538, 11.438595674484628 ], [ 106.246848091684015, 11.438595674484628 ], [ 106.246848091684015, 11.438553611530166 ], [ 106.246891007028239, 11.438553611530166 ], [ 106.246891007028239, 11.438511548569451 ], [ 106.246976837716701, 11.438511548569451 ], [ 106.246976837716701, 11.438469485602493 ], [ 106.24701975306094, 11.438469485602493 ], [ 106.24701975306094, 11.438427422629287 ], [ 106.247062668405164, 11.438427422629287 ], [ 106.247062668405164, 11.438385359649834 ], [ 106.247105583749402, 11.438385359649834 ], [ 106.247105583749402, 11.438343296664129 ], [ 106.247148499093626, 11.438343296664129 ], [ 106.247148499093626, 11.438301233672179 ], [ 106.247191414437864, 11.438301233672179 ], [ 106.247191414437864, 11.438259170673977 ], [ 106.247234329782103, 11.438259170673977 ], [ 106.247234329782103, 11.438175044658838 ], [ 106.247277245126327, 11.438175044658838 ], [ 106.247277245126327, 11.438132981641896 ], [ 106.247320160470565, 11.438132981641896 ], [ 106.247320160470565, 11.438090918618705 ], [ 106.247405991159042, 11.438090918618705 ], [ 106.247405991159042, 11.438048855589267 ], [ 106.247491821847504, 11.438048855589267 ], [ 106.247491821847504, 11.43800679255358 ], [ 106.247577652535966, 11.43800679255358 ], [ 106.247577652535966, 11.437964729511645 ], [ 106.24762056788019, 11.437964729511645 ], [ 106.24762056788019, 11.437922666463464 ], [ 106.247706398568653, 11.437922666463464 ], [ 106.247706398568653, 11.437838540348357 ], [ 106.247792229257115, 11.437838540348357 ], [ 106.247792229257115, 11.437796477281433 ], [ 106.247835144601353, 11.437796477281433 ], [ 106.247835144601353, 11.437754414208257 ], [ 106.248221382699455, 11.437754414208257 ], [ 106.248221382699455, 11.437712351128837 ], [ 106.248564705453305, 11.437712351128837 ], [ 106.248564705453305, 11.437670288043169 ], [ 106.249036774239855, 11.437670288043169 ], [ 106.249036774239855, 11.437628224951254 ], [ 106.249251350961032, 11.437628224951254 ], [ 106.249251350961032, 11.437586161853091 ], [ 106.249465927682181, 11.437586161853091 ], [ 106.249465927682181, 11.437544098748679 ], [ 106.249594673714881, 11.437544098748679 ], [ 106.249594673714881, 11.437502035638017 ], [ 106.249723419747582, 11.437502035638017 ], [ 106.249723419747582, 11.437459972521111 ], [ 106.249852165780268, 11.437459972521111 ], [ 106.249852165780268, 11.43741790939796 ], [ 106.249937996468731, 11.43741790939796 ], [ 106.249937996468731, 11.437375846268559 ], [ 106.249980911812969, 11.437375846268559 ], [ 106.249980911812969, 11.437333783132908 ], [ 106.250066742501431, 11.437333783132908 ], [ 106.250066742501431, 11.437291719991011 ], [ 106.25023840387837, 11.437291719991011 ], [ 106.25023840387837, 11.437249656842866 ], [ 106.250495895943757, 11.437249656842866 ], [ 106.250495895943757, 11.437207593688473 ], [ 106.250667557320682, 11.437207593688473 ], [ 106.250667557320682, 11.437165530527835 ], [ 106.250967964730307, 11.437165530527835 ], [ 106.250967964730307, 11.43712346736095 ], [ 106.25118254145147, 11.43712346736095 ], [ 106.25118254145147, 11.437081404187817 ], [ 106.251440033516872, 11.437081404187817 ], [ 106.251440033516872, 11.437039341008436 ], [ 106.251783356270735, 11.437039341008436 ], [ 106.251783356270735, 11.437081404187817 ], [ 106.251869186959198, 11.437081404187817 ], [ 106.251869186959198, 11.437039341008436 ], [ 106.252255425057271, 11.437039341008436 ], [ 106.252255425057271, 11.437081404187817 ], [ 106.253242477974624, 11.437081404187817 ], [ 106.253242477974624, 11.43712346736095 ], [ 106.253328308663086, 11.43712346736095 ], [ 106.253328308663086, 11.437165530527835 ], [ 106.253371224007324, 11.437165530527835 ], [ 106.253371224007324, 11.437207593688473 ], [ 106.253414139351563, 11.437207593688473 ], [ 106.253414139351563, 11.437249656842866 ], [ 106.253457054695787, 11.437249656842866 ], [ 106.253457054695787, 11.437586161853091 ], [ 106.253499970040025, 11.437586161853091 ], [ 106.253499970040025, 11.437712351128837 ], [ 106.253542885384249, 11.437712351128837 ], [ 106.253542885384249, 11.437880603409033 ], [ 106.253585800728487, 11.437880603409033 ], [ 106.253585800728487, 11.438259170673977 ], [ 106.253542885384249, 11.438259170673977 ], [ 106.253542885384249, 11.438427422629287 ], [ 106.253499970040025, 11.438427422629287 ], [ 106.253499970040025, 11.438511548569451 ], [ 106.253457054695787, 11.438511548569451 ], [ 106.253457054695787, 11.438595674484628 ], [ 106.253414139351563, 11.438595674484628 ], [ 106.253414139351563, 11.43863773743284 ], [ 106.253371224007324, 11.43863773743284 ], [ 106.253371224007324, 11.438721863310525 ], [ 106.253328308663086, 11.438721863310525 ], [ 106.253328308663086, 11.438805989163216 ], [ 106.253285393318862, 11.438805989163216 ], [ 106.253285393318862, 11.438974240793618 ], [ 106.253242477974624, 11.438974240793618 ], [ 106.253242477974624, 11.439058366571331 ], [ 106.2531995626304, 11.439058366571331 ], [ 106.2531995626304, 11.439100429450814 ], [ 106.253156647286147, 11.439100429450814 ], [ 106.253156647286147, 11.439142492324049 ], [ 106.253113731941923, 11.439142492324049 ], [ 106.253113731941923, 11.439226618051773 ], [ 106.253070816597685, 11.439226618051773 ], [ 106.253070816597685, 11.43926868090626 ], [ 106.253027901253461, 11.43926868090626 ], [ 106.253027901253461, 11.439310743754506 ], [ 106.252984985909237, 11.439310743754506 ], [ 106.252984985909237, 11.43939486943224 ], [ 106.252942070565013, 11.43939486943224 ], [ 106.252942070565013, 11.439436932261735 ], [ 106.25289915522076, 11.439436932261735 ], [ 106.25289915522076, 11.439478995084981 ], [ 106.252856239876536, 11.439478995084981 ], [ 106.252856239876536, 11.439521057901979 ], [ 106.252813324532298, 11.439521057901979 ], [ 106.252813324532298, 11.439563120712732 ], [ 106.252770409188074, 11.439563120712732 ], [ 106.252770409188074, 11.439605183517234 ], [ 106.252727493843835, 11.439605183517234 ], [ 106.252727493843835, 11.439647246315484 ], [ 106.252684578499611, 11.439647246315484 ], [ 106.252684578499611, 11.439689309107488 ], [ 106.252641663155373, 11.439689309107488 ], [ 106.252641663155373, 11.439731371893243 ], [ 106.252598747811149, 11.439731371893243 ], [ 106.252598747811149, 11.439773434672748 ], [ 106.252512917122672, 11.439773434672748 ], [ 106.252512917122672, 11.439815497446006 ], [ 106.252470001778448, 11.439815497446006 ], [ 106.252470001778448, 11.439857560213015 ], [ 106.252384171089986, 11.439857560213015 ], [ 106.252384171089986, 11.439899622973774 ], [ 106.252341255745762, 11.439899622973774 ], [ 106.252341255745762, 11.439941685728288 ], [ 106.252255425057271, 11.439941685728288 ], [ 106.252255425057271, 11.439983748476548 ], [ 106.252212509713047, 11.439983748476548 ], [ 106.252212509713047, 11.440025811218561 ], [ 106.252169594368809, 11.440025811218561 ], [ 106.252169594368809, 11.440067873954327 ], [ 106.252126679024585, 11.440067873954327 ], [ 106.252126679024585, 11.440109936683843 ], [ 106.252083763680346, 11.440109936683843 ], [ 106.252083763680346, 11.440151999407108 ], [ 106.252040848336122, 11.440151999407108 ], [ 106.252040848336122, 11.440194062124124 ], [ 106.25199793299187, 11.440194062124124 ], [ 106.25199793299187, 11.440278187539414 ], [ 106.251955017647646, 11.440278187539414 ], [ 106.251955017647646, 11.440320250237686 ], [ 106.251912102303422, 11.440320250237686 ], [ 106.251912102303422, 11.440362312929706 ], [ 106.251869186959198, 11.440362312929706 ], [ 106.251869186959198, 11.440404375615479 ], [ 106.251783356270735, 11.440404375615479 ], [ 106.251783356270735, 11.440446438295004 ], [ 106.251740440926497, 11.440446438295004 ], [ 106.251740440926497, 11.440488500968277 ], [ 106.25165461023802, 11.440488500968277 ], [ 106.25165461023802, 11.440530563635301 ], [ 106.251611694893796, 11.440530563635301 ], [ 106.251611694893796, 11.440614688950607 ], [ 106.251568779549558, 11.440614688950607 ], [ 106.251568779549558, 11.440656751598885 ], [ 106.251525864205334, 11.440656751598885 ], [ 106.251525864205334, 11.440740876876692 ], [ 106.251482948861096, 11.440740876876692 ], [ 106.251482948861096, 11.440825002129506 ], [ 106.251440033516872, 11.440825002129506 ], [ 106.251440033516872, 11.440867064746534 ], [ 106.251397118172633, 11.440867064746534 ], [ 106.251397118172633, 11.440909127357317 ], [ 106.251354202828423, 11.440909127357317 ], [ 106.251354202828423, 11.440951189961851 ], [ 106.251311287484171, 11.440951189961851 ], [ 106.251311287484171, 11.440993252560133 ], [ 106.251268372139933, 11.440993252560133 ], [ 106.251268372139933, 11.441035315152165 ], [ 106.25118254145147, 11.441035315152165 ], [ 106.25118254145147, 11.441077377737953 ], [ 106.251139626107246, 11.441077377737953 ], [ 106.251139626107246, 11.441119440317486 ], [ 106.25105379541877, 11.441119440317486 ], [ 106.25105379541877, 11.441161502890772 ], [ 106.251010880074531, 11.441161502890772 ], [ 106.251010880074531, 11.44120356545781 ], [ 106.250967964730307, 11.44120356545781 ], [ 106.250967964730307, 11.441245628018597 ], [ 106.250925049386069, 11.441245628018597 ], [ 106.250925049386069, 11.441329753121421 ], [ 106.250882134041845, 11.441329753121421 ], [ 106.250882134041845, 11.441371815663461 ], [ 106.250839218697621, 11.441371815663461 ], [ 106.250839218697621, 11.441413878199249 ], [ 106.250753388009144, 11.441413878199249 ], [ 106.250753388009144, 11.441455940728787 ], [ 106.25071047266492, 11.441455940728787 ], [ 106.25071047266492, 11.441498003252075 ], [ 106.250667557320682, 11.441498003252075 ], [ 106.250667557320682, 11.441540065769114 ], [ 106.250624641976458, 11.441540065769114 ], [ 106.250624641976458, 11.441582128279908 ], [ 106.25058172663222, 11.441582128279908 ], [ 106.25058172663222, 11.441624190784449 ], [ 106.250538811287996, 11.441624190784449 ], [ 106.250538811287996, 11.441666253282738 ], [ 106.250495895943757, 11.441666253282738 ], [ 106.250495895943757, 11.441708315774781 ], [ 106.250452980599533, 11.441708315774781 ], [ 106.250452980599533, 11.44175037826057 ], [ 106.250410065255281, 11.44175037826057 ], [ 106.250410065255281, 11.441792440740111 ], [ 106.250367149911057, 11.441792440740111 ], [ 106.250367149911057, 11.441834503213403 ], [ 106.250324234566833, 11.441834503213403 ], [ 106.250324234566833, 11.441876565680447 ], [ 106.250281319222609, 11.441876565680447 ], [ 106.250281319222609, 11.441960690595781 ], [ 106.25023840387837, 11.441960690595781 ], [ 106.25023840387837, 11.442002753044072 ], [ 106.250195488534118, 11.442002753044072 ], [ 106.250195488534118, 11.442044815486115 ], [ 106.250152573189908, 11.442044815486115 ], [ 106.250152573189908, 11.442086877921909 ], [ 106.250109657845655, 11.442086877921909 ], [ 106.250109657845655, 11.442128940351452 ], [ 106.250066742501431, 11.442128940351452 ], [ 106.250066742501431, 11.442171002774746 ], [ 106.250023827157193, 11.442171002774746 ], [ 106.250023827157193, 11.442213065191787 ], [ 106.249980911812969, 11.442213065191787 ], [ 106.249980911812969, 11.442255127602577 ], [ 106.249937996468731, 11.442255127602577 ], [ 106.249937996468731, 11.442297190007121 ], [ 106.249895081124507, 11.442297190007121 ], [ 106.249895081124507, 11.442339252405413 ], [ 106.249852165780268, 11.442339252405413 ], [ 106.249852165780268, 11.442381314797457 ], [ 106.249809250436044, 11.442381314797457 ], [ 106.249809250436044, 11.442423377183248 ], [ 106.249723419747582, 11.442423377183248 ], [ 106.249723419747582, 11.44246543956279 ], [ 106.24963758905912, 11.44246543956279 ], [ 106.24963758905912, 11.442507501936081 ], [ 106.249594673714881, 11.442507501936081 ], [ 106.249594673714881, 11.442549564303125 ], [ 106.249551758370657, 11.442549564303125 ], [ 106.249551758370657, 11.442591626663916 ], [ 106.249508843026405, 11.442591626663916 ], [ 106.249508843026405, 11.442675751366748 ], [ 106.249465927682181, 11.442675751366748 ], [ 106.249465927682181, 11.44275987604458 ], [ 106.249423012337942, 11.44275987604458 ], [ 106.249423012337942, 11.442801938374119 ], [ 106.249380096993718, 11.442801938374119 ], [ 106.249380096993718, 11.442844000697409 ], [ 106.24933718164948, 11.442844000697409 ], [ 106.24933718164948, 11.442886063014452 ], [ 106.249251350961032, 11.442886063014452 ], [ 106.249251350961032, 11.44292812532524 ], [ 106.249208435616779, 11.44292812532524 ], [ 106.249208435616779, 11.442970187629779 ], [ 106.249165520272555, 11.442970187629779 ], [ 106.249165520272555, 11.443012249928067 ], [ 106.249122604928317, 11.443012249928067 ], [ 106.249122604928317, 11.443054312220104 ], [ 106.249079689584093, 11.443054312220104 ], [ 106.249079689584093, 11.443096374505894 ], [ 106.249036774239855, 11.443096374505894 ], [ 106.249036774239855, 11.443138436785432 ], [ 106.248993858895631, 11.443138436785432 ], [ 106.248993858895631, 11.443180499058718 ], [ 106.248950943551378, 11.443180499058718 ], [ 106.248950943551378, 11.443222561325754 ], [ 106.248908028207154, 11.443222561325754 ], [ 106.248908028207154, 11.44326462358654 ], [ 106.248865112862916, 11.44326462358654 ], [ 106.248865112862916, 11.443306685841074 ], [ 106.248822197518692, 11.443306685841074 ], [ 106.248822197518692, 11.44334874808936 ], [ 106.248779282174468, 11.44334874808936 ], [ 106.248779282174468, 11.443390810331394 ], [ 106.248736366830244, 11.443390810331394 ], [ 106.248736366830244, 11.443432872567177 ], [ 106.248650536141781, 11.443432872567177 ], [ 106.248650536141781, 11.443474934796711 ], [ 106.248564705453305, 11.443474934796711 ], [ 106.248564705453305, 11.443516997019993 ], [ 106.248478874764842, 11.443516997019993 ], [ 106.248478874764842, 11.443559059237025 ], [ 106.248307213387918, 11.443559059237025 ], [ 106.248307213387918, 11.443601121447804 ], [ 106.248264298043679, 11.443601121447804 ], [ 106.248264298043679, 11.443643183652334 ], [ 106.248178467355217, 11.443643183652334 ], [ 106.248178467355217, 11.443685245850613 ], [ 106.248135552010979, 11.443685245850613 ], [ 106.248135552010979, 11.443727308042641 ], [ 106.248049721322502, 11.443727308042641 ], [ 106.248049721322502, 11.443769370228418 ], [ 106.247920975289816, 11.443769370228418 ], [ 106.247920975289816, 11.443811432407944 ], [ 106.247835144601353, 11.443811432407944 ], [ 106.247835144601353, 11.443853494581221 ], [ 106.247749313912891, 11.443853494581221 ], [ 106.247749313912891, 11.443895556748247 ], [ 106.247663483224429, 11.443895556748247 ], [ 106.247663483224429, 11.443937618909022 ], [ 106.24762056788019, 11.443937618909022 ], [ 106.24762056788019, 11.443979681063544 ], [ 106.247577652535966, 11.443979681063544 ], [ 106.247577652535966, 11.444021743211817 ], [ 106.247491821847504, 11.444021743211817 ], [ 106.247491821847504, 11.444063805353837 ], [ 106.247448906503266, 11.444063805353837 ], [ 106.247448906503266, 11.444105867489608 ], [ 106.247405991159042, 11.444105867489608 ], [ 106.247405991159042, 11.444147929619129 ], [ 106.247320160470565, 11.444147929619129 ], [ 106.247320160470565, 11.444189991742396 ], [ 106.247234329782103, 11.444189991742396 ], [ 106.247234329782103, 11.444232053859414 ], [ 106.247148499093626, 11.444232053859414 ], [ 106.247148499093626, 11.444274115970181 ], [ 106.247062668405164, 11.444274115970181 ], [ 106.247062668405164, 11.444316178074695 ], [ 106.246933922372477, 11.444316178074695 ], [ 106.246933922372477, 11.444358240172958 ], [ 106.246891007028239, 11.444358240172958 ], [ 106.246891007028239, 11.444400302264974 ], [ 106.246848091684015, 11.444400302264974 ], [ 106.246848091684015, 11.444442364350737 ], [ 106.246805176339763, 11.444442364350737 ], [ 106.246805176339763, 11.444484426430245 ], [ 106.246762260995538, 11.444484426430245 ], [ 106.246762260995538, 11.444610612631269 ], [ 106.2467193456513, 11.444610612631269 ], [ 106.2467193456513, 11.44469473673403 ], [ 106.246676430307076, 11.44469473673403 ], [ 106.246676430307076, 11.444736798776034 ], [ 106.246633514962852, 11.444736798776034 ], [ 106.246633514962852, 11.444820922841288 ], [ 106.246590599618628, 11.444820922841288 ], [ 106.246590599618628, 11.444862984864537 ], [ 106.24654768427439, 11.444862984864537 ], [ 106.24654768427439, 11.444905046881535 ], [ 106.246504768930166, 11.444905046881535 ], [ 106.246504768930166, 11.444989170896775 ], [ 106.246461853585913, 11.444989170896775 ], [ 106.246461853585913, 11.445031232895019 ], [ 106.246418938241689, 11.445031232895019 ], [ 106.246418938241689, 11.44511535687275 ], [ 106.246376022897451, 11.44511535687275 ], [ 106.246376022897451, 11.44519948082548 ], [ 106.246333107553227, 11.44519948082548 ], [ 106.246333107553227, 11.445325666707681 ], [ 106.246290192208988, 11.445325666707681 ], [ 106.246290192208988, 11.445451852533623 ], [ 106.246247276864764, 11.445451852533623 ], [ 106.246247276864764, 11.445535976386322 ], [ 106.246204361520512, 11.445535976386322 ], [ 106.246204361520512, 11.445578038303296 ], [ 106.246161446176302, 11.445578038303296 ], [ 106.246161446176302, 11.445620100214015 ], [ 106.246118530832064, 11.445620100214015 ], [ 106.246118530832064, 11.445662162118486 ], [ 106.246075615487825, 11.445662162118486 ], [ 106.246075615487825, 11.445788347794384 ], [ 106.246032700143601, 11.445788347794384 ], [ 106.246032700143601, 11.445830409673844 ], [ 106.246075615487825, 11.445830409673844 ], [ 106.246075615487825, 11.445914533414014 ], [ 106.246118530832064, 11.445914533414014 ], [ 106.246118530832064, 11.446040718977375 ], [ 106.246075615487825, 11.446040718977375 ], [ 106.246075615487825, 11.446124842655024 ], [ 106.246032700143601, 11.446124842655024 ], [ 106.246032700143601, 11.446208966307664 ], [ 106.245989784799363, 11.446208966307664 ], [ 106.245989784799363, 11.446713707698329 ], [ 106.245946869455139, 11.446713707698329 ], [ 106.245946869455139, 11.446797831175905 ], [ 106.245903954110887, 11.446797831175905 ], [ 106.245903954110887, 11.446839892905317 ], [ 106.245861038766662, 11.446839892905317 ], [ 106.245861038766662, 11.446881954628473 ], [ 106.245818123422424, 11.446881954628473 ], [ 106.245818123422424, 11.446924016345381 ], [ 106.2457752080782, 11.446924016345381 ], [ 106.2457752080782, 11.446966078056036 ], [ 106.245732292733962, 11.446966078056036 ], [ 106.245732292733962, 11.447008139760435 ], [ 106.245689377389738, 11.447008139760435 ], [ 106.245689377389738, 11.447092263150481 ], [ 106.245646462045499, 11.447092263150481 ], [ 106.245646462045499, 11.447176386515515 ], [ 106.245603546701275, 11.447176386515515 ], [ 106.245603546701275, 11.447218448188654 ], [ 106.245560631357037, 11.447218448188654 ], [ 106.245560631357037, 11.447260509855539 ], [ 106.245517716012813, 11.447260509855539 ], [ 106.245517716012813, 11.44730257151617 ], [ 106.245474800668575, 11.44730257151617 ], [ 106.245474800668575, 11.44734463317055 ], [ 106.245431885324351, 11.44734463317055 ], [ 106.245431885324351, 11.447386694818679 ], [ 106.245388969980112, 11.447386694818679 ], [ 106.245388969980112, 11.447428756460557 ], [ 106.245346054635888, 11.447428756460557 ], [ 106.245346054635888, 11.447470818096177 ], [ 106.24530313929165, 11.447470818096177 ], [ 106.24530313929165, 11.447512879725547 ], [ 106.245260223947426, 11.447512879725547 ], [ 106.245260223947426, 11.447554941348663 ], [ 106.245217308603173, 11.447554941348663 ], [ 106.245217308603173, 11.447597002965527 ], [ 106.245174393258949, 11.447597002965527 ], [ 106.245174393258949, 11.4476811261805 ], [ 106.245131477914711, 11.4476811261805 ], [ 106.245131477914711, 11.447723187778605 ], [ 106.245088562570487, 11.447723187778605 ], [ 106.245088562570487, 11.447765249370459 ], [ 106.245045647226263, 11.447765249370459 ], [ 106.245045647226263, 11.447807310956057 ], [ 106.24500273188201, 11.447807310956057 ], [ 106.24500273188201, 11.447849372535403 ], [ 106.244916901193548, 11.447849372535403 ], [ 106.244916901193548, 11.447891434108497 ], [ 106.244873985849324, 11.447891434108497 ], [ 106.244873985849324, 11.44793349567534 ], [ 106.244788155160862, 11.44793349567534 ], [ 106.244788155160862, 11.447975557235926 ], [ 106.244745239816623, 11.447975557235926 ], [ 106.244745239816623, 11.448017618790264 ], [ 106.244659409128147, 11.448017618790264 ], [ 106.244659409128147, 11.448059680338345 ], [ 106.244616493783923, 11.448059680338345 ], [ 106.244616493783923, 11.448101741880173 ], [ 106.244573578439699, 11.448101741880173 ], [ 106.244573578439699, 11.44814380341575 ], [ 106.244487747751236, 11.44814380341575 ], [ 106.244487747751236, 11.448185864945073 ], [ 106.244444832407012, 11.448185864945073 ], [ 106.244444832407012, 11.448227926468142 ], [ 106.24435900171855, 11.448227926468142 ], [ 106.24435900171855, 11.448269987984959 ], [ 106.244144424997373, 11.448269987984959 ], [ 106.244144424997373, 11.448312049495524 ], [ 106.243972763620448, 11.448312049495524 ], [ 106.243972763620448, 11.448269987984959 ], [ 106.243715271555047, 11.448269987984959 ], [ 106.243715271555047, 11.448227926468142 ], [ 106.243243202768497, 11.448227926468142 ], [ 106.243243202768497, 11.448185864945073 ], [ 106.24268530329347, 11.448185864945073 ], [ 106.24268530329347, 11.448227926468142 ], [ 106.242470726572307, 11.448227926468142 ], [ 106.242470726572307, 11.448269987984959 ], [ 106.242299065195397, 11.448269987984959 ], [ 106.242299065195397, 11.448312049495524 ], [ 106.242170319162682, 11.448312049495524 ], [ 106.242170319162682, 11.448354110999833 ], [ 106.242127403818458, 11.448354110999833 ], [ 106.242127403818458, 11.44839617249789 ], [ 106.242084488474219, 11.44839617249789 ], [ 106.242084488474219, 11.448438233989695 ], [ 106.242041573129995, 11.448438233989695 ], [ 106.242041573129995, 11.448480295475246 ], [ 106.241998657785757, 11.448480295475246 ], [ 106.241998657785757, 11.448522356954543 ], [ 106.241955742441519, 11.448522356954543 ], [ 106.241955742441519, 11.448564418427587 ], [ 106.241912827097295, 11.448564418427587 ], [ 106.241912827097295, 11.448606479894378 ], [ 106.241869911753056, 11.448606479894378 ], [ 106.241869911753056, 11.448648541354915 ], [ 106.241826996408832, 11.448648541354915 ], [ 106.241826996408832, 11.448690602809203 ], [ 106.24174116572037, 11.448690602809203 ], [ 106.24174116572037, 11.448732664257234 ], [ 106.241698250376132, 11.448732664257234 ], [ 106.241698250376132, 11.44877472569901 ], [ 106.241655335031908, 11.44877472569901 ], [ 106.241655335031908, 11.448816787134533 ], [ 106.241569504343431, 11.448816787134533 ], [ 106.241569504343431, 11.448858848563805 ], [ 106.241483673654969, 11.448858848563805 ], [ 106.241483673654969, 11.44890090998682 ], [ 106.241440758310731, 11.44890090998682 ], [ 106.241440758310731, 11.448942971403586 ], [ 106.241397842966506, 11.448942971403586 ], [ 106.241397842966506, 11.448985032814097 ], [ 106.241312012278058, 11.448985032814097 ], [ 106.241312012278058, 11.449027094218353 ], [ 106.241226181589582, 11.449027094218353 ], [ 106.241226181589582, 11.449069155616355 ], [ 106.241140350901119, 11.449069155616355 ], [ 106.241140350901119, 11.449111217008108 ], [ 106.241054520212657, 11.449111217008108 ], [ 106.241054520212657, 11.449153278393602 ], [ 106.241011604868405, 11.449153278393602 ], [ 106.241011604868405, 11.449195339772846 ], [ 106.240968689524166, 11.449195339772846 ], [ 106.240968689524166, 11.449237401145835 ], [ 106.240882858835718, 11.449237401145835 ], [ 106.240882858835718, 11.449279462512568 ], [ 106.240839943491494, 11.449279462512568 ], [ 106.240839943491494, 11.449321523873049 ], [ 106.240754112803032, 11.449321523873049 ], [ 106.240754112803032, 11.44936358522728 ], [ 106.240668282114555, 11.44936358522728 ], [ 106.240668282114555, 11.449405646575254 ], [ 106.240625366770317, 11.449405646575254 ], [ 106.240625366770317, 11.449447707916974 ], [ 106.240539536081855, 11.449447707916974 ], [ 106.240539536081855, 11.449489769252443 ], [ 106.24049662073763, 11.449489769252443 ], [ 106.24049662073763, 11.449531830581654 ], [ 106.240453705393392, 11.449531830581654 ], [ 106.240453705393392, 11.449573891904613 ], [ 106.240410790049168, 11.449573891904613 ], [ 106.240410790049168, 11.449615953221317 ], [ 106.240324959360706, 11.449615953221317 ], [ 106.240324959360706, 11.449658014531767 ], [ 106.240282044016467, 11.449658014531767 ], [ 106.240282044016467, 11.449700075835969 ], [ 106.240239128672243, 11.449700075835969 ], [ 106.240239128672243, 11.449742137133912 ], [ 106.240196213328005, 11.449742137133912 ], [ 106.240196213328005, 11.449784198425601 ], [ 106.240110382639529, 11.449784198425601 ], [ 106.240110382639529, 11.449826259711037 ], [ 106.240067467295304, 11.449826259711037 ], [ 106.240067467295304, 11.449868320990218 ], [ 106.239981636606842, 11.449868320990218 ], [ 106.239981636606842, 11.449910382263147 ], [ 106.239895805918366, 11.449910382263147 ], [ 106.239895805918366, 11.449952443529822 ], [ 106.239852890574141, 11.449952443529822 ], [ 106.239852890574141, 11.449994504790242 ], [ 106.239809975229903, 11.449994504790242 ], [ 106.239809975229903, 11.450036566044407 ], [ 106.239767059885679, 11.450036566044407 ], [ 106.239767059885679, 11.450078627292319 ], [ 106.239681229197217, 11.450078627292319 ], [ 106.239681229197217, 11.450120688533977 ], [ 106.239552483164516, 11.450120688533977 ], [ 106.239552483164516, 11.450162749769381 ], [ 106.239380821787577, 11.450162749769381 ], [ 106.239380821787577, 11.45020481099853 ], [ 106.239252075754891, 11.45020481099853 ], [ 106.239252075754891, 11.450246872221426 ], [ 106.239166245066428, 11.450246872221426 ], [ 106.239166245066428, 11.450288933438069 ], [ 106.239080414377966, 11.450288933438069 ], [ 106.239080414377966, 11.450330994648455 ], [ 106.238994583689504, 11.450330994648455 ], [ 106.238994583689504, 11.450373055852587 ], [ 106.238908753001013, 11.450373055852587 ], [ 106.238908753001013, 11.450415117050467 ], [ 106.238822922312551, 11.450415117050467 ], [ 106.238822922312551, 11.450457178242091 ], [ 106.238737091624103, 11.450457178242091 ], [ 106.238737091624103, 11.450499239427462 ], [ 106.238694176279878, 11.450499239427462 ], [ 106.238694176279878, 11.450541300606577 ], [ 106.23865126093564, 11.450541300606577 ], [ 106.23865126093564, 11.450583361779438 ], [ 106.238608345591416, 11.450583361779438 ], [ 106.238608345591416, 11.450625422946047 ], [ 106.23852251490294, 11.450625422946047 ], [ 106.23852251490294, 11.450667484106399 ], [ 106.238479599558701, 11.450667484106399 ], [ 106.238479599558701, 11.4507095452605 ], [ 106.238436684214477, 11.4507095452605 ], [ 106.238436684214477, 11.450751606408341 ], [ 106.238350853526015, 11.450751606408341 ], [ 106.238350853526015, 11.450793667549931 ], [ 106.238265022837538, 11.450793667549931 ], [ 106.238265022837538, 11.450835728685265 ], [ 106.238136276804852, 11.450835728685265 ], [ 106.238136276804852, 11.450877789814347 ], [ 106.238050446116389, 11.450877789814347 ], [ 106.238050446116389, 11.450919850937172 ], [ 106.237964615427913, 11.450919850937172 ], [ 106.237964615427913, 11.450961912053748 ], [ 106.237835869395212, 11.450961912053748 ], [ 106.237835869395212, 11.451003973164063 ], [ 106.23775003870675, 11.451003973164063 ], [ 106.23775003870675, 11.451046034268126 ], [ 106.237664208018288, 11.451046034268126 ], [ 106.237664208018288, 11.451088095365934 ], [ 106.237578377329825, 11.451088095365934 ], [ 106.237578377329825, 11.451130156457486 ], [ 106.237492546641363, 11.451130156457486 ], [ 106.237492546641363, 11.451172217542783 ], [ 106.237449631297139, 11.451172217542783 ], [ 106.237449631297139, 11.45121427862183 ], [ 106.237406715952886, 11.45121427862183 ], [ 106.237406715952886, 11.45125633969462 ], [ 106.237320885264424, 11.45125633969462 ], [ 106.237320885264424, 11.451298400761155 ], [ 106.2372779699202, 11.451298400761155 ], [ 106.2372779699202, 11.451340461821435 ], [ 106.237192139231738, 11.451340461821435 ], [ 106.237192139231738, 11.451382522875459 ], [ 106.237149223887513, 11.451382522875459 ], [ 106.237149223887513, 11.451424583923229 ], [ 106.237106308543289, 11.451424583923229 ], [ 106.237106308543289, 11.451466644964746 ], [ 106.237020477854813, 11.451466644964746 ], [ 106.237020477854813, 11.451508706 ], [ 106.236977562510575, 11.451508706 ], [ 106.236977562510575, 11.451550767029012 ], [ 106.236891731822112, 11.451550767029012 ], [ 106.236891731822112, 11.451592828051764 ], [ 106.23680590113365, 11.451592828051764 ], [ 106.23680590113365, 11.451634889068261 ], [ 106.236762985789397, 11.451634889068261 ], [ 106.236762985789397, 11.451676950078502 ], [ 106.236720070445173, 11.451676950078502 ], [ 106.236720070445173, 11.451761072080224 ], [ 106.236677155100949, 11.451761072080224 ], [ 106.236677155100949, 11.451803133071698 ], [ 106.236591324412487, 11.451803133071698 ], [ 106.236591324412487, 11.45184519405692 ], [ 106.23650549372401, 11.45184519405692 ], [ 106.23650549372401, 11.451887255035887 ], [ 106.236376747691324, 11.451887255035887 ], [ 106.236376747691324, 11.451929316008599 ], [ 106.236290917002862, 11.451929316008599 ], [ 106.236290917002862, 11.45197137697506 ], [ 106.236248001658623, 11.45197137697506 ], [ 106.236248001658623, 11.452013437935259 ], [ 106.236162170970147, 11.452013437935259 ], [ 106.236162170970147, 11.452055498889205 ], [ 106.236119255625937, 11.452055498889205 ], [ 106.236119255625937, 11.452097559836897 ], [ 106.236076340281699, 11.452097559836897 ], [ 106.236076340281699, 11.452139620778333 ], [ 106.236033424937474, 11.452139620778333 ], [ 106.236033424937474, 11.452181681713514 ], [ 106.235990509593236, 11.452181681713514 ], [ 106.235990509593236, 11.452223742642442 ], [ 106.235947594249012, 11.452223742642442 ], [ 106.235947594249012, 11.452265803565112 ], [ 106.235904678904774, 11.452265803565112 ], [ 106.235904678904774, 11.452307864481529 ], [ 106.23586176356055, 11.452307864481529 ], [ 106.23586176356055, 11.452349925391689 ], [ 106.235818848216297, 11.452349925391689 ], [ 106.235818848216297, 11.452391986295593 ], [ 106.235775932872059, 11.452391986295593 ], [ 106.235775932872059, 11.452434047193242 ], [ 106.235733017527835, 11.452434047193242 ], [ 106.235733017527835, 11.452476108084639 ], [ 106.235690102183597, 11.452476108084639 ], [ 106.235690102183597, 11.452518168969778 ], [ 106.235647186839373, 11.452518168969778 ], [ 106.235647186839373, 11.452560229848663 ], [ 106.235561356150924, 11.452560229848663 ], [ 106.235561356150924, 11.452602290721291 ], [ 106.23543261011821, 11.452602290721291 ], [ 106.23543261011821, 11.452644351587663 ], [ 106.235303864085523, 11.452644351587663 ], [ 106.235303864085523, 11.452686412447781 ], [ 106.235218033397047, 11.452686412447781 ], [ 106.235218033397047, 11.452728473301645 ], [ 106.235175118052808, 11.452728473301645 ], [ 106.235175118052808, 11.452770534149252 ], [ 106.235089287364346, 11.452770534149252 ], [ 106.235089287364346, 11.452812594990604 ], [ 106.235046372020122, 11.452812594990604 ], [ 106.235046372020122, 11.4528546558257 ], [ 106.235003456675898, 11.4528546558257 ], [ 106.235003456675898, 11.452896716654539 ], [ 106.234960541331674, 11.452896716654539 ], [ 106.234960541331674, 11.452938777477126 ], [ 106.234917625987421, 11.452938777477126 ], [ 106.234917625987421, 11.452980838293456 ], [ 106.234874710643197, 11.452980838293456 ], [ 106.234874710643197, 11.453022899103528 ], [ 106.234788879954721, 11.453022899103528 ], [ 106.234788879954721, 11.453064959907348 ], [ 106.234745964610497, 11.453064959907348 ], [ 106.234745964610497, 11.453107020704909 ], [ 106.234703049266258, 11.453107020704909 ], [ 106.234703049266258, 11.453149081496218 ], [ 106.234617218577782, 11.453149081496218 ], [ 106.234617218577782, 11.453191142281268 ], [ 106.234574303233558, 11.453191142281268 ], [ 106.234574303233558, 11.453233203060066 ], [ 106.234445557200871, 11.453233203060066 ], [ 106.234445557200871, 11.453275263832605 ], [ 106.234273895823932, 11.453275263832605 ], [ 106.234273895823932, 11.453317324598888 ], [ 106.234145149791246, 11.453317324598888 ], [ 106.234145149791246, 11.453359385358917 ], [ 106.234059319102784, 11.453359385358917 ], [ 106.234059319102784, 11.453401446112689 ], [ 106.234016403758545, 11.453401446112689 ], [ 106.234016403758545, 11.453443506860205 ], [ 106.233930573070083, 11.453443506860205 ], [ 106.233930573070083, 11.453485567601467 ], [ 106.233801827037396, 11.453485567601467 ], [ 106.233801827037396, 11.453527628336476 ], [ 106.233715996348906, 11.453527628336476 ], [ 106.233715996348906, 11.453569689065224 ], [ 106.233630165660443, 11.453569689065224 ], [ 106.233630165660443, 11.453611749787717 ], [ 106.233587250316219, 11.453611749787717 ], [ 106.233587250316219, 11.453653810503953 ], [ 106.233544334971981, 11.453653810503953 ], [ 106.233544334971981, 11.453695871213935 ], [ 106.233458504283519, 11.453695871213935 ], [ 106.233458504283519, 11.45373793191766 ], [ 106.233372673595056, 11.45373793191766 ], [ 106.233372673595056, 11.453779992615132 ], [ 106.233286842906594, 11.453779992615132 ], [ 106.233286842906594, 11.453822053306345 ], [ 106.233158096873908, 11.453822053306345 ], [ 106.233158096873908, 11.453864113991303 ], [ 106.233072266185431, 11.453864113991303 ], [ 106.233072266185431, 11.45394823534245 ], [ 106.233029350841193, 11.45394823534245 ], [ 106.233029350841193, 11.453990296008641 ], [ 106.232986435496969, 11.453990296008641 ], [ 106.232986435496969, 11.45407441732225 ], [ 106.23290060480852, 11.45407441732225 ], [ 106.23290060480852, 11.454116477969672 ], [ 106.232771858775806, 11.454116477969672 ], [ 106.232771858775806, 11.454158538610836 ], [ 106.232643112743105, 11.454158538610836 ], [ 106.232643112743105, 11.454200599245743 ], [ 106.23247145136618, 11.454200599245743 ], [ 106.23247145136618, 11.454242659874399 ], [ 106.232385620677718, 11.454242659874399 ], [ 106.232385620677718, 11.454284720496798 ], [ 106.232342705333494, 11.454284720496798 ], [ 106.232342705333494, 11.454326781112934 ], [ 106.232299789989256, 11.454326781112934 ], [ 106.232299789989256, 11.454368841722818 ], [ 106.232256874645032, 11.454368841722818 ], [ 106.232256874645032, 11.454410902326448 ], [ 106.232213959300779, 11.454410902326448 ], [ 106.232213959300779, 11.454452962923817 ], [ 106.232171043956555, 11.454452962923817 ], [ 106.232171043956555, 11.454495023514935 ], [ 106.232085213268093, 11.454495023514935 ], [ 106.232085213268093, 11.454537084099792 ], [ 106.23199938257963, 11.454537084099792 ], [ 106.23199938257963, 11.45462120525074 ], [ 106.231956467235392, 11.45462120525074 ], [ 106.231956467235392, 11.45474738693024 ], [ 106.231913551891168, 11.45474738693024 ], [ 106.231913551891168, 11.454831508018623 ], [ 106.23187063654693, 11.454831508018623 ], [ 106.23187063654693, 11.454873568553429 ], [ 106.231827721202706, 11.454873568553429 ], [ 106.231827721202706, 11.454915629081981 ], [ 106.231741890514243, 11.454915629081981 ], [ 106.231741890514243, 11.454957689604274 ], [ 106.231698975170005, 11.454957689604274 ], [ 106.231698975170005, 11.454999750120313 ], [ 106.231656059825752, 11.454999750120313 ], [ 106.231656059825752, 11.455083871133615 ], [ 106.231613144481543, 11.455083871133615 ], [ 106.231613144481543, 11.455336234023369 ], [ 106.23157022913729, 11.455336234023369 ], [ 106.23157022913729, 11.45546241538378 ], [ 106.231484398448828, 11.45546241538378 ], [ 106.231484398448828, 11.455504475824736 ], [ 106.231398567760365, 11.455504475824736 ], [ 106.231398567760365, 11.455546536259437 ], [ 106.231312737071903, 11.455546536259437 ], [ 106.231312737071903, 11.455588596687878 ], [ 106.231269821727679, 11.455588596687878 ], [ 106.231269821727679, 11.455630657110062 ], [ 106.231226906383441, 11.455630657110062 ], [ 106.231226906383441, 11.455756838339079 ], [ 106.231183991039217, 11.455756838339079 ], [ 106.231183991039217, 11.455798898736237 ], [ 106.231141075694978, 11.455798898736237 ], [ 106.231141075694978, 11.455883019511779 ], [ 106.231098160350754, 11.455883019511779 ], [ 106.231098160350754, 11.456135381688242 ], [ 106.231055245006516, 11.456135381688242 ], [ 106.231055245006516, 11.456177442029087 ], [ 106.231012329662292, 11.456177442029087 ], [ 106.231012329662292, 11.456219502363671 ], [ 106.230969414318039, 11.456219502363671 ], [ 106.230969414318039, 11.456303623014072 ], [ 106.230926498973815, 11.456303623014072 ], [ 106.230926498973815, 11.456345683329889 ], [ 106.230883583629577, 11.456345683329889 ], [ 106.230883583629577, 11.456387743639445 ], [ 106.230840668285353, 11.456387743639445 ], [ 106.230840668285353, 11.456429803942745 ], [ 106.230797752941129, 11.456429803942745 ], [ 106.230797752941129, 11.456471864239786 ], [ 106.230754837596905, 11.456471864239786 ], [ 106.230754837596905, 11.4565559848151 ], [ 106.230711922252667, 11.4565559848151 ], [ 106.230711922252667, 11.456598045093372 ], [ 106.230669006908414, 11.456598045093372 ], [ 106.230669006908414, 11.456640105365382 ], [ 106.23062609156419, 11.456640105365382 ], [ 106.23062609156419, 11.456682165631138 ], [ 106.230583176219952, 11.456682165631138 ], [ 106.230583176219952, 11.456724225890635 ], [ 106.230540260875728, 11.456724225890635 ], [ 106.230540260875728, 11.456766286143878 ], [ 106.230454430187265, 11.456766286143878 ], [ 106.230454430187265, 11.456808346390861 ], [ 106.230282768810341, 11.456808346390861 ], [ 106.230282768810341, 11.456850406631586 ], [ 106.23015402277764, 11.456850406631586 ], [ 106.23015402277764, 11.456892466866053 ], [ 106.230111107433416, 11.456892466866053 ], [ 106.230111107433416, 11.456934527094262 ], [ 106.230025276744939, 11.456934527094262 ], [ 106.230025276744939, 11.456976587316214 ], [ 106.229982361400701, 11.456976587316214 ], [ 106.229982361400701, 11.45701864753191 ], [ 106.229939446056477, 11.45701864753191 ], [ 106.229939446056477, 11.457060707741348 ], [ 106.229896530712239, 11.457060707741348 ], [ 106.229896530712239, 11.457102767944528 ], [ 106.229853615368015, 11.457102767944528 ], [ 106.229853615368015, 11.457144828141448 ], [ 106.229767784679552, 11.457144828141448 ], [ 106.229767784679552, 11.457186888332112 ], [ 106.22968195399109, 11.457186888332112 ], [ 106.22968195399109, 11.457228948516519 ], [ 106.229596123302613, 11.457228948516519 ], [ 106.229596123302613, 11.457271008694667 ], [ 106.229553207958389, 11.457271008694667 ], [ 106.229553207958389, 11.45731306886656 ], [ 106.229510292614137, 11.45731306886656 ], [ 106.229510292614137, 11.457355129032191 ], [ 106.229424461925674, 11.457355129032191 ], [ 106.229424461925674, 11.457397189191566 ], [ 106.229338631237212, 11.457397189191566 ], [ 106.229338631237212, 11.457439249344683 ], [ 106.229252800548764, 11.457439249344683 ], [ 106.229252800548764, 11.457523369632145 ], [ 106.229166969860287, 11.457523369632145 ], [ 106.229166969860287, 11.457565429766488 ], [ 106.229124054516063, 11.457565429766488 ], [ 106.229124054516063, 11.457607489894574 ], [ 106.229038223827601, 11.457607489894574 ], [ 106.229038223827601, 11.457649550016402 ], [ 106.2289094777949, 11.457649550016402 ], [ 106.2289094777949, 11.457691610131972 ], [ 106.228866562450676, 11.457691610131972 ], [ 106.228866562450676, 11.457733670241282 ], [ 106.228823647106424, 11.457733670241282 ], [ 106.228823647106424, 11.457775730344336 ], [ 106.2287807317622, 11.457775730344336 ], [ 106.2287807317622, 11.457817790441133 ], [ 106.228737816417976, 11.457817790441133 ], [ 106.228737816417976, 11.457859850531669 ], [ 106.228694901073752, 11.457859850531669 ], [ 106.228694901073752, 11.457901910615949 ], [ 106.228651985729513, 11.457901910615949 ], [ 106.228651985729513, 11.457943970693968 ], [ 106.228566155041037, 11.457943970693968 ], [ 106.228566155041037, 11.457986030765731 ], [ 106.228523239696798, 11.457986030765731 ], [ 106.228523239696798, 11.458028090831238 ], [ 106.228480324352574, 11.458028090831238 ], [ 106.228480324352574, 11.458112210943472 ], [ 106.228437409008336, 11.458112210943472 ], [ 106.228437409008336, 11.458154270990203 ], [ 106.228394493664112, 11.458154270990203 ], [ 106.228394493664112, 11.458238391064889 ], [ 106.228351578319874, 11.458238391064889 ], [ 106.228351578319874, 11.458322511114542 ], [ 106.22830866297565, 11.458322511114542 ], [ 106.22830866297565, 11.45836457112998 ], [ 106.228265747631411, 11.45836457112998 ], [ 106.228265747631411, 11.458406631139161 ], [ 106.228222832287187, 11.458406631139161 ], [ 106.228222832287187, 11.458448691142083 ], [ 106.228179916942949, 11.458448691142083 ], [ 106.228179916942949, 11.458490751138745 ], [ 106.228137001598725, 11.458490751138745 ], [ 106.228137001598725, 11.458532811129151 ], [ 106.228094086254487, 11.458532811129151 ], [ 106.228094086254487, 11.458574871113299 ], [ 106.228008255566024, 11.458574871113299 ], [ 106.228008255566024, 11.458616931091186 ], [ 106.2279653402218, 11.458616931091186 ], [ 106.2279653402218, 11.458658991062816 ], [ 106.227922424877548, 11.458658991062816 ], [ 106.227922424877548, 11.458701051028186 ], [ 106.227879509533324, 11.458701051028186 ], [ 106.227879509533324, 11.458785170940157 ], [ 106.227836594189085, 11.458785170940157 ], [ 106.227836594189085, 11.458827230886751 ], [ 106.227793678844861, 11.458827230886751 ], [ 106.227793678844861, 11.458911350761165 ], [ 106.227750763500623, 11.458911350761165 ], [ 106.227750763500623, 11.458953410688986 ], [ 106.227707848156399, 11.458953410688986 ], [ 106.227707848156399, 11.458995470610544 ], [ 106.227664932812161, 11.458995470610544 ], [ 106.227664932812161, 11.459079590434893 ], [ 106.227622017467951, 11.459079590434893 ], [ 106.227622017467951, 11.459163710234202 ], [ 106.227579102123698, 11.459163710234202 ], [ 106.227579102123698, 11.45920577012447 ], [ 106.22753618677946, 11.45920577012447 ], [ 106.22753618677946, 11.459289889886231 ], [ 106.227493271435236, 11.459289889886231 ], [ 106.227493271435236, 11.459331949757718 ], [ 106.227450356090998, 11.459331949757718 ], [ 106.227450356090998, 11.459374009622955 ], [ 106.227364525402521, 11.459374009622955 ], [ 106.227364525402521, 11.459416069481927 ], [ 106.227321610058297, 11.459416069481927 ], [ 106.227321610058297, 11.45945812933464 ], [ 106.227235779369835, 11.45945812933464 ], [ 106.227235779369835, 11.459500189181094 ], [ 106.227192864025596, 11.459500189181094 ], [ 106.227192864025596, 11.459542249021293 ], [ 106.227149948681372, 11.459542249021293 ], [ 106.227149948681372, 11.459626368682908 ], [ 106.227107033337148, 11.459626368682908 ], [ 106.227107033337148, 11.459668428504326 ], [ 106.226978287304448, 11.459668428504326 ], [ 106.226978287304448, 11.459710488319486 ], [ 106.226935371960209, 11.459710488319486 ], [ 106.226935371960209, 11.459752548128389 ], [ 106.226892456615985, 11.459752548128389 ], [ 106.226892456615985, 11.459794607931032 ], [ 106.226849541271747, 11.459794607931032 ], [ 106.226849541271747, 11.459836667727416 ], [ 106.226806625927523, 11.459836667727416 ], [ 106.226806625927523, 11.459878727517539 ], [ 106.226720795239061, 11.459878727517539 ], [ 106.226720795239061, 11.459920787301403 ], [ 106.226677879894808, 11.459920787301403 ], [ 106.226677879894808, 11.459962847079009 ], [ 106.226634964550584, 11.459962847079009 ], [ 106.226634964550584, 11.460004906850354 ], [ 106.22659204920636, 11.460004906850354 ], [ 106.22659204920636, 11.460046966615446 ], [ 106.226549133862136, 11.460046966615446 ], [ 106.226549133862136, 11.460089026374273 ], [ 106.226506218517898, 11.460089026374273 ], [ 106.226506218517898, 11.460131086126841 ], [ 106.226463303173645, 11.460131086126841 ], [ 106.226463303173645, 11.460173145873151 ], [ 106.226377472485183, 11.460173145873151 ], [ 106.226377472485183, 11.460215205613199 ], [ 106.226334557140959, 11.460215205613199 ], [ 106.226334557140959, 11.460257265346991 ], [ 106.226248726452496, 11.460257265346991 ], [ 106.226248726452496, 11.460299325074523 ], [ 106.226162895764034, 11.460299325074523 ], [ 106.226162895764034, 11.460341384795797 ], [ 106.226077065075572, 11.460341384795797 ], [ 106.226077065075572, 11.460383444510809 ], [ 106.225991234387109, 11.460383444510809 ], [ 106.225991234387109, 11.460425504219561 ], [ 106.225948319042871, 11.460425504219561 ], [ 106.225948319042871, 11.460467563922057 ], [ 106.225862488354409, 11.460467563922057 ], [ 106.225862488354409, 11.460509623618291 ], [ 106.225819573010185, 11.460509623618291 ], [ 106.225819573010185, 11.460551683308267 ], [ 106.225733742321708, 11.460551683308267 ], [ 106.225733742321708, 11.460593742991982 ], [ 106.22569082697747, 11.460593742991982 ], [ 106.22569082697747, 11.460635802669438 ], [ 106.225647911633246, 11.460635802669438 ], [ 106.225647911633246, 11.460677862340635 ], [ 106.225604996289007, 11.460677862340635 ], [ 106.225604996289007, 11.460719922005573 ], [ 106.225562080944783, 11.460719922005573 ], [ 106.225562080944783, 11.460761981664248 ], [ 106.225519165600545, 11.460761981664248 ], [ 106.225519165600545, 11.460804041316669 ], [ 106.225476250256307, 11.460804041316669 ], [ 106.225476250256307, 11.460846100962828 ], [ 106.225433334912083, 11.460846100962828 ], [ 106.225433334912083, 11.460888160602725 ], [ 106.225390419567844, 11.460888160602725 ], [ 106.225390419567844, 11.460930220236364 ], [ 106.22534750422362, 11.460930220236364 ], [ 106.22534750422362, 11.460972279863743 ], [ 106.225261673535158, 11.460972279863743 ], [ 106.225261673535158, 11.46101433948486 ], [ 106.225218758190906, 11.46101433948486 ], [ 106.225218758190906, 11.461056399099723 ], [ 106.225175842846681, 11.461056399099723 ], [ 106.225175842846681, 11.461098458708323 ], [ 106.225132927502443, 11.461098458708323 ], [ 106.225132927502443, 11.461140518310664 ], [ 106.225090012158219, 11.461140518310664 ], [ 106.225090012158219, 11.461182577906744 ], [ 106.225047096813995, 11.461182577906744 ], [ 106.225047096813995, 11.461224637496562 ], [ 106.225004181469771, 11.461224637496562 ], [ 106.225004181469771, 11.461266697080124 ], [ 106.224961266125533, 11.461266697080124 ], [ 106.224961266125533, 11.461308756657429 ], [ 106.224918350781309, 11.461308756657429 ], [ 106.224918350781309, 11.461350816228469 ], [ 106.224875435437056, 11.461350816228469 ], [ 106.224875435437056, 11.46147699490403 ], [ 106.224832520092832, 11.46147699490403 ], [ 106.224832520092832, 11.461519054450031 ], [ 106.224789604748594, 11.461519054450031 ], [ 106.224789604748594, 11.461561113989774 ], [ 106.22474668940437, 11.461561113989774 ], [ 106.22474668940437, 11.461603173523255 ], [ 106.224660858715907, 11.461603173523255 ], [ 106.224660858715907, 11.461645233050477 ], [ 106.224532112683207, 11.461645233050477 ], [ 106.224532112683207, 11.46168729257144 ], [ 106.224446281994744, 11.46168729257144 ], [ 106.224446281994744, 11.46172935208614 ], [ 106.224403366650506, 11.46172935208614 ], [ 106.224403366650506, 11.461771411594579 ], [ 106.224360451306282, 11.461771411594579 ], [ 106.224360451306282, 11.461855530592683 ], [ 106.22431753596203, 11.461855530592683 ], [ 106.22431753596203, 11.461939649565743 ], [ 106.224274620617805, 11.461939649565743 ], [ 106.224274620617805, 11.462023768513763 ], [ 106.224231705273567, 11.462023768513763 ], [ 106.224231705273567, 11.462065827978384 ], [ 106.224188789929343, 11.462065827978384 ], [ 106.224188789929343, 11.462107887436744 ], [ 106.224145874585105, 11.462107887436744 ], [ 106.224145874585105, 11.462149946888843 ], [ 106.224060043896642, 11.462149946888843 ], [ 106.224060043896642, 11.462192006334682 ], [ 106.223931297863956, 11.462192006334682 ], [ 106.223931297863956, 11.462234065774259 ], [ 106.223845467175494, 11.462234065774259 ], [ 106.223845467175494, 11.462276125207577 ], [ 106.223759636487031, 11.462276125207577 ], [ 106.223759636487031, 11.462318184634638 ], [ 106.223716721142779, 11.462318184634638 ], [ 106.223716721142779, 11.462360244055434 ], [ 106.223630890454316, 11.462360244055434 ], [ 106.223630890454316, 11.46240230346997 ], [ 106.223587975110092, 11.46240230346997 ], [ 106.223587975110092, 11.462444362878248 ], [ 106.22350214442163, 11.462444362878248 ], [ 106.22350214442163, 11.462486422280262 ], [ 106.223459229077406, 11.462486422280262 ], [ 106.223459229077406, 11.462528481676017 ], [ 106.223416313733154, 11.462528481676017 ], [ 106.223416313733154, 11.462570541065515 ], [ 106.223373398388929, 11.462570541065515 ], [ 106.223373398388929, 11.462612600448749 ], [ 106.223330483044691, 11.462612600448749 ], [ 106.223330483044691, 11.462654659825724 ], [ 106.223244652356229, 11.462654659825724 ], [ 106.223244652356229, 11.462696719196435 ], [ 106.223201737012005, 11.462696719196435 ], [ 106.223201737012005, 11.462738778560889 ], [ 106.223158821667766, 11.462738778560889 ], [ 106.223158821667766, 11.462822897271014 ], [ 106.223115906323542, 11.462822897271014 ], [ 106.223115906323542, 11.462907015956093 ], [ 106.22307299097929, 11.462907015956093 ], [ 106.22307299097929, 11.462949075289243 ], [ 106.222987160290828, 11.462949075289243 ], [ 106.222987160290828, 11.462991134616134 ], [ 106.22272966822544, 11.462991134616134 ], [ 106.22272966822544, 11.463033193936759 ], [ 106.222643837536978, 11.463033193936759 ], [ 106.222643837536978, 11.463075253251128 ], [ 106.222558006848516, 11.463075253251128 ], [ 106.222558006848516, 11.463117312559236 ], [ 106.222515091504292, 11.463117312559236 ], [ 106.222515091504292, 11.46315937186108 ], [ 106.222472176160039, 11.46315937186108 ], [ 106.222472176160039, 11.463201431156664 ], [ 106.222343430127353, 11.463201431156664 ], [ 106.222343430127353, 11.463243490445988 ], [ 106.222171768750414, 11.463243490445988 ], [ 106.222171768750414, 11.463285549729051 ], [ 106.222043022717727, 11.463285549729051 ], [ 106.222043022717727, 11.463327609005855 ], [ 106.221914276685027, 11.463327609005855 ], [ 106.221914276685027, 11.463369668276396 ], [ 106.22178553065234, 11.463369668276396 ], [ 106.22178553065234, 11.463411727540675 ], [ 106.221613869275416, 11.463411727540675 ], [ 106.221613869275416, 11.463453786798695 ], [ 106.221485123242701, 11.463453786798695 ], [ 106.221485123242701, 11.463495846050453 ], [ 106.221356377210014, 11.463495846050453 ], [ 106.221356377210014, 11.463537905295949 ], [ 106.221227631177314, 11.463537905295949 ], [ 106.221227631177314, 11.463579964535189 ], [ 106.221141800488851, 11.463579964535189 ], [ 106.221141800488851, 11.463622023768163 ], [ 106.221055969800389, 11.463622023768163 ], [ 106.221055969800389, 11.463664082994876 ], [ 106.221013054456151, 11.463664082994876 ], [ 106.221013054456151, 11.463706142215329 ], [ 106.220927223767674, 11.463706142215329 ], [ 106.220927223767674, 11.463748201429521 ], [ 106.220841393079226, 11.463748201429521 ], [ 106.220841393079226, 11.463790260637451 ], [ 106.220755562390764, 11.463790260637451 ], [ 106.220755562390764, 11.463832319839122 ], [ 106.22071264704654, 11.463832319839122 ], [ 106.22071264704654, 11.463874379034531 ], [ 106.220669731702287, 11.463874379034531 ], [ 106.220669731702287, 11.463916438223677 ], [ 106.220583901013825, 11.463916438223677 ], [ 106.220583901013825, 11.463958497406564 ], [ 106.220498070325363, 11.463958497406564 ], [ 106.220498070325363, 11.464000556583189 ], [ 106.220455154981138, 11.464000556583189 ], [ 106.220455154981138, 11.464042615753552 ], [ 106.220369324292676, 11.464042615753552 ], [ 106.220369324292676, 11.464084674917654 ], [ 106.220240578259975, 11.464084674917654 ], [ 106.220240578259975, 11.464126734075494 ], [ 106.220154747571513, 11.464126734075494 ], [ 106.220154747571513, 11.464168793227074 ], [ 106.220068916883051, 11.464168793227074 ], [ 106.220068916883051, 11.464210852372391 ], [ 106.220026001538798, 11.464210852372391 ], [ 106.220026001538798, 11.464252911511448 ], [ 106.219940170850336, 11.464252911511448 ], [ 106.219940170850336, 11.464294970644245 ], [ 106.219897255506112, 11.464294970644245 ], [ 106.219897255506112, 11.464337029770778 ], [ 106.219854340161874, 11.464337029770778 ], [ 106.219854340161874, 11.464379088891052 ], [ 106.219768509473411, 11.464379088891052 ], [ 106.219768509473411, 11.464421148005062 ], [ 106.219725594129187, 11.464421148005062 ], [ 106.219725594129187, 11.464463207112811 ], [ 106.219682678784949, 11.464463207112811 ], [ 106.219682678784949, 11.464505266214299 ], [ 106.219639763440725, 11.464505266214299 ], [ 106.219639763440725, 11.464589384398492 ], [ 106.219596848096486, 11.464589384398492 ], [ 106.219596848096486, 11.464631443481196 ], [ 106.219553932752262, 11.464631443481196 ], [ 106.219553932752262, 11.464715561627816 ], [ 106.219511017408024, 11.464715561627816 ], [ 106.219511017408024, 11.464757620691733 ], [ 106.2194681020638, 11.464757620691733 ], [ 106.2194681020638, 11.464799679749392 ], [ 106.219425186719548, 11.464799679749392 ], [ 106.219425186719548, 11.464841738800789 ], [ 106.219382271375324, 11.464841738800789 ], [ 106.219382271375324, 11.464883797845921 ], [ 106.219339356031085, 11.464883797845921 ], [ 106.219339356031085, 11.464925856884793 ], [ 106.219296440686847, 11.464925856884793 ], [ 106.219296440686847, 11.465009974943749 ], [ 106.219253525342623, 11.465009974943749 ], [ 106.219253525342623, 11.465052033963836 ], [ 106.219210609998399, 11.465052033963836 ], [ 106.219210609998399, 11.465094092977662 ], [ 106.219167694654175, 11.465094092977662 ], [ 106.219167694654175, 11.465136151985226 ], [ 106.219124779309922, 11.465136151985226 ], [ 106.219124779309922, 11.465178210986526 ], [ 106.219081863965698, 11.465178210986526 ], [ 106.219081863965698, 11.465220269981565 ], [ 106.21903894862146, 11.465220269981565 ], [ 106.21903894862146, 11.465262328970342 ], [ 106.218996033277236, 11.465262328970342 ], [ 106.218996033277236, 11.465304387952855 ], [ 106.218953117932998, 11.465304387952855 ], [ 106.218953117932998, 11.46543056486283 ], [ 106.218910202588773, 11.46543056486283 ], [ 106.218910202588773, 11.465556741716446 ], [ 106.218867287244521, 11.465556741716446 ], [ 106.218867287244521, 11.465640859587547 ], [ 106.218824371900297, 11.465640859587547 ], [ 106.218824371900297, 11.465682918513702 ], [ 106.218781456556059, 11.465682918513702 ], [ 106.218781456556059, 11.465724977433597 ], [ 106.21869562586761, 11.465724977433597 ], [ 106.21869562586761, 11.465767036347231 ], [ 106.218652710523386, 11.465767036347231 ], [ 106.218652710523386, 11.465851154155711 ], [ 106.218609795179148, 11.465851154155711 ], [ 106.218609795179148, 11.46593527193914 ], [ 106.218566879834924, 11.46593527193914 ], [ 106.218566879834924, 11.466019389697518 ], [ 106.218523964490672, 11.466019389697518 ], [ 106.218523964490672, 11.466061448567315 ], [ 106.218481049146448, 11.466061448567315 ], [ 106.218481049146448, 11.466103507430851 ], [ 106.218395218457985, 11.466103507430851 ], [ 106.218395218457985, 11.466145566288123 ], [ 106.218352303113747, 11.466145566288123 ], [ 106.218352303113747, 11.466187625139133 ], [ 106.218309387769523, 11.466187625139133 ], [ 106.218309387769523, 11.46622968398388 ], [ 106.218266472425285, 11.46622968398388 ], [ 106.218266472425285, 11.466271742822364 ], [ 106.218223557081046, 11.466271742822364 ], [ 106.218223557081046, 11.466313801654586 ], [ 106.218180641736822, 11.466313801654586 ], [ 106.218180641736822, 11.466397919300245 ], [ 106.218137726392584, 11.466397919300245 ], [ 106.218137726392584, 11.466439978113678 ], [ 106.21809481104836, 11.466439978113678 ], [ 106.21809481104836, 11.466524095721761 ], [ 106.218051895704122, 11.466524095721761 ], [ 106.218051895704122, 11.466608213304797 ], [ 106.218008980359897, 11.466608213304797 ], [ 106.218008980359897, 11.466692330862776 ], [ 106.217966065015645, 11.466692330862776 ], [ 106.217966065015645, 11.466734389632371 ], [ 106.217923149671435, 11.466734389632371 ], [ 106.217923149671435, 11.466776448395704 ], [ 106.217837318982959, 11.466776448395704 ], [ 106.217837318982959, 11.466818507152777 ], [ 106.217751488294496, 11.466818507152777 ], [ 106.217751488294496, 11.466860565903589 ], [ 106.217665657606034, 11.466860565903589 ], [ 106.217665657606034, 11.466902624648133 ], [ 106.217622742261796, 11.466902624648133 ], [ 106.217622742261796, 11.466944683386416 ], [ 106.217536911573333, 11.466944683386416 ], [ 106.217536911573333, 11.466986742118436 ], [ 106.217493996229109, 11.466986742118436 ], [ 106.217493996229109, 11.467028800844194 ], [ 106.217451080884871, 11.467028800844194 ], [ 106.217451080884871, 11.467070859563687 ], [ 106.217408165540647, 11.467070859563687 ], [ 106.217408165540647, 11.467154976983892 ], [ 106.217365250196409, 11.467154976983892 ], [ 106.217365250196409, 11.467197035684595 ], [ 106.217279419507932, 11.467197035684595 ], [ 106.217279419507932, 11.467239094379039 ], [ 106.21719358881947, 11.467239094379039 ], [ 106.21719358881947, 11.467281153067217 ], [ 106.217107758131021, 11.467281153067217 ], [ 106.217107758131021, 11.467323211749136 ], [ 106.217021927442559, 11.467323211749136 ], [ 106.217021927442559, 11.467365270424789 ], [ 106.21685026606562, 11.467365270424789 ], [ 106.21685026606562, 11.467407329094181 ], [ 106.216721520032905, 11.467407329094181 ], [ 106.216721520032905, 11.467449387757309 ], [ 106.216635689344457, 11.467449387757309 ], [ 106.216635689344457, 11.467491446414176 ], [ 106.216549858655995, 11.467491446414176 ], [ 106.216549858655995, 11.467533505064777 ], [ 106.216421112623308, 11.467533505064777 ], [ 106.216421112623308, 11.467575563709117 ], [ 106.21624945124637, 11.467575563709117 ], [ 106.21624945124637, 11.467617622347193 ], [ 106.216206535902131, 11.467617622347193 ], [ 106.216206535902131, 11.467659680979004 ], [ 106.216163620557893, 11.467659680979004 ], [ 106.216163620557893, 11.467701739604554 ], [ 106.216077789869431, 11.467701739604554 ], [ 106.216077789869431, 11.467743798223839 ], [ 106.215949043836744, 11.467743798223839 ], [ 106.215949043836744, 11.467785856836862 ], [ 106.215820297804029, 11.467785856836862 ], [ 106.215820297804029, 11.467827915443623 ], [ 106.215691551771343, 11.467827915443623 ], [ 106.215691551771343, 11.46786997404412 ], [ 106.215348229017494, 11.46786997404412 ] ] ] } },
{ "type": "Feature", "properties": { "siteId": "GRW::SOLAR::VNM::solar_sea_2024q2_v1.geojson::270", "projectId": "VNM-S-001", "projectName": "Trungnam Solar Farm (Thuan Bac)", "countryCode": "VNM", "technology": "solar", "paperToPowerLabel": "observed_smaller_than_claimed", "matchConfidence": 0.66, "distanceKm": 0.408, "observedFirstSeenQuarter": "2019 Q3", "estimatedCapacityProxyMw": 0.72 }, "geometry": { "type": "Polygon", "coordinates": [ [ [ 109.024629577809435, 11.688884948700926 ], [ 109.024715408497897, 11.688884948700926 ], [ 109.024715408497897, 11.68892697406922 ], [ 109.024887069874794, 11.68892697406922 ], [ 109.024887069874794, 11.689011024786666 ], [ 109.024972900563284, 11.689011024786666 ], [ 109.024972900563284, 11.689053050135815 ], [ 109.025101646595971, 11.689053050135815 ], [ 109.025101646595971, 11.68892697406922 ], [ 109.025144561940195, 11.68892697406922 ], [ 109.025144561940195, 11.688884948700926 ], [ 109.025101646595971, 11.688884948700926 ], [ 109.025101646595971, 11.688842923326257 ], [ 109.025058731251747, 11.688842923326257 ], [ 109.025058731251747, 11.688800897945212 ], [ 109.025015815907508, 11.688800897945212 ], [ 109.025015815907508, 11.688716847163994 ], [ 109.024972900563284, 11.688716847163994 ], [ 109.024972900563284, 11.688674821763815 ], [ 109.024929985219018, 11.688674821763815 ], [ 109.024929985219018, 11.688632796357265 ], [ 109.024887069874794, 11.688632796357265 ], [ 109.024887069874794, 11.688590770944337 ], [ 109.02484415453057, 11.688590770944337 ], [ 109.02484415453057, 11.688548745525027 ], [ 109.024801239186345, 11.688548745525027 ], [ 109.024801239186345, 11.688506720099342 ], [ 109.024758323842121, 11.688506720099342 ], [ 109.024758323842121, 11.688422669228848 ], [ 109.024672493153673, 11.688422669228848 ], [ 109.024672493153673, 11.688338618332835 ], [ 109.024586662465168, 11.688338618332835 ], [ 109.024586662465168, 11.688296592875266 ], [ 109.02450083177672, 11.688296592875266 ], [ 109.02450083177672, 11.688254567411327 ], [ 109.024415001088258, 11.688254567411327 ], [ 109.024415001088258, 11.688296592875266 ], [ 109.024329170399781, 11.688296592875266 ], [ 109.024329170399781, 11.688338618332835 ], [ 109.024243339711333, 11.688338618332835 ], [ 109.024243339711333, 11.688380643784027 ], [ 109.024157509022871, 11.688380643784027 ], [ 109.024157509022871, 11.688422669228848 ], [ 109.024071678334408, 11.688422669228848 ], [ 109.024071678334408, 11.688464694667282 ], [ 109.023985847645918, 11.688464694667282 ], [ 109.023985847645918, 11.688506720099342 ], [ 109.023942932301679, 11.688506720099342 ], [ 109.023942932301679, 11.688590770944337 ], [ 109.023900016957455, 11.688590770944337 ], [ 109.023900016957455, 11.688674821763815 ], [ 109.023814186269007, 11.688674821763815 ], [ 109.023814186269007, 11.688716847163994 ], [ 109.023728355580545, 11.688716847163994 ], [ 109.023728355580545, 11.688758872557797 ], [ 109.023685440236306, 11.688758872557797 ], [ 109.023685440236306, 11.688842923326257 ], [ 109.023642524892082, 11.688842923326257 ], [ 109.023642524892082, 11.688884948700926 ], [ 109.023599609547844, 11.688884948700926 ], [ 109.023599609547844, 11.68892697406922 ], [ 109.023642524892082, 11.68892697406922 ], [ 109.023642524892082, 11.689011024786666 ], [ 109.023900016957455, 11.689011024786666 ], [ 109.023900016957455, 11.689053050135815 ], [ 109.023942932301679, 11.689053050135815 ], [ 109.023942932301679, 11.689095075478603 ], [ 109.023900016957455, 11.689095075478603 ], [ 109.023900016957455, 11.68917912614503 ], [ 109.023985847645918, 11.68917912614503 ], [ 109.023985847645918, 11.689221151468685 ], [ 109.024157509022871, 11.689221151468685 ], [ 109.024157509022871, 11.689263176785952 ], [ 109.024372085744005, 11.689263176785952 ], [ 109.024372085744005, 11.689305202096845 ], [ 109.024543747120944, 11.689305202096845 ], [ 109.024543747120944, 11.689347227401361 ], [ 109.024586662465168, 11.689347227401361 ], [ 109.024586662465168, 11.689389252699495 ], [ 109.024629577809435, 11.689389252699495 ], [ 109.024629577809435, 11.689431277991256 ], [ 109.02484415453057, 11.689431277991256 ], [ 109.02484415453057, 11.689389252699495 ], [ 109.024887069874794, 11.689389252699495 ], [ 109.024887069874794, 11.68917912614503 ], [ 109.02484415453057, 11.68917912614503 ], [ 109.02484415453057, 11.689137100815003 ], [ 109.024801239186345, 11.689137100815003 ], [ 109.024801239186345, 11.689095075478603 ], [ 109.024715408497897, 11.689095075478603 ], [ 109.024715408497897, 11.688968999431131 ], [ 109.024629577809435, 11.688968999431131 ], [ 109.024629577809435, 11.688884948700926 ] ] ] } },
{ "type": "Feature", "properties": { "siteId": "GRW::SOLAR::VNM::solar_sea_2024q2_v1.geojson::231", "projectId": "VNM-S-003", "projectName": "Xuan Thien Ea Sup Solar Power Complex", "countryCode": "VNM", "technology": "solar", "paperToPowerLabel": "observed_smaller_than_claimed", "matchConfidence": 0.66, "distanceKm": 2.16, "observedFirstSeenQuarter": "2021 Q2", "estimatedCapacityProxyMw": 1.94 }, "geometry": { "type": "Polygon", "coordinates": [ [ [ 107.891423106193557, 13.047414064375884 ], [ 107.891492828699214, 13.04753752314136 ], [ 107.891492828699214, 13.047539484888681 ], [ 107.891493936582791, 13.047539484888681 ], [ 107.892335057258606, 13.049028870837338 ], [ 107.892383337020888, 13.049169969929968 ], [ 107.892383337020888, 13.049258810058102 ], [ 107.892415523529053, 13.04954100790034 ], [ 107.892614006996141, 13.049650751418657 ], [ 107.892978787422194, 13.049410360791203 ], [ 107.893826365470886, 13.048595121270495 ], [ 107.893880009651198, 13.048349503708412 ], [ 107.89323627948761, 13.047758975379676 ], [ 107.89298415184021, 13.047832138258029 ], [ 107.892968058586121, 13.047910527032233 ], [ 107.892538905143752, 13.048041174933987 ], [ 107.892056107521057, 13.047361805090903 ], [ 107.891868352890029, 13.047168445640443 ], [ 107.891675238062589, 13.047246832899043 ], [ 107.891535744043438, 13.047246832899043 ], [ 107.891535744043438, 13.04730345493007 ], [ 107.89148211479187, 13.047325223584849 ], [ 107.891423106193557, 13.047414064375884 ] ] ] } },
{ "type": "Feature", "properties": { "siteId": "GRW::SOLAR::PHL::solar_sea_2024q2_v1.geojson::361", "projectId": "PHL-S-006", "projectName": "Armenia Solar Power Project", "countryCode": "PHL", "technology": "solar", "paperToPowerLabel": "observed_smaller_than_claimed", "matchConfidence": 0.66, "distanceKm": 2.298, "observedFirstSeenQuarter": "2017 Q4", "estimatedCapacityProxyMw": 7.27 }, "geometry": { "type": "Polygon", "coordinates": [ [ [ 120.533108694558194, 15.415870271843831 ], [ 120.533108694558194, 15.415953014483108 ], [ 120.533065779213956, 15.415953014483108 ], [ 120.533065779213956, 15.415994385790388 ], [ 120.533065779213956, 15.416077128380254 ], [ 120.533022863869689, 15.416077128380254 ], [ 120.533022863869689, 15.416159870937149 ], [ 120.533022863869689, 15.416325355952123 ], [ 120.532979948525508, 15.416325355952123 ], [ 120.532979948525508, 15.416408098410178 ], [ 120.532979948525508, 15.416697696753905 ], [ 120.532979948525508, 15.416697696753911 ], [ 120.533022863869689, 15.416697696753911 ], [ 120.533022863869689, 15.416739067912909 ], [ 120.533022863869689, 15.416821810206224 ], [ 120.533065779213956, 15.416821810206224 ], [ 120.533065779213956, 15.416904552466576 ], [ 120.533108694558194, 15.416904552466576 ], [ 120.533108694558194, 15.41711140797331 ], [ 120.533065779213956, 15.41711140797331 ], [ 120.533065779213956, 15.417194150118336 ], [ 120.533022863869689, 15.417194150118336 ], [ 120.533022863869689, 15.417276892230404 ], [ 120.532979948525508, 15.417276892230404 ], [ 120.532979948525508, 15.41727689223041 ], [ 120.532979948525508, 15.41731826327409 ], [ 120.532894117837003, 15.41731826327409 ], [ 120.532894117837003, 15.417359634309534 ], [ 120.532851202492793, 15.417359634309534 ], [ 120.532851202492793, 15.417401005336741 ], [ 120.532808287148555, 15.417401005336741 ], [ 120.532808287148555, 15.417442376355702 ], [ 120.532765371804302, 15.417442376355702 ], [ 120.532765371804302, 15.417483747366425 ], [ 120.532722456460093, 15.417483747366425 ], [ 120.532722456460093, 15.417566489363177 ], [ 120.532679541115883, 15.417566489363177 ], [ 120.532679541115883, 15.417649231326967 ], [ 120.532636625771616, 15.417649231326967 ], [ 120.532636625771616, 15.418104311538796 ], [ 120.532679541115883, 15.418104311538796 ], [ 120.532679541115883, 15.418187053288388 ], [ 120.532722456460093, 15.418187053288388 ], [ 120.532722456460093, 15.418228424150833 ], [ 120.532765371804302, 15.418228424150833 ], [ 120.532765371804302, 15.418269795005031 ], [ 120.532808287148555, 15.418269795005031 ], [ 120.532808287148555, 15.418311165851 ], [ 120.532894117837003, 15.418311165851 ], [ 120.532894117837003, 15.418352536688724 ], [ 120.532894117837003, 15.418352536688724 ], [ 120.532937033181241, 15.418352536688724 ], [ 120.532937033181241, 15.418435278339459 ], [ 120.532937033181241, 15.418435278339464 ], [ 120.532979948525508, 15.418435278339464 ], [ 120.532979948525508, 15.418518019957245 ], [ 120.532979948525508, 15.418559390753773 ], [ 120.533022863869689, 15.418559390753773 ], [ 120.533022863869689, 15.418642132322125 ], [ 120.533022863869689, 15.41864213232213 ], [ 120.533065779213956, 15.41864213232213 ], [ 120.533065779213956, 15.418807615359972 ], [ 120.533065779213956, 15.418848986098837 ], [ 120.533022863869689, 15.418848986098837 ], [ 120.533022863869689, 15.418890356829452 ], [ 120.533065779213956, 15.418890356829452 ], [ 120.533065779213956, 15.418931727551838 ], [ 120.533022863869689, 15.418931727551838 ], [ 120.533022863869689, 15.4190144689719 ], [ 120.533065779213956, 15.4190144689719 ], [ 120.533065779213956, 15.419138581040189 ], [ 120.533108694558194, 15.419138581040189 ], [ 120.533108694558194, 15.419221322377854 ], [ 120.533151609902433, 15.419221322377854 ], [ 120.533151609902433, 15.419262693034332 ], [ 120.533194525246643, 15.419262693034332 ], [ 120.533194525246643, 15.419304063682567 ], [ 120.533280355935119, 15.419304063682567 ], [ 120.533280355935119, 15.41934543432258 ], [ 120.533537848000506, 15.41934543432258 ], [ 120.533537848000506, 15.419304063682567 ], [ 120.533666594033221, 15.419304063682567 ], [ 120.533666594033221, 15.419262693034332 ], [ 120.533709509377402, 15.419262693034332 ], [ 120.533709509377402, 15.419221322377854 ], [ 120.533795340065907, 15.419221322377854 ], [ 120.533795340065907, 15.419179951713144 ], [ 120.533838255410132, 15.419179951713144 ], [ 120.533838255410132, 15.419138581040194 ], [ 120.533838255410132, 15.419138581040189 ], [ 120.533881170754356, 15.419138581040189 ], [ 120.533881170754356, 15.419097210359004 ], [ 120.533924086098608, 15.419097210359004 ], [ 120.533924086098608, 15.419097210358998 ], [ 120.533924086098608, 15.419055839669577 ], [ 120.533967001442846, 15.419055839669577 ], [ 120.533967001442846, 15.419055839669571 ], [ 120.533967001442846, 15.419014468971909 ], [ 120.534009916787056, 15.419014468971909 ], [ 120.534009916787056, 15.4190144689719 ], [ 120.534009916787056, 15.418973098265994 ], [ 120.534052832131295, 15.418973098265994 ], [ 120.534052832131295, 15.418973098265987 ], [ 120.534052832131295, 15.418931727551847 ], [ 120.534095747475533, 15.418931727551847 ], [ 120.534095747475533, 15.418931727551838 ], [ 120.534095747475533, 15.41889035682946 ], [ 120.534138662819771, 15.41889035682946 ], [ 120.534138662819771, 15.418890356829452 ], [ 120.534138662819771, 15.418848986098837 ], [ 120.534181578163981, 15.418848986098837 ], [ 120.534224493508248, 15.418848986098837 ], [ 120.534224493508248, 15.418807615359972 ], [ 120.534310324196696, 15.418807615359972 ], [ 120.534310324196696, 15.418766244612874 ], [ 120.534481985573606, 15.418766244612874 ], [ 120.534481985573606, 15.418724873857533 ], [ 120.534739477639008, 15.418724873857533 ], [ 120.534739477639008, 15.418766244612874 ], [ 120.534868223671708, 15.418766244612874 ], [ 120.534868223671708, 15.418807615359965 ], [ 120.535297377114034, 15.418807615359965 ], [ 120.535297377114034, 15.418848986098837 ], [ 120.535383207802496, 15.418848986098837 ], [ 120.535383207802496, 15.418807615359965 ], [ 120.535683615212108, 15.418807615359965 ], [ 120.535683615212108, 15.418766244612874 ], [ 120.535726530556374, 15.418766244612874 ], [ 120.535726530556374, 15.418642132322125 ], [ 120.535769445900556, 15.418642132322125 ], [ 120.535769445900556, 15.418518019957244 ], [ 120.535726530556374, 15.418518019957244 ], [ 120.535726530556374, 15.418393907518215 ], [ 120.535683615212108, 15.418393907518215 ], [ 120.535683615212108, 15.418352536688724 ], [ 120.535640699867898, 15.418352536688724 ], [ 120.535640699867898, 15.418311165851 ], [ 120.535554869179421, 15.418311165851 ], [ 120.535554869179421, 15.418269795005031 ], [ 120.535383207802496, 15.418269795005031 ], [ 120.535383207802496, 15.418228424150833 ], [ 120.535039885048633, 15.418228424150833 ], [ 120.534996969704395, 15.418228424150833 ], [ 120.534996969704395, 15.418187053288392 ], [ 120.534996969704395, 15.418187053288388 ], [ 120.534954054360142, 15.418187053288388 ], [ 120.534954054360142, 15.418104311538789 ], [ 120.534996969704395, 15.418104311538789 ], [ 120.534996969704395, 15.41802156975624 ], [ 120.535039885048633, 15.41802156975624 ], [ 120.535039885048633, 15.417980198852611 ], [ 120.535082800392871, 15.417980198852611 ], [ 120.535082800392871, 15.417938827940732 ], [ 120.535125715737081, 15.417938827940732 ], [ 120.535125715737081, 15.417897457020629 ], [ 120.535340292458272, 15.417897457020629 ], [ 120.535340292458272, 15.417856086092282 ], [ 120.535340292458272, 15.417856086092275 ], [ 120.535426123146721, 15.417856086092275 ], [ 120.535426123146721, 15.417814715155696 ], [ 120.535426123146721, 15.417814715155687 ], [ 120.535511953835169, 15.417814715155687 ], [ 120.535511953835169, 15.417773344210866 ], [ 120.535554869179421, 15.417773344210866 ], [ 120.535554869179421, 15.417731973257801 ], [ 120.535597784523659, 15.417731973257801 ], [ 120.535597784523659, 15.417649231326967 ], [ 120.535640699867898, 15.417649231326967 ], [ 120.535640699867898, 15.417483747366425 ], [ 120.535597784523659, 15.417483747366425 ], [ 120.535597784523659, 15.416739067912916 ], [ 120.535597784523659, 15.416449469626846 ], [ 120.535554869179421, 15.416449469626846 ], [ 120.535554869179421, 15.416408098410178 ], [ 120.535554869179421, 15.416118499662824 ], [ 120.535511953835169, 15.416118499662824 ], [ 120.535511953835169, 15.415994385790388 ], [ 120.535511953835169, 15.415704786466419 ], [ 120.535511953835169, 15.415456558153192 ], [ 120.535554869179421, 15.415456558153192 ], [ 120.535554869179421, 15.415249700998968 ], [ 120.535554869179421, 15.415208329543432 ], [ 120.535554869179421, 15.415001472142114 ], [ 120.535511953835169, 15.415001472142114 ], [ 120.535511953835169, 15.414960100637126 ], [ 120.535511953835169, 15.414918729123926 ], [ 120.535469038490973, 15.414918729123926 ], [ 120.535469038490973, 15.41487735760248 ], [ 120.535426123146721, 15.41487735760248 ], [ 120.535426123146721, 15.414877357602478 ], [ 120.535426123146721, 15.414835986072795 ], [ 120.535340292458272, 15.414835986072795 ], [ 120.535340292458272, 15.41483598607279 ], [ 120.535211546425586, 15.41483598607279 ], [ 120.535211546425586, 15.414835986072795 ], [ 120.535125715737081, 15.414835986072795 ], [ 120.535125715737081, 15.414877357602478 ], [ 120.535039885048633, 15.414877357602478 ], [ 120.535039885048633, 15.41487735760248 ], [ 120.534868223671708, 15.41487735760248 ], [ 120.534868223671708, 15.414918729123926 ], [ 120.534524900917845, 15.414918729123926 ], [ 120.534524900917845, 15.41487735760248 ], [ 120.534439070229368, 15.41487735760248 ], [ 120.534439070229368, 15.414918729123926 ], [ 120.534181578163981, 15.414918729123926 ], [ 120.534181578163981, 15.414960100637126 ], [ 120.533924086098608, 15.414960100637126 ], [ 120.533924086098608, 15.414960100637142 ], [ 120.533838255410132, 15.414960100637142 ], [ 120.533838255410132, 15.41500147214211 ], [ 120.533752424721669, 15.41500147214211 ], [ 120.533752424721669, 15.415001472142114 ], [ 120.533752424721669, 15.415042843638844 ], [ 120.533623678688954, 15.415042843638844 ], [ 120.533623678688954, 15.415042843638844 ], [ 120.533623678688954, 15.415084215127344 ], [ 120.533580763344744, 15.415084215127344 ], [ 120.533580763344744, 15.415084215127356 ], [ 120.533537848000506, 15.415084215127356 ], [ 120.533537848000506, 15.415125586607616 ], [ 120.533494932656268, 15.415125586607616 ], [ 120.533494932656268, 15.415166958079638 ], [ 120.53340910196782, 15.415166958079638 ], [ 120.53340910196782, 15.415208329543432 ], [ 120.533366186623581, 15.415208329543432 ], [ 120.533366186623581, 15.415249700998981 ], [ 120.533323271279329, 15.415249700998981 ], [ 120.533323271279329, 15.415291072446294 ], [ 120.533280355935119, 15.415291072446294 ], [ 120.533280355935119, 15.415373815316219 ], [ 120.533237440590881, 15.415373815316219 ], [ 120.533237440590881, 15.41545655815318 ], [ 120.533237440590881, 15.415497929559319 ], [ 120.533194525246643, 15.415497929559319 ], [ 120.533194525246643, 15.415539300957215 ], [ 120.533194525246643, 15.415663415101474 ], [ 120.533151609902433, 15.415663415101474 ], [ 120.533151609902433, 15.415704786466419 ], [ 120.533151609902433, 15.415870271843826 ], [ 120.533108694558194, 15.415870271843826 ], [ 120.533108694558194, 15.415870271843831 ] ] ] } },
{ "type": "Feature", "properties": { "siteId": "GRW::SOLAR::VNM::solar_sea_2024q2_v1.geojson::300", "projectId": "VNM-S-004", "projectName": "Hoa Hoi Solar Power Plant", "countryCode": "VNM", "technology": "solar", "paperToPowerLabel": "observed_smaller_than_claimed", "matchConfidence": 0.66, "distanceKm": 4.086, "observedFirstSeenQuarter": "2021 Q1", "estimatedCapacityProxyMw": 0.68 }, "geometry": { "type": "Polygon", "coordinates": [ [ [ 109.137454017796216, 13.080481521337841 ], [ 109.137411102451935, 13.080481521337841 ], [ 109.137411102451935, 13.080439719509261 ], [ 109.137368187107711, 13.080439719509261 ], [ 109.137368187107711, 13.080314313981008 ], [ 109.137325271763473, 13.080314313981008 ], [ 109.137325271763473, 13.080230710260064 ], [ 109.137282356419249, 13.080230710260064 ], [ 109.137282356419249, 13.080188908388966 ], [ 109.1370677796981, 13.080188908388966 ], [ 109.1370677796981, 13.080230710260064 ], [ 109.136981949009638, 13.080230710260064 ], [ 109.136981949009638, 13.080272512124081 ], [ 109.136896118321175, 13.080272512124081 ], [ 109.136896118321175, 13.080314313981008 ], [ 109.136853202976909, 13.080314313981008 ], [ 109.136853202976909, 13.080356115830845 ], [ 109.136810287632713, 13.080356115830845 ], [ 109.136810287632713, 13.080397917673604 ], [ 109.136853202976909, 13.080397917673604 ], [ 109.136853202976909, 13.080439719509261 ], [ 109.136810287632713, 13.080439719509261 ], [ 109.136810287632713, 13.080481521337841 ], [ 109.136724456944222, 13.080481521337841 ], [ 109.136724456944222, 13.080523323159337 ], [ 109.136681541599998, 13.080523323159337 ], [ 109.136681541599998, 13.080606926781071 ], [ 109.136724456944222, 13.080606926781071 ], [ 109.136724456944222, 13.080732332160533 ], [ 109.136767372288446, 13.080732332160533 ], [ 109.136767372288446, 13.080774133939499 ], [ 109.136810287632713, 13.080774133939499 ], [ 109.136810287632713, 13.080899539233929 ], [ 109.136853202976909, 13.080899539233929 ], [ 109.136853202976909, 13.08098314272811 ], [ 109.136896118321175, 13.08098314272811 ], [ 109.136896118321175, 13.081150349631447 ], [ 109.136939033665399, 13.081150349631447 ], [ 109.136939033665399, 13.08119215133955 ], [ 109.136981949009638, 13.08119215133955 ], [ 109.136981949009638, 13.081233953040579 ], [ 109.137110695042338, 13.081233953040579 ], [ 109.137110695042338, 13.081275754734534 ], [ 109.137196525730801, 13.081275754734534 ], [ 109.137196525730801, 13.081317556421382 ], [ 109.137239441075025, 13.081317556421382 ], [ 109.137239441075025, 13.081359358101151 ], [ 109.137282356419249, 13.081359358101151 ], [ 109.137282356419249, 13.081401159773833 ], [ 109.137325271763473, 13.081401159773833 ], [ 109.137325271763473, 13.081568366393697 ], [ 109.137368187107711, 13.081568366393697 ], [ 109.137368187107711, 13.081610168030949 ], [ 109.137411102451935, 13.081610168030949 ], [ 109.137411102451935, 13.081651969661113 ], [ 109.13749693314044, 13.081651969661113 ], [ 109.13749693314044, 13.081610168030949 ], [ 109.137539848484664, 13.081610168030949 ], [ 109.137539848484664, 13.081568366393697 ], [ 109.137668594517336, 13.081568366393697 ], [ 109.137668594517336, 13.081526564749367 ], [ 109.137754425205785, 13.081526564749367 ], [ 109.137754425205785, 13.081484763097942 ], [ 109.137797340550051, 13.081484763097942 ], [ 109.137797340550051, 13.081442961439434 ], [ 109.137840255894275, 13.081442961439434 ], [ 109.137840255894275, 13.081233953040579 ], [ 109.137797340550051, 13.081233953040579 ], [ 109.137797340550051, 13.081150349631447 ], [ 109.137754425205785, 13.081150349631447 ], [ 109.137754425205785, 13.081066746193944 ], [ 109.137711509861589, 13.081066746193944 ], [ 109.137711509861589, 13.08098314272811 ], [ 109.137668594517336, 13.08098314272811 ], [ 109.137668594517336, 13.080857737476212 ], [ 109.137625679173112, 13.080857737476212 ], [ 109.137625679173112, 13.080732332160533 ], [ 109.137582763828888, 13.080732332160533 ], [ 109.137582763828888, 13.08064872858132 ], [ 109.137539848484664, 13.08064872858132 ], [ 109.137539848484664, 13.080565124973759 ], [ 109.13749693314044, 13.080565124973759 ], [ 109.13749693314044, 13.080523323159337 ], [ 109.137454017796216, 13.080523323159337 ], [ 109.137454017796216, 13.080481521337841 ] ] ] } },
{ "type": "Feature", "properties": { "siteId": "GRW::SOLAR::PHL::solar_sea_2024q2_v1.geojson::17", "projectId": "PHL-S-004", "projectName": "Laoag Solar Power Project", "countryCode": "PHL", "technology": "solar", "paperToPowerLabel": "observed_smaller_than_claimed", "matchConfidence": 0.6575, "distanceKm": 11.583, "observedFirstSeenQuarter": "2022 Q3", "estimatedCapacityProxyMw": 0.74 }, "geometry": { "type": "Polygon", "coordinates": [ [ [ 120.1353545, 15.9410496 ], [ 120.1345392, 15.940588 ], [ 120.1345485, 15.9404758 ], [ 120.1350179, 15.9400528 ], [ 120.135043399999972, 15.9399342 ], [ 120.1354162, 15.9399174 ], [ 120.1357542, 15.940098 ], [ 120.135942, 15.9406357 ], [ 120.135633500000012, 15.9409903 ], [ 120.135467199999965, 15.94106 ], [ 120.1353545, 15.9410496 ] ] ] } },
{ "type": "Feature", "properties": { "siteId": "GRW::SOLAR::PHL::solar_sea_2024q2_v1.geojson::523", "projectId": "PHL-S-002", "projectName": "Cayanga-Bugallon Solar Power Plant", "countryCode": "PHL", "technology": "solar", "paperToPowerLabel": "observed_smaller_than_claimed", "matchConfidence": 0.645, "distanceKm": 7.949, "observedFirstSeenQuarter": "2022 Q4", "estimatedCapacityProxyMw": 18.22 }, "geometry": { "type": "Polygon", "coordinates": [ [ [ 120.128245337070467, 15.93640597599174 ], [ 120.128245337070467, 15.936364710006949 ], [ 120.128116591037781, 15.936364710006949 ], [ 120.128116591037781, 15.936323444013668 ], [ 120.128030760349304, 15.936323444013668 ], [ 120.128030760349304, 15.936282178011906 ], [ 120.127944929660856, 15.936282178011906 ], [ 120.127944929660856, 15.936240912001654 ], [ 120.127902014316632, 15.936240912001654 ], [ 120.127902014316632, 15.936199645982914 ], [ 120.127816183628155, 15.936199645982914 ], [ 120.127816183628155, 15.936158379955684 ], [ 120.127773268283946, 15.936158379955684 ], [ 120.127773268283946, 15.936117113919972 ], [ 120.127730352939679, 15.936117113919972 ], [ 120.127730352939679, 15.935621920829488 ], [ 120.127773268283946, 15.935621920829488 ], [ 120.127773268283946, 15.935498122365924 ], [ 120.127730352939679, 15.935498122365924 ], [ 120.127730352939679, 15.935456856194435 ], [ 120.127687437595441, 15.935456856194435 ], [ 120.127687437595441, 15.935374323825981 ], [ 120.127644522251231, 15.935374323825981 ], [ 120.127644522251231, 15.935333057629034 ], [ 120.127515776218516, 15.935333057629034 ], [ 120.127515776218516, 15.935374323825981 ], [ 120.127472860874292, 15.935374323825981 ], [ 120.127472860874292, 15.935456856194435 ], [ 120.127429945530054, 15.935456856194435 ], [ 120.127429945530054, 15.935704453096101 ], [ 120.127387030185844, 15.935704453096101 ], [ 120.127387030185844, 15.935745719216676 ], [ 120.127344114841605, 15.935745719216676 ], [ 120.127344114841605, 15.935704453096101 ], [ 120.127301199497367, 15.935704453096101 ], [ 120.127301199497367, 15.935663186967039 ], [ 120.127258284153129, 15.935663186967039 ], [ 120.127258284153129, 15.935621920829488 ], [ 120.127215368808919, 15.935621920829488 ], [ 120.127215368808919, 15.935580654683449 ], [ 120.127172453464652, 15.935580654683449 ], [ 120.127172453464652, 15.93553938852893 ], [ 120.127129538120442, 15.93553938852893 ], [ 120.127129538120442, 15.935498122365924 ], [ 120.127086622776204, 15.935498122365924 ], [ 120.127086622776204, 15.935374323825981 ], [ 120.127043707431966, 15.935374323825981 ], [ 120.127043707431966, 15.935250525209668 ], [ 120.127000792087728, 15.935250525209668 ], [ 120.127000792087728, 15.935167992756361 ], [ 120.127043707431966, 15.935167992756361 ], [ 120.127043707431966, 15.935085460269111 ], [ 120.127086622776204, 15.935085460269111 ], [ 120.127086622776204, 15.935044194012754 ], [ 120.127387030185844, 15.935044194012754 ], [ 120.127387030185844, 15.935085460269111 ], [ 120.127472860874292, 15.935085460269111 ], [ 120.127472860874292, 15.935126726516975 ], [ 120.127601606906993, 15.935126726516975 ], [ 120.127601606906993, 15.934961661474587 ], [ 120.127644522251231, 15.934961661474587 ], [ 120.127644522251231, 15.934879128902475 ], [ 120.127687437595441, 15.934879128902475 ], [ 120.127687437595441, 15.934714063656422 ], [ 120.127601606906993, 15.934714063656422 ], [ 120.127601606906993, 15.934672797323698 ], [ 120.127558691562754, 15.934672797323698 ], [ 120.127558691562754, 15.934714063656422 ], [ 120.127387030185844, 15.934714063656422 ], [ 120.127387030185844, 15.934755329980668 ], [ 120.127129538120442, 15.934755329980668 ], [ 120.127129538120442, 15.934714063656422 ], [ 120.127086622776204, 15.934714063656422 ], [ 120.127086622776204, 15.934672797323698 ], [ 120.127043707431966, 15.934672797323698 ], [ 120.127043707431966, 15.934631530982481 ], [ 120.126957876743518, 15.934631530982481 ], [ 120.126957876743518, 15.934590264632781 ], [ 120.126914961399279, 15.934590264632781 ], [ 120.126914961399279, 15.934548998274595 ], [ 120.126872046055055, 15.934548998274595 ], [ 120.126872046055055, 15.934507731907928 ], [ 120.126786215366579, 15.934507731907928 ], [ 120.126786215366579, 15.934466465532768 ], [ 120.126700384678131, 15.934466465532768 ], [ 120.126700384678131, 15.934425199149128 ], [ 120.126614553989626, 15.934425199149128 ], [ 120.126614553989626, 15.934383932757001 ], [ 120.126571638645416, 15.934383932757001 ], [ 120.126571638645416, 15.934342666356388 ], [ 120.126528723301178, 15.934342666356388 ], [ 120.126528723301178, 15.934260133529699 ], [ 120.126485807956939, 15.934260133529699 ], [ 120.126485807956939, 15.933930001883541 ], [ 120.126442892612701, 15.933930001883541 ], [ 120.126442892612701, 15.933847468887143 ], [ 120.126399977268491, 15.933847468887143 ], [ 120.126399977268491, 15.933806202376216 ], [ 120.126142485203104, 15.933806202376216 ], [ 120.126142485203104, 15.933764935856805 ], [ 120.126099569858866, 15.933764935856805 ], [ 120.126099569858866, 15.933723669328913 ], [ 120.126056654514628, 15.933723669328913 ], [ 120.126056654514628, 15.933682402792527 ], [ 120.126013739170389, 15.933682402792527 ], [ 120.126013739170389, 15.93364113624766 ], [ 120.125970823826179, 15.93364113624766 ], [ 120.125970823826179, 15.933599869694307 ], [ 120.125927908481913, 15.933599869694307 ], [ 120.125927908481913, 15.933558603132473 ], [ 120.125884993137703, 15.933558603132473 ], [ 120.125884993137703, 15.933517336562145 ], [ 120.125842077793465, 15.933517336562145 ], [ 120.125842077793465, 15.933476069983341 ], [ 120.12579916244924, 15.933476069983341 ], [ 120.12579916244924, 15.933434803396045 ], [ 120.125756247105002, 15.933434803396045 ], [ 120.125756247105002, 15.933393536800265 ], [ 120.125670416416526, 15.933393536800265 ], [ 120.125670416416526, 15.933352270196 ], [ 120.125584585728078, 15.933352270196 ], [ 120.125584585728078, 15.933311003583253 ], [ 120.125498755039601, 15.933311003583253 ], [ 120.125498755039601, 15.933269736962018 ], [ 120.1253700090069, 15.933269736962018 ], [ 120.1253700090069, 15.933228470332299 ], [ 120.125284178318452, 15.933228470332299 ], [ 120.125284178318452, 15.933187203694093 ], [ 120.125198347629976, 15.933187203694093 ], [ 120.125198347629976, 15.933145937047403 ], [ 120.125155432285766, 15.933145937047403 ], [ 120.125155432285766, 15.933104670392227 ], [ 120.125112516941527, 15.933104670392227 ], [ 120.125112516941527, 15.933063403728569 ], [ 120.125069601597289, 15.933063403728569 ], [ 120.125069601597289, 15.932980870375792 ], [ 120.125026686253051, 15.932980870375792 ], [ 120.125026686253051, 15.932650736625293 ], [ 120.125069601597289, 15.932650736625293 ], [ 120.125069601597289, 15.932485669546409 ], [ 120.125026686253051, 15.932485669546409 ], [ 120.125026686253051, 15.932403135956054 ], [ 120.124940855564574, 15.932403135956054 ], [ 120.124940855564574, 15.932361869148151 ], [ 120.124855024876126, 15.932361869148151 ], [ 120.124855024876126, 15.932320602331766 ], [ 120.124769194187664, 15.932320602331766 ], [ 120.124769194187664, 15.932279335506895 ], [ 120.12472627884344, 15.932279335506895 ], [ 120.12472627884344, 15.932238068673534 ], [ 120.124683363499187, 15.932238068673534 ], [ 120.124683363499187, 15.932196801831694 ], [ 120.124640448154977, 15.932196801831694 ], [ 120.124640448154977, 15.932155534981369 ], [ 120.124554617466501, 15.932155534981369 ], [ 120.124554617466501, 15.932114268122556 ], [ 120.124511702122263, 15.932114268122556 ], [ 120.124511702122263, 15.932073001255262 ], [ 120.124468786778024, 15.932073001255262 ], [ 120.124468786778024, 15.931990467495215 ], [ 120.124425871433786, 15.931990467495215 ], [ 120.124425871433786, 15.931825399873311 ], [ 120.124382956089548, 15.931825399873311 ], [ 120.124382956089548, 15.931742866011454 ], [ 120.124340040745338, 15.931742866011454 ], [ 120.124340040745338, 15.931701599067795 ], [ 120.1242971254011, 15.931701599067795 ], [ 120.1242971254011, 15.931660332115658 ], [ 120.124254210056876, 15.931660332115658 ], [ 120.124254210056876, 15.931619065155031 ], [ 120.124168379368427, 15.931619065155031 ], [ 120.124168379368427, 15.931577798185922 ], [ 120.124082548679951, 15.931577798185922 ], [ 120.124082548679951, 15.931536531208327 ], [ 120.124039633335713, 15.931536531208327 ], [ 120.124039633335713, 15.931412730224643 ], [ 120.123996717991474, 15.931412730224643 ], [ 120.123996717991474, 15.931123860965757 ], [ 120.123953802647236, 15.931123860965757 ], [ 120.123953802647236, 15.930834991291153 ], [ 120.123910887303026, 15.930834991291153 ], [ 120.123910887303026, 15.930752457022056 ], [ 120.123953802647236, 15.930752457022056 ], [ 120.123953802647236, 15.930463586812962 ], [ 120.123996717991474, 15.930463586812962 ], [ 120.123996717991474, 15.930339785167517 ], [ 120.124039633335713, 15.930339785167517 ], [ 120.124039633335713, 15.930174716188155 ], [ 120.124082548679951, 15.930174716188155 ], [ 120.124082548679951, 15.93000964707306 ], [ 120.123782141270311, 15.93000964707306 ], [ 120.123782141270311, 15.929968379773074 ], [ 120.123739225926087, 15.929968379773074 ], [ 120.123739225926087, 15.929927112464606 ], [ 120.123696310581849, 15.929927112464606 ], [ 120.123696310581849, 15.929844577822223 ], [ 120.123653395237639, 15.929844577822223 ], [ 120.123653395237639, 15.929762043145903 ], [ 120.123610479893401, 15.929762043145903 ], [ 120.123610479893401, 15.929679508435649 ], [ 120.123567564549134, 15.929679508435649 ], [ 120.123567564549134, 15.929596973691465 ], [ 120.123524649204924, 15.929596973691465 ], [ 120.123524649204924, 15.929555706306644 ], [ 120.123481733860686, 15.929555706306644 ], [ 120.123481733860686, 15.929514438913348 ], [ 120.123438818516448, 15.929514438913348 ], [ 120.123438818516448, 15.929473171511559 ], [ 120.123395903172209, 15.929473171511559 ], [ 120.123395903172209, 15.929431904101287 ], [ 120.123352987828, 15.929431904101287 ], [ 120.123352987828, 15.929308101819581 ], [ 120.123395903172209, 15.929308101819581 ], [ 120.123395903172209, 15.929266834375383 ], [ 120.123438818516448, 15.929266834375383 ], [ 120.123438818516448, 15.929225566922698 ], [ 120.123524649204924, 15.929225566922698 ], [ 120.123524649204924, 15.929184299461529 ], [ 120.123610479893401, 15.929184299461529 ], [ 120.123610479893401, 15.929143031991874 ], [ 120.123739225926087, 15.929143031991874 ], [ 120.123739225926087, 15.929101764513742 ], [ 120.124039633335713, 15.929101764513742 ], [ 120.124039633335713, 15.929143031991874 ], [ 120.124125464024161, 15.929143031991874 ], [ 120.124125464024161, 15.929184299461529 ], [ 120.124211294712637, 15.929184299461529 ], [ 120.124211294712637, 15.929225566922698 ], [ 120.1242971254011, 15.929225566922698 ], [ 120.1242971254011, 15.929266834375383 ], [ 120.124382956089548, 15.929266834375383 ], [ 120.124382956089548, 15.929308101819581 ], [ 120.124554617466501, 15.929308101819581 ], [ 120.124554617466501, 15.929349369255304 ], [ 120.124683363499187, 15.929349369255304 ], [ 120.124683363499187, 15.929390636682536 ], [ 120.12472627884344, 15.929390636682536 ], [ 120.12472627884344, 15.929431904101287 ], [ 120.124812109531888, 15.929431904101287 ], [ 120.124812109531888, 15.929473171511559 ], [ 120.124855024876126, 15.929473171511559 ], [ 120.124855024876126, 15.929514438913348 ], [ 120.124897940220364, 15.929514438913348 ], [ 120.124897940220364, 15.929555706306644 ], [ 120.124983770908813, 15.929555706306644 ], [ 120.124983770908813, 15.929596973691465 ], [ 120.125026686253051, 15.929596973691465 ], [ 120.125026686253051, 15.929638241067796 ], [ 120.125112516941527, 15.929638241067796 ], [ 120.125112516941527, 15.929679508435649 ], [ 120.125241262974214, 15.929679508435649 ], [ 120.125241262974214, 15.929720775795019 ], [ 120.1253700090069, 15.929720775795019 ], [ 120.1253700090069, 15.929762043145903 ], [ 120.125498755039601, 15.929762043145903 ], [ 120.125498755039601, 15.929720775795019 ], [ 120.125627501072287, 15.929720775795019 ], [ 120.125627501072287, 15.929679508435649 ], [ 120.125713331760792, 15.929679508435649 ], [ 120.125713331760792, 15.929638241067796 ], [ 120.125756247105002, 15.929638241067796 ], [ 120.125756247105002, 15.929596973691465 ], [ 120.12579916244924, 15.929596973691465 ], [ 120.12579916244924, 15.929555706306644 ], [ 120.125842077793465, 15.929555706306644 ], [ 120.125842077793465, 15.929514438913348 ], [ 120.125884993137703, 15.929514438913348 ], [ 120.125884993137703, 15.929473171511559 ], [ 120.125970823826179, 15.929473171511559 ], [ 120.125970823826179, 15.929431904101287 ], [ 120.126013739170389, 15.929431904101287 ], [ 120.126013739170389, 15.929390636682536 ], [ 120.126056654514628, 15.929390636682536 ], [ 120.126056654514628, 15.929349369255304 ], [ 120.126099569858866, 15.929349369255304 ], [ 120.126099569858866, 15.929308101819581 ], [ 120.126185400547314, 15.929308101819581 ], [ 120.126185400547314, 15.929266834375383 ], [ 120.126271231235791, 15.929266834375383 ], [ 120.126271231235791, 15.929225566922698 ], [ 120.126528723301178, 15.929225566922698 ], [ 120.126528723301178, 15.929266834375383 ], [ 120.126872046055055, 15.929266834375383 ], [ 120.126872046055055, 15.929308101819581 ], [ 120.127258284153129, 15.929308101819581 ], [ 120.127258284153129, 15.929266834375383 ], [ 120.127644522251231, 15.929266834375383 ], [ 120.127644522251231, 15.929308101819581 ], [ 120.128245337070467, 15.929308101819581 ], [ 120.128245337070467, 15.929266834375383 ], [ 120.128459913791644, 15.929266834375383 ], [ 120.128459913791644, 15.929225566922698 ], [ 120.128545744480093, 15.929225566922698 ], [ 120.128545744480093, 15.929266834375383 ], [ 120.128846151889732, 15.929266834375383 ], [ 120.128846151889732, 15.929308101819581 ], [ 120.128974897922419, 15.929308101819581 ], [ 120.128974897922419, 15.929266834375383 ], [ 120.129103643955119, 15.929266834375383 ], [ 120.129103643955119, 15.929308101819581 ], [ 120.129232389987806, 15.929308101819581 ], [ 120.129232389987806, 15.929349369255304 ], [ 120.129275305332044, 15.929349369255304 ], [ 120.129275305332044, 15.929390636682536 ], [ 120.129318220676282, 15.929390636682536 ], [ 120.129318220676282, 15.929473171511559 ], [ 120.12936113602052, 15.929473171511559 ], [ 120.12936113602052, 15.929596973691465 ], [ 120.129318220676282, 15.929596973691465 ], [ 120.129318220676282, 15.929720775795019 ], [ 120.129275305332044, 15.929720775795019 ], [ 120.129275305332044, 15.929803310488307 ], [ 120.129232389987806, 15.929803310488307 ], [ 120.129232389987806, 15.929844577822223 ], [ 120.129189474643596, 15.929844577822223 ], [ 120.129189474643596, 15.929927112464606 ], [ 120.129146559299357, 15.929927112464606 ], [ 120.129146559299357, 15.929968379773074 ], [ 120.129103643955119, 15.929968379773074 ], [ 120.129103643955119, 15.930050914364561 ], [ 120.129060728610881, 15.930050914364561 ], [ 120.129060728610881, 15.930092181647574 ], [ 120.129017813266671, 15.930092181647574 ], [ 120.129017813266671, 15.930174716188155 ], [ 120.128974897922419, 15.930174716188155 ], [ 120.128974897922419, 15.930257250694806 ], [ 120.128931982578209, 15.930257250694806 ], [ 120.128931982578209, 15.930339785167517 ], [ 120.12888906723397, 15.930339785167517 ], [ 120.12888906723397, 15.930422319606294 ], [ 120.128846151889732, 15.930422319606294 ], [ 120.128846151889732, 15.930504854011138 ], [ 120.128803236545494, 15.930504854011138 ], [ 120.128803236545494, 15.930546121200836 ], [ 120.128760321201284, 15.930546121200836 ], [ 120.128760321201284, 15.930628655554774 ], [ 120.128717405857046, 15.930628655554774 ], [ 120.128717405857046, 15.930669922719018 ], [ 120.128674490512779, 15.930669922719018 ], [ 120.128674490512779, 15.930752457022056 ], [ 120.128631575168569, 15.930752457022056 ], [ 120.128631575168569, 15.930917525526318 ], [ 120.128588659824331, 15.930917525526318 ], [ 120.128588659824331, 15.931041326815434 ], [ 120.128545744480093, 15.931041326815434 ], [ 120.128545744480093, 15.931165128028196 ], [ 120.128502829135869, 15.931165128028196 ], [ 120.128502829135869, 15.931495264222251 ], [ 120.128545744480093, 15.931495264222251 ], [ 120.128545744480093, 15.931701599067795 ], [ 120.128588659824331, 15.931701599067795 ], [ 120.128588659824331, 15.931907933701231 ], [ 120.128631575168569, 15.931907933701231 ], [ 120.128631575168569, 15.932073001255262 ], [ 120.128674490512779, 15.932073001255262 ], [ 120.128674490512779, 15.932155534981369 ], [ 120.128717405857046, 15.932155534981369 ], [ 120.128717405857046, 15.932279335506895 ], [ 120.128760321201284, 15.932279335506895 ], [ 120.128760321201284, 15.932361869148151 ], [ 120.128803236545494, 15.932361869148151 ], [ 120.128803236545494, 15.932403135956054 ], [ 120.128846151889732, 15.932403135956054 ], [ 120.128846151889732, 15.932444402755474 ], [ 120.12888906723397, 15.932444402755474 ], [ 120.12888906723397, 15.932526936328857 ], [ 120.128931982578209, 15.932526936328857 ], [ 120.128931982578209, 15.932609469868302 ], [ 120.128974897922419, 15.932609469868302 ], [ 120.128974897922419, 15.93277453684537 ], [ 120.129017813266671, 15.93277453684537 ], [ 120.129017813266671, 15.933063403728569 ], [ 120.129060728610881, 15.933063403728569 ], [ 120.129060728610881, 15.933228470332299 ], [ 120.129103643955119, 15.933228470332299 ], [ 120.129103643955119, 15.933311003583253 ], [ 120.129146559299357, 15.933311003583253 ], [ 120.129146559299357, 15.933393536800265 ], [ 120.129189474643596, 15.933393536800265 ], [ 120.129189474643596, 15.933476069983341 ], [ 120.129232389987806, 15.933476069983341 ], [ 120.129232389987806, 15.933682402792527 ], [ 120.129275305332044, 15.933682402792527 ], [ 120.129275305332044, 15.934053801314491 ], [ 120.129318220676282, 15.934053801314491 ], [ 120.129318220676282, 15.934342666356388 ], [ 120.12936113602052, 15.934342666356388 ], [ 120.12936113602052, 15.934383932757001 ], [ 120.129489882053207, 15.934383932757001 ], [ 120.129489882053207, 15.934425199149128 ], [ 120.129532797397445, 15.934425199149128 ], [ 120.129532797397445, 15.934466465532768 ], [ 120.129575712741669, 15.934466465532768 ], [ 120.129575712741669, 15.934507731907928 ], [ 120.129618628085908, 15.934507731907928 ], [ 120.129618628085908, 15.934548998274595 ], [ 120.129661543430117, 15.934548998274595 ], [ 120.129661543430117, 15.934631530982481 ], [ 120.129704458774384, 15.934631530982481 ], [ 120.129704458774384, 15.934714063656422 ], [ 120.129747374118594, 15.934714063656422 ], [ 120.129747374118594, 15.934796596296421 ], [ 120.129790289462832, 15.934796596296421 ], [ 120.129790289462832, 15.934879128902475 ], [ 120.129833204807071, 15.934879128902475 ], [ 120.129833204807071, 15.934920395192776 ], [ 120.129876120151309, 15.934920395192776 ], [ 120.129876120151309, 15.935085460269111 ], [ 120.129833204807071, 15.935085460269111 ], [ 120.129833204807071, 15.93520925898726 ], [ 120.129790289462832, 15.93520925898726 ], [ 120.129790289462832, 15.935250525209668 ], [ 120.129833204807071, 15.935250525209668 ], [ 120.129833204807071, 15.935456856194435 ], [ 120.129661543430117, 15.935456856194435 ], [ 120.129661543430117, 15.935498122365924 ], [ 120.129532797397445, 15.935498122365924 ], [ 120.129532797397445, 15.935621920829488 ], [ 120.129618628085908, 15.935621920829488 ], [ 120.129618628085908, 15.935663186967039 ], [ 120.129747374118594, 15.935663186967039 ], [ 120.129747374118594, 15.935704453096101 ], [ 120.129833204807071, 15.935704453096101 ], [ 120.129833204807071, 15.935828251432365 ], [ 120.129747374118594, 15.935828251432365 ], [ 120.129747374118594, 15.935869517527484 ], [ 120.129575712741669, 15.935869517527484 ], [ 120.129575712741669, 15.935910783614114 ], [ 120.129489882053207, 15.935910783614114 ], [ 120.129489882053207, 15.936075847875774 ], [ 120.129446966708997, 15.936075847875774 ], [ 120.129446966708997, 15.936117113919972 ], [ 120.12936113602052, 15.936117113919972 ], [ 120.12936113602052, 15.936158379955684 ], [ 120.129275305332044, 15.936158379955684 ], [ 120.129275305332044, 15.936199645982914 ], [ 120.129189474643596, 15.936199645982914 ], [ 120.129189474643596, 15.936240912001654 ], [ 120.129103643955119, 15.936240912001654 ], [ 120.129103643955119, 15.936282178011906 ], [ 120.129017813266671, 15.936282178011906 ], [ 120.129017813266671, 15.936323444013668 ], [ 120.128931982578209, 15.936323444013668 ], [ 120.128931982578209, 15.936364710006949 ], [ 120.128846151889732, 15.936364710006949 ], [ 120.128846151889732, 15.93640597599174 ], [ 120.128717405857046, 15.93640597599174 ], [ 120.128717405857046, 15.936364710006949 ], [ 120.128545744480093, 15.936364710006949 ], [ 120.128545744480093, 15.93640597599174 ], [ 120.128245337070467, 15.93640597599174 ] ], [ [ 120.128202421726257, 15.935621920829488 ], [ 120.128288252414706, 15.935621920829488 ], [ 120.128288252414706, 15.935580654683449 ], [ 120.128331167758944, 15.935580654683449 ], [ 120.128331167758944, 15.93553938852893 ], [ 120.128288252414706, 15.93553938852893 ], [ 120.128288252414706, 15.935498122365924 ], [ 120.128202421726257, 15.935498122365924 ], [ 120.128202421726257, 15.935621920829488 ] ], [ [ 120.128674490512779, 15.935333057629034 ], [ 120.129060728610881, 15.935333057629034 ], [ 120.129060728610881, 15.935291791423593 ], [ 120.129189474643596, 15.935291791423593 ], [ 120.129189474643596, 15.935250525209668 ], [ 120.129232389987806, 15.935250525209668 ], [ 120.129232389987806, 15.935167992756361 ], [ 120.129146559299357, 15.935167992756361 ], [ 120.129146559299357, 15.935126726516975 ], [ 120.129060728610881, 15.935126726516975 ], [ 120.129060728610881, 15.935085460269111 ], [ 120.128846151889732, 15.935085460269111 ], [ 120.128846151889732, 15.935126726516975 ], [ 120.128803236545494, 15.935126726516975 ], [ 120.128803236545494, 15.935085460269111 ], [ 120.128674490512779, 15.935085460269111 ], [ 120.128674490512779, 15.935044194012754 ], [ 120.128631575168569, 15.935044194012754 ], [ 120.128631575168569, 15.935085460269111 ], [ 120.128588659824331, 15.935085460269111 ], [ 120.128588659824331, 15.935250525209668 ], [ 120.128631575168569, 15.935250525209668 ], [ 120.128631575168569, 15.935291791423593 ], [ 120.128674490512779, 15.935291791423593 ], [ 120.128674490512779, 15.935333057629034 ] ], [ [ 120.128588659824331, 15.934920395192776 ], [ 120.128674490512779, 15.934920395192776 ], [ 120.128674490512779, 15.934837862603692 ], [ 120.128717405857046, 15.934837862603692 ], [ 120.128717405857046, 15.934755329980668 ], [ 120.128674490512779, 15.934755329980668 ], [ 120.128674490512779, 15.934714063656422 ], [ 120.128588659824331, 15.934714063656422 ], [ 120.128588659824331, 15.934755329980668 ], [ 120.128545744480093, 15.934755329980668 ], [ 120.128545744480093, 15.934837862603692 ], [ 120.128588659824331, 15.934837862603692 ], [ 120.128588659824331, 15.934920395192776 ] ] ] } },
{ "type": "Feature", "properties": { "siteId": "GRW::SOLAR::PHL::solar_sea_2024q2_v1.geojson::919", "projectId": "PHL-S-001", "projectName": "Olongapo Solar Power Project", "countryCode": "PHL", "technology": "solar", "paperToPowerLabel": "observed_smaller_than_claimed", "matchConfidence": 0.6075, "distanceKm": 9.475, "observedFirstSeenQuarter": "2017 Q4", "estimatedCapacityProxyMw": 131.07 }, "geometry": { "type": "Polygon", "coordinates": [ [ [ 120.363206846742429, 14.813346222206034 ], [ 120.363206846742429, 14.813304733198219 ], [ 120.363121016053981, 14.813304733198219 ], [ 120.363121016053981, 14.813263244182458 ], [ 120.363078100709743, 14.813263244182458 ], [ 120.363078100709743, 14.81322175515875 ], [ 120.363035185365504, 14.81322175515875 ], [ 120.363035185365504, 14.813180266127102 ], [ 120.362949354677042, 14.813180266127102 ], [ 120.362949354677042, 14.813138777087508 ], [ 120.362906439332832, 14.813138777087508 ], [ 120.362906439332832, 14.813097288039964 ], [ 120.362863523988594, 14.813097288039964 ], [ 120.362863523988594, 14.813055798984477 ], [ 120.362777693300117, 14.813055798984477 ], [ 120.362777693300117, 14.813014309921044 ], [ 120.362734777955907, 14.813014309921044 ], [ 120.362734777955907, 14.812972820849671 ], [ 120.362648947267431, 14.812972820849671 ], [ 120.362648947267431, 14.812931331770347 ], [ 120.362606031923193, 14.812931331770347 ], [ 120.362606031923193, 14.812889842683086 ], [ 120.362563116578954, 14.812889842683086 ], [ 120.362563116578954, 14.812848353587874 ], [ 120.362520201234716, 14.812848353587874 ], [ 120.362520201234716, 14.812806864484717 ], [ 120.362477285890506, 14.812806864484717 ], [ 120.362477285890506, 14.812765375373617 ], [ 120.362434370546268, 14.812765375373617 ], [ 120.362434370546268, 14.81272388625457 ], [ 120.362348539857805, 14.81272388625457 ], [ 120.362348539857805, 14.812682397127579 ], [ 120.362262709169329, 14.812682397127579 ], [ 120.362262709169329, 14.812640907992646 ], [ 120.362133963136642, 14.812640907992646 ], [ 120.362133963136642, 14.812599418849766 ], [ 120.362048132448166, 14.812599418849766 ], [ 120.362048132448166, 14.812557929698935 ], [ 120.362005217103928, 14.812557929698935 ], [ 120.362005217103928, 14.812516440540172 ], [ 120.361919386415479, 14.812516440540172 ], [ 120.361919386415479, 14.812474951373451 ], [ 120.361876471071255, 14.812474951373451 ], [ 120.361876471071255, 14.812433462198795 ], [ 120.361833555727017, 14.812433462198795 ], [ 120.361833555727017, 14.81239197301619 ], [ 120.361790640382779, 14.81239197301619 ], [ 120.361790640382779, 14.812350483825643 ], [ 120.361533148317378, 14.812350483825643 ], [ 120.361533148317378, 14.812308994627147 ], [ 120.360803587465441, 14.812308994627147 ], [ 120.360803587465441, 14.81226750542071 ], [ 120.360717756776964, 14.81226750542071 ], [ 120.360717756776964, 14.812226016206324 ], [ 120.360674841432754, 14.812226016206324 ], [ 120.360674841432754, 14.812184526983998 ], [ 120.360631926088516, 14.812184526983998 ], [ 120.360631926088516, 14.811935591483197 ], [ 120.360674841432754, 14.811935591483197 ], [ 120.360674841432754, 14.811728145014049 ], [ 120.360717756776964, 14.811728145014049 ], [ 120.360717756776964, 14.811437719623587 ], [ 120.360760672121202, 14.811437719623587 ], [ 120.360760672121202, 14.811313251479937 ], [ 120.360803587465441, 14.811313251479937 ], [ 120.360803587465441, 14.811230272677786 ], [ 120.360846502809679, 14.811230272677786 ], [ 120.360846502809679, 14.811188783264793 ], [ 120.360889418153903, 14.811188783264793 ], [ 120.360889418153903, 14.811064314978152 ], [ 120.360932333498141, 14.811064314978152 ], [ 120.360932333498141, 14.810898357151409 ], [ 120.360717756776964, 14.810898357151409 ], [ 120.360717756776964, 14.810856867674859 ], [ 120.360631926088516, 14.810856867674859 ], [ 120.360631926088516, 14.81081537819037 ], [ 120.360589010744278, 14.81081537819037 ], [ 120.360589010744278, 14.810690909689235 ], [ 120.360546095400039, 14.810690909689235 ], [ 120.360546095400039, 14.810607930648763 ], [ 120.360589010744278, 14.810607930648763 ], [ 120.360589010744278, 14.810524951576513 ], [ 120.360631926088516, 14.810524951576513 ], [ 120.360631926088516, 14.810483462028468 ], [ 120.360717756776964, 14.810483462028468 ], [ 120.360717756776964, 14.810441972472486 ], [ 120.360760672121202, 14.810441972472486 ], [ 120.360760672121202, 14.810400482908559 ], [ 120.360803587465441, 14.810400482908559 ], [ 120.360803587465441, 14.810317503756869 ], [ 120.360760672121202, 14.810317503756869 ], [ 120.360760672121202, 14.809653669399484 ], [ 120.360803587465441, 14.809653669399484 ], [ 120.360803587465441, 14.809612179684629 ], [ 120.360846502809679, 14.809612179684629 ], [ 120.360846502809679, 14.809570689961829 ], [ 120.360932333498141, 14.809570689961829 ], [ 120.360932333498141, 14.809529200231085 ], [ 120.361018164186589, 14.809529200231085 ], [ 120.361018164186589, 14.809487710492398 ], [ 120.361103994875066, 14.809487710492398 ], [ 120.361103994875066, 14.80944622074577 ], [ 120.361275656251991, 14.80944622074577 ], [ 120.361275656251991, 14.809404730991197 ], [ 120.361361486940467, 14.809404730991197 ], [ 120.361361486940467, 14.809487710492398 ], [ 120.361404402284691, 14.809487710492398 ], [ 120.361404402284691, 14.809529200231085 ], [ 120.361533148317378, 14.809529200231085 ], [ 120.361533148317378, 14.809570689961829 ], [ 120.361618979005854, 14.809570689961829 ], [ 120.361618979005854, 14.809529200231085 ], [ 120.361661894350092, 14.809529200231085 ], [ 120.361661894350092, 14.80944622074577 ], [ 120.361704809694302, 14.80944622074577 ], [ 120.361704809694302, 14.809404730991197 ], [ 120.361747725038569, 14.809404730991197 ], [ 120.361747725038569, 14.809363241228681 ], [ 120.362048132448166, 14.809363241228681 ], [ 120.362048132448166, 14.809321751458221 ], [ 120.362133963136642, 14.809321751458221 ], [ 120.362133963136642, 14.809280261679818 ], [ 120.362434370546268, 14.809280261679818 ], [ 120.362434370546268, 14.809321751458221 ], [ 120.362648947267431, 14.809321751458221 ], [ 120.362648947267431, 14.809280261679818 ], [ 120.362734777955907, 14.809280261679818 ], [ 120.362734777955907, 14.809238771893476 ], [ 120.362777693300117, 14.809238771893476 ], [ 120.362777693300117, 14.809197282099182 ], [ 120.362820608644356, 14.809197282099182 ], [ 120.362820608644356, 14.809072812668656 ], [ 120.362777693300117, 14.809072812668656 ], [ 120.362777693300117, 14.808989833008596 ], [ 120.362734777955907, 14.808989833008596 ], [ 120.362734777955907, 14.808948343166643 ], [ 120.362691862611669, 14.808948343166643 ], [ 120.362691862611669, 14.808906853316754 ], [ 120.362648947267431, 14.808906853316754 ], [ 120.362648947267431, 14.808865363458921 ], [ 120.362606031923193, 14.808865363458921 ], [ 120.362606031923193, 14.808823873593147 ], [ 120.362520201234716, 14.808823873593147 ], [ 120.362520201234716, 14.808782383719423 ], [ 120.362477285890506, 14.808782383719423 ], [ 120.362477285890506, 14.808699403948154 ], [ 120.362434370546268, 14.808699403948154 ], [ 120.362434370546268, 14.808657914050608 ], [ 120.362391455202044, 14.808657914050608 ], [ 120.362391455202044, 14.808616424145114 ], [ 120.362305624513567, 14.808616424145114 ], [ 120.362305624513567, 14.808657914050608 ], [ 120.362262709169329, 14.808657914050608 ], [ 120.362262709169329, 14.808699403948154 ], [ 120.362219793825091, 14.808699403948154 ], [ 120.362219793825091, 14.808740893837761 ], [ 120.362133963136642, 14.808740893837761 ], [ 120.362133963136642, 14.808657914050608 ], [ 120.362091047792404, 14.808657914050608 ], [ 120.362091047792404, 14.808574934231682 ], [ 120.362133963136642, 14.808574934231682 ], [ 120.362133963136642, 14.808491954380981 ], [ 120.362219793825091, 14.808491954380981 ], [ 120.362219793825091, 14.808367484545366 ], [ 120.362176878480881, 14.808367484545366 ], [ 120.362176878480881, 14.808284504615241 ], [ 120.362133963136642, 14.808284504615241 ], [ 120.362133963136642, 14.808243014638265 ], [ 120.362091047792404, 14.808243014638265 ], [ 120.362091047792404, 14.808201524653345 ], [ 120.362048132448166, 14.808201524653345 ], [ 120.362048132448166, 14.808160034660482 ], [ 120.362005217103928, 14.808160034660482 ], [ 120.362005217103928, 14.808118544659678 ], [ 120.361962301759704, 14.808118544659678 ], [ 120.361962301759704, 14.808077054650933 ], [ 120.361919386415479, 14.808077054650933 ], [ 120.361919386415479, 14.808035564634237 ], [ 120.361833555727017, 14.808035564634237 ], [ 120.361833555727017, 14.807994074609606 ], [ 120.361747725038569, 14.807994074609606 ], [ 120.361747725038569, 14.808077054650933 ], [ 120.361704809694302, 14.808077054650933 ], [ 120.361704809694302, 14.808118544659678 ], [ 120.361533148317378, 14.808118544659678 ], [ 120.361533148317378, 14.807994074609606 ], [ 120.361576063661616, 14.807994074609606 ], [ 120.361576063661616, 14.807952584577032 ], [ 120.361618979005854, 14.807952584577032 ], [ 120.361618979005854, 14.807330233135307 ], [ 120.361661894350092, 14.807330233135307 ], [ 120.361661894350092, 14.807205762632519 ], [ 120.361704809694302, 14.807205762632519 ], [ 120.361704809694302, 14.807081292058252 ], [ 120.361747725038569, 14.807081292058252 ], [ 120.361747725038569, 14.806873840942293 ], [ 120.361790640382779, 14.806873840942293 ], [ 120.361790640382779, 14.806790860440318 ], [ 120.361833555727017, 14.806790860440318 ], [ 120.361833555727017, 14.806749370177418 ], [ 120.361876471071255, 14.806749370177418 ], [ 120.361876471071255, 14.80670787990657 ], [ 120.361919386415479, 14.80670787990657 ], [ 120.361919386415479, 14.806666389627791 ], [ 120.361962301759704, 14.806666389627791 ], [ 120.361962301759704, 14.80662489934106 ], [ 120.362048132448166, 14.80662489934106 ], [ 120.362048132448166, 14.806583409046393 ], [ 120.362091047792404, 14.806583409046393 ], [ 120.362091047792404, 14.806541918743779 ], [ 120.362176878480881, 14.806541918743779 ], [ 120.362176878480881, 14.806500428433228 ], [ 120.362219793825091, 14.806500428433228 ], [ 120.362219793825091, 14.806458938114734 ], [ 120.362262709169329, 14.806458938114734 ], [ 120.362262709169329, 14.806375957453918 ], [ 120.362305624513567, 14.806375957453918 ], [ 120.362305624513567, 14.806292976761334 ], [ 120.362348539857805, 14.806292976761334 ], [ 120.362348539857805, 14.805961053673339 ], [ 120.362305624513567, 14.805961053673339 ], [ 120.362305624513567, 14.805878072821923 ], [ 120.362262709169329, 14.805878072821923 ], [ 120.362262709169329, 14.805836582384304 ], [ 120.362219793825091, 14.805836582384304 ], [ 120.362219793825091, 14.805795091938741 ], [ 120.362048132448166, 14.805795091938741 ], [ 120.362048132448166, 14.805670620554409 ], [ 120.362219793825091, 14.805670620554409 ], [ 120.362219793825091, 14.805546149098603 ], [ 120.362133963136642, 14.805546149098603 ], [ 120.362133963136642, 14.805587639591812 ], [ 120.362048132448166, 14.805587639591812 ], [ 120.362048132448166, 14.805546149098603 ], [ 120.362005217103928, 14.805546149098603 ], [ 120.362005217103928, 14.805504658597448 ], [ 120.361962301759704, 14.805504658597448 ], [ 120.361962301759704, 14.805463168088359 ], [ 120.361919386415479, 14.805463168088359 ], [ 120.361919386415479, 14.805421677571321 ], [ 120.361876471071255, 14.805421677571321 ], [ 120.361876471071255, 14.805338696513427 ], [ 120.361833555727017, 14.805338696513427 ], [ 120.361833555727017, 14.80529720597257 ], [ 120.361747725038569, 14.80529720597257 ], [ 120.361747725038569, 14.805255715423771 ], [ 120.361704809694302, 14.805255715423771 ], [ 120.361704809694302, 14.805214224867031 ], [ 120.361618979005854, 14.805214224867031 ], [ 120.361618979005854, 14.805172734302348 ], [ 120.361533148317378, 14.805172734302348 ], [ 120.361533148317378, 14.80508975314916 ], [ 120.361490232973168, 14.80508975314916 ], [ 120.361490232973168, 14.804923790747488 ], [ 120.361447317628901, 14.804923790747488 ], [ 120.361447317628901, 14.804882300127222 ], [ 120.361318571596229, 14.804882300127222 ], [ 120.361318571596229, 14.804923790747488 ], [ 120.361232740907752, 14.804923790747488 ], [ 120.361232740907752, 14.805006771964203 ], [ 120.361275656251991, 14.805006771964203 ], [ 120.361275656251991, 14.805131243729726 ], [ 120.361232740907752, 14.805131243729726 ], [ 120.361232740907752, 14.805214224867031 ], [ 120.361189825563542, 14.805214224867031 ], [ 120.361189825563542, 14.805380187046346 ], [ 120.361232740907752, 14.805380187046346 ], [ 120.361232740907752, 14.805546149098603 ], [ 120.361275656251991, 14.805546149098603 ], [ 120.361275656251991, 14.805836582384304 ], [ 120.361232740907752, 14.805836582384304 ], [ 120.361232740907752, 14.805919563251603 ], [ 120.361189825563542, 14.805919563251603 ], [ 120.361189825563542, 14.806002544087134 ], [ 120.361103994875066, 14.806002544087134 ], [ 120.361103994875066, 14.80604403449299 ], [ 120.361018164186589, 14.80604403449299 ], [ 120.361018164186589, 14.806085524890904 ], [ 120.360975248842351, 14.806085524890904 ], [ 120.360975248842351, 14.806127015280872 ], [ 120.360932333498141, 14.806127015280872 ], [ 120.360932333498141, 14.806251486403132 ], [ 120.360889418153903, 14.806251486403132 ], [ 120.360889418153903, 14.806292976761334 ], [ 120.360803587465441, 14.806292976761334 ], [ 120.360803587465441, 14.806334467111601 ], [ 120.360717756776964, 14.806334467111601 ], [ 120.360717756776964, 14.806375957453918 ], [ 120.360674841432754, 14.806375957453918 ], [ 120.360674841432754, 14.806583409046393 ], [ 120.360631926088516, 14.806583409046393 ], [ 120.360631926088516, 14.806790860440318 ], [ 120.360589010744278, 14.806790860440318 ], [ 120.360589010744278, 14.806832350695277 ], [ 120.360631926088516, 14.806832350695277 ], [ 120.360631926088516, 14.806956821412504 ], [ 120.360674841432754, 14.806956821412504 ], [ 120.360674841432754, 14.80716427244904 ], [ 120.360631926088516, 14.80716427244904 ], [ 120.360631926088516, 14.807205762632519 ], [ 120.360589010744278, 14.807205762632519 ], [ 120.360589010744278, 14.807330233135307 ], [ 120.360546095400039, 14.807330233135307 ], [ 120.360546095400039, 14.807413213430786 ], [ 120.360503180055801, 14.807413213430786 ], [ 120.360503180055801, 14.807454703566615 ], [ 120.360417349367353, 14.807454703566615 ], [ 120.360417349367353, 14.807496193694497 ], [ 120.360288603334652, 14.807496193694497 ], [ 120.360288603334652, 14.807454703566615 ], [ 120.360159857301937, 14.807454703566615 ], [ 120.360159857301937, 14.807413213430786 ], [ 120.359816534548088, 14.807413213430786 ], [ 120.359816534548088, 14.807454703566615 ], [ 120.359730703859626, 14.807454703566615 ], [ 120.359730703859626, 14.807496193694497 ], [ 120.359687788515416, 14.807496193694497 ], [ 120.359687788515416, 14.80753768381444 ], [ 120.359601957826939, 14.80753768381444 ], [ 120.359601957826939, 14.807579173926444 ], [ 120.359516127138463, 14.807579173926444 ], [ 120.359516127138463, 14.8076206640305 ], [ 120.359430296450014, 14.8076206640305 ], [ 120.359430296450014, 14.807662154126612 ], [ 120.359387381105776, 14.807662154126612 ], [ 120.359387381105776, 14.807703644214788 ], [ 120.3593015504173, 14.807703644214788 ], [ 120.3593015504173, 14.807745134295015 ], [ 120.359258635073076, 14.807745134295015 ], [ 120.359258635073076, 14.807786624367305 ], [ 120.359215719728837, 14.807786624367305 ], [ 120.359215719728837, 14.807828114431651 ], [ 120.359172804384599, 14.807828114431651 ], [ 120.359172804384599, 14.807869604488056 ], [ 120.359129889040389, 14.807869604488056 ], [ 120.359129889040389, 14.807911094536513 ], [ 120.359044058351913, 14.807911094536513 ], [ 120.359044058351913, 14.807952584577032 ], [ 120.359001143007674, 14.807952584577032 ], [ 120.359001143007674, 14.807994074609606 ], [ 120.358958227663436, 14.807994074609606 ], [ 120.358958227663436, 14.808035564634237 ], [ 120.35882948163075, 14.808035564634237 ], [ 120.35882948163075, 14.808077054650933 ], [ 120.358743650942287, 14.808077054650933 ], [ 120.358743650942287, 14.808118544659678 ], [ 120.358657820253811, 14.808118544659678 ], [ 120.358657820253811, 14.808160034660482 ], [ 120.358571989565363, 14.808160034660482 ], [ 120.358571989565363, 14.808201524653345 ], [ 120.358486158876886, 14.808201524653345 ], [ 120.358486158876886, 14.808243014638265 ], [ 120.358400328188409, 14.808243014638265 ], [ 120.358400328188409, 14.808284504615241 ], [ 120.358271582155723, 14.808284504615241 ], [ 120.358271582155723, 14.808243014638265 ], [ 120.358185751467275, 14.808243014638265 ], [ 120.358185751467275, 14.808201524653345 ], [ 120.358142836123051, 14.808201524653345 ], [ 120.358142836123051, 14.808118544659678 ], [ 120.358099920778784, 14.808118544659678 ], [ 120.358099920778784, 14.807745134295015 ], [ 120.358142836123051, 14.807745134295015 ], [ 120.358142836123051, 14.807662154126612 ], [ 120.358185751467275, 14.807662154126612 ], [ 120.358185751467275, 14.80753768381444 ], [ 120.358228666811499, 14.80753768381444 ], [ 120.358228666811499, 14.807496193694497 ], [ 120.358271582155723, 14.807496193694497 ], [ 120.358271582155723, 14.807413213430786 ], [ 120.358314497499961, 14.807413213430786 ], [ 120.358314497499961, 14.807330233135307 ], [ 120.3583574128442, 14.807330233135307 ], [ 120.3583574128442, 14.807247252808056 ], [ 120.358400328188409, 14.807247252808056 ], [ 120.358400328188409, 14.807205762632519 ], [ 120.358443243532676, 14.807205762632519 ], [ 120.358443243532676, 14.80716427244904 ], [ 120.358486158876886, 14.80716427244904 ], [ 120.358486158876886, 14.807081292058252 ], [ 120.358529074221124, 14.807081292058252 ], [ 120.358529074221124, 14.807039801850943 ], [ 120.358571989565363, 14.807039801850943 ], [ 120.358571989565363, 14.806956821412504 ], [ 120.358614904909601, 14.806956821412504 ], [ 120.358614904909601, 14.806790860440318 ], [ 120.358657820253811, 14.806790860440318 ], [ 120.358657820253811, 14.80662489934106 ], [ 120.358700735598063, 14.80662489934106 ], [ 120.358700735598063, 14.806500428433228 ], [ 120.358743650942287, 14.806500428433228 ], [ 120.358743650942287, 14.806458938114734 ], [ 120.358786566286511, 14.806458938114734 ], [ 120.358786566286511, 14.806375957453918 ], [ 120.35882948163075, 14.806375957453918 ], [ 120.35882948163075, 14.806334467111601 ], [ 120.358872396974988, 14.806334467111601 ], [ 120.358872396974988, 14.806251486403132 ], [ 120.358915312319198, 14.806251486403132 ], [ 120.358915312319198, 14.806168505662901 ], [ 120.358958227663436, 14.806168505662901 ], [ 120.358958227663436, 14.806085524890904 ], [ 120.359001143007674, 14.806085524890904 ], [ 120.359001143007674, 14.80604403449299 ], [ 120.359044058351913, 14.80604403449299 ], [ 120.359044058351913, 14.805961053673339 ], [ 120.359086973696151, 14.805961053673339 ], [ 120.359086973696151, 14.805919563251603 ], [ 120.359129889040389, 14.805919563251603 ], [ 120.359129889040389, 14.805878072821923 ], [ 120.359172804384599, 14.805878072821923 ], [ 120.359172804384599, 14.805836582384304 ], [ 120.359215719728837, 14.805836582384304 ], [ 120.359215719728837, 14.805795091938741 ], [ 120.359258635073076, 14.805795091938741 ], [ 120.359258635073076, 14.805753601485238 ], [ 120.3593015504173, 14.805753601485238 ], [ 120.3593015504173, 14.805712111023796 ], [ 120.359387381105776, 14.805712111023796 ], [ 120.359387381105776, 14.805670620554409 ], [ 120.359516127138463, 14.805670620554409 ], [ 120.359516127138463, 14.805629130077083 ], [ 120.359773619203864, 14.805629130077083 ], [ 120.359773619203864, 14.805670620554409 ], [ 120.359816534548088, 14.805670620554409 ], [ 120.359816534548088, 14.805712111023796 ], [ 120.359902365236536, 14.805712111023796 ], [ 120.359902365236536, 14.805753601485238 ], [ 120.360074026613489, 14.805753601485238 ], [ 120.360074026613489, 14.805712111023796 ], [ 120.360159857301937, 14.805712111023796 ], [ 120.360159857301937, 14.805670620554409 ], [ 120.360202772646176, 14.805670620554409 ], [ 120.360202772646176, 14.805587639591812 ], [ 120.360245687990442, 14.805587639591812 ], [ 120.360245687990442, 14.805421677571321 ], [ 120.360288603334652, 14.805421677571321 ], [ 120.360288603334652, 14.805380187046346 ], [ 120.360331518678876, 14.805380187046346 ], [ 120.360331518678876, 14.805338696513427 ], [ 120.360460264711563, 14.805338696513427 ], [ 120.360460264711563, 14.805380187046346 ], [ 120.360503180055801, 14.805380187046346 ], [ 120.360503180055801, 14.805421677571321 ], [ 120.360546095400039, 14.805421677571321 ], [ 120.360546095400039, 14.805463168088359 ], [ 120.360760672121202, 14.805463168088359 ], [ 120.360760672121202, 14.805421677571321 ], [ 120.360803587465441, 14.805421677571321 ], [ 120.360803587465441, 14.805255715423771 ], [ 120.360760672121202, 14.805255715423771 ], [ 120.360760672121202, 14.805214224867031 ], [ 120.360717756776964, 14.805214224867031 ], [ 120.360717756776964, 14.805131243729726 ], [ 120.360674841432754, 14.805131243729726 ], [ 120.360674841432754, 14.804965281359818 ], [ 120.360717756776964, 14.804965281359818 ], [ 120.360717756776964, 14.804799318862857 ], [ 120.360674841432754, 14.804799318862857 ], [ 120.360674841432754, 14.804757828218765 ], [ 120.360417349367353, 14.804757828218765 ], [ 120.360417349367353, 14.804467393487764 ], [ 120.360374434023115, 14.804467393487764 ], [ 120.360374434023115, 14.804176958367663 ], [ 120.360331518678876, 14.804176958367663 ], [ 120.360331518678876, 14.804093976833311 ], [ 120.360288603334652, 14.804093976833311 ], [ 120.360288603334652, 14.804052486054218 ], [ 120.360245687990442, 14.804052486054218 ], [ 120.360245687990442, 14.803928013669317 ], [ 120.360202772646176, 14.803928013669317 ], [ 120.360202772646176, 14.803886522858463 ], [ 120.360245687990442, 14.803886522858463 ], [ 120.360245687990442, 14.803513105203489 ], [ 120.360202772646176, 14.803513105203489 ], [ 120.360202772646176, 14.80343012341504 ], [ 120.360159857301937, 14.80343012341504 ], [ 120.360159857301937, 14.803388632508909 ], [ 120.360116941957727, 14.803388632508909 ], [ 120.360116941957727, 14.803347141594829 ], [ 120.360031111269251, 14.803347141594829 ], [ 120.360031111269251, 14.803388632508909 ], [ 120.359988195925013, 14.803388632508909 ], [ 120.359988195925013, 14.80343012341504 ], [ 120.359902365236536, 14.80343012341504 ], [ 120.359902365236536, 14.803471614313239 ], [ 120.359516127138463, 14.803471614313239 ], [ 120.359516127138463, 14.80343012341504 ], [ 120.359473211794224, 14.80343012341504 ], [ 120.359473211794224, 14.803388632508909 ], [ 120.359430296450014, 14.803388632508909 ], [ 120.359430296450014, 14.803305650672812 ], [ 120.359387381105776, 14.803305650672812 ], [ 120.359387381105776, 14.803222668804958 ], [ 120.359344465761538, 14.803222668804958 ], [ 120.359344465761538, 14.803181177859122 ], [ 120.359215719728837, 14.803181177859122 ], [ 120.359215719728837, 14.803139686905345 ], [ 120.359086973696151, 14.803139686905345 ], [ 120.359086973696151, 14.803098195943628 ], [ 120.359001143007674, 14.803098195943628 ], [ 120.359001143007674, 14.803056704973967 ], [ 120.358915312319198, 14.803056704973967 ], [ 120.358915312319198, 14.803015213996369 ], [ 120.358872396974988, 14.803015213996369 ], [ 120.358872396974988, 14.802973723010831 ], [ 120.35882948163075, 14.802973723010831 ], [ 120.35882948163075, 14.802932232017353 ], [ 120.358786566286511, 14.802932232017353 ], [ 120.358786566286511, 14.802849250006579 ], [ 120.35882948163075, 14.802849250006579 ], [ 120.35882948163075, 14.802683285889742 ], [ 120.358872396974988, 14.802683285889742 ], [ 120.358872396974988, 14.802600303783686 ], [ 120.358915312319198, 14.802600303783686 ], [ 120.358915312319198, 14.802475830565051 ], [ 120.358958227663436, 14.802475830565051 ], [ 120.358958227663436, 14.802351357274956 ], [ 120.359001143007674, 14.802351357274956 ], [ 120.359001143007674, 14.802309866162375 ], [ 120.359044058351913, 14.802309866162375 ], [ 120.359044058351913, 14.80226837504186 ], [ 120.359086973696151, 14.80226837504186 ], [ 120.359086973696151, 14.802226883913402 ], [ 120.359172804384599, 14.802226883913402 ], [ 120.359172804384599, 14.802185392777009 ], [ 120.359430296450014, 14.802185392777009 ], [ 120.359430296450014, 14.802226883913402 ], [ 120.359559042482701, 14.802226883913402 ], [ 120.359559042482701, 14.80226837504186 ], [ 120.359687788515416, 14.80226837504186 ], [ 120.359687788515416, 14.802309866162375 ], [ 120.359773619203864, 14.802309866162375 ], [ 120.359773619203864, 14.802351357274956 ], [ 120.359859449892326, 14.802351357274956 ], [ 120.359859449892326, 14.802392848379595 ], [ 120.359902365236536, 14.802392848379595 ], [ 120.359902365236536, 14.802475830565051 ], [ 120.359945280580803, 14.802475830565051 ], [ 120.359945280580803, 14.802600303783686 ], [ 120.359988195925013, 14.802600303783686 ], [ 120.359988195925013, 14.802849250006579 ], [ 120.359945280580803, 14.802849250006579 ], [ 120.359945280580803, 14.802973723010831 ], [ 120.359902365236536, 14.802973723010831 ], [ 120.359902365236536, 14.803015213996369 ], [ 120.359945280580803, 14.803015213996369 ], [ 120.359945280580803, 14.803139686905345 ], [ 120.359988195925013, 14.803139686905345 ], [ 120.359988195925013, 14.803181177859122 ], [ 120.360074026613489, 14.803181177859122 ], [ 120.360074026613489, 14.803139686905345 ], [ 120.360116941957727, 14.803139686905345 ], [ 120.360116941957727, 14.802807758989278 ], [ 120.360245687990442, 14.802807758989278 ], [ 120.360245687990442, 14.802849250006579 ], [ 120.360288603334652, 14.802849250006579 ], [ 120.360288603334652, 14.802890741015936 ], [ 120.360331518678876, 14.802890741015936 ], [ 120.360331518678876, 14.802932232017353 ], [ 120.360374434023115, 14.802932232017353 ], [ 120.360374434023115, 14.802973723010831 ], [ 120.360417349367353, 14.802973723010831 ], [ 120.360417349367353, 14.803015213996369 ], [ 120.360631926088516, 14.803015213996369 ], [ 120.360631926088516, 14.802973723010831 ], [ 120.360760672121202, 14.802973723010831 ], [ 120.360760672121202, 14.802932232017353 ], [ 120.360803587465441, 14.802932232017353 ], [ 120.360803587465441, 14.802807758989278 ], [ 120.360846502809679, 14.802807758989278 ], [ 120.360846502809679, 14.802683285889742 ], [ 120.360889418153903, 14.802683285889742 ], [ 120.360889418153903, 14.802475830565051 ], [ 120.360846502809679, 14.802475830565051 ], [ 120.360846502809679, 14.80214390163267 ], [ 120.360889418153903, 14.80214390163267 ], [ 120.360889418153903, 14.802060919320176 ], [ 120.360932333498141, 14.802060919320176 ], [ 120.360932333498141, 14.801977936975922 ], [ 120.360975248842351, 14.801977936975922 ], [ 120.360975248842351, 14.801853463400002 ], [ 120.361018164186589, 14.801853463400002 ], [ 120.361018164186589, 14.801604516033784 ], [ 120.361061079530828, 14.801604516033784 ], [ 120.361061079530828, 14.801314077078615 ], [ 120.361018164186589, 14.801314077078615 ], [ 120.361018164186589, 14.801272585767549 ], [ 120.360975248842351, 14.801272585767549 ], [ 120.360975248842351, 14.801231094448543 ], [ 120.360889418153903, 14.801231094448543 ], [ 120.360889418153903, 14.801189603121598 ], [ 120.360846502809679, 14.801189603121598 ], [ 120.360846502809679, 14.801148111786713 ], [ 120.360803587465441, 14.801148111786713 ], [ 120.360803587465441, 14.801106620443889 ], [ 120.360760672121202, 14.801106620443889 ], [ 120.360760672121202, 14.801065129093125 ], [ 120.360674841432754, 14.801065129093125 ], [ 120.360674841432754, 14.801023637734419 ], [ 120.360631926088516, 14.801023637734419 ], [ 120.360631926088516, 14.80098214636778 ], [ 120.360546095400039, 14.80098214636778 ], [ 120.360546095400039, 14.801023637734419 ], [ 120.360460264711563, 14.801023637734419 ], [ 120.360460264711563, 14.801065129093125 ], [ 120.360202772646176, 14.801065129093125 ], [ 120.360202772646176, 14.801023637734419 ], [ 120.360159857301937, 14.801023637734419 ], [ 120.360159857301937, 14.80098214636778 ], [ 120.360116941957727, 14.80098214636778 ], [ 120.360116941957727, 14.8009406549932 ], [ 120.360074026613489, 14.8009406549932 ], [ 120.360074026613489, 14.80085767222022 ], [ 120.360031111269251, 14.80085767222022 ], [ 120.360031111269251, 14.800774689415483 ], [ 120.359988195925013, 14.800774689415483 ], [ 120.359988195925013, 14.80065021514884 ], [ 120.359945280580803, 14.80065021514884 ], [ 120.359945280580803, 14.800608723710745 ], [ 120.359902365236536, 14.800608723710745 ], [ 120.359902365236536, 14.800567232264711 ], [ 120.359816534548088, 14.800567232264711 ], [ 120.359816534548088, 14.80048424934883 ], [ 120.359773619203864, 14.80048424934883 ], [ 120.359773619203864, 14.800442757878978 ], [ 120.359730703859626, 14.800442757878978 ], [ 120.359730703859626, 14.800401266401197 ], [ 120.359644873171149, 14.800401266401197 ], [ 120.359644873171149, 14.800359774915465 ], [ 120.359473211794224, 14.800359774915465 ], [ 120.359473211794224, 14.800401266401197 ], [ 120.359430296450014, 14.800401266401197 ], [ 120.359430296450014, 14.80048424934883 ], [ 120.359473211794224, 14.80048424934883 ], [ 120.359473211794224, 14.800525740810739 ], [ 120.359559042482701, 14.800525740810739 ], [ 120.359559042482701, 14.800567232264711 ], [ 120.359516127138463, 14.800567232264711 ], [ 120.359516127138463, 14.800608723710745 ], [ 120.359344465761538, 14.800608723710745 ], [ 120.359344465761538, 14.80065021514884 ], [ 120.359086973696151, 14.80065021514884 ], [ 120.359086973696151, 14.800608723710745 ], [ 120.359044058351913, 14.800608723710745 ], [ 120.359044058351913, 14.800567232264711 ], [ 120.359001143007674, 14.800567232264711 ], [ 120.359001143007674, 14.800525740810739 ], [ 120.358958227663436, 14.800525740810739 ], [ 120.358958227663436, 14.80048424934883 ], [ 120.358915312319198, 14.80048424934883 ], [ 120.358915312319198, 14.800442757878978 ], [ 120.358872396974988, 14.800442757878978 ], [ 120.358872396974988, 14.800401266401197 ], [ 120.358786566286511, 14.800401266401197 ], [ 120.358786566286511, 14.80048424934883 ], [ 120.358743650942287, 14.80048424934883 ], [ 120.358743650942287, 14.800567232264711 ], [ 120.358700735598063, 14.800567232264711 ], [ 120.358700735598063, 14.800608723710745 ], [ 120.358614904909601, 14.800608723710745 ], [ 120.358614904909601, 14.80065021514884 ], [ 120.358571989565363, 14.80065021514884 ], [ 120.358571989565363, 14.800691706578993 ], [ 120.358486158876886, 14.800691706578993 ], [ 120.358486158876886, 14.800733198001208 ], [ 120.358443243532676, 14.800733198001208 ], [ 120.358443243532676, 14.800774689415483 ], [ 120.3583574128442, 14.800774689415483 ], [ 120.3583574128442, 14.800816180821821 ], [ 120.358271582155723, 14.800816180821821 ], [ 120.358271582155723, 14.80085767222022 ], [ 120.358185751467275, 14.80085767222022 ], [ 120.358185751467275, 14.800899163610678 ], [ 120.358057005434574, 14.800899163610678 ], [ 120.358057005434574, 14.8009406549932 ], [ 120.357499105959548, 14.8009406549932 ], [ 120.357499105959548, 14.800899163610678 ], [ 120.357413275271071, 14.800899163610678 ], [ 120.357413275271071, 14.8009406549932 ], [ 120.357327444582623, 14.8009406549932 ], [ 120.357327444582623, 14.80098214636778 ], [ 120.357284529238385, 14.80098214636778 ], [ 120.357284529238385, 14.801023637734419 ], [ 120.357241613894146, 14.801023637734419 ], [ 120.357241613894146, 14.801106620443889 ], [ 120.357198698549936, 14.801106620443889 ], [ 120.357198698549936, 14.801148111786713 ], [ 120.357112867861446, 14.801148111786713 ], [ 120.357112867861446, 14.801189603121598 ], [ 120.356984121828759, 14.801189603121598 ], [ 120.356984121828759, 14.801231094448543 ], [ 120.356941206484521, 14.801231094448543 ], [ 120.356941206484521, 14.801272585767549 ], [ 120.356898291140311, 14.801272585767549 ], [ 120.356898291140311, 14.80143855096418 ], [ 120.356855375796044, 14.80143855096418 ], [ 120.356855375796044, 14.80152153351486 ], [ 120.356812460451835, 14.80152153351486 ], [ 120.356812460451835, 14.801563024778288 ], [ 120.356769545107596, 14.801563024778288 ], [ 120.356769545107596, 14.801604516033784 ], [ 120.356726629763358, 14.801604516033784 ], [ 120.356726629763358, 14.801646007281333 ], [ 120.356597883730657, 14.801646007281333 ], [ 120.356597883730657, 14.801604516033784 ], [ 120.356469137697971, 14.801604516033784 ], [ 120.356469137697971, 14.801563024778288 ], [ 120.356383307009523, 14.801563024778288 ], [ 120.356383307009523, 14.80152153351486 ], [ 120.356254560976808, 14.80152153351486 ], [ 120.356254560976808, 14.801646007281333 ], [ 120.356297476321046, 14.801646007281333 ], [ 120.356297476321046, 14.801687498520945 ], [ 120.356340391665285, 14.801687498520945 ], [ 120.356340391665285, 14.801728989752618 ], [ 120.356426222353733, 14.801728989752618 ], [ 120.356426222353733, 14.80177048097635 ], [ 120.356469137697971, 14.80177048097635 ], [ 120.356469137697971, 14.801853463400002 ], [ 120.356512053042209, 14.801853463400002 ], [ 120.356512053042209, 14.801894954599915 ], [ 120.356554968386448, 14.801894954599915 ], [ 120.356554968386448, 14.801936445791888 ], [ 120.35668371441912, 14.801936445791888 ], [ 120.35668371441912, 14.801977936975922 ], [ 120.356726629763358, 14.801977936975922 ], [ 120.356726629763358, 14.802060919320176 ], [ 120.356769545107596, 14.802060919320176 ], [ 120.356769545107596, 14.802102410480396 ], [ 120.356812460451835, 14.802102410480396 ], [ 120.356812460451835, 14.80214390163267 ], [ 120.356855375796044, 14.80214390163267 ], [ 120.356855375796044, 14.802185392777009 ], [ 120.356941206484521, 14.802185392777009 ], [ 120.356941206484521, 14.802226883913402 ], [ 120.357155783205684, 14.802226883913402 ], [ 120.357155783205684, 14.80226837504186 ], [ 120.357241613894146, 14.80226837504186 ], [ 120.357241613894146, 14.802351357274956 ], [ 120.357284529238385, 14.802351357274956 ], [ 120.357284529238385, 14.802392848379595 ], [ 120.357327444582623, 14.802392848379595 ], [ 120.357327444582623, 14.802434339476296 ], [ 120.357456190615309, 14.802434339476296 ], [ 120.357456190615309, 14.802392848379595 ], [ 120.357499105959548, 14.802392848379595 ], [ 120.357499105959548, 14.802351357274956 ], [ 120.357584936648024, 14.802351357274956 ], [ 120.357584936648024, 14.802309866162375 ], [ 120.357670767336472, 14.802309866162375 ], [ 120.357670767336472, 14.80226837504186 ], [ 120.357799513369173, 14.80226837504186 ], [ 120.357799513369173, 14.802309866162375 ], [ 120.357885344057649, 14.802309866162375 ], [ 120.357885344057649, 14.802351357274956 ], [ 120.357928259401859, 14.802351357274956 ], [ 120.357928259401859, 14.802434339476296 ], [ 120.357971174746098, 14.802434339476296 ], [ 120.357971174746098, 14.802558812718747 ], [ 120.358014090090336, 14.802558812718747 ], [ 120.358014090090336, 14.802724776930861 ], [ 120.358057005434574, 14.802724776930861 ], [ 120.358057005434574, 14.802807758989278 ], [ 120.358099920778784, 14.802807758989278 ], [ 120.358099920778784, 14.802890741015936 ], [ 120.358142836123051, 14.802890741015936 ], [ 120.358142836123051, 14.803056704973967 ], [ 120.358185751467275, 14.803056704973967 ], [ 120.358185751467275, 14.803181177859122 ], [ 120.358228666811499, 14.803181177859122 ], [ 120.358228666811499, 14.803222668804958 ], [ 120.358271582155723, 14.803222668804958 ], [ 120.358271582155723, 14.803305650672812 ], [ 120.358314497499961, 14.803305650672812 ], [ 120.358314497499961, 14.80343012341504 ], [ 120.3583574128442, 14.80343012341504 ], [ 120.3583574128442, 14.803554596085805 ], [ 120.358314497499961, 14.803554596085805 ], [ 120.358314497499961, 14.80363757782661 ], [ 120.358271582155723, 14.80363757782661 ], [ 120.358271582155723, 14.803720559535661 ], [ 120.358228666811499, 14.803720559535661 ], [ 120.358228666811499, 14.803803541212943 ], [ 120.358185751467275, 14.803803541212943 ], [ 120.358185751467275, 14.804052486054218 ], [ 120.358142836123051, 14.804052486054218 ], [ 120.358142836123051, 14.804093976833311 ], [ 120.357842428713411, 14.804093976833311 ], [ 120.357842428713411, 14.804135467604457 ], [ 120.357241613894146, 14.804135467604457 ], [ 120.357241613894146, 14.804093976833311 ], [ 120.357155783205684, 14.804093976833311 ], [ 120.357155783205684, 14.804052486054218 ], [ 120.357069952517236, 14.804052486054218 ], [ 120.357069952517236, 14.804010995267191 ], [ 120.357027037172998, 14.804010995267191 ], [ 120.357027037172998, 14.803969504472224 ], [ 120.356984121828759, 14.803969504472224 ], [ 120.356984121828759, 14.803928013669317 ], [ 120.356941206484521, 14.803928013669317 ], [ 120.356941206484521, 14.803886522858463 ], [ 120.356855375796044, 14.803886522858463 ], [ 120.356855375796044, 14.803845032039675 ], [ 120.356812460451835, 14.803845032039675 ], [ 120.356812460451835, 14.803803541212943 ], [ 120.356726629763358, 14.803803541212943 ], [ 120.356726629763358, 14.803762050378269 ], [ 120.356597883730657, 14.803762050378269 ], [ 120.356597883730657, 14.803720559535661 ], [ 120.356469137697971, 14.803720559535661 ], [ 120.356469137697971, 14.803679068685106 ], [ 120.356426222353733, 14.803679068685106 ], [ 120.356426222353733, 14.80363757782661 ], [ 120.356383307009523, 14.80363757782661 ], [ 120.356383307009523, 14.803554596085805 ], [ 120.356340391665285, 14.803554596085805 ], [ 120.356340391665285, 14.803513105203489 ], [ 120.356297476321046, 14.803513105203489 ], [ 120.356297476321046, 14.80343012341504 ], [ 120.356254560976808, 14.80343012341504 ], [ 120.356254560976808, 14.803388632508909 ], [ 120.35621164563257, 14.803388632508909 ], [ 120.35621164563257, 14.803347141594829 ], [ 120.356125814944122, 14.803347141594829 ], [ 120.356125814944122, 14.803305650672812 ], [ 120.355911238222944, 14.803305650672812 ], [ 120.355911238222944, 14.803347141594829 ], [ 120.355439169436394, 14.803347141594829 ], [ 120.355439169436394, 14.803305650672812 ], [ 120.355353338747918, 14.803305650672812 ], [ 120.355353338747918, 14.803264159742854 ], [ 120.355310423403708, 14.803264159742854 ], [ 120.355310423403708, 14.803181177859122 ], [ 120.35526750805947, 14.803181177859122 ], [ 120.35526750805947, 14.803056704973967 ], [ 120.355224592715231, 14.803056704973967 ], [ 120.355224592715231, 14.803015213996369 ], [ 120.35526750805947, 14.803015213996369 ], [ 120.35526750805947, 14.802724776930861 ], [ 120.355224592715231, 14.802724776930861 ], [ 120.355224592715231, 14.802641794840687 ], [ 120.355181677370993, 14.802641794840687 ], [ 120.355181677370993, 14.802558812718747 ], [ 120.355138762026783, 14.802558812718747 ], [ 120.355138762026783, 14.802517321645871 ], [ 120.355095846682545, 14.802517321645871 ], [ 120.355095846682545, 14.80214390163267 ], [ 120.355138762026783, 14.80214390163267 ], [ 120.355138762026783, 14.802060919320176 ], [ 120.355181677370993, 14.802060919320176 ], [ 120.355181677370993, 14.801977936975922 ], [ 120.355224592715231, 14.801977936975922 ], [ 120.355224592715231, 14.801936445791888 ], [ 120.35526750805947, 14.801936445791888 ], [ 120.35526750805947, 14.801894954599915 ], [ 120.355310423403708, 14.801894954599915 ], [ 120.355310423403708, 14.801853463400002 ], [ 120.355353338747918, 14.801853463400002 ], [ 120.355353338747918, 14.801728989752618 ], [ 120.355396254092184, 14.801728989752618 ], [ 120.355396254092184, 14.801604516033784 ], [ 120.355439169436394, 14.801604516033784 ], [ 120.355439169436394, 14.80139705967693 ], [ 120.355396254092184, 14.80139705967693 ], [ 120.355396254092184, 14.801314077078615 ], [ 120.355353338747918, 14.801314077078615 ], [ 120.355353338747918, 14.801231094448543 ], [ 120.355310423403708, 14.801231094448543 ], [ 120.355310423403708, 14.801106620443889 ], [ 120.35526750805947, 14.801106620443889 ], [ 120.35526750805947, 14.80098214636778 ], [ 120.355224592715231, 14.80098214636778 ], [ 120.355224592715231, 14.80065021514884 ], [ 120.35526750805947, 14.80065021514884 ], [ 120.35526750805947, 14.80048424934883 ], [ 120.355310423403708, 14.80048424934883 ], [ 120.355310423403708, 14.800401266401197 ], [ 120.355353338747918, 14.800401266401197 ], [ 120.355353338747918, 14.800359774915465 ], [ 120.355396254092184, 14.800359774915465 ], [ 120.355396254092184, 14.800318283421801 ], [ 120.355439169436394, 14.800318283421801 ], [ 120.355439169436394, 14.800276791920195 ], [ 120.355482084780633, 14.800276791920195 ], [ 120.355482084780633, 14.800235300410653 ], [ 120.355525000124871, 14.800235300410653 ], [ 120.355525000124871, 14.80015231736775 ], [ 120.355567915469095, 14.80015231736775 ], [ 120.355567915469095, 14.800069334293092 ], [ 120.355610830813319, 14.800069334293092 ], [ 120.355610830813319, 14.799944859621567 ], [ 120.355653746157543, 14.799944859621567 ], [ 120.355653746157543, 14.799861876467521 ], [ 120.355696661501781, 14.799861876467521 ], [ 120.355696661501781, 14.799778893281719 ], [ 120.35573957684602, 14.799778893281719 ], [ 120.35573957684602, 14.799737401676909 ], [ 120.355782492190258, 14.799737401676909 ], [ 120.355782492190258, 14.799695910064166 ], [ 120.355911238222944, 14.799695910064166 ], [ 120.355911238222944, 14.799654418443483 ], [ 120.355997068911421, 14.799654418443483 ], [ 120.355997068911421, 14.799612926814859 ], [ 120.356168730288331, 14.799612926814859 ], [ 120.356168730288331, 14.799571435178295 ], [ 120.356597883730657, 14.799571435178295 ], [ 120.356597883730657, 14.799529943533795 ], [ 120.356769545107596, 14.799529943533795 ], [ 120.356769545107596, 14.799488451881352 ], [ 120.357413275271071, 14.799488451881352 ], [ 120.357413275271071, 14.799529943533795 ], [ 120.357842428713411, 14.799529943533795 ], [ 120.357842428713411, 14.799571435178295 ], [ 120.358014090090336, 14.799571435178295 ], [ 120.358014090090336, 14.799612926814859 ], [ 120.358142836123051, 14.799612926814859 ], [ 120.358142836123051, 14.799654418443483 ], [ 120.358228666811499, 14.799654418443483 ], [ 120.358228666811499, 14.799695910064166 ], [ 120.3583574128442, 14.799695910064166 ], [ 120.3583574128442, 14.799612926814859 ], [ 120.358400328188409, 14.799612926814859 ], [ 120.358400328188409, 14.799405468552665 ], [ 120.3583574128442, 14.799405468552665 ], [ 120.3583574128442, 14.798949059677263 ], [ 120.358400328188409, 14.798949059677263 ], [ 120.358400328188409, 14.798866076142176 ], [ 120.358443243532676, 14.798866076142176 ], [ 120.358443243532676, 14.798783092575333 ], [ 120.358486158876886, 14.798783092575333 ], [ 120.358486158876886, 14.798700108976742 ], [ 120.358529074221124, 14.798700108976742 ], [ 120.358529074221124, 14.79865861716554 ], [ 120.358571989565363, 14.79865861716554 ], [ 120.358571989565363, 14.798575633519318 ], [ 120.358614904909601, 14.798575633519318 ], [ 120.358614904909601, 14.798492649841343 ], [ 120.358657820253811, 14.798492649841343 ], [ 120.358657820253811, 14.798451157990449 ], [ 120.358700735598063, 14.798451157990449 ], [ 120.358700735598063, 14.798409666131622 ], [ 120.358743650942287, 14.798409666131622 ], [ 120.358743650942287, 14.798368174264851 ], [ 120.358786566286511, 14.798368174264851 ], [ 120.358786566286511, 14.798326682390142 ], [ 120.358872396974988, 14.798326682390142 ], [ 120.358872396974988, 14.798285190507496 ], [ 120.358915312319198, 14.798285190507496 ], [ 120.358915312319198, 14.798243698616915 ], [ 120.358958227663436, 14.798243698616915 ], [ 120.358958227663436, 14.798202206718393 ], [ 120.359001143007674, 14.798202206718393 ], [ 120.359001143007674, 14.798160714811937 ], [ 120.359044058351913, 14.798160714811937 ], [ 120.359044058351913, 14.798036239044933 ], [ 120.359086973696151, 14.798036239044933 ], [ 120.359086973696151, 14.797953255160577 ], [ 120.359129889040389, 14.797953255160577 ], [ 120.359129889040389, 14.79787027124447 ], [ 120.359172804384599, 14.79787027124447 ], [ 120.359172804384599, 14.797787287296611 ], [ 120.359215719728837, 14.797787287296611 ], [ 120.359215719728837, 14.797704303317005 ], [ 120.359258635073076, 14.797704303317005 ], [ 120.359258635073076, 14.797662811315293 ], [ 120.3593015504173, 14.797662811315293 ], [ 120.3593015504173, 14.797579827288057 ], [ 120.359344465761538, 14.797579827288057 ], [ 120.359344465761538, 14.79741385913834 ], [ 120.359387381105776, 14.79741385913834 ], [ 120.359387381105776, 14.797123414570748 ], [ 120.359430296450014, 14.797123414570748 ], [ 120.359430296450014, 14.796832969614222 ], [ 120.359473211794224, 14.796832969614222 ], [ 120.359473211794224, 14.796625508692877 ], [ 120.359430296450014, 14.796625508692877 ], [ 120.359430296450014, 14.796542524268782 ], [ 120.359387381105776, 14.796542524268782 ], [ 120.359387381105776, 14.796501032044828 ], [ 120.359344465761538, 14.796501032044828 ], [ 120.359344465761538, 14.796418047573111 ], [ 120.3593015504173, 14.796418047573111 ], [ 120.3593015504173, 14.796376555325345 ], [ 120.359258635073076, 14.796376555325345 ], [ 120.359258635073076, 14.796335063069639 ], [ 120.359129889040389, 14.796335063069639 ], [ 120.359129889040389, 14.796293570806 ], [ 120.358958227663436, 14.796293570806 ], [ 120.358958227663436, 14.796252078534428 ], [ 120.35882948163075, 14.796252078534428 ], [ 120.35882948163075, 14.796210586254915 ], [ 120.358700735598063, 14.796210586254915 ], [ 120.358700735598063, 14.796252078534428 ], [ 120.358571989565363, 14.796252078534428 ], [ 120.358571989565363, 14.796293570806 ], [ 120.358529074221124, 14.796293570806 ], [ 120.358529074221124, 14.796335063069639 ], [ 120.358486158876886, 14.796335063069639 ], [ 120.358486158876886, 14.796418047573111 ], [ 120.358400328188409, 14.796418047573111 ], [ 120.358400328188409, 14.796459539812936 ], [ 120.3583574128442, 14.796459539812936 ], [ 120.3583574128442, 14.796501032044828 ], [ 120.358185751467275, 14.796501032044828 ], [ 120.358185751467275, 14.796542524268782 ], [ 120.358142836123051, 14.796542524268782 ], [ 120.358142836123051, 14.796501032044828 ], [ 120.358057005434574, 14.796501032044828 ], [ 120.358057005434574, 14.796542524268782 ], [ 120.357885344057649, 14.796542524268782 ], [ 120.357885344057649, 14.796584016484799 ], [ 120.357799513369173, 14.796584016484799 ], [ 120.357799513369173, 14.796625508692877 ], [ 120.357670767336472, 14.796625508692877 ], [ 120.357670767336472, 14.796542524268782 ], [ 120.357627851992262, 14.796542524268782 ], [ 120.357627851992262, 14.796501032044828 ], [ 120.357670767336472, 14.796501032044828 ], [ 120.357670767336472, 14.796459539812936 ], [ 120.357627851992262, 14.796459539812936 ], [ 120.357627851992262, 14.796376555325345 ], [ 120.357670767336472, 14.796376555325345 ], [ 120.357670767336472, 14.796293570806 ], [ 120.357756598024935, 14.796293570806 ], [ 120.357756598024935, 14.796252078534428 ], [ 120.357928259401859, 14.796252078534428 ], [ 120.357928259401859, 14.796210586254915 ], [ 120.357971174746098, 14.796210586254915 ], [ 120.357971174746098, 14.796169093967467 ], [ 120.358014090090336, 14.796169093967467 ], [ 120.358014090090336, 14.796044617057495 ], [ 120.357971174746098, 14.796044617057495 ], [ 120.357971174746098, 14.7960031247383 ], [ 120.357928259401859, 14.7960031247383 ], [ 120.357928259401859, 14.795961632411167 ], [ 120.357885344057649, 14.795961632411167 ], [ 120.357885344057649, 14.795837155382145 ], [ 120.357928259401859, 14.795837155382145 ], [ 120.357928259401859, 14.795754170656449 ], [ 120.357971174746098, 14.795754170656449 ], [ 120.357971174746098, 14.795712678281697 ], [ 120.358014090090336, 14.795712678281697 ], [ 120.358014090090336, 14.795671185899009 ], [ 120.358099920778784, 14.795671185899009 ], [ 120.358099920778784, 14.795629693508383 ], [ 120.358142836123051, 14.795629693508383 ], [ 120.358142836123051, 14.795588201109817 ], [ 120.358185751467275, 14.795588201109817 ], [ 120.358185751467275, 14.795546708703316 ], [ 120.358271582155723, 14.795546708703316 ], [ 120.358271582155723, 14.795505216288884 ], [ 120.358400328188409, 14.795505216288884 ], [ 120.358400328188409, 14.795463723866511 ], [ 120.358571989565363, 14.795463723866511 ], [ 120.358571989565363, 14.795422231436202 ], [ 120.358657820253811, 14.795422231436202 ], [ 120.358657820253811, 14.795380738997959 ], [ 120.358700735598063, 14.795380738997959 ], [ 120.358700735598063, 14.795339246551775 ], [ 120.358743650942287, 14.795339246551775 ], [ 120.358743650942287, 14.795256261635602 ], [ 120.358786566286511, 14.795256261635602 ], [ 120.358786566286511, 14.795173276687684 ], [ 120.35882948163075, 14.795173276687684 ], [ 120.35882948163075, 14.79509029170802 ], [ 120.358872396974988, 14.79509029170802 ], [ 120.358872396974988, 14.795007306696611 ], [ 120.358915312319198, 14.795007306696611 ], [ 120.358915312319198, 14.794924321653456 ], [ 120.358958227663436, 14.794924321653456 ], [ 120.358958227663436, 14.794841336578557 ], [ 120.359001143007674, 14.794841336578557 ], [ 120.359001143007674, 14.794592381163396 ], [ 120.359044058351913, 14.794592381163396 ], [ 120.359044058351913, 14.794260440165427 ], [ 120.358915312319198, 14.794260440165427 ], [ 120.358915312319198, 14.794218947504969 ], [ 120.358872396974988, 14.794218947504969 ], [ 120.358872396974988, 14.794094469475981 ], [ 120.358915312319198, 14.794094469475981 ], [ 120.358915312319198, 14.794052976783782 ], [ 120.359001143007674, 14.794052976783782 ], [ 120.359001143007674, 14.794094469475981 ], [ 120.359044058351913, 14.794094469475981 ], [ 120.359044058351913, 14.794177454836575 ], [ 120.359086973696151, 14.794177454836575 ], [ 120.359086973696151, 14.794260440165427 ], [ 120.359344465761538, 14.794260440165427 ], [ 120.359344465761538, 14.794218947504969 ], [ 120.359430296450014, 14.794218947504969 ], [ 120.359430296450014, 14.794177454836575 ], [ 120.359644873171149, 14.794177454836575 ], [ 120.359644873171149, 14.794135962160246 ], [ 120.359773619203864, 14.794135962160246 ], [ 120.359773619203864, 14.794094469475981 ], [ 120.359816534548088, 14.794094469475981 ], [ 120.359816534548088, 14.794052976783782 ], [ 120.359859449892326, 14.794052976783782 ], [ 120.359859449892326, 14.793969991375571 ], [ 120.359902365236536, 14.793969991375571 ], [ 120.359902365236536, 14.793887005935618 ], [ 120.359859449892326, 14.793887005935618 ], [ 120.359859449892326, 14.79380402046392 ], [ 120.359816534548088, 14.79380402046392 ], [ 120.359816534548088, 14.793762527716172 ], [ 120.359687788515416, 14.793762527716172 ], [ 120.359687788515416, 14.793721034960484 ], [ 120.359644873171149, 14.793721034960484 ], [ 120.359644873171149, 14.793679542196864 ], [ 120.359601957826939, 14.793679542196864 ], [ 120.359601957826939, 14.793638049425306 ], [ 120.359559042482701, 14.793638049425306 ], [ 120.359559042482701, 14.793596556645811 ], [ 120.359516127138463, 14.793596556645811 ], [ 120.359516127138463, 14.793555063858383 ], [ 120.359430296450014, 14.793555063858383 ], [ 120.359430296450014, 14.793513571063018 ], [ 120.359344465761538, 14.793513571063018 ], [ 120.359344465761538, 14.793555063858383 ], [ 120.359258635073076, 14.793555063858383 ], [ 120.359258635073076, 14.793596556645811 ], [ 120.359172804384599, 14.793596556645811 ], [ 120.359172804384599, 14.793638049425306 ], [ 120.359129889040389, 14.793638049425306 ], [ 120.359129889040389, 14.793679542196864 ], [ 120.358657820253811, 14.793679542196864 ], [ 120.358657820253811, 14.793721034960484 ], [ 120.358571989565363, 14.793721034960484 ], [ 120.358571989565363, 14.793762527716172 ], [ 120.358529074221124, 14.793762527716172 ], [ 120.358529074221124, 14.793845513203737 ], [ 120.358443243532676, 14.793845513203737 ], [ 120.358443243532676, 14.793887005935618 ], [ 120.3583574128442, 14.793887005935618 ], [ 120.3583574128442, 14.793928498659566 ], [ 120.358228666811499, 14.793928498659566 ], [ 120.358228666811499, 14.793969991375571 ], [ 120.358142836123051, 14.793969991375571 ], [ 120.358142836123051, 14.794011484083642 ], [ 120.357928259401859, 14.794011484083642 ], [ 120.357928259401859, 14.794052976783782 ], [ 120.357756598024935, 14.794052976783782 ], [ 120.357756598024935, 14.794011484083642 ], [ 120.357713682680711, 14.794011484083642 ], [ 120.357713682680711, 14.793969991375571 ], [ 120.357670767336472, 14.793969991375571 ], [ 120.357670767336472, 14.793887005935618 ], [ 120.357627851992262, 14.793887005935618 ], [ 120.357627851992262, 14.79380402046392 ], [ 120.357584936648024, 14.79380402046392 ], [ 120.357584936648024, 14.793679542196864 ], [ 120.357542021303786, 14.793679542196864 ], [ 120.357542021303786, 14.793638049425306 ], [ 120.357499105959548, 14.793638049425306 ], [ 120.357499105959548, 14.793596556645811 ], [ 120.357456190615309, 14.793596556645811 ], [ 120.357456190615309, 14.793555063858383 ], [ 120.357284529238385, 14.793555063858383 ], [ 120.357284529238385, 14.793513571063018 ], [ 120.357155783205684, 14.793513571063018 ], [ 120.357155783205684, 14.79347207825972 ], [ 120.357112867861446, 14.79347207825972 ], [ 120.357112867861446, 14.793430585448485 ], [ 120.357027037172998, 14.793430585448485 ], [ 120.357027037172998, 14.793347599802203 ], [ 120.356984121828759, 14.793347599802203 ], [ 120.356984121828759, 14.793264614124183 ], [ 120.356941206484521, 14.793264614124183 ], [ 120.356941206484521, 14.79301565689968 ], [ 120.356898291140311, 14.79301565689968 ], [ 120.356898291140311, 14.792932671094693 ], [ 120.356855375796044, 14.792932671094693 ], [ 120.356855375796044, 14.792849685257966 ], [ 120.356812460451835, 14.792849685257966 ], [ 120.356812460451835, 14.792808192327705 ], [ 120.356769545107596, 14.792808192327705 ], [ 120.356769545107596, 14.792725206443365 ], [ 120.356726629763358, 14.792725206443365 ], [ 120.356726629763358, 14.792683713489296 ], [ 120.35668371441912, 14.792683713489296 ], [ 120.35668371441912, 14.792600727557348 ], [ 120.35664079907491, 14.792600727557348 ], [ 120.35664079907491, 14.79251774159366 ], [ 120.356597883730657, 14.79251774159366 ], [ 120.356597883730657, 14.792434755598229 ], [ 120.356554968386448, 14.792434755598229 ], [ 120.356554968386448, 14.792393262588616 ], [ 120.356512053042209, 14.792393262588616 ], [ 120.356512053042209, 14.792351769571065 ], [ 120.356426222353733, 14.792351769571065 ], [ 120.356426222353733, 14.792310276545576 ], [ 120.356383307009523, 14.792310276545576 ], [ 120.356383307009523, 14.792019825144996 ], [ 120.356426222353733, 14.792019825144996 ], [ 120.356426222353733, 14.791936838959133 ], [ 120.356469137697971, 14.791936838959133 ], [ 120.356469137697971, 14.791853852741525 ], [ 120.356512053042209, 14.791853852741525 ], [ 120.356512053042209, 14.791812359620822 ], [ 120.356554968386448, 14.791812359620822 ], [ 120.356554968386448, 14.791770866492183 ], [ 120.356597883730657, 14.791770866492183 ], [ 120.356597883730657, 14.791729373355611 ], [ 120.35664079907491, 14.791729373355611 ], [ 120.35664079907491, 14.791687880211104 ], [ 120.35668371441912, 14.791687880211104 ], [ 120.35668371441912, 14.791646387058657 ], [ 120.356726629763358, 14.791646387058657 ], [ 120.356726629763358, 14.791604893898279 ], [ 120.356769545107596, 14.791604893898279 ], [ 120.356769545107596, 14.791563400729967 ], [ 120.356812460451835, 14.791563400729967 ], [ 120.356812460451835, 14.79148041436954 ], [ 120.356855375796044, 14.79148041436954 ], [ 120.356855375796044, 14.791438921177429 ], [ 120.356898291140311, 14.791438921177429 ], [ 120.356898291140311, 14.791355934769388 ], [ 120.356941206484521, 14.791355934769388 ], [ 120.356941206484521, 14.791314441553471 ], [ 120.356984121828759, 14.791314441553471 ], [ 120.356984121828759, 14.791272948329617 ], [ 120.357027037172998, 14.791272948329617 ], [ 120.357027037172998, 14.791231455097831 ], [ 120.357069952517236, 14.791231455097831 ], [ 120.357069952517236, 14.791189961858109 ], [ 120.357112867861446, 14.791189961858109 ], [ 120.357112867861446, 14.791148468610452 ], [ 120.357155783205684, 14.791148468610452 ], [ 120.357155783205684, 14.791106975354857 ], [ 120.357198698549936, 14.791106975354857 ], [ 120.357198698549936, 14.791023988819873 ], [ 120.357241613894146, 14.791023988819873 ], [ 120.357241613894146, 14.790899508957892 ], [ 120.357284529238385, 14.790899508957892 ], [ 120.357284529238385, 14.790816522343562 ], [ 120.357327444582623, 14.790816522343562 ], [ 120.357327444582623, 14.790775029024497 ], [ 120.357370359926861, 14.790775029024497 ], [ 120.357370359926861, 14.790733535697495 ], [ 120.357413275271071, 14.790733535697495 ], [ 120.357413275271071, 14.790692042362561 ], [ 120.357456190615309, 14.790692042362561 ], [ 120.357456190615309, 14.790650549019697 ], [ 120.357584936648024, 14.790650549019697 ], [ 120.357584936648024, 14.790609055668892 ], [ 120.357713682680711, 14.790609055668892 ], [ 120.357713682680711, 14.790567562310155 ], [ 120.357842428713411, 14.790567562310155 ], [ 120.357842428713411, 14.790526068943484 ], [ 120.357928259401859, 14.790526068943484 ], [ 120.357928259401859, 14.790484575568883 ], [ 120.358057005434574, 14.790484575568883 ], [ 120.358057005434574, 14.790443082186343 ], [ 120.358099920778784, 14.790443082186343 ], [ 120.358099920778784, 14.790401588795874 ], [ 120.358142836123051, 14.790401588795874 ], [ 120.358142836123051, 14.790111134840416 ], [ 120.358185751467275, 14.790111134840416 ], [ 120.358185751467275, 14.79006964138647 ], [ 120.358228666811499, 14.79006964138647 ], [ 120.358228666811499, 14.790028147924595 ], [ 120.358271582155723, 14.790028147924595 ], [ 120.358271582155723, 14.789986654454783 ], [ 120.3583574128442, 14.789986654454783 ], [ 120.3583574128442, 14.789945160977039 ], [ 120.358486158876886, 14.789945160977039 ], [ 120.358486158876886, 14.789903667491361 ], [ 120.358529074221124, 14.789903667491361 ], [ 120.358529074221124, 14.789862173997747 ], [ 120.358614904909601, 14.789862173997747 ], [ 120.358614904909601, 14.7898206804962 ], [ 120.358657820253811, 14.7898206804962 ], [ 120.358657820253811, 14.789488732198214 ], [ 120.358614904909601, 14.789488732198214 ], [ 120.358614904909601, 14.789405745044384 ], [ 120.358657820253811, 14.789405745044384 ], [ 120.358657820253811, 14.789322757858816 ], [ 120.358700735598063, 14.789322757858816 ], [ 120.358700735598063, 14.789239770641515 ], [ 120.358743650942287, 14.789239770641515 ], [ 120.358743650942287, 14.789198277020969 ], [ 120.358786566286511, 14.789198277020969 ], [ 120.358786566286511, 14.789156783392485 ], [ 120.358915312319198, 14.789156783392485 ], [ 120.358915312319198, 14.789115289756069 ], [ 120.359044058351913, 14.789115289756069 ], [ 120.359044058351913, 14.789156783392485 ], [ 120.359129889040389, 14.789156783392485 ], [ 120.359129889040389, 14.789198277020969 ], [ 120.359172804384599, 14.789198277020969 ], [ 120.359172804384599, 14.789239770641515 ], [ 120.359215719728837, 14.789239770641515 ], [ 120.359215719728837, 14.789281264254138 ], [ 120.359258635073076, 14.789281264254138 ], [ 120.359258635073076, 14.789322757858816 ], [ 120.3593015504173, 14.789322757858816 ], [ 120.3593015504173, 14.789281264254138 ], [ 120.359344465761538, 14.789281264254138 ], [ 120.359344465761538, 14.788658859231889 ], [ 120.3593015504173, 14.788658859231889 ], [ 120.3593015504173, 14.788534378013237 ], [ 120.359258635073076, 14.788534378013237 ], [ 120.359258635073076, 14.788492884257826 ], [ 120.359215719728837, 14.788492884257826 ], [ 120.359215719728837, 14.788409896723195 ], [ 120.359172804384599, 14.788409896723195 ], [ 120.359172804384599, 14.788368402943975 ], [ 120.359129889040389, 14.788368402943975 ], [ 120.359129889040389, 14.788326909156831 ], [ 120.359086973696151, 14.788326909156831 ], [ 120.359086973696151, 14.788243921558736 ], [ 120.359044058351913, 14.788243921558736 ], [ 120.359044058351913, 14.788119440102099 ], [ 120.359001143007674, 14.788119440102099 ], [ 120.359001143007674, 14.787994958574064 ], [ 120.358958227663436, 14.787994958574064 ], [ 120.358958227663436, 14.787870476974636 ], [ 120.358915312319198, 14.787870476974636 ], [ 120.358915312319198, 14.787372549862976 ], [ 120.358958227663436, 14.787372549862976 ], [ 120.358958227663436, 14.787289561899978 ], [ 120.359001143007674, 14.787289561899978 ], [ 120.359001143007674, 14.787248067906578 ], [ 120.359044058351913, 14.787248067906578 ], [ 120.359044058351913, 14.787206573905248 ], [ 120.359172804384599, 14.787206573905248 ], [ 120.359172804384599, 14.787248067906578 ], [ 120.359215719728837, 14.787248067906578 ], [ 120.359215719728837, 14.787289561899978 ], [ 120.3593015504173, 14.787289561899978 ], [ 120.3593015504173, 14.78733105588544 ], [ 120.359344465761538, 14.78733105588544 ], [ 120.359344465761538, 14.787372549862976 ], [ 120.359387381105776, 14.787372549862976 ], [ 120.359387381105776, 14.787414043832579 ], [ 120.359430296450014, 14.787414043832579 ], [ 120.359430296450014, 14.787455537794246 ], [ 120.359473211794224, 14.787455537794246 ], [ 120.359473211794224, 14.787497031747982 ], [ 120.359516127138463, 14.787497031747982 ], [ 120.359516127138463, 14.787538525693785 ], [ 120.359559042482701, 14.787538525693785 ], [ 120.359559042482701, 14.787580019631656 ], [ 120.359601957826939, 14.787580019631656 ], [ 120.359601957826939, 14.787621513561595 ], [ 120.359687788515416, 14.787621513561595 ], [ 120.359687788515416, 14.787663007483602 ], [ 120.359773619203864, 14.787663007483602 ], [ 120.359773619203864, 14.787704501397675 ], [ 120.359859449892326, 14.787704501397675 ], [ 120.359859449892326, 14.787745995303814 ], [ 120.359945280580803, 14.787745995303814 ], [ 120.359945280580803, 14.787787489202021 ], [ 120.359988195925013, 14.787787489202021 ], [ 120.359988195925013, 14.787828983092295 ], [ 120.360074026613489, 14.787828983092295 ], [ 120.360074026613489, 14.787870476974636 ], [ 120.360159857301937, 14.787870476974636 ], [ 120.360159857301937, 14.787911970849047 ], [ 120.360202772646176, 14.787911970849047 ], [ 120.360202772646176, 14.787953464715523 ], [ 120.360288603334652, 14.787953464715523 ], [ 120.360288603334652, 14.787994958574064 ], [ 120.360460264711563, 14.787994958574064 ], [ 120.360460264711563, 14.788036452424677 ], [ 120.360546095400039, 14.788036452424677 ], [ 120.360546095400039, 14.788077946267354 ], [ 120.360631926088516, 14.788077946267354 ], [ 120.360631926088516, 14.788119440102099 ], [ 120.360717756776964, 14.788119440102099 ], [ 120.360717756776964, 14.788160933928911 ], [ 120.360760672121202, 14.788160933928911 ], [ 120.360760672121202, 14.788202427747791 ], [ 120.360846502809679, 14.788202427747791 ], [ 120.360846502809679, 14.788243921558736 ], [ 120.360932333498141, 14.788243921558736 ], [ 120.360932333498141, 14.788285415361749 ], [ 120.361061079530828, 14.788285415361749 ], [ 120.361061079530828, 14.788326909156831 ], [ 120.361404402284691, 14.788326909156831 ], [ 120.361404402284691, 14.788368402943975 ], [ 120.361447317628901, 14.788368402943975 ], [ 120.361447317628901, 14.788409896723195 ], [ 120.361490232973168, 14.788409896723195 ], [ 120.361490232973168, 14.78857587176072 ], [ 120.361533148317378, 14.78857587176072 ], [ 120.361533148317378, 14.788658859231889 ], [ 120.361576063661616, 14.788658859231889 ], [ 120.361576063661616, 14.788700352955569 ], [ 120.361661894350092, 14.788700352955569 ], [ 120.361661894350092, 14.788741846671316 ], [ 120.361704809694302, 14.788741846671316 ], [ 120.361704809694302, 14.788783340379135 ], [ 120.361747725038569, 14.788783340379135 ], [ 120.361747725038569, 14.788866327770965 ], [ 120.361790640382779, 14.788866327770965 ], [ 120.361790640382779, 14.789073796111717 ], [ 120.361747725038569, 14.789073796111717 ], [ 120.361747725038569, 14.789198277020969 ], [ 120.361704809694302, 14.789198277020969 ], [ 120.361704809694302, 14.789322757858816 ], [ 120.361661894350092, 14.789322757858816 ], [ 120.361661894350092, 14.789654706410678 ], [ 120.361704809694302, 14.789654706410678 ], [ 120.361704809694302, 14.789737693469307 ], [ 120.361747725038569, 14.789737693469307 ], [ 120.361747725038569, 14.789779186986721 ], [ 120.361790640382779, 14.789779186986721 ], [ 120.361790640382779, 14.789862173997747 ], [ 120.361833555727017, 14.789862173997747 ], [ 120.361833555727017, 14.789903667491361 ], [ 120.361876471071255, 14.789903667491361 ], [ 120.361876471071255, 14.789945160977039 ], [ 120.361962301759704, 14.789945160977039 ], [ 120.361962301759704, 14.789986654454783 ], [ 120.362005217103928, 14.789986654454783 ], [ 120.362005217103928, 14.790028147924595 ], [ 120.362091047792404, 14.790028147924595 ], [ 120.362091047792404, 14.79006964138647 ], [ 120.362133963136642, 14.79006964138647 ], [ 120.362133963136642, 14.7901941217245 ], [ 120.362176878480881, 14.7901941217245 ], [ 120.362176878480881, 14.790318601991123 ], [ 120.362219793825091, 14.790318601991123 ], [ 120.362219793825091, 14.790401588795874 ], [ 120.362262709169329, 14.790401588795874 ], [ 120.362262709169329, 14.790443082186343 ], [ 120.362305624513567, 14.790443082186343 ], [ 120.362305624513567, 14.790484575568883 ], [ 120.362348539857805, 14.790484575568883 ], [ 120.362348539857805, 14.790526068943484 ], [ 120.362391455202044, 14.790526068943484 ], [ 120.362391455202044, 14.790567562310155 ], [ 120.362477285890506, 14.790567562310155 ], [ 120.362477285890506, 14.790609055668892 ], [ 120.362520201234716, 14.790609055668892 ], [ 120.362520201234716, 14.790567562310155 ], [ 120.362606031923193, 14.790567562310155 ], [ 120.362606031923193, 14.790526068943484 ], [ 120.362734777955907, 14.790526068943484 ], [ 120.362734777955907, 14.790484575568883 ], [ 120.362777693300117, 14.790484575568883 ], [ 120.362777693300117, 14.790443082186343 ], [ 120.362820608644356, 14.790443082186343 ], [ 120.362820608644356, 14.790318601991123 ], [ 120.362691862611669, 14.790318601991123 ], [ 120.362691862611669, 14.790277108576854 ], [ 120.362606031923193, 14.790277108576854 ], [ 120.362606031923193, 14.790235615154646 ], [ 120.362563116578954, 14.790235615154646 ], [ 120.362563116578954, 14.7901941217245 ], [ 120.362477285890506, 14.7901941217245 ], [ 120.362477285890506, 14.790152628286428 ], [ 120.362434370546268, 14.790152628286428 ], [ 120.362434370546268, 14.790111134840416 ], [ 120.362391455202044, 14.790111134840416 ], [ 120.362391455202044, 14.79006964138647 ], [ 120.362348539857805, 14.79006964138647 ], [ 120.362348539857805, 14.790028147924595 ], [ 120.362305624513567, 14.790028147924595 ], [ 120.362305624513567, 14.789862173997747 ], [ 120.362262709169329, 14.789862173997747 ], [ 120.362262709169329, 14.789488732198214 ], [ 120.362305624513567, 14.789488732198214 ], [ 120.362305624513567, 14.789405745044384 ], [ 120.362348539857805, 14.789405745044384 ], [ 120.362348539857805, 14.789364251455567 ], [ 120.362391455202044, 14.789364251455567 ], [ 120.362391455202044, 14.789239770641515 ], [ 120.362434370546268, 14.789239770641515 ], [ 120.362434370546268, 14.789115289756069 ], [ 120.362477285890506, 14.789115289756069 ], [ 120.362477285890506, 14.789032302459434 ], [ 120.362691862611669, 14.789032302459434 ], [ 120.362691862611669, 14.789073796111717 ], [ 120.362734777955907, 14.789073796111717 ], [ 120.362734777955907, 14.789198277020969 ], [ 120.362777693300117, 14.789198277020969 ], [ 120.362777693300117, 14.789281264254138 ], [ 120.362820608644356, 14.789281264254138 ], [ 120.362820608644356, 14.789322757858816 ], [ 120.362863523988594, 14.789322757858816 ], [ 120.362863523988594, 14.789364251455567 ], [ 120.362906439332832, 14.789364251455567 ], [ 120.362906439332832, 14.78944723862527 ], [ 120.362949354677042, 14.78944723862527 ], [ 120.362949354677042, 14.789696199943959 ], [ 120.362992270021294, 14.789696199943959 ], [ 120.362992270021294, 14.790028147924595 ], [ 120.362949354677042, 14.790028147924595 ], [ 120.362949354677042, 14.790152628286428 ], [ 120.362906439332832, 14.790152628286428 ], [ 120.362906439332832, 14.790277108576854 ], [ 120.362863523988594, 14.790277108576854 ], [ 120.362863523988594, 14.790401588795874 ], [ 120.362949354677042, 14.790401588795874 ], [ 120.362949354677042, 14.790443082186343 ], [ 120.362992270021294, 14.790443082186343 ], [ 120.362992270021294, 14.790484575568883 ], [ 120.363035185365504, 14.790484575568883 ], [ 120.363035185365504, 14.790526068943484 ], [ 120.363163931398219, 14.790526068943484 ], [ 120.363163931398219, 14.790567562310155 ], [ 120.363206846742429, 14.790567562310155 ], [ 120.363206846742429, 14.790526068943484 ], [ 120.363335592775144, 14.790526068943484 ], [ 120.363335592775144, 14.790484575568883 ], [ 120.36342142346362, 14.790484575568883 ], [ 120.36342142346362, 14.790526068943484 ], [ 120.363464338807844, 14.790526068943484 ], [ 120.363464338807844, 14.790567562310155 ], [ 120.363550169496321, 14.790567562310155 ], [ 120.363550169496321, 14.790609055668892 ], [ 120.363593084840531, 14.790609055668892 ], [ 120.363593084840531, 14.790650549019697 ], [ 120.363636000184769, 14.790650549019697 ], [ 120.363636000184769, 14.790692042362561 ], [ 120.363764746217456, 14.790692042362561 ], [ 120.363764746217456, 14.790733535697495 ], [ 120.363979322938633, 14.790733535697495 ], [ 120.363979322938633, 14.790775029024497 ], [ 120.364108068971319, 14.790775029024497 ], [ 120.364108068971319, 14.790733535697495 ], [ 120.364236815004034, 14.790733535697495 ], [ 120.364236815004034, 14.790775029024497 ], [ 120.364408476380959, 14.790775029024497 ], [ 120.364408476380959, 14.790816522343562 ], [ 120.364537222413659, 14.790816522343562 ], [ 120.364537222413659, 14.790858015654692 ], [ 120.364580137757869, 14.790858015654692 ], [ 120.364580137757869, 14.790941002253151 ], [ 120.364623053102108, 14.790941002253151 ], [ 120.364623053102108, 14.790982495540481 ], [ 120.364665968446346, 14.790982495540481 ], [ 120.364665968446346, 14.791065482091335 ], [ 120.364751799134794, 14.791065482091335 ], [ 120.364751799134794, 14.791106975354857 ], [ 120.364837629823271, 14.791106975354857 ], [ 120.364837629823271, 14.791148468610452 ], [ 120.364923460511747, 14.791148468610452 ], [ 120.364923460511747, 14.791189961858109 ], [ 120.365009291200195, 14.791189961858109 ], [ 120.365009291200195, 14.791231455097831 ], [ 120.365180952577134, 14.791231455097831 ], [ 120.365180952577134, 14.791272948329617 ], [ 120.365266783265582, 14.791272948329617 ], [ 120.365266783265582, 14.791314441553471 ], [ 120.365352613954059, 14.791314441553471 ], [ 120.365352613954059, 14.791355934769388 ], [ 120.365438444642535, 14.791355934769388 ], [ 120.365438444642535, 14.791397427977376 ], [ 120.3660392594618, 14.791397427977376 ], [ 120.3660392594618, 14.791438921177429 ], [ 120.366210920838711, 14.791438921177429 ], [ 120.366210920838711, 14.79148041436954 ], [ 120.366382582215635, 14.79148041436954 ], [ 120.366382582215635, 14.791521907553724 ], [ 120.36651132824835, 14.791521907553724 ], [ 120.36651132824835, 14.791563400729967 ], [ 120.366597158936813, 14.791563400729967 ], [ 120.366597158936813, 14.791604893898279 ], [ 120.366682989625261, 14.791604893898279 ], [ 120.366682989625261, 14.791646387058657 ], [ 120.366768820313737, 14.791646387058657 ], [ 120.366768820313737, 14.791687880211104 ], [ 120.366811735657947, 14.791687880211104 ], [ 120.366811735657947, 14.791729373355611 ], [ 120.366897566346424, 14.791729373355611 ], [ 120.366897566346424, 14.791770866492183 ], [ 120.3669833970349, 14.791770866492183 ], [ 120.3669833970349, 14.791812359620822 ], [ 120.367069227723348, 14.791812359620822 ], [ 120.367069227723348, 14.791853852741525 ], [ 120.367112143067587, 14.791853852741525 ], [ 120.367112143067587, 14.791895345854297 ], [ 120.367197973756049, 14.791895345854297 ], [ 120.367197973756049, 14.791936838959133 ], [ 120.367240889100273, 14.791936838959133 ], [ 120.367240889100273, 14.791978332056031 ], [ 120.367283804444526, 14.791978332056031 ], [ 120.367283804444526, 14.792019825144996 ], [ 120.367369635132974, 14.792019825144996 ], [ 120.367369635132974, 14.792061318226025 ], [ 120.36745546582145, 14.792061318226025 ], [ 120.36745546582145, 14.792019825144996 ], [ 120.367541296509927, 14.792019825144996 ], [ 120.367541296509927, 14.791978332056031 ], [ 120.367670042542613, 14.791978332056031 ], [ 120.367670042542613, 14.791936838959133 ], [ 120.367712957886837, 14.791936838959133 ], [ 120.367712957886837, 14.791895345854297 ], [ 120.367755873231076, 14.791895345854297 ], [ 120.367755873231076, 14.791853852741525 ], [ 120.367798788575286, 14.791853852741525 ], [ 120.367798788575286, 14.791812359620822 ], [ 120.367841703919552, 14.791812359620822 ], [ 120.367841703919552, 14.791729373355611 ], [ 120.367884619263762, 14.791729373355611 ], [ 120.367884619263762, 14.791687880211104 ], [ 120.367927534608, 14.791687880211104 ], [ 120.367927534608, 14.791604893898279 ], [ 120.367970449952239, 14.791604893898279 ], [ 120.367970449952239, 14.791563400729967 ], [ 120.368056280640687, 14.791563400729967 ], [ 120.368056280640687, 14.791604893898279 ], [ 120.368185026673402, 14.791604893898279 ], [ 120.368185026673402, 14.791646387058657 ], [ 120.368227942017626, 14.791646387058657 ], [ 120.368227942017626, 14.791687880211104 ], [ 120.368270857361864, 14.791687880211104 ], [ 120.368270857361864, 14.791729373355611 ], [ 120.368313772706074, 14.791729373355611 ], [ 120.368313772706074, 14.791770866492183 ], [ 120.368356688050312, 14.791770866492183 ], [ 120.368356688050312, 14.791812359620822 ], [ 120.36839960339455, 14.791812359620822 ], [ 120.36839960339455, 14.791853852741525 ], [ 120.368442518738789, 14.791853852741525 ], [ 120.368442518738789, 14.791936838959133 ], [ 120.368485434083027, 14.791936838959133 ], [ 120.368485434083027, 14.792019825144996 ], [ 120.368528349427265, 14.792019825144996 ], [ 120.368528349427265, 14.792144304364284 ], [ 120.368571264771504, 14.792144304364284 ], [ 120.368571264771504, 14.792227290470802 ], [ 120.368614180115713, 14.792227290470802 ], [ 120.368614180115713, 14.792310276545576 ], [ 120.368657095459952, 14.792310276545576 ], [ 120.368657095459952, 14.792393262588616 ], [ 120.36870001080419, 14.792393262588616 ], [ 120.36870001080419, 14.792559234579473 ], [ 120.368742926148428, 14.792559234579473 ], [ 120.368742926148428, 14.792766699389501 ], [ 120.368785841492652, 14.792766699389501 ], [ 120.368785841492652, 14.792808192327705 ], [ 120.368871672181101, 14.792808192327705 ], [ 120.368871672181101, 14.792849685257966 ], [ 120.368957502869577, 14.792849685257966 ], [ 120.368957502869577, 14.7928911781803 ], [ 120.369043333558025, 14.7928911781803 ], [ 120.369043333558025, 14.792974164001158 ], [ 120.369086248902292, 14.792974164001158 ], [ 120.369086248902292, 14.793057149790272 ], [ 120.369129164246502, 14.793057149790272 ], [ 120.369129164246502, 14.793264614124183 ], [ 120.36917207959074, 14.793264614124183 ], [ 120.36917207959074, 14.793762527716172 ], [ 120.369214994934978, 14.793762527716172 ], [ 120.369214994934978, 14.793887005935618 ], [ 120.369257910279217, 14.793887005935618 ], [ 120.369257910279217, 14.794011484083642 ], [ 120.369300825623426, 14.794011484083642 ], [ 120.369300825623426, 14.794426410727905 ], [ 120.369343740967651, 14.794426410727905 ], [ 120.369343740967651, 14.794509395961521 ], [ 120.369386656311889, 14.794509395961521 ], [ 120.369386656311889, 14.794550888566425 ], [ 120.369429571656127, 14.794550888566425 ], [ 120.369429571656127, 14.794592381163396 ], [ 120.369472487000365, 14.794592381163396 ], [ 120.369472487000365, 14.79463387375243 ], [ 120.369515402344604, 14.79463387375243 ], [ 120.369515402344604, 14.794716858906687 ], [ 120.369558317688842, 14.794716858906687 ], [ 120.369558317688842, 14.794799844029205 ], [ 120.369601233033052, 14.794799844029205 ], [ 120.369601233033052, 14.794882829119977 ], [ 120.369644148377319, 14.794882829119977 ], [ 120.369644148377319, 14.794965814179005 ], [ 120.369687063721528, 14.794965814179005 ], [ 120.369687063721528, 14.79509029170802 ], [ 120.369729979065767, 14.79509029170802 ], [ 120.369729979065767, 14.795131784201823 ], [ 120.369772894410005, 14.795131784201823 ], [ 120.369772894410005, 14.795173276687684 ], [ 120.369815809754229, 14.795173276687684 ], [ 120.369815809754229, 14.795214769165611 ], [ 120.369858725098453, 14.795214769165611 ], [ 120.369858725098453, 14.795256261635602 ], [ 120.369944555786915, 14.795256261635602 ], [ 120.369944555786915, 14.795297754097657 ], [ 120.369987471131154, 14.795297754097657 ], [ 120.369987471131154, 14.795339246551775 ], [ 120.370030386475392, 14.795339246551775 ], [ 120.370030386475392, 14.795380738997959 ], [ 120.37007330181963, 14.795380738997959 ], [ 120.37007330181963, 14.795463723866511 ], [ 120.37011621716384, 14.795463723866511 ], [ 120.37011621716384, 14.795505216288884 ], [ 120.370159132508078, 14.795505216288884 ], [ 120.370159132508078, 14.795588201109817 ], [ 120.370202047852317, 14.795588201109817 ], [ 120.370202047852317, 14.795754170656449 ], [ 120.370244963196555, 14.795754170656449 ], [ 120.370244963196555, 14.795837155382145 ], [ 120.370287878540765, 14.795837155382145 ], [ 120.370287878540765, 14.796169093967467 ], [ 120.370330793885017, 14.796169093967467 ], [ 120.370330793885017, 14.796210586254915 ], [ 120.370287878540765, 14.796210586254915 ], [ 120.370287878540765, 14.796335063069639 ], [ 120.370244963196555, 14.796335063069639 ], [ 120.370244963196555, 14.796376555325345 ], [ 120.370202047852317, 14.796376555325345 ], [ 120.370202047852317, 14.796418047573111 ], [ 120.370159132508078, 14.796418047573111 ], [ 120.370159132508078, 14.796459539812936 ], [ 120.37011621716384, 14.796459539812936 ], [ 120.37011621716384, 14.796501032044828 ], [ 120.37007330181963, 14.796501032044828 ], [ 120.37007330181963, 14.796542524268782 ], [ 120.370030386475392, 14.796542524268782 ], [ 120.370030386475392, 14.796584016484799 ], [ 120.37007330181963, 14.796584016484799 ], [ 120.37007330181963, 14.796625508692877 ], [ 120.37011621716384, 14.796625508692877 ], [ 120.37011621716384, 14.796667000893024 ], [ 120.370159132508078, 14.796667000893024 ], [ 120.370159132508078, 14.796708493085228 ], [ 120.370287878540765, 14.796708493085228 ], [ 120.370287878540765, 14.796749985269496 ], [ 120.370459539917704, 14.796749985269496 ], [ 120.370459539917704, 14.796791477445828 ], [ 120.37054537060618, 14.796791477445828 ], [ 120.37054537060618, 14.796832969614222 ], [ 120.370674116638867, 14.796832969614222 ], [ 120.370674116638867, 14.796874461774681 ], [ 120.370717031983105, 14.796874461774681 ], [ 120.370717031983105, 14.796915953927199 ], [ 120.370802862671582, 14.796915953927199 ], [ 120.370802862671582, 14.79699893820843 ], [ 120.370845778015791, 14.79699893820843 ], [ 120.370845778015791, 14.797123414570748 ], [ 120.370888693360044, 14.797123414570748 ], [ 120.370888693360044, 14.797247890861621 ], [ 120.370931608704254, 14.797247890861621 ], [ 120.370931608704254, 14.797330875015856 ], [ 120.370974524048492, 14.797330875015856 ], [ 120.370974524048492, 14.797455351187677 ], [ 120.37101743939273, 14.797455351187677 ], [ 120.37101743939273, 14.797828779274507 ], [ 120.371060354736969, 14.797828779274507 ], [ 120.371060354736969, 14.797953255160577 ], [ 120.371103270081178, 14.797953255160577 ], [ 120.371103270081178, 14.798036239044933 ], [ 120.371146185425417, 14.798036239044933 ], [ 120.371146185425417, 14.798077730975203 ], [ 120.371189100769655, 14.798077730975203 ], [ 120.371189100769655, 14.798119222897538 ], [ 120.371232016113893, 14.798119222897538 ], [ 120.371232016113893, 14.798202206718393 ], [ 120.371274931458132, 14.798202206718393 ], [ 120.371274931458132, 14.798243698616915 ], [ 120.37131784680237, 14.798243698616915 ], [ 120.37131784680237, 14.798326682390142 ], [ 120.37136076214658, 14.798326682390142 ], [ 120.37136076214658, 14.798368174264851 ], [ 120.371403677490818, 14.798368174264851 ], [ 120.371403677490818, 14.798451157990449 ], [ 120.371446592835042, 14.798451157990449 ], [ 120.371446592835042, 14.798492649841343 ], [ 120.37148950817928, 14.798492649841343 ], [ 120.37148950817928, 14.798575633519318 ], [ 120.371532423523519, 14.798575633519318 ], [ 120.371532423523519, 14.79865861716554 ], [ 120.371575338867757, 14.79865861716554 ], [ 120.371575338867757, 14.798783092575333 ], [ 120.371618254211995, 14.798783092575333 ], [ 120.371618254211995, 14.798866076142176 ], [ 120.371661169556205, 14.798866076142176 ], [ 120.371661169556205, 14.798949059677263 ], [ 120.371704084900443, 14.798949059677263 ], [ 120.371704084900443, 14.799032043180597 ], [ 120.371747000244682, 14.799032043180597 ], [ 120.371747000244682, 14.799156518376066 ], [ 120.37178991558892, 14.799156518376066 ], [ 120.37178991558892, 14.799737401676909 ], [ 120.371747000244682, 14.799737401676909 ], [ 120.371747000244682, 14.799944859621567 ], [ 120.371704084900443, 14.799944859621567 ], [ 120.371704084900443, 14.800069334293092 ], [ 120.371661169556205, 14.800069334293092 ], [ 120.371661169556205, 14.80015231736775 ], [ 120.371618254211995, 14.80015231736775 ], [ 120.371618254211995, 14.800193808893171 ], [ 120.371575338867757, 14.800193808893171 ], [ 120.371575338867757, 14.800235300410653 ], [ 120.371532423523519, 14.800235300410653 ], [ 120.371532423523519, 14.800318283421801 ], [ 120.37148950817928, 14.800318283421801 ], [ 120.37148950817928, 14.800401266401197 ], [ 120.371446592835042, 14.800401266401197 ], [ 120.371446592835042, 14.80048424934883 ], [ 120.371403677490818, 14.80048424934883 ], [ 120.371403677490818, 14.800608723710745 ], [ 120.37136076214658, 14.800608723710745 ], [ 120.37136076214658, 14.800691706578993 ], [ 120.37131784680237, 14.800691706578993 ], [ 120.37131784680237, 14.800733198001208 ], [ 120.371274931458132, 14.800733198001208 ], [ 120.371274931458132, 14.800774689415483 ], [ 120.371232016113893, 14.800774689415483 ], [ 120.371232016113893, 14.800816180821821 ], [ 120.371146185425417, 14.800816180821821 ], [ 120.371146185425417, 14.80085767222022 ], [ 120.370974524048492, 14.80085767222022 ], [ 120.370974524048492, 14.800899163610678 ], [ 120.37054537060618, 14.800899163610678 ], [ 120.37054537060618, 14.80085767222022 ], [ 120.370416624573465, 14.80085767222022 ], [ 120.370416624573465, 14.800816180821821 ], [ 120.370373709229241, 14.800816180821821 ], [ 120.370373709229241, 14.800774689415483 ], [ 120.370287878540765, 14.800774689415483 ], [ 120.370287878540765, 14.800733198001208 ], [ 120.370244963196555, 14.800733198001208 ], [ 120.370244963196555, 14.800691706578993 ], [ 120.370202047852317, 14.800691706578993 ], [ 120.370202047852317, 14.80065021514884 ], [ 120.37007330181963, 14.80065021514884 ], [ 120.37007330181963, 14.800733198001208 ], [ 120.370030386475392, 14.800733198001208 ], [ 120.370030386475392, 14.800774689415483 ], [ 120.369987471131154, 14.800774689415483 ], [ 120.369987471131154, 14.800816180821821 ], [ 120.369944555786915, 14.800816180821821 ], [ 120.369944555786915, 14.80085767222022 ], [ 120.369901640442677, 14.80085767222022 ], [ 120.369901640442677, 14.800899163610678 ], [ 120.369858725098453, 14.800899163610678 ], [ 120.369858725098453, 14.8009406549932 ], [ 120.369815809754229, 14.8009406549932 ], [ 120.369815809754229, 14.80098214636778 ], [ 120.369729979065767, 14.80098214636778 ], [ 120.369729979065767, 14.801023637734419 ], [ 120.369687063721528, 14.801023637734419 ], [ 120.369687063721528, 14.80098214636778 ], [ 120.369214994934978, 14.80098214636778 ], [ 120.369214994934978, 14.8009406549932 ], [ 120.369000418213815, 14.8009406549932 ], [ 120.369000418213815, 14.800899163610678 ], [ 120.368957502869577, 14.800899163610678 ], [ 120.368957502869577, 14.80085767222022 ], [ 120.368914587525339, 14.80085767222022 ], [ 120.368914587525339, 14.800816180821821 ], [ 120.368871672181101, 14.800816180821821 ], [ 120.368871672181101, 14.800733198001208 ], [ 120.368828756836891, 14.800733198001208 ], [ 120.368828756836891, 14.800608723710745 ], [ 120.368785841492652, 14.800608723710745 ], [ 120.368785841492652, 14.80048424934883 ], [ 120.368742926148428, 14.80048424934883 ], [ 120.368742926148428, 14.800442757878978 ], [ 120.36870001080419, 14.800442757878978 ], [ 120.36870001080419, 14.800359774915465 ], [ 120.368657095459952, 14.800359774915465 ], [ 120.368657095459952, 14.800318283421801 ], [ 120.368614180115713, 14.800318283421801 ], [ 120.368614180115713, 14.800235300410653 ], [ 120.368571264771504, 14.800235300410653 ], [ 120.368571264771504, 14.800110825834389 ], [ 120.368528349427265, 14.800110825834389 ], [ 120.368528349427265, 14.79998635118668 ], [ 120.368485434083027, 14.79998635118668 ], [ 120.368485434083027, 14.799944859621567 ], [ 120.368442518738789, 14.799944859621567 ], [ 120.368442518738789, 14.799903368048511 ], [ 120.36839960339455, 14.799903368048511 ], [ 120.36839960339455, 14.799861876467521 ], [ 120.368356688050312, 14.799861876467521 ], [ 120.368356688050312, 14.799820384878588 ], [ 120.368313772706074, 14.799820384878588 ], [ 120.368313772706074, 14.799778893281719 ], [ 120.368270857361864, 14.799778893281719 ], [ 120.368270857361864, 14.799737401676909 ], [ 120.368227942017626, 14.799737401676909 ], [ 120.368227942017626, 14.799654418443483 ], [ 120.368185026673402, 14.799654418443483 ], [ 120.368185026673402, 14.799529943533795 ], [ 120.368142111329163, 14.799529943533795 ], [ 120.368142111329163, 14.799405468552665 ], [ 120.368099195984925, 14.799405468552665 ], [ 120.368099195984925, 14.799322485192219 ], [ 120.368056280640687, 14.799322485192219 ], [ 120.368056280640687, 14.79923950180002 ], [ 120.368013365296477, 14.79923950180002 ], [ 120.368013365296477, 14.79919801009201 ], [ 120.367970449952239, 14.79919801009201 ], [ 120.367970449952239, 14.799156518376066 ], [ 120.367884619263762, 14.799156518376066 ], [ 120.367884619263762, 14.799115026652181 ], [ 120.367841703919552, 14.799115026652181 ], [ 120.367841703919552, 14.799073534920359 ], [ 120.367798788575286, 14.799073534920359 ], [ 120.367798788575286, 14.799032043180597 ], [ 120.367712957886837, 14.799032043180597 ], [ 120.367712957886837, 14.798990551432901 ], [ 120.367670042542613, 14.798990551432901 ], [ 120.367670042542613, 14.798907567913689 ], [ 120.367627127198375, 14.798907567913689 ], [ 120.367627127198375, 14.798824584362722 ], [ 120.367584211854165, 14.798824584362722 ], [ 120.367584211854165, 14.798700108976742 ], [ 120.367541296509927, 14.798700108976742 ], [ 120.367541296509927, 14.798285190507496 ], [ 120.367498381165689, 14.798285190507496 ], [ 120.367498381165689, 14.797662811315293 ], [ 120.367541296509927, 14.797662811315293 ], [ 120.367541296509927, 14.797496843229073 ], [ 120.367584211854165, 14.797496843229073 ], [ 120.367584211854165, 14.797455351187677 ], [ 120.367670042542613, 14.797455351187677 ], [ 120.367670042542613, 14.79741385913834 ], [ 120.367712957886837, 14.79741385913834 ], [ 120.367712957886837, 14.797372367081071 ], [ 120.367798788575286, 14.797372367081071 ], [ 120.367798788575286, 14.797330875015856 ], [ 120.367884619263762, 14.797330875015856 ], [ 120.367884619263762, 14.79728938294271 ], [ 120.368270857361864, 14.79728938294271 ], [ 120.368270857361864, 14.797330875015856 ], [ 120.36839960339455, 14.797330875015856 ], [ 120.36839960339455, 14.79728938294271 ], [ 120.368442518738789, 14.79728938294271 ], [ 120.368442518738789, 14.797247890861621 ], [ 120.36839960339455, 14.797247890861621 ], [ 120.36839960339455, 14.797206398772603 ], [ 120.368356688050312, 14.797206398772603 ], [ 120.368356688050312, 14.79716490667564 ], [ 120.368185026673402, 14.79716490667564 ], [ 120.368185026673402, 14.797123414570748 ], [ 120.368099195984925, 14.797123414570748 ], [ 120.368099195984925, 14.797081922457911 ], [ 120.367970449952239, 14.797081922457911 ], [ 120.367970449952239, 14.797123414570748 ], [ 120.367927534608, 14.797123414570748 ], [ 120.367927534608, 14.797081922457911 ], [ 120.367884619263762, 14.797081922457911 ], [ 120.367884619263762, 14.796957446071785 ], [ 120.367970449952239, 14.796957446071785 ], [ 120.367970449952239, 14.796915953927199 ], [ 120.368013365296477, 14.796915953927199 ], [ 120.368013365296477, 14.796874461774681 ], [ 120.368056280640687, 14.796874461774681 ], [ 120.368056280640687, 14.796832969614222 ], [ 120.368099195984925, 14.796832969614222 ], [ 120.368099195984925, 14.796749985269496 ], [ 120.368142111329163, 14.796749985269496 ], [ 120.368142111329163, 14.796667000893024 ], [ 120.368099195984925, 14.796667000893024 ], [ 120.368099195984925, 14.796584016484799 ], [ 120.368013365296477, 14.796584016484799 ], [ 120.368013365296477, 14.796542524268782 ], [ 120.367841703919552, 14.796542524268782 ], [ 120.367841703919552, 14.796584016484799 ], [ 120.367755873231076, 14.796584016484799 ], [ 120.367755873231076, 14.796625508692877 ], [ 120.367712957886837, 14.796625508692877 ], [ 120.367712957886837, 14.796667000893024 ], [ 120.367627127198375, 14.796667000893024 ], [ 120.367627127198375, 14.796708493085228 ], [ 120.367584211854165, 14.796708493085228 ], [ 120.367584211854165, 14.796749985269496 ], [ 120.367541296509927, 14.796749985269496 ], [ 120.367541296509927, 14.796791477445828 ], [ 120.367498381165689, 14.796791477445828 ], [ 120.367498381165689, 14.796832969614222 ], [ 120.36745546582145, 14.796832969614222 ], [ 120.36745546582145, 14.796915953927199 ], [ 120.367412550477212, 14.796915953927199 ], [ 120.367412550477212, 14.796957446071785 ], [ 120.367326719788736, 14.796957446071785 ], [ 120.367326719788736, 14.79699893820843 ], [ 120.367283804444526, 14.79699893820843 ], [ 120.367283804444526, 14.797206398772603 ], [ 120.367326719788736, 14.797206398772603 ], [ 120.367326719788736, 14.797247890861621 ], [ 120.367369635132974, 14.797247890861621 ], [ 120.367369635132974, 14.797330875015856 ], [ 120.367412550477212, 14.797330875015856 ], [ 120.367412550477212, 14.79741385913834 ], [ 120.36745546582145, 14.79741385913834 ], [ 120.36745546582145, 14.797455351187677 ], [ 120.367412550477212, 14.797455351187677 ], [ 120.367412550477212, 14.797496843229073 ], [ 120.367369635132974, 14.797496843229073 ], [ 120.367369635132974, 14.797538335262535 ], [ 120.367326719788736, 14.797538335262535 ], [ 120.367326719788736, 14.797579827288057 ], [ 120.367283804444526, 14.797579827288057 ], [ 120.367283804444526, 14.797621319305646 ], [ 120.367240889100273, 14.797621319305646 ], [ 120.367240889100273, 14.797662811315293 ], [ 120.367197973756049, 14.797662811315293 ], [ 120.367197973756049, 14.797704303317005 ], [ 120.367155058411825, 14.797704303317005 ], [ 120.367155058411825, 14.797787287296611 ], [ 120.367112143067587, 14.797787287296611 ], [ 120.367112143067587, 14.797828779274507 ], [ 120.367069227723348, 14.797828779274507 ], [ 120.367069227723348, 14.797911763206494 ], [ 120.367112143067587, 14.797911763206494 ], [ 120.367112143067587, 14.797994747106722 ], [ 120.367155058411825, 14.797994747106722 ], [ 120.367155058411825, 14.798036239044933 ], [ 120.367197973756049, 14.798036239044933 ], [ 120.367197973756049, 14.798119222897538 ], [ 120.367240889100273, 14.798119222897538 ], [ 120.367240889100273, 14.798285190507496 ], [ 120.367283804444526, 14.798285190507496 ], [ 120.367283804444526, 14.798409666131622 ], [ 120.367240889100273, 14.798409666131622 ], [ 120.367240889100273, 14.798492649841343 ], [ 120.367197973756049, 14.798492649841343 ], [ 120.367197973756049, 14.798534141684296 ], [ 120.367155058411825, 14.798534141684296 ], [ 120.367155058411825, 14.798575633519318 ], [ 120.367112143067587, 14.798575633519318 ], [ 120.367112143067587, 14.798617125346398 ], [ 120.367069227723348, 14.798617125346398 ], [ 120.367069227723348, 14.79865861716554 ], [ 120.367026312379139, 14.79865861716554 ], [ 120.367026312379139, 14.798700108976742 ], [ 120.366940481690662, 14.798700108976742 ], [ 120.366940481690662, 14.798741600780007 ], [ 120.366897566346424, 14.798741600780007 ], [ 120.366897566346424, 14.798783092575333 ], [ 120.366854651002186, 14.798783092575333 ], [ 120.366854651002186, 14.798824584362722 ], [ 120.366811735657947, 14.798824584362722 ], [ 120.366811735657947, 14.798866076142176 ], [ 120.366768820313737, 14.798866076142176 ], [ 120.366768820313737, 14.798907567913689 ], [ 120.366725904969499, 14.798907567913689 ], [ 120.366725904969499, 14.798949059677263 ], [ 120.366682989625261, 14.798949059677263 ], [ 120.366682989625261, 14.798990551432901 ], [ 120.366597158936813, 14.798990551432901 ], [ 120.366597158936813, 14.799032043180597 ], [ 120.36655424359256, 14.799032043180597 ], [ 120.36655424359256, 14.799073534920359 ], [ 120.366468412904112, 14.799073534920359 ], [ 120.366468412904112, 14.799115026652181 ], [ 120.366296751527159, 14.799115026652181 ], [ 120.366296751527159, 14.799156518376066 ], [ 120.366210920838711, 14.799156518376066 ], [ 120.366210920838711, 14.79919801009201 ], [ 120.366168005494472, 14.79919801009201 ], [ 120.366168005494472, 14.79923950180002 ], [ 120.366125090150248, 14.79923950180002 ], [ 120.366125090150248, 14.799280993500087 ], [ 120.36608217480601, 14.799280993500087 ], [ 120.36608217480601, 14.799363976876412 ], [ 120.3660392594618, 14.799363976876412 ], [ 120.3660392594618, 14.799446960220981 ], [ 120.365996344117534, 14.799446960220981 ], [ 120.365996344117534, 14.799861876467521 ], [ 120.3660392594618, 14.799861876467521 ], [ 120.3660392594618, 14.79998635118668 ], [ 120.36608217480601, 14.79998635118668 ], [ 120.36608217480601, 14.800193808893171 ], [ 120.366125090150248, 14.800193808893171 ], [ 120.366125090150248, 14.800401266401197 ], [ 120.36608217480601, 14.800401266401197 ], [ 120.36608217480601, 14.800567232264711 ], [ 120.366125090150248, 14.800567232264711 ], [ 120.366125090150248, 14.80065021514884 ], [ 120.366168005494472, 14.80065021514884 ], [ 120.366168005494472, 14.800733198001208 ], [ 120.366210920838711, 14.800733198001208 ], [ 120.366210920838711, 14.80085767222022 ], [ 120.366253836182921, 14.80085767222022 ], [ 120.366253836182921, 14.801023637734419 ], [ 120.366296751527159, 14.801023637734419 ], [ 120.366296751527159, 14.801065129093125 ], [ 120.366339666871397, 14.801065129093125 ], [ 120.366339666871397, 14.801106620443889 ], [ 120.366382582215635, 14.801106620443889 ], [ 120.366382582215635, 14.801148111786713 ], [ 120.366425497559874, 14.801148111786713 ], [ 120.366425497559874, 14.801189603121598 ], [ 120.36651132824835, 14.801189603121598 ], [ 120.36651132824835, 14.801231094448543 ], [ 120.36655424359256, 14.801231094448543 ], [ 120.36655424359256, 14.801272585767549 ], [ 120.366597158936813, 14.801272585767549 ], [ 120.366597158936813, 14.801314077078615 ], [ 120.366640074281037, 14.801314077078615 ], [ 120.366640074281037, 14.801355568381743 ], [ 120.366725904969499, 14.801355568381743 ], [ 120.366725904969499, 14.80139705967693 ], [ 120.366854651002186, 14.80139705967693 ], [ 120.366854651002186, 14.80143855096418 ], [ 120.367026312379139, 14.80143855096418 ], [ 120.367026312379139, 14.80148004224349 ], [ 120.367069227723348, 14.80148004224349 ], [ 120.367069227723348, 14.80152153351486 ], [ 120.367112143067587, 14.80152153351486 ], [ 120.367112143067587, 14.801563024778288 ], [ 120.367155058411825, 14.801563024778288 ], [ 120.367155058411825, 14.801604516033784 ], [ 120.367197973756049, 14.801604516033784 ], [ 120.367197973756049, 14.801687498520945 ], [ 120.367240889100273, 14.801687498520945 ], [ 120.367240889100273, 14.80177048097635 ], [ 120.367283804444526, 14.80177048097635 ], [ 120.367283804444526, 14.801894954599915 ], [ 120.367326719788736, 14.801894954599915 ], [ 120.367326719788736, 14.801936445791888 ], [ 120.367369635132974, 14.801936445791888 ], [ 120.367369635132974, 14.801977936975922 ], [ 120.367412550477212, 14.801977936975922 ], [ 120.367412550477212, 14.80201942815202 ], [ 120.36745546582145, 14.80201942815202 ], [ 120.36745546582145, 14.802060919320176 ], [ 120.367498381165689, 14.802060919320176 ], [ 120.367498381165689, 14.80214390163267 ], [ 120.367541296509927, 14.80214390163267 ], [ 120.367541296509927, 14.80226837504186 ], [ 120.367498381165689, 14.80226837504186 ], [ 120.367498381165689, 14.802351357274956 ], [ 120.36745546582145, 14.802351357274956 ], [ 120.36745546582145, 14.802392848379595 ], [ 120.367412550477212, 14.802392848379595 ], [ 120.367412550477212, 14.802434339476296 ], [ 120.367369635132974, 14.802434339476296 ], [ 120.367369635132974, 14.802475830565051 ], [ 120.367283804444526, 14.802475830565051 ], [ 120.367283804444526, 14.802517321645871 ], [ 120.366854651002186, 14.802517321645871 ], [ 120.366854651002186, 14.802475830565051 ], [ 120.366768820313737, 14.802475830565051 ], [ 120.366768820313737, 14.802434339476296 ], [ 120.366682989625261, 14.802434339476296 ], [ 120.366682989625261, 14.802392848379595 ], [ 120.366640074281037, 14.802392848379595 ], [ 120.366640074281037, 14.802351357274956 ], [ 120.366597158936813, 14.802351357274956 ], [ 120.366597158936813, 14.802309866162375 ], [ 120.36651132824835, 14.802309866162375 ], [ 120.36651132824835, 14.80226837504186 ], [ 120.366425497559874, 14.80226837504186 ], [ 120.366425497559874, 14.802226883913402 ], [ 120.366339666871397, 14.802226883913402 ], [ 120.366339666871397, 14.802185392777009 ], [ 120.366210920838711, 14.802185392777009 ], [ 120.366210920838711, 14.80214390163267 ], [ 120.366125090150248, 14.80214390163267 ], [ 120.366125090150248, 14.802102410480396 ], [ 120.365996344117534, 14.802102410480396 ], [ 120.365996344117534, 14.802060919320176 ], [ 120.365910513429085, 14.802060919320176 ], [ 120.365910513429085, 14.80201942815202 ], [ 120.365824682740609, 14.80201942815202 ], [ 120.365824682740609, 14.801977936975922 ], [ 120.365738852052161, 14.801977936975922 ], [ 120.365738852052161, 14.801936445791888 ], [ 120.365653021363684, 14.801936445791888 ], [ 120.365653021363684, 14.801894954599915 ], [ 120.365567190675222, 14.801894954599915 ], [ 120.365567190675222, 14.801853463400002 ], [ 120.365524275331012, 14.801853463400002 ], [ 120.365524275331012, 14.801811972192144 ], [ 120.365481359986774, 14.801811972192144 ], [ 120.365481359986774, 14.80177048097635 ], [ 120.365438444642535, 14.80177048097635 ], [ 120.365438444642535, 14.801728989752618 ], [ 120.365395529298297, 14.801728989752618 ], [ 120.365395529298297, 14.801646007281333 ], [ 120.365352613954059, 14.801646007281333 ], [ 120.365352613954059, 14.801604516033784 ], [ 120.365309698609821, 14.801604516033784 ], [ 120.365309698609821, 14.801563024778288 ], [ 120.365266783265582, 14.801563024778288 ], [ 120.365266783265582, 14.80152153351486 ], [ 120.365223867921372, 14.80152153351486 ], [ 120.365223867921372, 14.80148004224349 ], [ 120.365180952577134, 14.80148004224349 ], [ 120.365180952577134, 14.80143855096418 ], [ 120.365138037232896, 14.80143855096418 ], [ 120.365138037232896, 14.801355568381743 ], [ 120.365095121888658, 14.801355568381743 ], [ 120.365095121888658, 14.801314077078615 ], [ 120.365052206544433, 14.801314077078615 ], [ 120.365052206544433, 14.801231094448543 ], [ 120.365009291200195, 14.801231094448543 ], [ 120.365009291200195, 14.801189603121598 ], [ 120.364966375855985, 14.801189603121598 ], [ 120.364966375855985, 14.801106620443889 ], [ 120.364923460511747, 14.801106620443889 ], [ 120.364923460511747, 14.801065129093125 ], [ 120.364880545167509, 14.801065129093125 ], [ 120.364880545167509, 14.80098214636778 ], [ 120.364837629823271, 14.80098214636778 ], [ 120.364837629823271, 14.8009406549932 ], [ 120.364794714479061, 14.8009406549932 ], [ 120.364794714479061, 14.800899163610678 ], [ 120.364751799134794, 14.800899163610678 ], [ 120.364751799134794, 14.80085767222022 ], [ 120.364708883790584, 14.80085767222022 ], [ 120.364708883790584, 14.800816180821821 ], [ 120.364665968446346, 14.800816180821821 ], [ 120.364665968446346, 14.800774689415483 ], [ 120.364623053102108, 14.800774689415483 ], [ 120.364623053102108, 14.800733198001208 ], [ 120.364580137757869, 14.800733198001208 ], [ 120.364580137757869, 14.800691706578993 ], [ 120.364537222413659, 14.800691706578993 ], [ 120.364537222413659, 14.80065021514884 ], [ 120.364494307069407, 14.80065021514884 ], [ 120.364494307069407, 14.800608723710745 ], [ 120.364408476380959, 14.800608723710745 ], [ 120.364408476380959, 14.800567232264711 ], [ 120.364279730348244, 14.800567232264711 ], [ 120.364279730348244, 14.800525740810739 ], [ 120.364065153627081, 14.800525740810739 ], [ 120.364065153627081, 14.80048424934883 ], [ 120.364022238282857, 14.80048424934883 ], [ 120.364022238282857, 14.800442757878978 ], [ 120.363850576905932, 14.800442757878978 ], [ 120.363850576905932, 14.80048424934883 ], [ 120.363721830873246, 14.80048424934883 ], [ 120.363721830873246, 14.800401266401197 ], [ 120.363678915529007, 14.800401266401197 ], [ 120.363678915529007, 14.800110825834389 ], [ 120.363636000184769, 14.800110825834389 ], [ 120.363636000184769, 14.800027842743855 ], [ 120.363464338807844, 14.800027842743855 ], [ 120.363464338807844, 14.800069334293092 ], [ 120.363378508119382, 14.800069334293092 ], [ 120.363378508119382, 14.800027842743855 ], [ 120.363292677430906, 14.800027842743855 ], [ 120.363292677430906, 14.799944859621567 ], [ 120.363249762086667, 14.799944859621567 ], [ 120.363249762086667, 14.799695910064166 ], [ 120.363206846742429, 14.799695910064166 ], [ 120.363206846742429, 14.799322485192219 ], [ 120.363249762086667, 14.799322485192219 ], [ 120.363249762086667, 14.79919801009201 ], [ 120.363206846742429, 14.79919801009201 ], [ 120.363206846742429, 14.799156518376066 ], [ 120.363163931398219, 14.799156518376066 ], [ 120.363163931398219, 14.799115026652181 ], [ 120.363121016053981, 14.799115026652181 ], [ 120.363121016053981, 14.799156518376066 ], [ 120.362863523988594, 14.799156518376066 ], [ 120.362863523988594, 14.799115026652181 ], [ 120.362777693300117, 14.799115026652181 ], [ 120.362777693300117, 14.799073534920359 ], [ 120.362691862611669, 14.799073534920359 ], [ 120.362691862611669, 14.799032043180597 ], [ 120.362563116578954, 14.799032043180597 ], [ 120.362563116578954, 14.798990551432901 ], [ 120.362434370546268, 14.798990551432901 ], [ 120.362434370546268, 14.798949059677263 ], [ 120.362262709169329, 14.798949059677263 ], [ 120.362262709169329, 14.798907567913689 ], [ 120.362133963136642, 14.798907567913689 ], [ 120.362133963136642, 14.798866076142176 ], [ 120.362091047792404, 14.798866076142176 ], [ 120.362091047792404, 14.798824584362722 ], [ 120.362005217103928, 14.798824584362722 ], [ 120.362005217103928, 14.798783092575333 ], [ 120.361962301759704, 14.798783092575333 ], [ 120.361962301759704, 14.798741600780007 ], [ 120.361747725038569, 14.798741600780007 ], [ 120.361747725038569, 14.798783092575333 ], [ 120.361618979005854, 14.798783092575333 ], [ 120.361618979005854, 14.798741600780007 ], [ 120.361576063661616, 14.798741600780007 ], [ 120.361576063661616, 14.79865861716554 ], [ 120.361533148317378, 14.79865861716554 ], [ 120.361533148317378, 14.798575633519318 ], [ 120.361490232973168, 14.798575633519318 ], [ 120.361490232973168, 14.798492649841343 ], [ 120.361447317628901, 14.798492649841343 ], [ 120.361447317628901, 14.798451157990449 ], [ 120.361404402284691, 14.798451157990449 ], [ 120.361404402284691, 14.798409666131622 ], [ 120.361361486940467, 14.798409666131622 ], [ 120.361361486940467, 14.798368174264851 ], [ 120.361275656251991, 14.798368174264851 ], [ 120.361275656251991, 14.798409666131622 ], [ 120.361232740907752, 14.798409666131622 ], [ 120.361232740907752, 14.798492649841343 ], [ 120.361189825563542, 14.798492649841343 ], [ 120.361189825563542, 14.798534141684296 ], [ 120.361103994875066, 14.798534141684296 ], [ 120.361103994875066, 14.798575633519318 ], [ 120.360975248842351, 14.798575633519318 ], [ 120.360975248842351, 14.798492649841343 ], [ 120.360932333498141, 14.798492649841343 ], [ 120.360932333498141, 14.798409666131622 ], [ 120.360975248842351, 14.798409666131622 ], [ 120.360975248842351, 14.798285190507496 ], [ 120.360932333498141, 14.798285190507496 ], [ 120.360932333498141, 14.798202206718393 ], [ 120.360889418153903, 14.798202206718393 ], [ 120.360889418153903, 14.798160714811937 ], [ 120.360846502809679, 14.798160714811937 ], [ 120.360846502809679, 14.798119222897538 ], [ 120.360803587465441, 14.798119222897538 ], [ 120.360803587465441, 14.798077730975203 ], [ 120.360674841432754, 14.798077730975203 ], [ 120.360674841432754, 14.798700108976742 ], [ 120.360717756776964, 14.798700108976742 ], [ 120.360717756776964, 14.798783092575333 ], [ 120.360760672121202, 14.798783092575333 ], [ 120.360760672121202, 14.798907567913689 ], [ 120.360803587465441, 14.798907567913689 ], [ 120.360803587465441, 14.798990551432901 ], [ 120.360846502809679, 14.798990551432901 ], [ 120.360846502809679, 14.799032043180597 ], [ 120.360889418153903, 14.799032043180597 ], [ 120.360889418153903, 14.799073534920359 ], [ 120.360932333498141, 14.799073534920359 ], [ 120.360932333498141, 14.799115026652181 ], [ 120.360975248842351, 14.799115026652181 ], [ 120.360975248842351, 14.799156518376066 ], [ 120.361018164186589, 14.799156518376066 ], [ 120.361018164186589, 14.799280993500087 ], [ 120.361061079530828, 14.799280993500087 ], [ 120.361061079530828, 14.799446960220981 ], [ 120.361103994875066, 14.799446960220981 ], [ 120.361103994875066, 14.799695910064166 ], [ 120.361189825563542, 14.799695910064166 ], [ 120.361189825563542, 14.799737401676909 ], [ 120.361275656251991, 14.799737401676909 ], [ 120.361275656251991, 14.799778893281719 ], [ 120.361447317628901, 14.799778893281719 ], [ 120.361447317628901, 14.799820384878588 ], [ 120.361661894350092, 14.799820384878588 ], [ 120.361661894350092, 14.799861876467521 ], [ 120.361747725038569, 14.799861876467521 ], [ 120.361747725038569, 14.799903368048511 ], [ 120.361790640382779, 14.799903368048511 ], [ 120.361790640382779, 14.799944859621567 ], [ 120.361876471071255, 14.799944859621567 ], [ 120.361876471071255, 14.79998635118668 ], [ 120.361919386415479, 14.79998635118668 ], [ 120.361919386415479, 14.799944859621567 ], [ 120.361962301759704, 14.799944859621567 ], [ 120.361962301759704, 14.799861876467521 ], [ 120.362005217103928, 14.799861876467521 ], [ 120.362005217103928, 14.799778893281719 ], [ 120.362048132448166, 14.799778893281719 ], [ 120.362048132448166, 14.799654418443483 ], [ 120.362133963136642, 14.799654418443483 ], [ 120.362133963136642, 14.799737401676909 ], [ 120.362176878480881, 14.799737401676909 ], [ 120.362176878480881, 14.799820384878588 ], [ 120.362219793825091, 14.799820384878588 ], [ 120.362219793825091, 14.799944859621567 ], [ 120.362262709169329, 14.799944859621567 ], [ 120.362262709169329, 14.800193808893171 ], [ 120.362305624513567, 14.800193808893171 ], [ 120.362305624513567, 14.800276791920195 ], [ 120.362348539857805, 14.800276791920195 ], [ 120.362348539857805, 14.800318283421801 ], [ 120.362391455202044, 14.800318283421801 ], [ 120.362391455202044, 14.800401266401197 ], [ 120.362477285890506, 14.800401266401197 ], [ 120.362477285890506, 14.800442757878978 ], [ 120.362520201234716, 14.800442757878978 ], [ 120.362520201234716, 14.800401266401197 ], [ 120.362563116578954, 14.800401266401197 ], [ 120.362563116578954, 14.800359774915465 ], [ 120.362606031923193, 14.800359774915465 ], [ 120.362606031923193, 14.800318283421801 ], [ 120.362648947267431, 14.800318283421801 ], [ 120.362648947267431, 14.800276791920195 ], [ 120.362691862611669, 14.800276791920195 ], [ 120.362691862611669, 14.800235300410653 ], [ 120.362820608644356, 14.800235300410653 ], [ 120.362820608644356, 14.800318283421801 ], [ 120.362863523988594, 14.800318283421801 ], [ 120.362863523988594, 14.800359774915465 ], [ 120.362906439332832, 14.800359774915465 ], [ 120.362906439332832, 14.800442757878978 ], [ 120.362820608644356, 14.800442757878978 ], [ 120.362820608644356, 14.80048424934883 ], [ 120.362734777955907, 14.80048424934883 ], [ 120.362734777955907, 14.800525740810739 ], [ 120.362691862611669, 14.800525740810739 ], [ 120.362691862611669, 14.80065021514884 ], [ 120.362734777955907, 14.80065021514884 ], [ 120.362734777955907, 14.800733198001208 ], [ 120.362777693300117, 14.800733198001208 ], [ 120.362777693300117, 14.800899163610678 ], [ 120.362820608644356, 14.800899163610678 ], [ 120.362820608644356, 14.801314077078615 ], [ 120.362863523988594, 14.801314077078615 ], [ 120.362863523988594, 14.801355568381743 ], [ 120.362906439332832, 14.801355568381743 ], [ 120.362906439332832, 14.80143855096418 ], [ 120.362949354677042, 14.80143855096418 ], [ 120.362949354677042, 14.80148004224349 ], [ 120.362992270021294, 14.80148004224349 ], [ 120.362992270021294, 14.801563024778288 ], [ 120.363035185365504, 14.801563024778288 ], [ 120.363035185365504, 14.801604516033784 ], [ 120.363121016053981, 14.801604516033784 ], [ 120.363121016053981, 14.801646007281333 ], [ 120.363249762086667, 14.801646007281333 ], [ 120.363249762086667, 14.801604516033784 ], [ 120.363335592775144, 14.801604516033784 ], [ 120.363335592775144, 14.801563024778288 ], [ 120.363464338807844, 14.801563024778288 ], [ 120.363464338807844, 14.801646007281333 ], [ 120.363507254152069, 14.801646007281333 ], [ 120.363507254152069, 14.801936445791888 ], [ 120.363550169496321, 14.801936445791888 ], [ 120.363550169496321, 14.801977936975922 ], [ 120.363593084840531, 14.801977936975922 ], [ 120.363593084840531, 14.802060919320176 ], [ 120.363636000184769, 14.802060919320176 ], [ 120.363636000184769, 14.80214390163267 ], [ 120.363678915529007, 14.80214390163267 ], [ 120.363678915529007, 14.802185392777009 ], [ 120.363721830873246, 14.802185392777009 ], [ 120.363721830873246, 14.80226837504186 ], [ 120.363764746217456, 14.80226837504186 ], [ 120.363764746217456, 14.802683285889742 ], [ 120.363807661561694, 14.802683285889742 ], [ 120.363807661561694, 14.802724776930861 ], [ 120.363850576905932, 14.802724776930861 ], [ 120.363850576905932, 14.802766267964039 ], [ 120.36389349225017, 14.802766267964039 ], [ 120.36389349225017, 14.802807758989278 ], [ 120.363936407594409, 14.802807758989278 ], [ 120.363936407594409, 14.802890741015936 ], [ 120.363979322938633, 14.802890741015936 ], [ 120.363979322938633, 14.802973723010831 ], [ 120.363936407594409, 14.802973723010831 ], [ 120.363936407594409, 14.803056704973967 ], [ 120.363979322938633, 14.803056704973967 ], [ 120.363979322938633, 14.803139686905345 ], [ 120.364022238282857, 14.803139686905345 ], [ 120.364022238282857, 14.803181177859122 ], [ 120.364108068971319, 14.803181177859122 ], [ 120.364108068971319, 14.803222668804958 ], [ 120.364150984315557, 14.803222668804958 ], [ 120.364150984315557, 14.803264159742854 ], [ 120.364193899659767, 14.803264159742854 ], [ 120.364193899659767, 14.803347141594829 ], [ 120.364236815004034, 14.803347141594829 ], [ 120.364236815004034, 14.803596086960178 ], [ 120.364279730348244, 14.803596086960178 ], [ 120.364279730348244, 14.80363757782661 ], [ 120.36436556103672, 14.80363757782661 ], [ 120.36436556103672, 14.803679068685106 ], [ 120.364451391725197, 14.803679068685106 ], [ 120.364451391725197, 14.803720559535661 ], [ 120.364665968446346, 14.803720559535661 ], [ 120.364665968446346, 14.803762050378269 ], [ 120.364708883790584, 14.803762050378269 ], [ 120.364708883790584, 14.803845032039675 ], [ 120.364751799134794, 14.803845032039675 ], [ 120.364751799134794, 14.803886522858463 ], [ 120.364794714479061, 14.803886522858463 ], [ 120.364794714479061, 14.803969504472224 ], [ 120.364837629823271, 14.803969504472224 ], [ 120.364837629823271, 14.804010995267191 ], [ 120.364880545167509, 14.804010995267191 ], [ 120.364880545167509, 14.804052486054218 ], [ 120.364966375855985, 14.804052486054218 ], [ 120.364966375855985, 14.804093976833311 ], [ 120.365052206544433, 14.804093976833311 ], [ 120.365052206544433, 14.804135467604457 ], [ 120.365095121888658, 14.804135467604457 ], [ 120.365095121888658, 14.804176958367663 ], [ 120.365180952577134, 14.804176958367663 ], [ 120.365180952577134, 14.804218449122928 ], [ 120.365352613954059, 14.804218449122928 ], [ 120.365352613954059, 14.804259939870255 ], [ 120.365481359986774, 14.804259939870255 ], [ 120.365481359986774, 14.804301430609636 ], [ 120.365524275331012, 14.804301430609636 ], [ 120.365524275331012, 14.804342921341084 ], [ 120.365567190675222, 14.804342921341084 ], [ 120.365567190675222, 14.804384412064582 ], [ 120.36561010601946, 14.804384412064582 ], [ 120.36561010601946, 14.804467393487764 ], [ 120.365653021363684, 14.804467393487764 ], [ 120.365653021363684, 14.804840809499007 ], [ 120.365695936707922, 14.804840809499007 ], [ 120.365695936707922, 14.805006771964203 ], [ 120.365738852052161, 14.805006771964203 ], [ 120.365738852052161, 14.805131243729726 ], [ 120.365781767396399, 14.805131243729726 ], [ 120.365781767396399, 14.805172734302348 ], [ 120.365867598084847, 14.805172734302348 ], [ 120.365867598084847, 14.805214224867031 ], [ 120.365996344117534, 14.805214224867031 ], [ 120.365996344117534, 14.805255715423771 ], [ 120.36608217480601, 14.805255715423771 ], [ 120.36608217480601, 14.80529720597257 ], [ 120.366168005494472, 14.80529720597257 ], [ 120.366168005494472, 14.805380187046346 ], [ 120.366210920838711, 14.805380187046346 ], [ 120.366210920838711, 14.805421677571321 ], [ 120.366253836182921, 14.805421677571321 ], [ 120.366253836182921, 14.805463168088359 ], [ 120.366296751527159, 14.805463168088359 ], [ 120.366296751527159, 14.805504658597448 ], [ 120.366339666871397, 14.805504658597448 ], [ 120.366339666871397, 14.805546149098603 ], [ 120.366382582215635, 14.805546149098603 ], [ 120.366382582215635, 14.805587639591812 ], [ 120.366425497559874, 14.805587639591812 ], [ 120.366425497559874, 14.805629130077083 ], [ 120.366468412904112, 14.805629130077083 ], [ 120.366468412904112, 14.805712111023796 ], [ 120.36651132824835, 14.805712111023796 ], [ 120.36651132824835, 14.805836582384304 ], [ 120.36655424359256, 14.805836582384304 ], [ 120.36655424359256, 14.806002544087134 ], [ 120.36651132824835, 14.806002544087134 ], [ 120.36651132824835, 14.806127015280872 ], [ 120.366468412904112, 14.806127015280872 ], [ 120.366468412904112, 14.806168505662901 ], [ 120.366382582215635, 14.806168505662901 ], [ 120.366382582215635, 14.806127015280872 ], [ 120.366339666871397, 14.806127015280872 ], [ 120.366339666871397, 14.806085524890904 ], [ 120.366296751527159, 14.806085524890904 ], [ 120.366296751527159, 14.80604403449299 ], [ 120.366253836182921, 14.80604403449299 ], [ 120.366253836182921, 14.806002544087134 ], [ 120.365524275331012, 14.806002544087134 ], [ 120.365524275331012, 14.80604403449299 ], [ 120.365438444642535, 14.80604403449299 ], [ 120.365438444642535, 14.806085524890904 ], [ 120.364923460511747, 14.806085524890904 ], [ 120.364923460511747, 14.80604403449299 ], [ 120.364794714479061, 14.80604403449299 ], [ 120.364794714479061, 14.806085524890904 ], [ 120.364623053102108, 14.806085524890904 ], [ 120.364623053102108, 14.806168505662901 ], [ 120.364580137757869, 14.806168505662901 ], [ 120.364580137757869, 14.806375957453918 ], [ 120.364623053102108, 14.806375957453918 ], [ 120.364623053102108, 14.806541918743779 ], [ 120.364580137757869, 14.806541918743779 ], [ 120.364580137757869, 14.80662489934106 ], [ 120.364623053102108, 14.80662489934106 ], [ 120.364623053102108, 14.806666389627791 ], [ 120.364751799134794, 14.806666389627791 ], [ 120.364751799134794, 14.80670787990657 ], [ 120.364794714479061, 14.80670787990657 ], [ 120.364794714479061, 14.806749370177418 ], [ 120.364837629823271, 14.806749370177418 ], [ 120.364837629823271, 14.806790860440318 ], [ 120.364880545167509, 14.806790860440318 ], [ 120.364880545167509, 14.806832350695277 ], [ 120.364966375855985, 14.806832350695277 ], [ 120.364966375855985, 14.806873840942293 ], [ 120.365009291200195, 14.806873840942293 ], [ 120.365009291200195, 14.80691533118137 ], [ 120.365095121888658, 14.80691533118137 ], [ 120.365095121888658, 14.806956821412504 ], [ 120.365138037232896, 14.806956821412504 ], [ 120.365138037232896, 14.806998311635695 ], [ 120.365180952577134, 14.806998311635695 ], [ 120.365180952577134, 14.807039801850943 ], [ 120.365266783265582, 14.807039801850943 ], [ 120.365266783265582, 14.807081292058252 ], [ 120.365309698609821, 14.807081292058252 ], [ 120.365309698609821, 14.807122782257617 ], [ 120.365395529298297, 14.807122782257617 ], [ 120.365395529298297, 14.80716427244904 ], [ 120.365481359986774, 14.80716427244904 ], [ 120.365481359986774, 14.807205762632519 ], [ 120.365567190675222, 14.807205762632519 ], [ 120.365567190675222, 14.807247252808056 ], [ 120.365695936707922, 14.807247252808056 ], [ 120.365695936707922, 14.807288742975652 ], [ 120.365738852052161, 14.807288742975652 ], [ 120.365738852052161, 14.807330233135307 ], [ 120.365824682740609, 14.807330233135307 ], [ 120.365824682740609, 14.807413213430786 ], [ 120.365867598084847, 14.807413213430786 ], [ 120.365867598084847, 14.807454703566615 ], [ 120.365953428773324, 14.807454703566615 ], [ 120.365953428773324, 14.807496193694497 ], [ 120.365996344117534, 14.807496193694497 ], [ 120.365996344117534, 14.80753768381444 ], [ 120.366125090150248, 14.80753768381444 ], [ 120.366125090150248, 14.807579173926444 ], [ 120.366210920838711, 14.807579173926444 ], [ 120.366210920838711, 14.8076206640305 ], [ 120.366253836182921, 14.8076206640305 ], [ 120.366253836182921, 14.807703644214788 ], [ 120.366339666871397, 14.807703644214788 ], [ 120.366339666871397, 14.807745134295015 ], [ 120.366382582215635, 14.807745134295015 ], [ 120.366382582215635, 14.807828114431651 ], [ 120.366425497559874, 14.807828114431651 ], [ 120.366425497559874, 14.808077054650933 ], [ 120.366382582215635, 14.808077054650933 ], [ 120.366382582215635, 14.808201524653345 ], [ 120.366339666871397, 14.808201524653345 ], [ 120.366339666871397, 14.808284504615241 ], [ 120.366296751527159, 14.808284504615241 ], [ 120.366296751527159, 14.808782383719423 ], [ 120.366253836182921, 14.808782383719423 ], [ 120.366253836182921, 14.808906853316754 ], [ 120.366210920838711, 14.808906853316754 ], [ 120.366210920838711, 14.809197282099182 ], [ 120.366253836182921, 14.809197282099182 ], [ 120.366253836182921, 14.809280261679818 ], [ 120.366296751527159, 14.809280261679818 ], [ 120.366296751527159, 14.809321751458221 ], [ 120.366339666871397, 14.809321751458221 ], [ 120.366339666871397, 14.809363241228681 ], [ 120.366425497559874, 14.809363241228681 ], [ 120.366425497559874, 14.809404730991197 ], [ 120.366468412904112, 14.809404730991197 ], [ 120.366468412904112, 14.80944622074577 ], [ 120.36651132824835, 14.80944622074577 ], [ 120.36651132824835, 14.809570689961829 ], [ 120.36655424359256, 14.809570689961829 ], [ 120.36655424359256, 14.80990260752181 ], [ 120.36651132824835, 14.80990260752181 ], [ 120.36651132824835, 14.810068566111157 ], [ 120.36655424359256, 14.810068566111157 ], [ 120.36655424359256, 14.81019303496976 ], [ 120.366597158936813, 14.81019303496976 ], [ 120.366597158936813, 14.810358993336687 ], [ 120.366640074281037, 14.810358993336687 ], [ 120.366640074281037, 14.810690909689235 ], [ 120.366682989625261, 14.810690909689235 ], [ 120.366682989625261, 14.810856867674859 ], [ 120.366640074281037, 14.810856867674859 ], [ 120.366640074281037, 14.811105804414975 ], [ 120.366682989625261, 14.811105804414975 ], [ 120.366682989625261, 14.811230272677786 ], [ 120.366768820313737, 14.811230272677786 ], [ 120.366768820313737, 14.81127176208283 ], [ 120.366811735657947, 14.81127176208283 ], [ 120.366811735657947, 14.811313251479937 ], [ 120.366897566346424, 14.811313251479937 ], [ 120.366897566346424, 14.811354740869101 ], [ 120.366940481690662, 14.811354740869101 ], [ 120.366940481690662, 14.811396230250317 ], [ 120.367026312379139, 14.811396230250317 ], [ 120.367026312379139, 14.811437719623587 ], [ 120.367069227723348, 14.811437719623587 ], [ 120.367069227723348, 14.811479208988917 ], [ 120.367112143067587, 14.811479208988917 ], [ 120.367112143067587, 14.811520698346296 ], [ 120.367155058411825, 14.811520698346296 ], [ 120.367155058411825, 14.81156218769574 ], [ 120.367197973756049, 14.81156218769574 ], [ 120.367197973756049, 14.811603677037233 ], [ 120.367240889100273, 14.811603677037233 ], [ 120.367240889100273, 14.811728145014049 ], [ 120.367197973756049, 14.811728145014049 ], [ 120.367197973756049, 14.811811123625542 ], [ 120.367155058411825, 14.811811123625542 ], [ 120.367155058411825, 14.811852612919374 ], [ 120.367112143067587, 14.811852612919374 ], [ 120.367112143067587, 14.811894102205255 ], [ 120.367069227723348, 14.811894102205255 ], [ 120.367069227723348, 14.811935591483197 ], [ 120.3669833970349, 14.811935591483197 ], [ 120.3669833970349, 14.81197708075319 ], [ 120.366940481690662, 14.81197708075319 ], [ 120.366940481690662, 14.812018570015239 ], [ 120.366897566346424, 14.812018570015239 ], [ 120.366897566346424, 14.812060059269346 ], [ 120.366854651002186, 14.812060059269346 ], [ 120.366854651002186, 14.812101548515511 ], [ 120.366811735657947, 14.812101548515511 ], [ 120.366811735657947, 14.812143037753726 ], [ 120.366768820313737, 14.812143037753726 ], [ 120.366768820313737, 14.812184526983998 ], [ 120.366725904969499, 14.812184526983998 ], [ 120.366725904969499, 14.812226016206324 ], [ 120.366682989625261, 14.812226016206324 ], [ 120.366682989625261, 14.81226750542071 ], [ 120.366640074281037, 14.81226750542071 ], [ 120.366640074281037, 14.812308994627147 ], [ 120.366597158936813, 14.812308994627147 ], [ 120.366597158936813, 14.812350483825643 ], [ 120.36655424359256, 14.812350483825643 ], [ 120.36655424359256, 14.81239197301619 ], [ 120.36651132824835, 14.81239197301619 ], [ 120.36651132824835, 14.812433462198795 ], [ 120.366468412904112, 14.812433462198795 ], [ 120.366468412904112, 14.812474951373451 ], [ 120.366425497559874, 14.812474951373451 ], [ 120.366425497559874, 14.812516440540172 ], [ 120.366382582215635, 14.812516440540172 ], [ 120.366382582215635, 14.812557929698935 ], [ 120.366339666871397, 14.812557929698935 ], [ 120.366339666871397, 14.812599418849766 ], [ 120.366296751527159, 14.812599418849766 ], [ 120.366296751527159, 14.812640907992646 ], [ 120.366253836182921, 14.812640907992646 ], [ 120.366253836182921, 14.812682397127579 ], [ 120.366210920838711, 14.812682397127579 ], [ 120.366210920838711, 14.81272388625457 ], [ 120.366125090150248, 14.81272388625457 ], [ 120.366125090150248, 14.812765375373617 ], [ 120.36608217480601, 14.812765375373617 ], [ 120.36608217480601, 14.812806864484717 ], [ 120.3660392594618, 14.812806864484717 ], [ 120.3660392594618, 14.812848353587874 ], [ 120.365996344117534, 14.812848353587874 ], [ 120.365996344117534, 14.812889842683086 ], [ 120.365953428773324, 14.812889842683086 ], [ 120.365953428773324, 14.812931331770347 ], [ 120.365867598084847, 14.812931331770347 ], [ 120.365867598084847, 14.812972820849671 ], [ 120.365824682740609, 14.812972820849671 ], [ 120.365824682740609, 14.812931331770347 ], [ 120.365738852052161, 14.812931331770347 ], [ 120.365738852052161, 14.812889842683086 ], [ 120.365695936707922, 14.812889842683086 ], [ 120.365695936707922, 14.812848353587874 ], [ 120.365653021363684, 14.812848353587874 ], [ 120.365653021363684, 14.812806864484717 ], [ 120.36561010601946, 14.812806864484717 ], [ 120.36561010601946, 14.812765375373617 ], [ 120.365567190675222, 14.812765375373617 ], [ 120.365567190675222, 14.812640907992646 ], [ 120.36561010601946, 14.812640907992646 ], [ 120.36561010601946, 14.812599418849766 ], [ 120.365567190675222, 14.812599418849766 ], [ 120.365567190675222, 14.812474951373451 ], [ 120.365524275331012, 14.812474951373451 ], [ 120.365524275331012, 14.812433462198795 ], [ 120.365481359986774, 14.812433462198795 ], [ 120.365481359986774, 14.81239197301619 ], [ 120.365309698609821, 14.81239197301619 ], [ 120.365309698609821, 14.812350483825643 ], [ 120.365138037232896, 14.812350483825643 ], [ 120.365138037232896, 14.812308994627147 ], [ 120.365052206544433, 14.812308994627147 ], [ 120.365052206544433, 14.81226750542071 ], [ 120.364966375855985, 14.81226750542071 ], [ 120.364966375855985, 14.812226016206324 ], [ 120.364923460511747, 14.812226016206324 ], [ 120.364923460511747, 14.812184526983998 ], [ 120.364880545167509, 14.812184526983998 ], [ 120.364880545167509, 14.812143037753726 ], [ 120.364794714479061, 14.812143037753726 ], [ 120.364794714479061, 14.812101548515511 ], [ 120.364751799134794, 14.812101548515511 ], [ 120.364751799134794, 14.812060059269346 ], [ 120.364708883790584, 14.812060059269346 ], [ 120.364708883790584, 14.812018570015239 ], [ 120.364623053102108, 14.812018570015239 ], [ 120.364623053102108, 14.81197708075319 ], [ 120.364580137757869, 14.81197708075319 ], [ 120.364580137757869, 14.812018570015239 ], [ 120.364537222413659, 14.812018570015239 ], [ 120.364537222413659, 14.812350483825643 ], [ 120.364580137757869, 14.812350483825643 ], [ 120.364580137757869, 14.812516440540172 ], [ 120.364623053102108, 14.812516440540172 ], [ 120.364623053102108, 14.812682397127579 ], [ 120.364580137757869, 14.812682397127579 ], [ 120.364580137757869, 14.81272388625457 ], [ 120.364494307069407, 14.81272388625457 ], [ 120.364494307069407, 14.812765375373617 ], [ 120.364451391725197, 14.812765375373617 ], [ 120.364451391725197, 14.812806864484717 ], [ 120.36436556103672, 14.812806864484717 ], [ 120.36436556103672, 14.812848353587874 ], [ 120.364279730348244, 14.812848353587874 ], [ 120.364279730348244, 14.812889842683086 ], [ 120.364236815004034, 14.812889842683086 ], [ 120.364236815004034, 14.812931331770347 ], [ 120.364193899659767, 14.812931331770347 ], [ 120.364193899659767, 14.812972820849671 ], [ 120.364150984315557, 14.812972820849671 ], [ 120.364150984315557, 14.813014309921044 ], [ 120.364108068971319, 14.813014309921044 ], [ 120.364108068971319, 14.813055798984477 ], [ 120.364065153627081, 14.813055798984477 ], [ 120.364065153627081, 14.813097288039964 ], [ 120.363979322938633, 14.813097288039964 ], [ 120.363979322938633, 14.813138777087508 ], [ 120.363936407594409, 14.813138777087508 ], [ 120.363936407594409, 14.813180266127102 ], [ 120.363850576905932, 14.813180266127102 ], [ 120.363850576905932, 14.81322175515875 ], [ 120.363764746217456, 14.81322175515875 ], [ 120.363764746217456, 14.813263244182458 ], [ 120.363636000184769, 14.813263244182458 ], [ 120.363636000184769, 14.813304733198219 ], [ 120.363507254152069, 14.813304733198219 ], [ 120.363507254152069, 14.813346222206034 ], [ 120.363206846742429, 14.813346222206034 ] ], [ [ 120.363721830873246, 14.803845032039675 ], [ 120.363764746217456, 14.803845032039675 ], [ 120.363764746217456, 14.803803541212943 ], [ 120.363807661561694, 14.803803541212943 ], [ 120.363807661561694, 14.803762050378269 ], [ 120.363850576905932, 14.803762050378269 ], [ 120.363850576905932, 14.803388632508909 ], [ 120.36389349225017, 14.803388632508909 ], [ 120.36389349225017, 14.803181177859122 ], [ 120.363850576905932, 14.803181177859122 ], [ 120.363850576905932, 14.803139686905345 ], [ 120.363678915529007, 14.803139686905345 ], [ 120.363678915529007, 14.803098195943628 ], [ 120.363593084840531, 14.803098195943628 ], [ 120.363593084840531, 14.803056704973967 ], [ 120.363507254152069, 14.803056704973967 ], [ 120.363507254152069, 14.803015213996369 ], [ 120.363378508119382, 14.803015213996369 ], [ 120.363378508119382, 14.803056704973967 ], [ 120.363292677430906, 14.803056704973967 ], [ 120.363292677430906, 14.803098195943628 ], [ 120.363249762086667, 14.803098195943628 ], [ 120.363249762086667, 14.803139686905345 ], [ 120.363292677430906, 14.803139686905345 ], [ 120.363292677430906, 14.803222668804958 ], [ 120.363335592775144, 14.803222668804958 ], [ 120.363335592775144, 14.803264159742854 ], [ 120.363378508119382, 14.803264159742854 ], [ 120.363378508119382, 14.803305650672812 ], [ 120.36342142346362, 14.803305650672812 ], [ 120.36342142346362, 14.803347141594829 ], [ 120.363507254152069, 14.803347141594829 ], [ 120.363507254152069, 14.803388632508909 ], [ 120.363550169496321, 14.803388632508909 ], [ 120.363550169496321, 14.80343012341504 ], [ 120.363636000184769, 14.80343012341504 ], [ 120.363636000184769, 14.803471614313239 ], [ 120.363678915529007, 14.803471614313239 ], [ 120.363678915529007, 14.803762050378269 ], [ 120.363721830873246, 14.803762050378269 ], [ 120.363721830873246, 14.803845032039675 ] ], [ [ 120.362691862611669, 14.794924321653456 ], [ 120.363035185365504, 14.794924321653456 ], [ 120.363035185365504, 14.794882829119977 ], [ 120.363636000184769, 14.794882829119977 ], [ 120.363636000184769, 14.794841336578557 ], [ 120.363678915529007, 14.794841336578557 ], [ 120.363678915529007, 14.794799844029205 ], [ 120.363721830873246, 14.794799844029205 ], [ 120.363721830873246, 14.794675366333529 ], [ 120.363764746217456, 14.794675366333529 ], [ 120.363764746217456, 14.794550888566425 ], [ 120.363807661561694, 14.794550888566425 ], [ 120.363807661561694, 14.794509395961521 ], [ 120.36389349225017, 14.794509395961521 ], [ 120.36389349225017, 14.794467903348679 ], [ 120.363936407594409, 14.794467903348679 ], [ 120.363936407594409, 14.794426410727905 ], [ 120.363979322938633, 14.794426410727905 ], [ 120.363979322938633, 14.794343425462536 ], [ 120.364022238282857, 14.794343425462536 ], [ 120.364022238282857, 14.794260440165427 ], [ 120.364065153627081, 14.794260440165427 ], [ 120.364065153627081, 14.794094469475981 ], [ 120.364022238282857, 14.794094469475981 ], [ 120.364022238282857, 14.793887005935618 ], [ 120.364065153627081, 14.793887005935618 ], [ 120.364065153627081, 14.793679542196864 ], [ 120.364022238282857, 14.793679542196864 ], [ 120.364022238282857, 14.793596556645811 ], [ 120.363979322938633, 14.793596556645811 ], [ 120.363979322938633, 14.793555063858383 ], [ 120.363936407594409, 14.793555063858383 ], [ 120.363936407594409, 14.793513571063018 ], [ 120.36389349225017, 14.793513571063018 ], [ 120.36389349225017, 14.79347207825972 ], [ 120.363850576905932, 14.79347207825972 ], [ 120.363850576905932, 14.793430585448485 ], [ 120.363807661561694, 14.793430585448485 ], [ 120.363807661561694, 14.79338909262931 ], [ 120.363764746217456, 14.79338909262931 ], [ 120.363764746217456, 14.793347599802203 ], [ 120.363636000184769, 14.793347599802203 ], [ 120.363636000184769, 14.79338909262931 ], [ 120.363593084840531, 14.79338909262931 ], [ 120.363593084840531, 14.793430585448485 ], [ 120.363550169496321, 14.793430585448485 ], [ 120.363550169496321, 14.79347207825972 ], [ 120.363507254152069, 14.79347207825972 ], [ 120.363507254152069, 14.793555063858383 ], [ 120.363464338807844, 14.793555063858383 ], [ 120.363464338807844, 14.793596556645811 ], [ 120.363378508119382, 14.793596556645811 ], [ 120.363378508119382, 14.793638049425306 ], [ 120.363335592775144, 14.793638049425306 ], [ 120.363335592775144, 14.793679542196864 ], [ 120.363292677430906, 14.793679542196864 ], [ 120.363292677430906, 14.793721034960484 ], [ 120.363249762086667, 14.793721034960484 ], [ 120.363249762086667, 14.793762527716172 ], [ 120.363206846742429, 14.793762527716172 ], [ 120.363206846742429, 14.79380402046392 ], [ 120.363163931398219, 14.79380402046392 ], [ 120.363163931398219, 14.793845513203737 ], [ 120.363121016053981, 14.793845513203737 ], [ 120.363121016053981, 14.793887005935618 ], [ 120.363078100709743, 14.793887005935618 ], [ 120.363078100709743, 14.793928498659566 ], [ 120.363035185365504, 14.793928498659566 ], [ 120.363035185365504, 14.793969991375571 ], [ 120.362992270021294, 14.793969991375571 ], [ 120.362992270021294, 14.794011484083642 ], [ 120.362949354677042, 14.794011484083642 ], [ 120.362949354677042, 14.794052976783782 ], [ 120.362906439332832, 14.794052976783782 ], [ 120.362906439332832, 14.794094469475981 ], [ 120.362863523988594, 14.794094469475981 ], [ 120.362863523988594, 14.794135962160246 ], [ 120.362820608644356, 14.794135962160246 ], [ 120.362820608644356, 14.794177454836575 ], [ 120.362734777955907, 14.794177454836575 ], [ 120.362734777955907, 14.794218947504969 ], [ 120.362691862611669, 14.794218947504969 ], [ 120.362691862611669, 14.794260440165427 ], [ 120.362606031923193, 14.794260440165427 ], [ 120.362606031923193, 14.794301932817948 ], [ 120.362563116578954, 14.794301932817948 ], [ 120.362563116578954, 14.794509395961521 ], [ 120.362606031923193, 14.794509395961521 ], [ 120.362606031923193, 14.794550888566425 ], [ 120.362648947267431, 14.794550888566425 ], [ 120.362648947267431, 14.794592381163396 ], [ 120.362691862611669, 14.794592381163396 ], [ 120.362691862611669, 14.794841336578557 ], [ 120.362648947267431, 14.794841336578557 ], [ 120.362648947267431, 14.794882829119977 ], [ 120.362691862611669, 14.794882829119977 ], [ 120.362691862611669, 14.794924321653456 ] ], [ [ 120.367584211854165, 14.793928498659566 ], [ 120.367712957886837, 14.793928498659566 ], [ 120.367712957886837, 14.793887005935618 ], [ 120.367798788575286, 14.793887005935618 ], [ 120.367798788575286, 14.793845513203737 ], [ 120.367841703919552, 14.793845513203737 ], [ 120.367841703919552, 14.793638049425306 ], [ 120.367798788575286, 14.793638049425306 ], [ 120.367798788575286, 14.793596556645811 ], [ 120.367755873231076, 14.793596556645811 ], [ 120.367755873231076, 14.793347599802203 ], [ 120.367712957886837, 14.793347599802203 ], [ 120.367712957886837, 14.793306106967163 ], [ 120.367670042542613, 14.793306106967163 ], [ 120.367670042542613, 14.793264614124183 ], [ 120.367627127198375, 14.793264614124183 ], [ 120.367627127198375, 14.793223121273277 ], [ 120.367584211854165, 14.793223121273277 ], [ 120.367584211854165, 14.793181628414425 ], [ 120.367498381165689, 14.793181628414425 ], [ 120.367498381165689, 14.793140135547644 ], [ 120.367369635132974, 14.793140135547644 ], [ 120.367369635132974, 14.793181628414425 ], [ 120.367283804444526, 14.793181628414425 ], [ 120.367283804444526, 14.793264614124183 ], [ 120.367197973756049, 14.793264614124183 ], [ 120.367197973756049, 14.793306106967163 ], [ 120.367155058411825, 14.793306106967163 ], [ 120.367155058411825, 14.793347599802203 ], [ 120.367069227723348, 14.793347599802203 ], [ 120.367069227723348, 14.79338909262931 ], [ 120.367026312379139, 14.79338909262931 ], [ 120.367026312379139, 14.793430585448485 ], [ 120.3669833970349, 14.793430585448485 ], [ 120.3669833970349, 14.79347207825972 ], [ 120.366897566346424, 14.79347207825972 ], [ 120.366897566346424, 14.793513571063018 ], [ 120.366854651002186, 14.793513571063018 ], [ 120.366854651002186, 14.793555063858383 ], [ 120.366897566346424, 14.793555063858383 ], [ 120.366897566346424, 14.793596556645811 ], [ 120.367026312379139, 14.793596556645811 ], [ 120.367026312379139, 14.793638049425306 ], [ 120.367069227723348, 14.793638049425306 ], [ 120.367069227723348, 14.793679542196864 ], [ 120.367112143067587, 14.793679542196864 ], [ 120.367112143067587, 14.793721034960484 ], [ 120.367197973756049, 14.793721034960484 ], [ 120.367197973756049, 14.793762527716172 ], [ 120.367283804444526, 14.793762527716172 ], [ 120.367283804444526, 14.79380402046392 ], [ 120.367369635132974, 14.79380402046392 ], [ 120.367369635132974, 14.793845513203737 ], [ 120.36745546582145, 14.793845513203737 ], [ 120.36745546582145, 14.793887005935618 ], [ 120.367584211854165, 14.793887005935618 ], [ 120.367584211854165, 14.793928498659566 ] ], [ [ 120.365138037232896, 14.793887005935618 ], [ 120.365395529298297, 14.793887005935618 ], [ 120.365395529298297, 14.793845513203737 ], [ 120.365481359986774, 14.793845513203737 ], [ 120.365481359986774, 14.79380402046392 ], [ 120.365524275331012, 14.79380402046392 ], [ 120.365524275331012, 14.793762527716172 ], [ 120.365567190675222, 14.793762527716172 ], [ 120.365567190675222, 14.793721034960484 ], [ 120.365653021363684, 14.793721034960484 ], [ 120.365653021363684, 14.793679542196864 ], [ 120.365738852052161, 14.793679542196864 ], [ 120.365738852052161, 14.793555063858383 ], [ 120.365438444642535, 14.793555063858383 ], [ 120.365438444642535, 14.793513571063018 ], [ 120.365309698609821, 14.793513571063018 ], [ 120.365309698609821, 14.793555063858383 ], [ 120.365180952577134, 14.793555063858383 ], [ 120.365180952577134, 14.793596556645811 ], [ 120.365138037232896, 14.793596556645811 ], [ 120.365138037232896, 14.793638049425306 ], [ 120.365095121888658, 14.793638049425306 ], [ 120.365095121888658, 14.793679542196864 ], [ 120.365052206544433, 14.793679542196864 ], [ 120.365052206544433, 14.79380402046392 ], [ 120.365095121888658, 14.79380402046392 ], [ 120.365095121888658, 14.793845513203737 ], [ 120.365138037232896, 14.793845513203737 ], [ 120.365138037232896, 14.793887005935618 ] ], [ [ 120.368270857361864, 14.793762527716172 ], [ 120.368356688050312, 14.793762527716172 ], [ 120.368356688050312, 14.793555063858383 ], [ 120.36839960339455, 14.793555063858383 ], [ 120.36839960339455, 14.793430585448485 ], [ 120.368442518738789, 14.793430585448485 ], [ 120.368442518738789, 14.793264614124183 ], [ 120.368227942017626, 14.793264614124183 ], [ 120.368227942017626, 14.793347599802203 ], [ 120.368185026673402, 14.793347599802203 ], [ 120.368185026673402, 14.79347207825972 ], [ 120.368227942017626, 14.79347207825972 ], [ 120.368227942017626, 14.793555063858383 ], [ 120.368270857361864, 14.793555063858383 ], [ 120.368270857361864, 14.793638049425306 ], [ 120.368227942017626, 14.793638049425306 ], [ 120.368227942017626, 14.793721034960484 ], [ 120.368270857361864, 14.793721034960484 ], [ 120.368270857361864, 14.793762527716172 ] ], [ [ 120.359902365236536, 14.793721034960484 ], [ 120.359945280580803, 14.793721034960484 ], [ 120.359945280580803, 14.793679542196864 ], [ 120.360031111269251, 14.793679542196864 ], [ 120.360031111269251, 14.793638049425306 ], [ 120.360074026613489, 14.793638049425306 ], [ 120.360074026613489, 14.793596556645811 ], [ 120.360116941957727, 14.793596556645811 ], [ 120.360116941957727, 14.793555063858383 ], [ 120.360159857301937, 14.793555063858383 ], [ 120.360159857301937, 14.793513571063018 ], [ 120.360202772646176, 14.793513571063018 ], [ 120.360202772646176, 14.79347207825972 ], [ 120.360288603334652, 14.79347207825972 ], [ 120.360288603334652, 14.793430585448485 ], [ 120.360417349367353, 14.793430585448485 ], [ 120.360417349367353, 14.79338909262931 ], [ 120.360546095400039, 14.79338909262931 ], [ 120.360546095400039, 14.793347599802203 ], [ 120.360674841432754, 14.793347599802203 ], [ 120.360674841432754, 14.793306106967163 ], [ 120.360803587465441, 14.793306106967163 ], [ 120.360803587465441, 14.793264614124183 ], [ 120.360889418153903, 14.793264614124183 ], [ 120.360889418153903, 14.793223121273277 ], [ 120.360932333498141, 14.793223121273277 ], [ 120.360932333498141, 14.793181628414425 ], [ 120.361018164186589, 14.793181628414425 ], [ 120.361018164186589, 14.793140135547644 ], [ 120.361061079530828, 14.793140135547644 ], [ 120.361061079530828, 14.79309864267292 ], [ 120.361103994875066, 14.79309864267292 ], [ 120.361103994875066, 14.79301565689968 ], [ 120.361146910219276, 14.79301565689968 ], [ 120.361146910219276, 14.792974164001158 ], [ 120.361189825563542, 14.792974164001158 ], [ 120.361189825563542, 14.7928911781803 ], [ 120.361232740907752, 14.7928911781803 ], [ 120.361232740907752, 14.792683713489296 ], [ 120.361189825563542, 14.792683713489296 ], [ 120.361189825563542, 14.79251774159366 ], [ 120.361146910219276, 14.79251774159366 ], [ 120.361146910219276, 14.792434755598229 ], [ 120.361061079530828, 14.792434755598229 ], [ 120.361061079530828, 14.79251774159366 ], [ 120.361018164186589, 14.79251774159366 ], [ 120.361018164186589, 14.792559234579473 ], [ 120.360975248842351, 14.792559234579473 ], [ 120.360975248842351, 14.792600727557348 ], [ 120.360846502809679, 14.792600727557348 ], [ 120.360846502809679, 14.79264222052729 ], [ 120.360803587465441, 14.79264222052729 ], [ 120.360803587465441, 14.792766699389501 ], [ 120.360760672121202, 14.792766699389501 ], [ 120.360760672121202, 14.792808192327705 ], [ 120.360674841432754, 14.792808192327705 ], [ 120.360674841432754, 14.792849685257966 ], [ 120.360589010744278, 14.792849685257966 ], [ 120.360589010744278, 14.7928911781803 ], [ 120.360503180055801, 14.7928911781803 ], [ 120.360503180055801, 14.792932671094693 ], [ 120.360460264711563, 14.792932671094693 ], [ 120.360460264711563, 14.792974164001158 ], [ 120.360417349367353, 14.792974164001158 ], [ 120.360417349367353, 14.79301565689968 ], [ 120.360374434023115, 14.79301565689968 ], [ 120.360374434023115, 14.793057149790272 ], [ 120.360331518678876, 14.793057149790272 ], [ 120.360331518678876, 14.79309864267292 ], [ 120.360288603334652, 14.79309864267292 ], [ 120.360288603334652, 14.793140135547644 ], [ 120.360245687990442, 14.793140135547644 ], [ 120.360245687990442, 14.793181628414425 ], [ 120.360202772646176, 14.793181628414425 ], [ 120.360202772646176, 14.793223121273277 ], [ 120.360116941957727, 14.793223121273277 ], [ 120.360116941957727, 14.793264614124183 ], [ 120.360074026613489, 14.793264614124183 ], [ 120.360074026613489, 14.793306106967163 ], [ 120.360031111269251, 14.793306106967163 ], [ 120.360031111269251, 14.793347599802203 ], [ 120.359988195925013, 14.793347599802203 ], [ 120.359988195925013, 14.79338909262931 ], [ 120.359945280580803, 14.79338909262931 ], [ 120.359945280580803, 14.793430585448485 ], [ 120.359902365236536, 14.793430585448485 ], [ 120.359902365236536, 14.793513571063018 ], [ 120.359859449892326, 14.793513571063018 ], [ 120.359859449892326, 14.793679542196864 ], [ 120.359902365236536, 14.793679542196864 ], [ 120.359902365236536, 14.793721034960484 ] ], [ [ 120.359644873171149, 14.79301565689968 ], [ 120.359730703859626, 14.79301565689968 ], [ 120.359730703859626, 14.792974164001158 ], [ 120.359773619203864, 14.792974164001158 ], [ 120.359773619203864, 14.792932671094693 ], [ 120.359816534548088, 14.792932671094693 ], [ 120.359816534548088, 14.792849685257966 ], [ 120.359859449892326, 14.792849685257966 ], [ 120.359859449892326, 14.792808192327705 ], [ 120.359902365236536, 14.792808192327705 ], [ 120.359902365236536, 14.792476248599915 ], [ 120.359859449892326, 14.792476248599915 ], [ 120.359859449892326, 14.792351769571065 ], [ 120.359816534548088, 14.792351769571065 ], [ 120.359816534548088, 14.79218579742151 ], [ 120.359773619203864, 14.79218579742151 ], [ 120.359773619203864, 14.791895345854297 ], [ 120.359816534548088, 14.791895345854297 ], [ 120.359816534548088, 14.791729373355611 ], [ 120.359859449892326, 14.791729373355611 ], [ 120.359859449892326, 14.791604893898279 ], [ 120.359902365236536, 14.791604893898279 ], [ 120.359902365236536, 14.791148468610452 ], [ 120.359945280580803, 14.791148468610452 ], [ 120.359945280580803, 14.790982495540481 ], [ 120.359988195925013, 14.790982495540481 ], [ 120.359988195925013, 14.790858015654692 ], [ 120.360031111269251, 14.790858015654692 ], [ 120.360031111269251, 14.790609055668892 ], [ 120.359988195925013, 14.790609055668892 ], [ 120.359988195925013, 14.790567562310155 ], [ 120.359902365236536, 14.790567562310155 ], [ 120.359902365236536, 14.790526068943484 ], [ 120.359859449892326, 14.790526068943484 ], [ 120.359859449892326, 14.790567562310155 ], [ 120.359816534548088, 14.790567562310155 ], [ 120.359816534548088, 14.790609055668892 ], [ 120.359773619203864, 14.790609055668892 ], [ 120.359773619203864, 14.790692042362561 ], [ 120.359730703859626, 14.790692042362561 ], [ 120.359730703859626, 14.790816522343562 ], [ 120.359687788515416, 14.790816522343562 ], [ 120.359687788515416, 14.790899508957892 ], [ 120.359601957826939, 14.790899508957892 ], [ 120.359601957826939, 14.790858015654692 ], [ 120.359559042482701, 14.790858015654692 ], [ 120.359559042482701, 14.790816522343562 ], [ 120.359473211794224, 14.790816522343562 ], [ 120.359473211794224, 14.790775029024497 ], [ 120.359430296450014, 14.790775029024497 ], [ 120.359430296450014, 14.790816522343562 ], [ 120.359387381105776, 14.790816522343562 ], [ 120.359387381105776, 14.791189961858109 ], [ 120.359430296450014, 14.791189961858109 ], [ 120.359430296450014, 14.791563400729967 ], [ 120.359387381105776, 14.791563400729967 ], [ 120.359387381105776, 14.791812359620822 ], [ 120.359344465761538, 14.791812359620822 ], [ 120.359344465761538, 14.792102811299122 ], [ 120.359387381105776, 14.792102811299122 ], [ 120.359387381105776, 14.792268783512156 ], [ 120.359430296450014, 14.792268783512156 ], [ 120.359430296450014, 14.792434755598229 ], [ 120.359473211794224, 14.792434755598229 ], [ 120.359473211794224, 14.79251774159366 ], [ 120.359516127138463, 14.79251774159366 ], [ 120.359516127138463, 14.79264222052729 ], [ 120.359559042482701, 14.79264222052729 ], [ 120.359559042482701, 14.792725206443365 ], [ 120.359601957826939, 14.792725206443365 ], [ 120.359601957826939, 14.792974164001158 ], [ 120.359644873171149, 14.792974164001158 ], [ 120.359644873171149, 14.79301565689968 ] ] ] } },
{ "type": "Feature", "properties": { "siteId": "GRW::SOLAR::PHL::solar_sea_2024q2_v1.geojson::785", "projectId": "PHL-S-005", "projectName": "Calatrava Solar Power Project", "countryCode": "PHL", "technology": "solar", "paperToPowerLabel": "observed_smaller_than_claimed", "matchConfidence": 0.6075, "distanceKm": 10.245, "observedFirstSeenQuarter": "2017 Q4", "estimatedCapacityProxyMw": 84.53 }, "geometry": { "type": "Polygon", "coordinates": [ [ [ 123.428263647159, 10.525197389499285 ], [ 123.428263647159, 10.525155196217021 ], [ 123.428134901126313, 10.525155196217021 ], [ 123.428134901126313, 10.525113002928983 ], [ 123.428091985782075, 10.525113002928983 ], [ 123.428091985782075, 10.525070809635173 ], [ 123.428049070437837, 10.525070809635173 ], [ 123.428049070437837, 10.52502861633559 ], [ 123.428006155093598, 10.52502861633559 ], [ 123.428006155093598, 10.524944229719104 ], [ 123.42796323974936, 10.524944229719104 ], [ 123.42796323974936, 10.524859843079527 ], [ 123.42792032440515, 10.524859843079527 ], [ 123.42792032440515, 10.52481764975108 ], [ 123.427877409060912, 10.52481764975108 ], [ 123.427877409060912, 10.524775456416858 ], [ 123.42779157837245, 10.524775456416858 ], [ 123.42779157837245, 10.524733263076866 ], [ 123.427147848208946, 10.524733263076866 ], [ 123.427147848208946, 10.524775456416858 ], [ 123.427062017520498, 10.524775456416858 ], [ 123.427062017520498, 10.52481764975108 ], [ 123.42701910217626, 10.52481764975108 ], [ 123.42701910217626, 10.524859843079527 ], [ 123.426933271487812, 10.524859843079527 ], [ 123.426933271487812, 10.524902036402203 ], [ 123.426804525455097, 10.524902036402203 ], [ 123.426804525455097, 10.524944229719104 ], [ 123.426675779422425, 10.524944229719104 ], [ 123.426675779422425, 10.524902036402203 ], [ 123.426589948733948, 10.524902036402203 ], [ 123.426589948733948, 10.524859843079527 ], [ 123.42654703338971, 10.524859843079527 ], [ 123.42654703338971, 10.524648876379564 ], [ 123.426589948733948, 10.524648876379564 ], [ 123.426589948733948, 10.524564489659166 ], [ 123.426632864078186, 10.524564489659166 ], [ 123.426632864078186, 10.524522296290312 ], [ 123.426675779422425, 10.524522296290312 ], [ 123.426675779422425, 10.524480102915684 ], [ 123.426718694766635, 10.524480102915684 ], [ 123.426718694766635, 10.524395716149108 ], [ 123.426761610110873, 10.524395716149108 ], [ 123.426761610110873, 10.524226942546687 ], [ 123.426718694766635, 10.524226942546687 ], [ 123.426718694766635, 10.524142555710844 ], [ 123.426675779422425, 10.524142555710844 ], [ 123.426675779422425, 10.524100362284264 ], [ 123.426632864078186, 10.524100362284264 ], [ 123.426632864078186, 10.52405816885191 ], [ 123.426589948733948, 10.52405816885191 ], [ 123.426589948733948, 10.524015975413784 ], [ 123.42654703338971, 10.524015975413784 ], [ 123.42654703338971, 10.523973781969888 ], [ 123.426504118045472, 10.523973781969888 ], [ 123.426504118045472, 10.523931588520218 ], [ 123.426461202701233, 10.523931588520218 ], [ 123.426461202701233, 10.523889395064778 ], [ 123.426418287357023, 10.523889395064778 ], [ 123.426418287357023, 10.523847201603559 ], [ 123.426375372012785, 10.523847201603559 ], [ 123.426375372012785, 10.523805008136573 ], [ 123.426332456668547, 10.523805008136573 ], [ 123.426332456668547, 10.523762814663815 ], [ 123.426289541324309, 10.523762814663815 ], [ 123.426289541324309, 10.523678427700981 ], [ 123.426246625980085, 10.523678427700981 ], [ 123.426246625980085, 10.523594040715059 ], [ 123.426203710635846, 10.523594040715059 ], [ 123.426203710635846, 10.523509653706045 ], [ 123.426246625980085, 10.523509653706045 ], [ 123.426246625980085, 10.523467460192881 ], [ 123.426589948733948, 10.523467460192881 ], [ 123.426589948733948, 10.523425266673948 ], [ 123.426890356143545, 10.523425266673948 ], [ 123.426890356143545, 10.523467460192881 ], [ 123.426976186832022, 10.523467460192881 ], [ 123.426976186832022, 10.523425266673948 ], [ 123.427190763553213, 10.523425266673948 ], [ 123.427190763553213, 10.52338307314924 ], [ 123.427233678897423, 10.52338307314924 ], [ 123.427233678897423, 10.523340879618761 ], [ 123.427276594241661, 10.523340879618761 ], [ 123.427276594241661, 10.523298686082507 ], [ 123.427233678897423, 10.523298686082507 ], [ 123.427233678897423, 10.523256492540483 ], [ 123.427147848208946, 10.523256492540483 ], [ 123.427147848208946, 10.523298686082507 ], [ 123.426632864078186, 10.523298686082507 ], [ 123.426632864078186, 10.523256492540483 ], [ 123.426117879947398, 10.523256492540483 ], [ 123.426117879947398, 10.523298686082507 ], [ 123.425946218570473, 10.523298686082507 ], [ 123.425946218570473, 10.523256492540483 ], [ 123.42577455719352, 10.523256492540483 ], [ 123.42577455719352, 10.52321429899269 ], [ 123.42560289581661, 10.52321429899269 ], [ 123.42560289581661, 10.523172105439123 ], [ 123.425474149783895, 10.523172105439123 ], [ 123.425474149783895, 10.523129911879783 ], [ 123.425388319095447, 10.523129911879783 ], [ 123.425388319095447, 10.523087718314674 ], [ 123.42530248840697, 10.523087718314674 ], [ 123.42530248840697, 10.52304552474379 ], [ 123.425216657718508, 10.52304552474379 ], [ 123.425216657718508, 10.523003331167136 ], [ 123.42513082703006, 10.523003331167136 ], [ 123.42513082703006, 10.522961137584709 ], [ 123.425087911685821, 10.522961137584709 ], [ 123.425087911685821, 10.522918943996508 ], [ 123.425044996341583, 10.522918943996508 ], [ 123.425044996341583, 10.522876750402538 ], [ 123.425002080997345, 10.522876750402538 ], [ 123.425002080997345, 10.522750169586001 ], [ 123.424959165653107, 10.522750169586001 ], [ 123.424959165653107, 10.522665782346117 ], [ 123.424916250308868, 10.522665782346117 ], [ 123.424916250308868, 10.522581395083145 ], [ 123.42483041962042, 10.522581395083145 ], [ 123.42483041962042, 10.522539201443001 ], [ 123.424744588931944, 10.522539201443001 ], [ 123.424744588931944, 10.522497007797087 ], [ 123.424615842899271, 10.522497007797087 ], [ 123.424615842899271, 10.522454814145402 ], [ 123.424572927555033, 10.522454814145402 ], [ 123.424572927555033, 10.522412620487945 ], [ 123.424487096866557, 10.522412620487945 ], [ 123.424487096866557, 10.522370426824716 ], [ 123.424444181522347, 10.522370426824716 ], [ 123.424444181522347, 10.522328233155717 ], [ 123.42435835083387, 10.522328233155717 ], [ 123.42435835083387, 10.522243845800398 ], [ 123.424315435489632, 10.522243845800398 ], [ 123.424315435489632, 10.522117264724145 ], [ 123.424272520145394, 10.522117264724145 ], [ 123.424272520145394, 10.522075071020517 ], [ 123.424229604801155, 10.522075071020517 ], [ 123.424229604801155, 10.521990683595943 ], [ 123.424186689456917, 10.521990683595943 ], [ 123.424186689456917, 10.521948489875001 ], [ 123.424143774112707, 10.521948489875001 ], [ 123.424143774112707, 10.521864102415805 ], [ 123.424100858768455, 10.521864102415805 ], [ 123.424100858768455, 10.521821908677547 ], [ 123.424057943424245, 10.521821908677547 ], [ 123.424057943424245, 10.521779714933521 ], [ 123.424015028080007, 10.521779714933521 ], [ 123.424015028080007, 10.521737521183724 ], [ 123.423972112735768, 10.521737521183724 ], [ 123.423972112735768, 10.521695327428152 ], [ 123.42392919739153, 10.521695327428152 ], [ 123.42392919739153, 10.521653133666813 ], [ 123.42388628204732, 10.521653133666813 ], [ 123.42388628204732, 10.521610939899704 ], [ 123.423843366703053, 10.521610939899704 ], [ 123.423843366703053, 10.521568746126819 ], [ 123.423800451358844, 10.521568746126819 ], [ 123.423800451358844, 10.521526552348165 ], [ 123.423757536014605, 10.521526552348165 ], [ 123.423757536014605, 10.521484358563741 ], [ 123.423714620670367, 10.521484358563741 ], [ 123.423714620670367, 10.521442164773546 ], [ 123.423671705326129, 10.521442164773546 ], [ 123.423671705326129, 10.52139997097758 ], [ 123.423628789981919, 10.52139997097758 ], [ 123.423628789981919, 10.521357777175844 ], [ 123.423585874637681, 10.521357777175844 ], [ 123.423585874637681, 10.521315583368336 ], [ 123.423542959293457, 10.521315583368336 ], [ 123.423542959293457, 10.521231195736005 ], [ 123.423500043949218, 10.521231195736005 ], [ 123.423500043949218, 10.521189001911184 ], [ 123.42345712860498, 10.521189001911184 ], [ 123.42345712860498, 10.52110461424423 ], [ 123.423414213260742, 10.52110461424423 ], [ 123.423414213260742, 10.521020226554191 ], [ 123.423371297916532, 10.521020226554191 ], [ 123.423371297916532, 10.520935838841073 ], [ 123.423328382572294, 10.520935838841073 ], [ 123.423328382572294, 10.520893644975857 ], [ 123.423285467228055, 10.520893644975857 ], [ 123.423285467228055, 10.520851451104871 ], [ 123.423242551883817, 10.520851451104871 ], [ 123.423242551883817, 10.520809257228114 ], [ 123.423199636539607, 10.520809257228114 ], [ 123.423199636539607, 10.520767063345584 ], [ 123.42315672119534, 10.520767063345584 ], [ 123.42315672119534, 10.520724869457284 ], [ 123.423113805851116, 10.520724869457284 ], [ 123.423113805851116, 10.520682675563217 ], [ 123.423070890506892, 10.520682675563217 ], [ 123.423070890506892, 10.520640481663378 ], [ 123.423027975162668, 10.520640481663378 ], [ 123.423027975162668, 10.520556093846388 ], [ 123.42298505981843, 10.520556093846388 ], [ 123.42298505981843, 10.520513899929234 ], [ 123.422942144474192, 10.520513899929234 ], [ 123.422942144474192, 10.520429512077621 ], [ 123.422899229129953, 10.520429512077621 ], [ 123.422899229129953, 10.520345124202928 ], [ 123.422856313785715, 10.520345124202928 ], [ 123.422856313785715, 10.520302930256925 ], [ 123.422813398441505, 10.520302930256925 ], [ 123.422813398441505, 10.520260736305149 ], [ 123.422770483097267, 10.520260736305149 ], [ 123.422770483097267, 10.520218542347605 ], [ 123.422727567753029, 10.520218542347605 ], [ 123.422727567753029, 10.52017634838429 ], [ 123.42268465240879, 10.52017634838429 ], [ 123.42268465240879, 10.520091960440352 ], [ 123.422641737064581, 10.520091960440352 ], [ 123.422641737064581, 10.520007572473327 ], [ 123.422598821720328, 10.520007572473327 ], [ 123.422598821720328, 10.519923184483227 ], [ 123.422555906376104, 10.519923184483227 ], [ 123.422555906376104, 10.519880990479523 ], [ 123.42251299103188, 10.519880990479523 ], [ 123.42251299103188, 10.519838796470045 ], [ 123.422470075687642, 10.519838796470045 ], [ 123.422470075687642, 10.5197966024548 ], [ 123.422427160343403, 10.5197966024548 ], [ 123.422427160343403, 10.519754408433784 ], [ 123.422384244999193, 10.519754408433784 ], [ 123.422384244999193, 10.519712214406995 ], [ 123.422341329654955, 10.519712214406995 ], [ 123.422341329654955, 10.519627826336112 ], [ 123.422298414310717, 10.519627826336112 ], [ 123.422298414310717, 10.519585632292019 ], [ 123.422255498966479, 10.519585632292019 ], [ 123.422255498966479, 10.519501244186515 ], [ 123.42221258362224, 10.519501244186515 ], [ 123.42221258362224, 10.519459050125109 ], [ 123.422169668278002, 10.519459050125109 ], [ 123.422169668278002, 10.519374661984987 ], [ 123.422126752933764, 10.519374661984987 ], [ 123.422126752933764, 10.519332467906271 ], [ 123.422083837589554, 10.519332467906271 ], [ 123.422083837589554, 10.519248079731527 ], [ 123.422040922245301, 10.519248079731527 ], [ 123.422040922245301, 10.519163691533707 ], [ 123.421998006901092, 10.519163691533707 ], [ 123.421998006901092, 10.519121497426143 ], [ 123.421955091556853, 10.519121497426143 ], [ 123.421955091556853, 10.519079303312809 ], [ 123.421912176212615, 10.519079303312809 ], [ 123.421912176212615, 10.519037109193704 ], [ 123.421826345524167, 10.519037109193704 ], [ 123.421826345524167, 10.518994915068827 ], [ 123.421783430179929, 10.518994915068827 ], [ 123.421783430179929, 10.518952720938184 ], [ 123.42174051483569, 10.518952720938184 ], [ 123.42174051483569, 10.51891052680177 ], [ 123.421697599491452, 10.51891052680177 ], [ 123.421697599491452, 10.518868332659588 ], [ 123.421654684147214, 10.518868332659588 ], [ 123.421654684147214, 10.518826138511637 ], [ 123.421611768802975, 10.518826138511637 ], [ 123.421611768802975, 10.518741750198421 ], [ 123.421568853458766, 10.518741750198421 ], [ 123.421568853458766, 10.518657361862127 ], [ 123.421525938114527, 10.518657361862127 ], [ 123.421525938114527, 10.518572973502758 ], [ 123.421483022770303, 10.518572973502758 ], [ 123.421483022770303, 10.518488585120311 ], [ 123.421440107426065, 10.518488585120311 ], [ 123.421440107426065, 10.518404196714785 ], [ 123.421397192081855, 10.518404196714785 ], [ 123.421397192081855, 10.518319808286179 ], [ 123.421354276737588, 10.518319808286179 ], [ 123.421354276737588, 10.518277614063226 ], [ 123.421311361393379, 10.518277614063226 ], [ 123.421311361393379, 10.518193225600006 ], [ 123.42126844604914, 10.518193225600006 ], [ 123.42126844604914, 10.518151031359743 ], [ 123.421225530704902, 10.518151031359743 ], [ 123.421225530704902, 10.51810883711371 ], [ 123.421182615360664, 10.51810883711371 ], [ 123.421182615360664, 10.518066642861911 ], [ 123.421139700016454, 10.518066642861911 ], [ 123.421139700016454, 10.518024448604338 ], [ 123.421096784672216, 10.518024448604338 ], [ 123.421096784672216, 10.517982254340996 ], [ 123.421053869327963, 10.517982254340996 ], [ 123.421053869327963, 10.517940060071888 ], [ 123.421010953983739, 10.517940060071888 ], [ 123.421010953983739, 10.517897865797009 ], [ 123.420968038639515, 10.517897865797009 ], [ 123.420968038639515, 10.517813477229947 ], [ 123.420925123295277, 10.517813477229947 ], [ 123.420925123295277, 10.517729088639804 ], [ 123.420882207951038, 10.517729088639804 ], [ 123.420882207951038, 10.517644700026588 ], [ 123.420839292606829, 10.517644700026588 ], [ 123.420839292606829, 10.517602505711327 ], [ 123.420796377262562, 10.517602505711327 ], [ 123.420796377262562, 10.517560311390296 ], [ 123.420753461918352, 10.517560311390296 ], [ 123.420753461918352, 10.517518117063497 ], [ 123.420710546574114, 10.517518117063497 ], [ 123.420710546574114, 10.517475922730927 ], [ 123.420667631229875, 10.517475922730927 ], [ 123.420667631229875, 10.517433728392589 ], [ 123.420624715885637, 10.517433728392589 ], [ 123.420624715885637, 10.517391534048484 ], [ 123.420581800541427, 10.517391534048484 ], [ 123.420581800541427, 10.517349339698608 ], [ 123.420538885197189, 10.517349339698608 ], [ 123.420538885197189, 10.517264950981552 ], [ 123.420495969852951, 10.517264950981552 ], [ 123.420495969852951, 10.517222756614371 ], [ 123.420453054508727, 10.517222756614371 ], [ 123.420453054508727, 10.517138367862703 ], [ 123.420410139164488, 10.517138367862703 ], [ 123.420410139164488, 10.517096173478215 ], [ 123.42036722382025, 10.517096173478215 ], [ 123.42036722382025, 10.51705397908796 ], [ 123.42032430847604, 10.51705397908796 ], [ 123.42032430847604, 10.517011784691933 ], [ 123.420281393131802, 10.517011784691933 ], [ 123.420281393131802, 10.51696959029014 ], [ 123.420238477787564, 10.51696959029014 ], [ 123.420238477787564, 10.516885201469247 ], [ 123.420195562443325, 10.516885201469247 ], [ 123.420195562443325, 10.516758618194643 ], [ 123.420152647099115, 10.516758618194643 ], [ 123.420152647099115, 10.516632034868124 ], [ 123.420109731754849, 10.516632034868124 ], [ 123.420109731754849, 10.516547645954935 ], [ 123.42006681641061, 10.516547645954935 ], [ 123.42006681641061, 10.516378868059336 ], [ 123.420023901066401, 10.516378868059336 ], [ 123.420023901066401, 10.516252284577071 ], [ 123.42006681641061, 10.516252284577071 ], [ 123.42006681641061, 10.51616789556005 ], [ 123.420109731754849, 10.51616789556005 ], [ 123.420109731754849, 10.51608350651996 ], [ 123.420152647099115, 10.51608350651996 ], [ 123.420152647099115, 10.516041311991263 ], [ 123.420195562443325, 10.516041311991263 ], [ 123.420195562443325, 10.515956922916562 ], [ 123.420238477787564, 10.515956922916562 ], [ 123.420238477787564, 10.51587253381879 ], [ 123.420281393131802, 10.51587253381879 ], [ 123.420281393131802, 10.515830339261253 ], [ 123.42032430847604, 10.515830339261253 ], [ 123.42032430847604, 10.515788144697945 ], [ 123.42036722382025, 10.515788144697945 ], [ 123.42036722382025, 10.515745950128872 ], [ 123.420410139164488, 10.515745950128872 ], [ 123.420410139164488, 10.515703755554027 ], [ 123.420453054508727, 10.515703755554027 ], [ 123.420453054508727, 10.515661560973417 ], [ 123.420495969852951, 10.515661560973417 ], [ 123.420495969852951, 10.515619366387041 ], [ 123.420538885197189, 10.515619366387041 ], [ 123.420538885197189, 10.515577171794895 ], [ 123.420581800541427, 10.515577171794895 ], [ 123.420581800541427, 10.51553497719698 ], [ 123.420624715885637, 10.51553497719698 ], [ 123.420624715885637, 10.5154927825933 ], [ 123.420667631229875, 10.5154927825933 ], [ 123.420667631229875, 10.515450587983848 ], [ 123.420753461918352, 10.515450587983848 ], [ 123.420753461918352, 10.515408393368629 ], [ 123.420796377262562, 10.515408393368629 ], [ 123.420796377262562, 10.515366198747646 ], [ 123.420882207951038, 10.515366198747646 ], [ 123.420882207951038, 10.515324004120892 ], [ 123.420968038639515, 10.515324004120892 ], [ 123.420968038639515, 10.515281809488373 ], [ 123.421010953983739, 10.515281809488373 ], [ 123.421010953983739, 10.515239614850085 ], [ 123.421053869327963, 10.515239614850085 ], [ 123.421053869327963, 10.515197420206027 ], [ 123.421096784672216, 10.515197420206027 ], [ 123.421096784672216, 10.515155225556205 ], [ 123.421139700016454, 10.515155225556205 ], [ 123.421139700016454, 10.515113030900611 ], [ 123.421225530704902, 10.515113030900611 ], [ 123.421225530704902, 10.515070836239252 ], [ 123.42126844604914, 10.515070836239252 ], [ 123.42126844604914, 10.515028641572126 ], [ 123.421311361393379, 10.515028641572126 ], [ 123.421311361393379, 10.514986446899233 ], [ 123.421397192081855, 10.514986446899233 ], [ 123.421397192081855, 10.51494425222057 ], [ 123.421440107426065, 10.51494425222057 ], [ 123.421440107426065, 10.514902057536139 ], [ 123.421525938114527, 10.514902057536139 ], [ 123.421525938114527, 10.514859862845944 ], [ 123.421568853458766, 10.514859862845944 ], [ 123.421568853458766, 10.514817668149981 ], [ 123.421611768802975, 10.514817668149981 ], [ 123.421611768802975, 10.514775473448246 ], [ 123.421697599491452, 10.514775473448246 ], [ 123.421697599491452, 10.514733278740746 ], [ 123.42174051483569, 10.514733278740746 ], [ 123.42174051483569, 10.514691084027479 ], [ 123.421826345524167, 10.514691084027479 ], [ 123.421826345524167, 10.514648889308445 ], [ 123.421912176212615, 10.514648889308445 ], [ 123.421912176212615, 10.514606694583643 ], [ 123.421998006901092, 10.514606694583643 ], [ 123.421998006901092, 10.514564499853076 ], [ 123.422040922245301, 10.514564499853076 ], [ 123.422040922245301, 10.514522305116738 ], [ 123.422083837589554, 10.514522305116738 ], [ 123.422083837589554, 10.514480110374636 ], [ 123.422126752933764, 10.514480110374636 ], [ 123.422126752933764, 10.514437915626761 ], [ 123.42221258362224, 10.514437915626761 ], [ 123.42221258362224, 10.514395720873125 ], [ 123.422255498966479, 10.514395720873125 ], [ 123.422255498966479, 10.51435352611372 ], [ 123.422298414310717, 10.51435352611372 ], [ 123.422298414310717, 10.514311331348546 ], [ 123.422341329654955, 10.514311331348546 ], [ 123.422341329654955, 10.514269136577607 ], [ 123.422470075687642, 10.514269136577607 ], [ 123.422470075687642, 10.514226941800899 ], [ 123.422598821720328, 10.514226941800899 ], [ 123.422598821720328, 10.514184747018422 ], [ 123.42268465240879, 10.514184747018422 ], [ 123.42268465240879, 10.514142552230179 ], [ 123.422813398441505, 10.514142552230179 ], [ 123.422813398441505, 10.514100357436172 ], [ 123.422942144474192, 10.514100357436172 ], [ 123.422942144474192, 10.514058162636397 ], [ 123.423027975162668, 10.514058162636397 ], [ 123.423027975162668, 10.514015967830856 ], [ 123.423113805851116, 10.514015967830856 ], [ 123.423113805851116, 10.513973773019545 ], [ 123.423242551883817, 10.513973773019545 ], [ 123.423242551883817, 10.513931578202465 ], [ 123.423371297916532, 10.513931578202465 ], [ 123.423371297916532, 10.513889383379624 ], [ 123.423542959293457, 10.513889383379624 ], [ 123.423542959293457, 10.513847188551011 ], [ 123.423585874637681, 10.513847188551011 ], [ 123.423585874637681, 10.513804993716633 ], [ 123.423671705326129, 10.513804993716633 ], [ 123.423671705326129, 10.513762798876488 ], [ 123.423714620670367, 10.513762798876488 ], [ 123.423714620670367, 10.513720604030578 ], [ 123.423757536014605, 10.513720604030578 ], [ 123.423757536014605, 10.513678409178898 ], [ 123.423843366703053, 10.513678409178898 ], [ 123.423843366703053, 10.513636214321451 ], [ 123.42388628204732, 10.513636214321451 ], [ 123.42388628204732, 10.513594019458239 ], [ 123.423972112735768, 10.513594019458239 ], [ 123.423972112735768, 10.513551824589261 ], [ 123.424057943424245, 10.513551824589261 ], [ 123.424057943424245, 10.513509629714514 ], [ 123.424143774112707, 10.513509629714514 ], [ 123.424143774112707, 10.513467434834002 ], [ 123.424272520145394, 10.513467434834002 ], [ 123.424272520145394, 10.513425239947718 ], [ 123.424744588931944, 10.513425239947718 ], [ 123.424744588931944, 10.513383045055672 ], [ 123.425216657718508, 10.513383045055672 ], [ 123.425216657718508, 10.513425239947718 ], [ 123.425388319095447, 10.513425239947718 ], [ 123.425388319095447, 10.513383045055672 ], [ 123.425817472537759, 10.513383045055672 ], [ 123.425817472537759, 10.513425239947718 ], [ 123.42607496460316, 10.513425239947718 ], [ 123.42607496460316, 10.513467434834002 ], [ 123.426117879947398, 10.513467434834002 ], [ 123.426117879947398, 10.513762798876488 ], [ 123.426160795291608, 10.513762798876488 ], [ 123.426160795291608, 10.513804993716633 ], [ 123.426332456668547, 10.513804993716633 ], [ 123.426332456668547, 10.513847188551011 ], [ 123.426418287357023, 10.513847188551011 ], [ 123.426418287357023, 10.513889383379624 ], [ 123.426504118045472, 10.513889383379624 ], [ 123.426504118045472, 10.513973773019545 ], [ 123.42654703338971, 10.513973773019545 ], [ 123.42654703338971, 10.514184747018422 ], [ 123.426504118045472, 10.514184747018422 ], [ 123.426504118045472, 10.514226941800899 ], [ 123.426332456668547, 10.514226941800899 ], [ 123.426332456668547, 10.514311331348546 ], [ 123.426375372012785, 10.514311331348546 ], [ 123.426375372012785, 10.514395720873125 ], [ 123.426418287357023, 10.514395720873125 ], [ 123.426418287357023, 10.514437915626761 ], [ 123.426461202701233, 10.514437915626761 ], [ 123.426461202701233, 10.514480110374636 ], [ 123.426504118045472, 10.514480110374636 ], [ 123.426504118045472, 10.514522305116738 ], [ 123.42654703338971, 10.514522305116738 ], [ 123.42654703338971, 10.514564499853076 ], [ 123.426589948733948, 10.514564499853076 ], [ 123.426589948733948, 10.514648889308445 ], [ 123.426632864078186, 10.514648889308445 ], [ 123.426632864078186, 10.514691084027479 ], [ 123.426675779422425, 10.514691084027479 ], [ 123.426675779422425, 10.514733278740746 ], [ 123.426804525455097, 10.514733278740746 ], [ 123.426804525455097, 10.514775473448246 ], [ 123.426847440799335, 10.514775473448246 ], [ 123.426847440799335, 10.514733278740746 ], [ 123.426890356143545, 10.514733278740746 ], [ 123.426890356143545, 10.514775473448246 ], [ 123.427190763553213, 10.514775473448246 ], [ 123.427190763553213, 10.514648889308445 ], [ 123.427147848208946, 10.514648889308445 ], [ 123.427147848208946, 10.514564499853076 ], [ 123.427104932864736, 10.514564499853076 ], [ 123.427104932864736, 10.514522305116738 ], [ 123.427062017520498, 10.514522305116738 ], [ 123.427062017520498, 10.514480110374636 ], [ 123.426976186832022, 10.514480110374636 ], [ 123.426976186832022, 10.514522305116738 ], [ 123.426933271487812, 10.514522305116738 ], [ 123.426933271487812, 10.514564499853076 ], [ 123.426847440799335, 10.514564499853076 ], [ 123.426847440799335, 10.514100357436172 ], [ 123.426804525455097, 10.514100357436172 ], [ 123.426804525455097, 10.514015967830856 ], [ 123.426761610110873, 10.514015967830856 ], [ 123.426761610110873, 10.513973773019545 ], [ 123.426718694766635, 10.513973773019545 ], [ 123.426718694766635, 10.513889383379624 ], [ 123.426675779422425, 10.513889383379624 ], [ 123.426675779422425, 10.513847188551011 ], [ 123.426632864078186, 10.513847188551011 ], [ 123.426632864078186, 10.513804993716633 ], [ 123.426589948733948, 10.513804993716633 ], [ 123.426589948733948, 10.513720604030578 ], [ 123.42654703338971, 10.513720604030578 ], [ 123.42654703338971, 10.513678409178898 ], [ 123.426504118045472, 10.513678409178898 ], [ 123.426504118045472, 10.513636214321451 ], [ 123.426461202701233, 10.513636214321451 ], [ 123.426461202701233, 10.513594019458239 ], [ 123.426418287357023, 10.513594019458239 ], [ 123.426418287357023, 10.513551824589261 ], [ 123.426375372012785, 10.513551824589261 ], [ 123.426375372012785, 10.513509629714514 ], [ 123.426332456668547, 10.513509629714514 ], [ 123.426332456668547, 10.513467434834002 ], [ 123.426289541324309, 10.513467434834002 ], [ 123.426289541324309, 10.513383045055672 ], [ 123.426246625980085, 10.513383045055672 ], [ 123.426246625980085, 10.51334085015786 ], [ 123.426160795291608, 10.51334085015786 ], [ 123.426160795291608, 10.513298655254282 ], [ 123.426117879947398, 10.513298655254282 ], [ 123.426117879947398, 10.513256460344934 ], [ 123.42607496460316, 10.513256460344934 ], [ 123.42607496460316, 10.513172070508938 ], [ 123.426032049258922, 10.513172070508938 ], [ 123.426032049258922, 10.513087680649878 ], [ 123.42607496460316, 10.513087680649878 ], [ 123.42607496460316, 10.512834510934303 ], [ 123.426032049258922, 10.512834510934303 ], [ 123.426032049258922, 10.512750120982979 ], [ 123.425989133914683, 10.512750120982979 ], [ 123.425989133914683, 10.512665731008587 ], [ 123.425946218570473, 10.512665731008587 ], [ 123.425946218570473, 10.512412560947027 ], [ 123.425989133914683, 10.512412560947027 ], [ 123.425989133914683, 10.512370365916583 ], [ 123.42607496460316, 10.512370365916583 ], [ 123.42607496460316, 10.512328170880375 ], [ 123.426203710635846, 10.512328170880375 ], [ 123.426203710635846, 10.512370365916583 ], [ 123.426289541324309, 10.512370365916583 ], [ 123.426289541324309, 10.512412560947027 ], [ 123.426332456668547, 10.512412560947027 ], [ 123.426332456668547, 10.512707925998665 ], [ 123.426375372012785, 10.512707925998665 ], [ 123.426375372012785, 10.512792315961523 ], [ 123.426418287357023, 10.512792315961523 ], [ 123.426418287357023, 10.512834510934303 ], [ 123.42654703338971, 10.512834510934303 ], [ 123.42654703338971, 10.512876705901315 ], [ 123.427405340274362, 10.512876705901315 ], [ 123.427405340274362, 10.512918900862561 ], [ 123.428091985782075, 10.512918900862561 ], [ 123.428091985782075, 10.512876705901315 ], [ 123.428263647159, 10.512876705901315 ], [ 123.428263647159, 10.512918900862561 ], [ 123.428349477847476, 10.512918900862561 ], [ 123.428349477847476, 10.51296109581804 ], [ 123.428435308535938, 10.51296109581804 ], [ 123.428435308535938, 10.513003290767754 ], [ 123.428478223880177, 10.513003290767754 ], [ 123.428478223880177, 10.5130454857117 ], [ 123.428521139224387, 10.5130454857117 ], [ 123.428521139224387, 10.513129875582292 ], [ 123.428564054568625, 10.513129875582292 ], [ 123.428564054568625, 10.513172070508938 ], [ 123.428606969912863, 10.513172070508938 ], [ 123.428606969912863, 10.513256460344934 ], [ 123.428649885257101, 10.513256460344934 ], [ 123.428649885257101, 10.513298655254282 ], [ 123.428692800601311, 10.513298655254282 ], [ 123.428692800601311, 10.513383045055672 ], [ 123.428735715945578, 10.513383045055672 ], [ 123.428735715945578, 10.513425239947718 ], [ 123.428778631289788, 10.513425239947718 ], [ 123.428778631289788, 10.513467434834002 ], [ 123.428821546634026, 10.513467434834002 ], [ 123.428821546634026, 10.513509629714514 ], [ 123.428864461978264, 10.513509629714514 ], [ 123.428864461978264, 10.513594019458239 ], [ 123.428907377322489, 10.513594019458239 ], [ 123.428907377322489, 10.513636214321451 ], [ 123.428950292666713, 10.513636214321451 ], [ 123.428950292666713, 10.513678409178898 ], [ 123.428993208010965, 10.513678409178898 ], [ 123.428993208010965, 10.513762798876488 ], [ 123.429036123355175, 10.513762798876488 ], [ 123.429036123355175, 10.513804993716633 ], [ 123.429079038699413, 10.513804993716633 ], [ 123.429079038699413, 10.513847188551011 ], [ 123.429121954043651, 10.513847188551011 ], [ 123.429121954043651, 10.513889383379624 ], [ 123.42916486938789, 10.513889383379624 ], [ 123.42916486938789, 10.513931578202465 ], [ 123.4292077847321, 10.513931578202465 ], [ 123.4292077847321, 10.514015967830856 ], [ 123.429250700076338, 10.514015967830856 ], [ 123.429250700076338, 10.514058162636397 ], [ 123.429293615420576, 10.514058162636397 ], [ 123.429293615420576, 10.514142552230179 ], [ 123.429336530764814, 10.514142552230179 ], [ 123.429336530764814, 10.514184747018422 ], [ 123.429379446109053, 10.514184747018422 ], [ 123.429379446109053, 10.514269136577607 ], [ 123.429422361453277, 10.514269136577607 ], [ 123.429422361453277, 10.514311331348546 ], [ 123.429465276797515, 10.514311331348546 ], [ 123.429465276797515, 10.51435352611372 ], [ 123.429508192141725, 10.51435352611372 ], [ 123.429508192141725, 10.514437915626761 ], [ 123.429551107485963, 10.514437915626761 ], [ 123.429551107485963, 10.514480110374636 ], [ 123.429594022830202, 10.514480110374636 ], [ 123.429594022830202, 10.514522305116738 ], [ 123.42963693817444, 10.514522305116738 ], [ 123.42963693817444, 10.514564499853076 ], [ 123.429679853518678, 10.514564499853076 ], [ 123.429679853518678, 10.514606694583643 ], [ 123.429722768862916, 10.514606694583643 ], [ 123.429722768862916, 10.514648889308445 ], [ 123.429765684207126, 10.514648889308445 ], [ 123.429765684207126, 10.514733278740746 ], [ 123.429808599551365, 10.514733278740746 ], [ 123.429808599551365, 10.514817668149981 ], [ 123.429851514895603, 10.514817668149981 ], [ 123.429851514895603, 10.514902057536139 ], [ 123.429894430239841, 10.514902057536139 ], [ 123.429894430239841, 10.51494425222057 ], [ 123.429937345584065, 10.51494425222057 ], [ 123.429937345584065, 10.514986446899233 ], [ 123.429980260928303, 10.514986446899233 ], [ 123.429980260928303, 10.515028641572126 ], [ 123.430023176272513, 10.515028641572126 ], [ 123.430023176272513, 10.515070836239252 ], [ 123.430066091616752, 10.515070836239252 ], [ 123.430066091616752, 10.515155225556205 ], [ 123.43010900696099, 10.515155225556205 ], [ 123.43010900696099, 10.515197420206027 ], [ 123.430151922305228, 10.515197420206027 ], [ 123.430151922305228, 10.515324004120892 ], [ 123.430194837649438, 10.515324004120892 ], [ 123.430194837649438, 10.51553497719698 ], [ 123.430151922305228, 10.51553497719698 ], [ 123.430151922305228, 10.515661560973417 ], [ 123.43010900696099, 10.515661560973417 ], [ 123.43010900696099, 10.515703755554027 ], [ 123.430066091616752, 10.515703755554027 ], [ 123.430066091616752, 10.515788144697945 ], [ 123.430023176272513, 10.515788144697945 ], [ 123.430023176272513, 10.515830339261253 ], [ 123.429980260928303, 10.515830339261253 ], [ 123.429980260928303, 10.515956922916562 ], [ 123.429937345584065, 10.515956922916562 ], [ 123.429937345584065, 10.516041311991263 ], [ 123.429894430239841, 10.516041311991263 ], [ 123.429894430239841, 10.51612570104289 ], [ 123.429851514895603, 10.51612570104289 ], [ 123.429851514895603, 10.516252284577071 ], [ 123.429808599551365, 10.516252284577071 ], [ 123.429808599551365, 10.516421062541887 ], [ 123.429765684207126, 10.516421062541887 ], [ 123.429765684207126, 10.516547645954935 ], [ 123.429722768862916, 10.516547645954935 ], [ 123.429722768862916, 10.516716423758238 ], [ 123.429679853518678, 10.516716423758238 ], [ 123.429679853518678, 10.516885201469247 ], [ 123.42963693817444, 10.516885201469247 ], [ 123.42963693817444, 10.517011784691933 ], [ 123.429594022830202, 10.517011784691933 ], [ 123.429594022830202, 10.517096173478215 ], [ 123.429551107485963, 10.517096173478215 ], [ 123.429551107485963, 10.517138367862703 ], [ 123.429465276797515, 10.517138367862703 ], [ 123.429465276797515, 10.517222756614371 ], [ 123.429422361453277, 10.517222756614371 ], [ 123.429422361453277, 10.517729088639804 ], [ 123.429379446109053, 10.517729088639804 ], [ 123.429379446109053, 10.517897865797009 ], [ 123.429336530764814, 10.517897865797009 ], [ 123.429336530764814, 10.517982254340996 ], [ 123.429293615420576, 10.517982254340996 ], [ 123.429293615420576, 10.518066642861911 ], [ 123.429250700076338, 10.518066642861911 ], [ 123.429250700076338, 10.518193225600006 ], [ 123.4292077847321, 10.518193225600006 ], [ 123.4292077847321, 10.518277614063226 ], [ 123.42916486938789, 10.518277614063226 ], [ 123.42916486938789, 10.518362002503368 ], [ 123.429121954043651, 10.518362002503368 ], [ 123.429121954043651, 10.518446390920433 ], [ 123.429079038699413, 10.518446390920433 ], [ 123.429079038699413, 10.518488585120311 ], [ 123.429036123355175, 10.518488585120311 ], [ 123.429036123355175, 10.518530779314419 ], [ 123.428993208010965, 10.518530779314419 ], [ 123.428993208010965, 10.518615167685327 ], [ 123.428950292666713, 10.518615167685327 ], [ 123.428950292666713, 10.518657361862127 ], [ 123.428907377322489, 10.518657361862127 ], [ 123.428907377322489, 10.518741750198421 ], [ 123.428864461978264, 10.518741750198421 ], [ 123.428864461978264, 10.518783944357914 ], [ 123.428821546634026, 10.518783944357914 ], [ 123.428821546634026, 10.518868332659588 ], [ 123.428778631289788, 10.518868332659588 ], [ 123.428778631289788, 10.51891052680177 ], [ 123.428735715945578, 10.51891052680177 ], [ 123.428735715945578, 10.518952720938184 ], [ 123.428692800601311, 10.518952720938184 ], [ 123.428692800601311, 10.518994915068827 ], [ 123.428649885257101, 10.518994915068827 ], [ 123.428649885257101, 10.519037109193704 ], [ 123.428606969912863, 10.519037109193704 ], [ 123.428606969912863, 10.519079303312809 ], [ 123.428564054568625, 10.519079303312809 ], [ 123.428564054568625, 10.519163691533707 ], [ 123.428521139224387, 10.519163691533707 ], [ 123.428521139224387, 10.519248079731527 ], [ 123.428478223880177, 10.519248079731527 ], [ 123.428478223880177, 10.519332467906271 ], [ 123.428435308535938, 10.519332467906271 ], [ 123.428435308535938, 10.519374661984987 ], [ 123.4283923931917, 10.519374661984987 ], [ 123.4283923931917, 10.519416856057932 ], [ 123.428349477847476, 10.519416856057932 ], [ 123.428349477847476, 10.519459050125109 ], [ 123.428306562503238, 10.519459050125109 ], [ 123.428306562503238, 10.519501244186515 ], [ 123.428263647159, 10.519501244186515 ], [ 123.428263647159, 10.519543438242152 ], [ 123.428220731814761, 10.519543438242152 ], [ 123.428220731814761, 10.519585632292019 ], [ 123.428134901126313, 10.519585632292019 ], [ 123.428134901126313, 10.519627826336112 ], [ 123.428049070437837, 10.519627826336112 ], [ 123.428049070437837, 10.51967002037444 ], [ 123.42796323974936, 10.51967002037444 ], [ 123.42796323974936, 10.519712214406995 ], [ 123.42792032440515, 10.519712214406995 ], [ 123.42792032440515, 10.519754408433784 ], [ 123.427834493716674, 10.519754408433784 ], [ 123.427834493716674, 10.5197966024548 ], [ 123.42779157837245, 10.5197966024548 ], [ 123.42779157837245, 10.519838796470045 ], [ 123.427705747683973, 10.519838796470045 ], [ 123.427705747683973, 10.519880990479523 ], [ 123.427619916995525, 10.519880990479523 ], [ 123.427619916995525, 10.519923184483227 ], [ 123.427534086307048, 10.519923184483227 ], [ 123.427534086307048, 10.519965378481162 ], [ 123.427491170962838, 10.519965378481162 ], [ 123.427491170962838, 10.520007572473327 ], [ 123.427448255618572, 10.520007572473327 ], [ 123.427448255618572, 10.520049766459726 ], [ 123.427405340274362, 10.520049766459726 ], [ 123.427405340274362, 10.520091960440352 ], [ 123.427319509585885, 10.520091960440352 ], [ 123.427319509585885, 10.520134154415206 ], [ 123.427276594241661, 10.520134154415206 ], [ 123.427276594241661, 10.52017634838429 ], [ 123.427233678897423, 10.52017634838429 ], [ 123.427233678897423, 10.520218542347605 ], [ 123.427190763553213, 10.520218542347605 ], [ 123.427190763553213, 10.520260736305149 ], [ 123.427147848208946, 10.520260736305149 ], [ 123.427147848208946, 10.520302930256925 ], [ 123.427104932864736, 10.520302930256925 ], [ 123.427104932864736, 10.520345124202928 ], [ 123.42701910217626, 10.520345124202928 ], [ 123.42701910217626, 10.520387318143159 ], [ 123.426976186832022, 10.520387318143159 ], [ 123.426976186832022, 10.520429512077621 ], [ 123.426933271487812, 10.520429512077621 ], [ 123.426933271487812, 10.520471706006314 ], [ 123.426890356143545, 10.520471706006314 ], [ 123.426890356143545, 10.520556093846388 ], [ 123.427062017520498, 10.520556093846388 ], [ 123.427062017520498, 10.520513899929234 ], [ 123.427233678897423, 10.520513899929234 ], [ 123.427233678897423, 10.520471706006314 ], [ 123.427319509585885, 10.520471706006314 ], [ 123.427319509585885, 10.520429512077621 ], [ 123.427405340274362, 10.520429512077621 ], [ 123.427405340274362, 10.520387318143159 ], [ 123.427448255618572, 10.520387318143159 ], [ 123.427448255618572, 10.520345124202928 ], [ 123.427534086307048, 10.520345124202928 ], [ 123.427534086307048, 10.520302930256925 ], [ 123.427834493716674, 10.520302930256925 ], [ 123.427834493716674, 10.520345124202928 ], [ 123.428006155093598, 10.520345124202928 ], [ 123.428006155093598, 10.520387318143159 ], [ 123.428177816470551, 10.520387318143159 ], [ 123.428177816470551, 10.520429512077621 ], [ 123.428263647159, 10.520429512077621 ], [ 123.428263647159, 10.520471706006314 ], [ 123.428306562503238, 10.520471706006314 ], [ 123.428306562503238, 10.520513899929234 ], [ 123.4283923931917, 10.520513899929234 ], [ 123.4283923931917, 10.520556093846388 ], [ 123.428435308535938, 10.520556093846388 ], [ 123.428435308535938, 10.520598287757766 ], [ 123.428521139224387, 10.520598287757766 ], [ 123.428521139224387, 10.520640481663378 ], [ 123.428564054568625, 10.520640481663378 ], [ 123.428564054568625, 10.520682675563217 ], [ 123.428606969912863, 10.520682675563217 ], [ 123.428606969912863, 10.520724869457284 ], [ 123.428692800601311, 10.520724869457284 ], [ 123.428692800601311, 10.520767063345584 ], [ 123.428735715945578, 10.520767063345584 ], [ 123.428735715945578, 10.520809257228114 ], [ 123.428821546634026, 10.520809257228114 ], [ 123.428821546634026, 10.520851451104871 ], [ 123.428907377322489, 10.520851451104871 ], [ 123.428907377322489, 10.520893644975857 ], [ 123.428993208010965, 10.520893644975857 ], [ 123.428993208010965, 10.520935838841073 ], [ 123.429079038699413, 10.520935838841073 ], [ 123.429079038699413, 10.520978032700517 ], [ 123.429121954043651, 10.520978032700517 ], [ 123.429121954043651, 10.521020226554191 ], [ 123.42916486938789, 10.521020226554191 ], [ 123.42916486938789, 10.521062420402098 ], [ 123.4292077847321, 10.521062420402098 ], [ 123.4292077847321, 10.52110461424423 ], [ 123.429250700076338, 10.52110461424423 ], [ 123.429250700076338, 10.521231195736005 ], [ 123.429293615420576, 10.521231195736005 ], [ 123.429293615420576, 10.521526552348165 ], [ 123.429250700076338, 10.521526552348165 ], [ 123.429250700076338, 10.521610939899704 ], [ 123.4292077847321, 10.521610939899704 ], [ 123.4292077847321, 10.521653133666813 ], [ 123.42916486938789, 10.521653133666813 ], [ 123.42916486938789, 10.521737521183724 ], [ 123.429121954043651, 10.521737521183724 ], [ 123.429121954043651, 10.521864102415805 ], [ 123.429079038699413, 10.521864102415805 ], [ 123.429079038699413, 10.522032877311116 ], [ 123.429036123355175, 10.522032877311116 ], [ 123.429036123355175, 10.522159458421999 ], [ 123.428993208010965, 10.522159458421999 ], [ 123.428993208010965, 10.522201652114084 ], [ 123.428950292666713, 10.522201652114084 ], [ 123.428950292666713, 10.522286039480942 ], [ 123.428907377322489, 10.522286039480942 ], [ 123.428907377322489, 10.522328233155717 ], [ 123.428864461978264, 10.522328233155717 ], [ 123.428864461978264, 10.522412620487945 ], [ 123.428821546634026, 10.522412620487945 ], [ 123.428821546634026, 10.522497007797087 ], [ 123.428778631289788, 10.522497007797087 ], [ 123.428778631289788, 10.522581395083145 ], [ 123.428821546634026, 10.522581395083145 ], [ 123.428821546634026, 10.522623588717517 ], [ 123.428864461978264, 10.522623588717517 ], [ 123.428864461978264, 10.522581395083145 ], [ 123.428950292666713, 10.522581395083145 ], [ 123.428950292666713, 10.522539201443001 ], [ 123.428993208010965, 10.522539201443001 ], [ 123.428993208010965, 10.522497007797087 ], [ 123.429036123355175, 10.522497007797087 ], [ 123.429036123355175, 10.522454814145402 ], [ 123.429079038699413, 10.522454814145402 ], [ 123.429079038699413, 10.522412620487945 ], [ 123.429121954043651, 10.522412620487945 ], [ 123.429121954043651, 10.522370426824716 ], [ 123.42916486938789, 10.522370426824716 ], [ 123.42916486938789, 10.522328233155717 ], [ 123.4292077847321, 10.522328233155717 ], [ 123.4292077847321, 10.522243845800398 ], [ 123.429250700076338, 10.522243845800398 ], [ 123.429250700076338, 10.522201652114084 ], [ 123.429293615420576, 10.522201652114084 ], [ 123.429293615420576, 10.522117264724145 ], [ 123.429336530764814, 10.522117264724145 ], [ 123.429336530764814, 10.522032877311116 ], [ 123.429379446109053, 10.522032877311116 ], [ 123.429379446109053, 10.521990683595943 ], [ 123.429422361453277, 10.521990683595943 ], [ 123.429422361453277, 10.521906296148288 ], [ 123.429465276797515, 10.521906296148288 ], [ 123.429465276797515, 10.521821908677547 ], [ 123.429508192141725, 10.521821908677547 ], [ 123.429508192141725, 10.521779714933521 ], [ 123.429551107485963, 10.521779714933521 ], [ 123.429551107485963, 10.521695327428152 ], [ 123.429594022830202, 10.521695327428152 ], [ 123.429594022830202, 10.521653133666813 ], [ 123.42963693817444, 10.521653133666813 ], [ 123.42963693817444, 10.521610939899704 ], [ 123.429679853518678, 10.521610939899704 ], [ 123.429679853518678, 10.521568746126819 ], [ 123.429722768862916, 10.521568746126819 ], [ 123.429722768862916, 10.521484358563741 ], [ 123.429765684207126, 10.521484358563741 ], [ 123.429765684207126, 10.52139997097758 ], [ 123.429808599551365, 10.52139997097758 ], [ 123.429808599551365, 10.521315583368336 ], [ 123.429851514895603, 10.521315583368336 ], [ 123.429851514895603, 10.521231195736005 ], [ 123.429894430239841, 10.521231195736005 ], [ 123.429894430239841, 10.521189001911184 ], [ 123.429937345584065, 10.521189001911184 ], [ 123.429937345584065, 10.521146808080593 ], [ 123.429980260928303, 10.521146808080593 ], [ 123.429980260928303, 10.521062420402098 ], [ 123.430023176272513, 10.521062420402098 ], [ 123.430023176272513, 10.521020226554191 ], [ 123.430066091616752, 10.521020226554191 ], [ 123.430066091616752, 10.520935838841073 ], [ 123.43010900696099, 10.520935838841073 ], [ 123.43010900696099, 10.520851451104871 ], [ 123.430151922305228, 10.520851451104871 ], [ 123.430151922305228, 10.520682675563217 ], [ 123.430194837649438, 10.520682675563217 ], [ 123.430194837649438, 10.520598287757766 ], [ 123.430237752993705, 10.520598287757766 ], [ 123.430237752993705, 10.520513899929234 ], [ 123.430280668337915, 10.520513899929234 ], [ 123.430280668337915, 10.520429512077621 ], [ 123.430323583682153, 10.520429512077621 ], [ 123.430323583682153, 10.520345124202928 ], [ 123.430366499026391, 10.520345124202928 ], [ 123.430366499026391, 10.520302930256925 ], [ 123.430409414370629, 10.520302930256925 ], [ 123.430409414370629, 10.520218542347605 ], [ 123.430452329714853, 10.520218542347605 ], [ 123.430452329714853, 10.52017634838429 ], [ 123.430495245059078, 10.52017634838429 ], [ 123.430495245059078, 10.520091960440352 ], [ 123.43053816040333, 10.520091960440352 ], [ 123.43053816040333, 10.520049766459726 ], [ 123.43058107574754, 10.520049766459726 ], [ 123.43058107574754, 10.520007572473327 ], [ 123.430623991091778, 10.520007572473327 ], [ 123.430623991091778, 10.519965378481162 ], [ 123.430666906436016, 10.519965378481162 ], [ 123.430666906436016, 10.519923184483227 ], [ 123.430709821780255, 10.519923184483227 ], [ 123.430709821780255, 10.519880990479523 ], [ 123.430752737124465, 10.519880990479523 ], [ 123.430752737124465, 10.519838796470045 ], [ 123.430795652468731, 10.519838796470045 ], [ 123.430795652468731, 10.519754408433784 ], [ 123.430838567812941, 10.519754408433784 ], [ 123.430838567812941, 10.519627826336112 ], [ 123.430881483157179, 10.519627826336112 ], [ 123.430881483157179, 10.519543438242152 ], [ 123.430924398501418, 10.519543438242152 ], [ 123.430924398501418, 10.519501244186515 ], [ 123.430967313845642, 10.519501244186515 ], [ 123.430967313845642, 10.519416856057932 ], [ 123.431010229189866, 10.519416856057932 ], [ 123.431010229189866, 10.519332467906271 ], [ 123.43105314453409, 10.519332467906271 ], [ 123.43105314453409, 10.519290273821783 ], [ 123.431096059878328, 10.519290273821783 ], [ 123.431096059878328, 10.519248079731527 ], [ 123.431138975222567, 10.519248079731527 ], [ 123.431138975222567, 10.519205885635502 ], [ 123.431181890566805, 10.519205885635502 ], [ 123.431181890566805, 10.519121497426143 ], [ 123.431224805911043, 10.519121497426143 ], [ 123.431224805911043, 10.519037109193704 ], [ 123.431267721255253, 10.519037109193704 ], [ 123.431267721255253, 10.518994915068827 ], [ 123.431310636599491, 10.518994915068827 ], [ 123.431310636599491, 10.51891052680177 ], [ 123.431353551943729, 10.51891052680177 ], [ 123.431353551943729, 10.518868332659588 ], [ 123.431396467287968, 10.518868332659588 ], [ 123.431396467287968, 10.518783944357914 ], [ 123.431439382632178, 10.518783944357914 ], [ 123.431439382632178, 10.518741750198421 ], [ 123.43148229797643, 10.518741750198421 ], [ 123.43148229797643, 10.518657361862127 ], [ 123.431525213320668, 10.518657361862127 ], [ 123.431525213320668, 10.518572973502758 ], [ 123.431568128664878, 10.518572973502758 ], [ 123.431568128664878, 10.518530779314419 ], [ 123.431611044009117, 10.518530779314419 ], [ 123.431611044009117, 10.518446390920433 ], [ 123.431653959353355, 10.518446390920433 ], [ 123.431653959353355, 10.518277614063226 ], [ 123.431696874697593, 10.518277614063226 ], [ 123.431696874697593, 10.518151031359743 ], [ 123.431739790041803, 10.518151031359743 ], [ 123.431739790041803, 10.51810883711371 ], [ 123.43178270538607, 10.51810883711371 ], [ 123.43178270538607, 10.518066642861911 ], [ 123.43182562073028, 10.518066642861911 ], [ 123.43182562073028, 10.517982254340996 ], [ 123.431868536074518, 10.517982254340996 ], [ 123.431868536074518, 10.517940060071888 ], [ 123.431911451418756, 10.517940060071888 ], [ 123.431911451418756, 10.517897865797009 ], [ 123.431954366762994, 10.517897865797009 ], [ 123.431954366762994, 10.517855671516363 ], [ 123.431997282107204, 10.517855671516363 ], [ 123.431997282107204, 10.517813477229947 ], [ 123.432040197451457, 10.517813477229947 ], [ 123.432040197451457, 10.517729088639804 ], [ 123.432126028139905, 10.517729088639804 ], [ 123.432126028139905, 10.51768689433608 ], [ 123.432211858828381, 10.51768689433608 ], [ 123.432211858828381, 10.517644700026588 ], [ 123.432426435549544, 10.517644700026588 ], [ 123.432426435549544, 10.517602505711327 ], [ 123.432769758303408, 10.517602505711327 ], [ 123.432769758303408, 10.517560311390296 ], [ 123.432812673647618, 10.517560311390296 ], [ 123.432812673647618, 10.517518117063497 ], [ 123.432769758303408, 10.517518117063497 ], [ 123.432769758303408, 10.517433728392589 ], [ 123.43272684295917, 10.517433728392589 ], [ 123.43272684295917, 10.517349339698608 ], [ 123.432683927614931, 10.517349339698608 ], [ 123.432683927614931, 10.517307145342967 ], [ 123.432555181582231, 10.517307145342967 ], [ 123.432555181582231, 10.517349339698608 ], [ 123.432512266238021, 10.517349339698608 ], [ 123.432512266238021, 10.517433728392589 ], [ 123.432469350893783, 10.517433728392589 ], [ 123.432469350893783, 10.517475922730927 ], [ 123.432383520205306, 10.517475922730927 ], [ 123.432383520205306, 10.517433728392589 ], [ 123.432340604861068, 10.517433728392589 ], [ 123.432340604861068, 10.517264950981552 ], [ 123.432383520205306, 10.517264950981552 ], [ 123.432383520205306, 10.517180562241421 ], [ 123.432426435549544, 10.517180562241421 ], [ 123.432426435549544, 10.51705397908796 ], [ 123.432469350893783, 10.51705397908796 ], [ 123.432469350893783, 10.51696959029014 ], [ 123.432512266238021, 10.51696959029014 ], [ 123.432512266238021, 10.516885201469247 ], [ 123.432555181582231, 10.516885201469247 ], [ 123.432555181582231, 10.516716423758238 ], [ 123.432598096926469, 10.516716423758238 ], [ 123.432598096926469, 10.516674229316063 ], [ 123.432641012270693, 10.516674229316063 ], [ 123.432641012270693, 10.516589840414413 ], [ 123.432683927614931, 10.516589840414413 ], [ 123.432683927614931, 10.516547645954935 ], [ 123.43272684295917, 10.516547645954935 ], [ 123.43272684295917, 10.516463257018669 ], [ 123.432769758303408, 10.516463257018669 ], [ 123.432769758303408, 10.516421062541887 ], [ 123.432812673647618, 10.516421062541887 ], [ 123.432812673647618, 10.516336673571015 ], [ 123.432855588991856, 10.516336673571015 ], [ 123.432855588991856, 10.516252284577071 ], [ 123.432898504336094, 10.516252284577071 ], [ 123.432898504336094, 10.51616789556005 ], [ 123.432941419680333, 10.51616789556005 ], [ 123.432941419680333, 10.51612570104289 ], [ 123.432984335024571, 10.51612570104289 ], [ 123.432984335024571, 10.51608350651996 ], [ 123.433027250368809, 10.51608350651996 ], [ 123.433027250368809, 10.516041311991263 ], [ 123.433070165713019, 10.516041311991263 ], [ 123.433070165713019, 10.515999117456797 ], [ 123.433113081057257, 10.515999117456797 ], [ 123.433113081057257, 10.515956922916562 ], [ 123.433155996401482, 10.515956922916562 ], [ 123.433155996401482, 10.515914728370559 ], [ 123.43319891174572, 10.515914728370559 ], [ 123.43319891174572, 10.51587253381879 ], [ 123.43324182708993, 10.51587253381879 ], [ 123.43324182708993, 10.515788144697945 ], [ 123.433284742434196, 10.515788144697945 ], [ 123.433284742434196, 10.515703755554027 ], [ 123.433327657778406, 10.515703755554027 ], [ 123.433327657778406, 10.515661560973417 ], [ 123.433370573122644, 10.515661560973417 ], [ 123.433370573122644, 10.515619366387041 ], [ 123.433413488466883, 10.515619366387041 ], [ 123.433413488466883, 10.51553497719698 ], [ 123.433456403811121, 10.51553497719698 ], [ 123.433456403811121, 10.515450587983848 ], [ 123.433499319155331, 10.515450587983848 ], [ 123.433499319155331, 10.515408393368629 ], [ 123.433542234499569, 10.515408393368629 ], [ 123.433542234499569, 10.515366198747646 ], [ 123.433585149843822, 10.515366198747646 ], [ 123.433585149843822, 10.515281809488373 ], [ 123.433628065188046, 10.515281809488373 ], [ 123.433628065188046, 10.515239614850085 ], [ 123.43367098053227, 10.515239614850085 ], [ 123.43367098053227, 10.515197420206027 ], [ 123.433713895876508, 10.515197420206027 ], [ 123.433713895876508, 10.515155225556205 ], [ 123.433756811220746, 10.515155225556205 ], [ 123.433756811220746, 10.515070836239252 ], [ 123.433799726564956, 10.515070836239252 ], [ 123.433799726564956, 10.515028641572126 ], [ 123.433842641909223, 10.515028641572126 ], [ 123.433842641909223, 10.51494425222057 ], [ 123.433885557253433, 10.51494425222057 ], [ 123.433885557253433, 10.514902057536139 ], [ 123.433928472597671, 10.514902057536139 ], [ 123.433928472597671, 10.514859862845944 ], [ 123.433971387941909, 10.514859862845944 ], [ 123.433971387941909, 10.514817668149981 ], [ 123.434014303286148, 10.514817668149981 ], [ 123.434014303286148, 10.514733278740746 ], [ 123.434057218630358, 10.514733278740746 ], [ 123.434057218630358, 10.514564499853076 ], [ 123.434100133974596, 10.514564499853076 ], [ 123.434100133974596, 10.514480110374636 ], [ 123.434143049318834, 10.514480110374636 ], [ 123.434143049318834, 10.514395720873125 ], [ 123.434185964663058, 10.514395720873125 ], [ 123.434185964663058, 10.51435352611372 ], [ 123.434228880007296, 10.51435352611372 ], [ 123.434228880007296, 10.514311331348546 ], [ 123.434271795351535, 10.514311331348546 ], [ 123.434271795351535, 10.514269136577607 ], [ 123.434357626039983, 10.514269136577607 ], [ 123.434357626039983, 10.514226941800899 ], [ 123.434400541384221, 10.514226941800899 ], [ 123.434400541384221, 10.514184747018422 ], [ 123.434486372072669, 10.514184747018422 ], [ 123.434486372072669, 10.514142552230179 ], [ 123.435044271547696, 10.514142552230179 ], [ 123.435044271547696, 10.514184747018422 ], [ 123.435344678957321, 10.514184747018422 ], [ 123.435344678957321, 10.514226941800899 ], [ 123.435430509645798, 10.514226941800899 ], [ 123.435430509645798, 10.514269136577607 ], [ 123.435516340334274, 10.514269136577607 ], [ 123.435516340334274, 10.514311331348546 ], [ 123.435559255678484, 10.514311331348546 ], [ 123.435559255678484, 10.51435352611372 ], [ 123.435602171022722, 10.51435352611372 ], [ 123.435602171022722, 10.514395720873125 ], [ 123.435645086366989, 10.514395720873125 ], [ 123.435645086366989, 10.514437915626761 ], [ 123.435688001711199, 10.514437915626761 ], [ 123.435688001711199, 10.514480110374636 ], [ 123.435730917055423, 10.514480110374636 ], [ 123.435730917055423, 10.514564499853076 ], [ 123.435773832399661, 10.514564499853076 ], [ 123.435773832399661, 10.514733278740746 ], [ 123.4358167477439, 10.514733278740746 ], [ 123.4358167477439, 10.514817668149981 ], [ 123.435945493776586, 10.514817668149981 ], [ 123.435945493776586, 10.514775473448246 ], [ 123.436031324465063, 10.514775473448246 ], [ 123.436031324465063, 10.514733278740746 ], [ 123.436202985841987, 10.514733278740746 ], [ 123.436202985841987, 10.514775473448246 ], [ 123.436374647218898, 10.514775473448246 ], [ 123.436374647218898, 10.514817668149981 ], [ 123.436417562563136, 10.514817668149981 ], [ 123.436417562563136, 10.514859862845944 ], [ 123.436460477907374, 10.514859862845944 ], [ 123.436460477907374, 10.514902057536139 ], [ 123.436417562563136, 10.514902057536139 ], [ 123.436417562563136, 10.515028641572126 ], [ 123.436460477907374, 10.515028641572126 ], [ 123.436460477907374, 10.515070836239252 ], [ 123.436760885317014, 10.515070836239252 ], [ 123.436760885317014, 10.515113030900611 ], [ 123.436932546693924, 10.515113030900611 ], [ 123.436932546693924, 10.515155225556205 ], [ 123.437061292726639, 10.515155225556205 ], [ 123.437061292726639, 10.515197420206027 ], [ 123.437147123415087, 10.515197420206027 ], [ 123.437147123415087, 10.515239614850085 ], [ 123.437232954103564, 10.515239614850085 ], [ 123.437232954103564, 10.515281809488373 ], [ 123.437318784792026, 10.515281809488373 ], [ 123.437318784792026, 10.515324004120892 ], [ 123.437404615480474, 10.515324004120892 ], [ 123.437404615480474, 10.515366198747646 ], [ 123.437447530824713, 10.515366198747646 ], [ 123.437447530824713, 10.515408393368629 ], [ 123.437490446168951, 10.515408393368629 ], [ 123.437490446168951, 10.515450587983848 ], [ 123.437533361513161, 10.515450587983848 ], [ 123.437533361513161, 10.5154927825933 ], [ 123.437619192201637, 10.5154927825933 ], [ 123.437619192201637, 10.51612570104289 ], [ 123.437576276857428, 10.51612570104289 ], [ 123.437576276857428, 10.516294479076926 ], [ 123.437533361513161, 10.516294479076926 ], [ 123.437533361513161, 10.516378868059336 ], [ 123.437490446168951, 10.516378868059336 ], [ 123.437490446168951, 10.516463257018669 ], [ 123.437447530824713, 10.516463257018669 ], [ 123.437447530824713, 10.516632034868124 ], [ 123.437404615480474, 10.516632034868124 ], [ 123.437404615480474, 10.516716423758238 ], [ 123.43736170013625, 10.516716423758238 ], [ 123.43736170013625, 10.516758618194643 ], [ 123.437318784792026, 10.516758618194643 ], [ 123.437318784792026, 10.516843007050149 ], [ 123.437275869447802, 10.516843007050149 ], [ 123.437275869447802, 10.516885201469247 ], [ 123.437232954103564, 10.516885201469247 ], [ 123.437232954103564, 10.51696959029014 ], [ 123.437190038759326, 10.51696959029014 ], [ 123.437190038759326, 10.51705397908796 ], [ 123.437147123415087, 10.51705397908796 ], [ 123.437147123415087, 10.517180562241421 ], [ 123.437104208070849, 10.517180562241421 ], [ 123.437104208070849, 10.517307145342967 ], [ 123.437061292726639, 10.517307145342967 ], [ 123.437061292726639, 10.517391534048484 ], [ 123.437018377382401, 10.517391534048484 ], [ 123.437018377382401, 10.517475922730927 ], [ 123.436975462038163, 10.517475922730927 ], [ 123.436975462038163, 10.517560311390296 ], [ 123.436932546693924, 10.517560311390296 ], [ 123.436932546693924, 10.517644700026588 ], [ 123.436889631349715, 10.517644700026588 ], [ 123.436889631349715, 10.517729088639804 ], [ 123.436846716005448, 10.517729088639804 ], [ 123.436846716005448, 10.51777128293776 ], [ 123.436803800661238, 10.51777128293776 ], [ 123.436803800661238, 10.517855671516363 ], [ 123.436760885317014, 10.517855671516363 ], [ 123.436760885317014, 10.517982254340996 ], [ 123.436717969972776, 10.517982254340996 ], [ 123.436717969972776, 10.51810883711371 ], [ 123.436675054628537, 10.51810883711371 ], [ 123.436675054628537, 10.518151031359743 ], [ 123.436632139284328, 10.518151031359743 ], [ 123.436632139284328, 10.5182354198345 ], [ 123.436589223940061, 10.5182354198345 ], [ 123.436589223940061, 10.518277614063226 ], [ 123.436546308595823, 10.518277614063226 ], [ 123.436546308595823, 10.518319808286179 ], [ 123.436503393251613, 10.518319808286179 ], [ 123.436503393251613, 10.518404196714785 ], [ 123.436460477907374, 10.518404196714785 ], [ 123.436460477907374, 10.518488585120311 ], [ 123.436417562563136, 10.518488585120311 ], [ 123.436417562563136, 10.518615167685327 ], [ 123.436374647218898, 10.518615167685327 ], [ 123.436374647218898, 10.518741750198421 ], [ 123.436331731874688, 10.518741750198421 ], [ 123.436331731874688, 10.518826138511637 ], [ 123.436288816530435, 10.518826138511637 ], [ 123.436288816530435, 10.518994915068827 ], [ 123.436245901186226, 10.518994915068827 ], [ 123.436245901186226, 10.519121497426143 ], [ 123.436202985841987, 10.519121497426143 ], [ 123.436202985841987, 10.519290273821783 ], [ 123.436160070497749, 10.519290273821783 ], [ 123.436160070497749, 10.519374661984987 ], [ 123.436117155153511, 10.519374661984987 ], [ 123.436117155153511, 10.519459050125109 ], [ 123.436074239809301, 10.519459050125109 ], [ 123.436074239809301, 10.519543438242152 ], [ 123.436031324465063, 10.519543438242152 ], [ 123.436031324465063, 10.519585632292019 ], [ 123.435902578432348, 10.519585632292019 ], [ 123.435902578432348, 10.519627826336112 ], [ 123.43585966308811, 10.519627826336112 ], [ 123.43585966308811, 10.519585632292019 ], [ 123.435773832399661, 10.519585632292019 ], [ 123.435773832399661, 10.519501244186515 ], [ 123.435730917055423, 10.519501244186515 ], [ 123.435730917055423, 10.519416856057932 ], [ 123.435688001711199, 10.519416856057932 ], [ 123.435688001711199, 10.519332467906271 ], [ 123.435645086366989, 10.519332467906271 ], [ 123.435645086366989, 10.519290273821783 ], [ 123.435602171022722, 10.519290273821783 ], [ 123.435602171022722, 10.519248079731527 ], [ 123.435559255678484, 10.519248079731527 ], [ 123.435559255678484, 10.519205885635502 ], [ 123.435473424990036, 10.519205885635502 ], [ 123.435473424990036, 10.519163691533707 ], [ 123.435430509645798, 10.519163691533707 ], [ 123.435430509645798, 10.519121497426143 ], [ 123.435344678957321, 10.519121497426143 ], [ 123.435344678957321, 10.519079303312809 ], [ 123.435301763613083, 10.519079303312809 ], [ 123.435301763613083, 10.519037109193704 ], [ 123.435258848268873, 10.519037109193704 ], [ 123.435258848268873, 10.518994915068827 ], [ 123.435173017580411, 10.518994915068827 ], [ 123.435173017580411, 10.518952720938184 ], [ 123.435130102236172, 10.518952720938184 ], [ 123.435130102236172, 10.51891052680177 ], [ 123.435044271547696, 10.51891052680177 ], [ 123.435044271547696, 10.518868332659588 ], [ 123.434958440859248, 10.518868332659588 ], [ 123.434958440859248, 10.518826138511637 ], [ 123.434872610170771, 10.518826138511637 ], [ 123.434872610170771, 10.518783944357914 ], [ 123.434743864138085, 10.518783944357914 ], [ 123.434743864138085, 10.518741750198421 ], [ 123.434658033449622, 10.518741750198421 ], [ 123.434658033449622, 10.518699556033159 ], [ 123.434615118105384, 10.518699556033159 ], [ 123.434615118105384, 10.518657361862127 ], [ 123.434572202761174, 10.518657361862127 ], [ 123.434572202761174, 10.518615167685327 ], [ 123.434486372072669, 10.518615167685327 ], [ 123.434486372072669, 10.518572973502758 ], [ 123.434400541384221, 10.518572973502758 ], [ 123.434400541384221, 10.518530779314419 ], [ 123.434357626039983, 10.518530779314419 ], [ 123.434357626039983, 10.518488585120311 ], [ 123.434271795351535, 10.518488585120311 ], [ 123.434271795351535, 10.518446390920433 ], [ 123.434228880007296, 10.518446390920433 ], [ 123.434228880007296, 10.518404196714785 ], [ 123.434143049318834, 10.518404196714785 ], [ 123.434143049318834, 10.518362002503368 ], [ 123.434100133974596, 10.518362002503368 ], [ 123.434100133974596, 10.518319808286179 ], [ 123.434014303286148, 10.518319808286179 ], [ 123.434014303286148, 10.518277614063226 ], [ 123.433928472597671, 10.518277614063226 ], [ 123.433928472597671, 10.5182354198345 ], [ 123.433885557253433, 10.5182354198345 ], [ 123.433885557253433, 10.518319808286179 ], [ 123.433928472597671, 10.518319808286179 ], [ 123.433928472597671, 10.518362002503368 ], [ 123.433971387941909, 10.518362002503368 ], [ 123.433971387941909, 10.518404196714785 ], [ 123.434014303286148, 10.518404196714785 ], [ 123.434014303286148, 10.518446390920433 ], [ 123.434057218630358, 10.518446390920433 ], [ 123.434057218630358, 10.518488585120311 ], [ 123.434143049318834, 10.518488585120311 ], [ 123.434143049318834, 10.518530779314419 ], [ 123.434185964663058, 10.518530779314419 ], [ 123.434185964663058, 10.518572973502758 ], [ 123.434228880007296, 10.518572973502758 ], [ 123.434228880007296, 10.518615167685327 ], [ 123.434271795351535, 10.518615167685327 ], [ 123.434271795351535, 10.518657361862127 ], [ 123.434314710695745, 10.518657361862127 ], [ 123.434314710695745, 10.518699556033159 ], [ 123.434357626039983, 10.518699556033159 ], [ 123.434357626039983, 10.518741750198421 ], [ 123.434443456728459, 10.518741750198421 ], [ 123.434443456728459, 10.518783944357914 ], [ 123.434486372072669, 10.518783944357914 ], [ 123.434486372072669, 10.518826138511637 ], [ 123.434529287416936, 10.518826138511637 ], [ 123.434529287416936, 10.518868332659588 ], [ 123.434572202761174, 10.518868332659588 ], [ 123.434572202761174, 10.51891052680177 ], [ 123.434615118105384, 10.51891052680177 ], [ 123.434615118105384, 10.518952720938184 ], [ 123.434658033449622, 10.518952720938184 ], [ 123.434658033449622, 10.518994915068827 ], [ 123.434700948793846, 10.518994915068827 ], [ 123.434700948793846, 10.519037109193704 ], [ 123.434743864138085, 10.519037109193704 ], [ 123.434743864138085, 10.519079303312809 ], [ 123.434786779482323, 10.519079303312809 ], [ 123.434786779482323, 10.519121497426143 ], [ 123.434872610170771, 10.519121497426143 ], [ 123.434872610170771, 10.519163691533707 ], [ 123.434915525515009, 10.519163691533707 ], [ 123.434915525515009, 10.519205885635502 ], [ 123.435001356203486, 10.519205885635502 ], [ 123.435001356203486, 10.519248079731527 ], [ 123.435044271547696, 10.519248079731527 ], [ 123.435044271547696, 10.519290273821783 ], [ 123.435087186891963, 10.519290273821783 ], [ 123.435087186891963, 10.519332467906271 ], [ 123.435130102236172, 10.519332467906271 ], [ 123.435130102236172, 10.519374661984987 ], [ 123.435173017580411, 10.519374661984987 ], [ 123.435173017580411, 10.519416856057932 ], [ 123.435215932924635, 10.519416856057932 ], [ 123.435215932924635, 10.519459050125109 ], [ 123.435258848268873, 10.519459050125109 ], [ 123.435258848268873, 10.519501244186515 ], [ 123.435344678957321, 10.519501244186515 ], [ 123.435344678957321, 10.519543438242152 ], [ 123.435387594301559, 10.519543438242152 ], [ 123.435387594301559, 10.519585632292019 ], [ 123.435430509645798, 10.519585632292019 ], [ 123.435430509645798, 10.519627826336112 ], [ 123.435473424990036, 10.519627826336112 ], [ 123.435473424990036, 10.51967002037444 ], [ 123.435516340334274, 10.51967002037444 ], [ 123.435516340334274, 10.519712214406995 ], [ 123.435602171022722, 10.519712214406995 ], [ 123.435602171022722, 10.519754408433784 ], [ 123.435688001711199, 10.519754408433784 ], [ 123.435688001711199, 10.5197966024548 ], [ 123.435730917055423, 10.5197966024548 ], [ 123.435730917055423, 10.520134154415206 ], [ 123.435688001711199, 10.520134154415206 ], [ 123.435688001711199, 10.520218542347605 ], [ 123.435645086366989, 10.520218542347605 ], [ 123.435645086366989, 10.520302930256925 ], [ 123.435602171022722, 10.520302930256925 ], [ 123.435602171022722, 10.520387318143159 ], [ 123.435559255678484, 10.520387318143159 ], [ 123.435559255678484, 10.520513899929234 ], [ 123.435516340334274, 10.520513899929234 ], [ 123.435516340334274, 10.520556093846388 ], [ 123.435473424990036, 10.520556093846388 ], [ 123.435473424990036, 10.520640481663378 ], [ 123.435430509645798, 10.520640481663378 ], [ 123.435430509645798, 10.520682675563217 ], [ 123.435387594301559, 10.520682675563217 ], [ 123.435387594301559, 10.520767063345584 ], [ 123.435344678957321, 10.520767063345584 ], [ 123.435344678957321, 10.520851451104871 ], [ 123.435301763613083, 10.520851451104871 ], [ 123.435301763613083, 10.520935838841073 ], [ 123.435258848268873, 10.520935838841073 ], [ 123.435258848268873, 10.520978032700517 ], [ 123.435215932924635, 10.520978032700517 ], [ 123.435215932924635, 10.521062420402098 ], [ 123.435173017580411, 10.521062420402098 ], [ 123.435173017580411, 10.521146808080593 ], [ 123.435130102236172, 10.521146808080593 ], [ 123.435130102236172, 10.521189001911184 ], [ 123.435087186891963, 10.521189001911184 ], [ 123.435087186891963, 10.521273389555054 ], [ 123.435044271547696, 10.521273389555054 ], [ 123.435044271547696, 10.521315583368336 ], [ 123.435001356203486, 10.521315583368336 ], [ 123.435001356203486, 10.52139997097758 ], [ 123.434958440859248, 10.52139997097758 ], [ 123.434958440859248, 10.521442164773546 ], [ 123.434915525515009, 10.521442164773546 ], [ 123.434915525515009, 10.521484358563741 ], [ 123.434872610170771, 10.521484358563741 ], [ 123.434872610170771, 10.521568746126819 ], [ 123.434829694826561, 10.521568746126819 ], [ 123.434829694826561, 10.521610939899704 ], [ 123.434786779482323, 10.521610939899704 ], [ 123.434786779482323, 10.521653133666813 ], [ 123.434743864138085, 10.521653133666813 ], [ 123.434743864138085, 10.521695327428152 ], [ 123.434658033449622, 10.521695327428152 ], [ 123.434658033449622, 10.521737521183724 ], [ 123.434529287416936, 10.521737521183724 ], [ 123.434529287416936, 10.521779714933521 ], [ 123.434271795351535, 10.521779714933521 ], [ 123.434271795351535, 10.521737521183724 ], [ 123.434057218630358, 10.521737521183724 ], [ 123.434057218630358, 10.521695327428152 ], [ 123.433799726564956, 10.521695327428152 ], [ 123.433799726564956, 10.521737521183724 ], [ 123.43367098053227, 10.521737521183724 ], [ 123.43367098053227, 10.521779714933521 ], [ 123.433542234499569, 10.521779714933521 ], [ 123.433542234499569, 10.521821908677547 ], [ 123.433456403811121, 10.521821908677547 ], [ 123.433456403811121, 10.521864102415805 ], [ 123.433413488466883, 10.521864102415805 ], [ 123.433413488466883, 10.521906296148288 ], [ 123.433370573122644, 10.521906296148288 ], [ 123.433370573122644, 10.521948489875001 ], [ 123.433327657778406, 10.521948489875001 ], [ 123.433327657778406, 10.522032877311116 ], [ 123.433284742434196, 10.522032877311116 ], [ 123.433284742434196, 10.522117264724145 ], [ 123.43324182708993, 10.522117264724145 ], [ 123.43324182708993, 10.522159458421999 ], [ 123.43319891174572, 10.522159458421999 ], [ 123.43319891174572, 10.522243845800398 ], [ 123.433155996401482, 10.522243845800398 ], [ 123.433155996401482, 10.522328233155717 ], [ 123.433113081057257, 10.522328233155717 ], [ 123.433113081057257, 10.522370426824716 ], [ 123.433070165713019, 10.522370426824716 ], [ 123.433070165713019, 10.522412620487945 ], [ 123.433027250368809, 10.522412620487945 ], [ 123.433027250368809, 10.522454814145402 ], [ 123.432984335024571, 10.522454814145402 ], [ 123.432984335024571, 10.522539201443001 ], [ 123.432941419680333, 10.522539201443001 ], [ 123.432941419680333, 10.522581395083145 ], [ 123.432898504336094, 10.522581395083145 ], [ 123.432898504336094, 10.522665782346117 ], [ 123.432855588991856, 10.522665782346117 ], [ 123.432855588991856, 10.522792363197285 ], [ 123.432812673647618, 10.522792363197285 ], [ 123.432812673647618, 10.523087718314674 ], [ 123.432769758303408, 10.523087718314674 ], [ 123.432769758303408, 10.523129911879783 ], [ 123.432812673647618, 10.523129911879783 ], [ 123.432812673647618, 10.523636234210905 ], [ 123.432769758303408, 10.523636234210905 ], [ 123.432769758303408, 10.523678427700981 ], [ 123.43272684295917, 10.523678427700981 ], [ 123.43272684295917, 10.523720621185284 ], [ 123.432683927614931, 10.523720621185284 ], [ 123.432683927614931, 10.523762814663815 ], [ 123.432641012270693, 10.523762814663815 ], [ 123.432641012270693, 10.523805008136573 ], [ 123.432598096926469, 10.523805008136573 ], [ 123.432598096926469, 10.523847201603559 ], [ 123.432512266238021, 10.523847201603559 ], [ 123.432512266238021, 10.523889395064778 ], [ 123.432426435549544, 10.523889395064778 ], [ 123.432426435549544, 10.523931588520218 ], [ 123.432340604861068, 10.523931588520218 ], [ 123.432340604861068, 10.523973781969888 ], [ 123.432211858828381, 10.523973781969888 ], [ 123.432211858828381, 10.524015975413784 ], [ 123.432126028139905, 10.524015975413784 ], [ 123.432126028139905, 10.52405816885191 ], [ 123.431868536074518, 10.52405816885191 ], [ 123.431868536074518, 10.524100362284264 ], [ 123.43182562073028, 10.524100362284264 ], [ 123.43182562073028, 10.524142555710844 ], [ 123.43178270538607, 10.524142555710844 ], [ 123.43178270538607, 10.524184749131653 ], [ 123.431739790041803, 10.524184749131653 ], [ 123.431739790041803, 10.524226942546687 ], [ 123.431696874697593, 10.524226942546687 ], [ 123.431696874697593, 10.524269135955953 ], [ 123.431653959353355, 10.524269135955953 ], [ 123.431653959353355, 10.524311329359444 ], [ 123.431611044009117, 10.524311329359444 ], [ 123.431611044009117, 10.524353522757162 ], [ 123.431568128664878, 10.524353522757162 ], [ 123.431568128664878, 10.524395716149108 ], [ 123.431525213320668, 10.524395716149108 ], [ 123.431525213320668, 10.524437909535282 ], [ 123.431439382632178, 10.524437909535282 ], [ 123.431439382632178, 10.524480102915684 ], [ 123.431396467287968, 10.524480102915684 ], [ 123.431396467287968, 10.524522296290312 ], [ 123.431353551943729, 10.524522296290312 ], [ 123.431353551943729, 10.524606683022254 ], [ 123.431310636599491, 10.524606683022254 ], [ 123.431310636599491, 10.524648876379564 ], [ 123.431267721255253, 10.524648876379564 ], [ 123.431267721255253, 10.524691069731102 ], [ 123.431224805911043, 10.524691069731102 ], [ 123.431224805911043, 10.524775456416858 ], [ 123.431181890566805, 10.524775456416858 ], [ 123.431181890566805, 10.52481764975108 ], [ 123.431138975222567, 10.52481764975108 ], [ 123.431138975222567, 10.524859843079527 ], [ 123.43105314453409, 10.524859843079527 ], [ 123.43105314453409, 10.524902036402203 ], [ 123.431010229189866, 10.524902036402203 ], [ 123.431010229189866, 10.524944229719104 ], [ 123.430924398501418, 10.524944229719104 ], [ 123.430924398501418, 10.524986423030233 ], [ 123.430838567812941, 10.524986423030233 ], [ 123.430838567812941, 10.52502861633559 ], [ 123.430409414370629, 10.52502861633559 ], [ 123.430409414370629, 10.524986423030233 ], [ 123.430237752993705, 10.524986423030233 ], [ 123.430237752993705, 10.524944229719104 ], [ 123.430066091616752, 10.524944229719104 ], [ 123.430066091616752, 10.524902036402203 ], [ 123.429937345584065, 10.524902036402203 ], [ 123.429937345584065, 10.524859843079527 ], [ 123.429508192141725, 10.524859843079527 ], [ 123.429508192141725, 10.524902036402203 ], [ 123.429336530764814, 10.524902036402203 ], [ 123.429336530764814, 10.524944229719104 ], [ 123.429250700076338, 10.524944229719104 ], [ 123.429250700076338, 10.524986423030233 ], [ 123.429121954043651, 10.524986423030233 ], [ 123.429121954043651, 10.52502861633559 ], [ 123.428821546634026, 10.52502861633559 ], [ 123.428821546634026, 10.525070809635173 ], [ 123.428606969912863, 10.525070809635173 ], [ 123.428606969912863, 10.525113002928983 ], [ 123.428521139224387, 10.525113002928983 ], [ 123.428521139224387, 10.525155196217021 ], [ 123.428349477847476, 10.525155196217021 ], [ 123.428349477847476, 10.525197389499285 ], [ 123.428263647159, 10.525197389499285 ] ], [ [ 123.42779157837245, 10.523256492540483 ], [ 123.428091985782075, 10.523256492540483 ], [ 123.428091985782075, 10.52321429899269 ], [ 123.428134901126313, 10.52321429899269 ], [ 123.428134901126313, 10.523172105439123 ], [ 123.428177816470551, 10.523172105439123 ], [ 123.428177816470551, 10.523129911879783 ], [ 123.428220731814761, 10.523129911879783 ], [ 123.428220731814761, 10.523087718314674 ], [ 123.428263647159, 10.523087718314674 ], [ 123.428263647159, 10.52304552474379 ], [ 123.428435308535938, 10.52304552474379 ], [ 123.428435308535938, 10.523003331167136 ], [ 123.428478223880177, 10.523003331167136 ], [ 123.428478223880177, 10.522961137584709 ], [ 123.428521139224387, 10.522961137584709 ], [ 123.428521139224387, 10.522918943996508 ], [ 123.428564054568625, 10.522918943996508 ], [ 123.428564054568625, 10.522834556802799 ], [ 123.428606969912863, 10.522834556802799 ], [ 123.428606969912863, 10.522707975968943 ], [ 123.428521139224387, 10.522707975968943 ], [ 123.428521139224387, 10.522750169586001 ], [ 123.428435308535938, 10.522750169586001 ], [ 123.428435308535938, 10.522792363197285 ], [ 123.428349477847476, 10.522792363197285 ], [ 123.428349477847476, 10.522834556802799 ], [ 123.428306562503238, 10.522834556802799 ], [ 123.428306562503238, 10.522876750402538 ], [ 123.428220731814761, 10.522876750402538 ], [ 123.428220731814761, 10.522918943996508 ], [ 123.428134901126313, 10.522918943996508 ], [ 123.428134901126313, 10.522961137584709 ], [ 123.428091985782075, 10.522961137584709 ], [ 123.428091985782075, 10.523003331167136 ], [ 123.428006155093598, 10.523003331167136 ], [ 123.428006155093598, 10.52304552474379 ], [ 123.42792032440515, 10.52304552474379 ], [ 123.42792032440515, 10.523087718314674 ], [ 123.427877409060912, 10.523087718314674 ], [ 123.427877409060912, 10.523129911879783 ], [ 123.427834493716674, 10.523129911879783 ], [ 123.427834493716674, 10.523172105439123 ], [ 123.42779157837245, 10.523172105439123 ], [ 123.42779157837245, 10.523256492540483 ] ], [ [ 123.425731641849296, 10.521737521183724 ], [ 123.42577455719352, 10.521737521183724 ], [ 123.42577455719352, 10.521695327428152 ], [ 123.425860387881997, 10.521695327428152 ], [ 123.425860387881997, 10.521653133666813 ], [ 123.425903303226207, 10.521653133666813 ], [ 123.425903303226207, 10.521610939899704 ], [ 123.425946218570473, 10.521610939899704 ], [ 123.425946218570473, 10.521568746126819 ], [ 123.425989133914683, 10.521568746126819 ], [ 123.425989133914683, 10.521526552348165 ], [ 123.426032049258922, 10.521526552348165 ], [ 123.426032049258922, 10.521484358563741 ], [ 123.42607496460316, 10.521484358563741 ], [ 123.42607496460316, 10.52139997097758 ], [ 123.426117879947398, 10.52139997097758 ], [ 123.426117879947398, 10.521357777175844 ], [ 123.426160795291608, 10.521357777175844 ], [ 123.426160795291608, 10.521315583368336 ], [ 123.426203710635846, 10.521315583368336 ], [ 123.426203710635846, 10.521231195736005 ], [ 123.426246625980085, 10.521231195736005 ], [ 123.426246625980085, 10.521189001911184 ], [ 123.426289541324309, 10.521189001911184 ], [ 123.426289541324309, 10.521146808080593 ], [ 123.426332456668547, 10.521146808080593 ], [ 123.426332456668547, 10.52110461424423 ], [ 123.426375372012785, 10.52110461424423 ], [ 123.426375372012785, 10.521062420402098 ], [ 123.426418287357023, 10.521062420402098 ], [ 123.426418287357023, 10.521020226554191 ], [ 123.426504118045472, 10.521020226554191 ], [ 123.426504118045472, 10.520978032700517 ], [ 123.426589948733948, 10.520978032700517 ], [ 123.426589948733948, 10.520935838841073 ], [ 123.426675779422425, 10.520935838841073 ], [ 123.426675779422425, 10.520893644975857 ], [ 123.426718694766635, 10.520893644975857 ], [ 123.426718694766635, 10.520767063345584 ], [ 123.42654703338971, 10.520767063345584 ], [ 123.42654703338971, 10.520809257228114 ], [ 123.426461202701233, 10.520809257228114 ], [ 123.426461202701233, 10.520851451104871 ], [ 123.426418287357023, 10.520851451104871 ], [ 123.426418287357023, 10.520893644975857 ], [ 123.426375372012785, 10.520893644975857 ], [ 123.426375372012785, 10.520935838841073 ], [ 123.426332456668547, 10.520935838841073 ], [ 123.426332456668547, 10.520978032700517 ], [ 123.426289541324309, 10.520978032700517 ], [ 123.426289541324309, 10.521020226554191 ], [ 123.426246625980085, 10.521020226554191 ], [ 123.426246625980085, 10.521062420402098 ], [ 123.426203710635846, 10.521062420402098 ], [ 123.426203710635846, 10.52110461424423 ], [ 123.426160795291608, 10.52110461424423 ], [ 123.426160795291608, 10.521146808080593 ], [ 123.426117879947398, 10.521146808080593 ], [ 123.426117879947398, 10.521189001911184 ], [ 123.42607496460316, 10.521189001911184 ], [ 123.42607496460316, 10.521231195736005 ], [ 123.426032049258922, 10.521231195736005 ], [ 123.426032049258922, 10.521273389555054 ], [ 123.425989133914683, 10.521273389555054 ], [ 123.425989133914683, 10.521315583368336 ], [ 123.425946218570473, 10.521315583368336 ], [ 123.425946218570473, 10.521357777175844 ], [ 123.425903303226207, 10.521357777175844 ], [ 123.425903303226207, 10.52139997097758 ], [ 123.425860387881997, 10.52139997097758 ], [ 123.425860387881997, 10.521442164773546 ], [ 123.425817472537759, 10.521442164773546 ], [ 123.425817472537759, 10.521526552348165 ], [ 123.42577455719352, 10.521526552348165 ], [ 123.42577455719352, 10.521610939899704 ], [ 123.425731641849296, 10.521610939899704 ], [ 123.425731641849296, 10.521737521183724 ] ] ] } }
]
}
